{"type":"FeatureCollection","features":[{"type":"Feature","geometry":{"type":"Point","coordinates":[8.473769,47.394064]},"properties":{"name":"Hermetschloo","band":0,"modes":"bus","arr":["31"],"off":[0,-0.8]}},{"type":"Feature","geometry":{"type":"Point","coordinates":[8.473769,47.394064]},"properties":{"line":"31","mode":"bus","color":"#149a3f","colorDark":"#0a5121","band":0,"off":[0,1.1]}},{"type":"Feature","geometry":{"type":"Point","coordinates":[8.54073,47.373822]},"properties":{"name":"Bahnhofstrasse/HB","band":0,"modes":"bus,tram","arr":["46","6","14","N1","N3","N4","N5","N6","N7","N10","N13","N14","N16","N17","N46","N71","N74","N91"],"off":[0,-0.8],"sc":0.89}},{"type":"Feature","geometry":{"type":"Point","coordinates":[8.54073,47.373822]},"properties":{"name":"Bahnhofquai/HB","band":0,"modes":"bus,tram","arr":["46","6","14","N1","N3","N4","N5","N6","N7","N10","N13","N14","N16","N17","N46","N71","N74","N91"],"off":[0,-1.9],"sc":0.89}},{"type":"Feature","geometry":{"type":"Point","coordinates":[8.54073,47.373822]},"properties":{"name":"Bahnhofplatz/HB","band":0,"modes":"bus,tram","arr":["46","6","14","N1","N3","N4","N5","N6","N7","N10","N13","N14","N16","N17","N46","N71","N74","N91"],"off":[0,-3],"sc":0.89}},{"type":"Feature","geometry":{"type":"Point","coordinates":[8.54073,47.373822]},"properties":{"line":"46","mode":"bus","color":"#149a3f","colorDark":"#0a5121","band":0,"sc":0.89,"off":[-6.8,1.1]}},{"type":"Feature","geometry":{"type":"Point","coordinates":[8.54073,47.373822]},"properties":{"line":"6","mode":"tram","color":"#d6212b","colorDark":"#7c1116","band":0,"sc":0.89,"off":[-3.4,1.1]}},{"type":"Feature","geometry":{"type":"Point","coordinates":[8.54073,47.373822]},"properties":{"line":"14","mode":"tram","color":"#d6212b","colorDark":"#7c1116","band":0,"sc":0.89,"off":[0,1.1]}},{"type":"Feature","geometry":{"type":"Point","coordinates":[8.54073,47.373822]},"properties":{"line":"N1","mode":"bus","color":"#000000","colorDark":"#000000","band":0,"sc":0.89,"off":[3.4,1.1]}},{"type":"Feature","geometry":{"type":"Point","coordinates":[8.54073,47.373822]},"properties":{"line":"N3","mode":"bus","color":"#000000","colorDark":"#000000","band":0,"sc":0.89,"off":[6.8,1.1]}},{"type":"Feature","geometry":{"type":"Point","coordinates":[8.54073,47.373822]},"properties":{"line":"N4","mode":"bus","color":"#000000","colorDark":"#000000","band":0,"sc":0.89,"off":[-6.8,3.1]}},{"type":"Feature","geometry":{"type":"Point","coordinates":[8.54073,47.373822]},"properties":{"line":"N5","mode":"bus","color":"#000000","colorDark":"#000000","band":0,"sc":0.89,"off":[-3.4,3.1]}},{"type":"Feature","geometry":{"type":"Point","coordinates":[8.54073,47.373822]},"properties":{"line":"N6","mode":"bus","color":"#000000","colorDark":"#000000","band":0,"sc":0.89,"off":[0,3.1]}},{"type":"Feature","geometry":{"type":"Point","coordinates":[8.54073,47.373822]},"properties":{"line":"N7","mode":"bus","color":"#000000","colorDark":"#000000","band":0,"sc":0.89,"off":[3.4,3.1]}},{"type":"Feature","geometry":{"type":"Point","coordinates":[8.54073,47.373822]},"properties":{"line":"N10","mode":"bus","color":"#000000","colorDark":"#000000","band":0,"sc":0.89,"off":[6.8,3.1]}},{"type":"Feature","geometry":{"type":"Point","coordinates":[8.54073,47.373822]},"properties":{"line":"N13","mode":"bus","color":"#000000","colorDark":"#000000","band":0,"sc":0.89,"off":[-6.8,5.1]}},{"type":"Feature","geometry":{"type":"Point","coordinates":[8.54073,47.373822]},"properties":{"line":"N14","mode":"bus","color":"#000000","colorDark":"#000000","band":0,"sc":0.89,"off":[-3.4,5.1]}},{"type":"Feature","geometry":{"type":"Point","coordinates":[8.54073,47.373822]},"properties":{"line":"N16","mode":"bus","color":"#000000","colorDark":"#000000","band":0,"sc":0.89,"off":[0,5.1]}},{"type":"Feature","geometry":{"type":"Point","coordinates":[8.54073,47.373822]},"properties":{"line":"N17","mode":"bus","color":"#000000","colorDark":"#000000","band":0,"sc":0.89,"off":[3.4,5.1]}},{"type":"Feature","geometry":{"type":"Point","coordinates":[8.54073,47.373822]},"properties":{"line":"N46","mode":"bus","color":"#000000","colorDark":"#000000","band":0,"sc":0.89,"off":[6.8,5.1]}},{"type":"Feature","geometry":{"type":"Point","coordinates":[8.54073,47.373822]},"properties":{"line":"N71","mode":"bus","color":"#000000","colorDark":"#000000","band":0,"sc":0.89,"off":[-3.4,7.1]}},{"type":"Feature","geometry":{"type":"Point","coordinates":[8.54073,47.373822]},"properties":{"line":"N74","mode":"bus","color":"#000000","colorDark":"#000000","band":0,"sc":0.89,"off":[0,7.1]}},{"type":"Feature","geometry":{"type":"Point","coordinates":[8.54073,47.373822]},"properties":{"line":"N91","mode":"bus","color":"#000000","colorDark":"#000000","band":0,"sc":0.89,"off":[3.4,7.1]}},{"type":"Feature","geometry":{"type":"Point","coordinates":[8.600756,47.355175]},"properties":{"name":"Kienastenwies","band":0,"modes":"bus","arr":["31"],"off":[0,-0.8]}},{"type":"Feature","geometry":{"type":"Point","coordinates":[8.600756,47.355175]},"properties":{"line":"31","mode":"bus","color":"#149a3f","colorDark":"#0a5121","band":0,"off":[0,1.1]}},{"type":"Feature","geometry":{"type":"Point","coordinates":[8.496451,47.424883]},"properties":{"name":"Mühlacker","band":0,"modes":"bus","arr":["32","37","61"],"off":[0,-0.8]}},{"type":"Feature","geometry":{"type":"Point","coordinates":[8.496451,47.424883]},"properties":{"name":"Holzerhurd","band":0,"modes":"bus","arr":["32","37","61"],"off":[0,-1.9]}},{"type":"Feature","geometry":{"type":"Point","coordinates":[8.496451,47.424883]},"properties":{"line":"32","mode":"bus","color":"#149a3f","colorDark":"#0a5121","band":0,"off":[-3.4,1.1]}},{"type":"Feature","geometry":{"type":"Point","coordinates":[8.496451,47.424883]},"properties":{"line":"37","mode":"bus","color":"#0059a9","colorDark":"#00294f","band":0,"off":[0,1.1]}},{"type":"Feature","geometry":{"type":"Point","coordinates":[8.496451,47.424883]},"properties":{"line":"61","mode":"bus","color":"#0059a9","colorDark":"#00294f","band":0,"off":[3.4,1.1]}},{"type":"Feature","geometry":{"type":"Point","coordinates":[8.497675,47.366599]},"properties":{"name":"Triemlispital","band":0,"modes":"bus,tram","arr":["33","9","14","73","80","N8","N33"],"off":[0,-0.8]}},{"type":"Feature","geometry":{"type":"Point","coordinates":[8.497675,47.366599]},"properties":{"name":"Triemli","band":0,"modes":"bus,tram","arr":["33","9","14","73","80","N8","N33"],"off":[0,-1.9]}},{"type":"Feature","geometry":{"type":"Point","coordinates":[8.497675,47.366599]},"properties":{"name":"Schweighof","band":0,"modes":"bus,tram","arr":["33","9","14","73","80","N8","N33"],"off":[0,-3]}},{"type":"Feature","geometry":{"type":"Point","coordinates":[8.497675,47.366599]},"properties":{"line":"33","mode":"bus","color":"#149a3f","colorDark":"#0a5121","band":0,"off":[-6.8,1.1]}},{"type":"Feature","geometry":{"type":"Point","coordinates":[8.497675,47.366599]},"properties":{"line":"9","mode":"tram","color":"#d6212b","colorDark":"#7c1116","band":0,"off":[-3.4,1.1]}},{"type":"Feature","geometry":{"type":"Point","coordinates":[8.497675,47.366599]},"properties":{"line":"14","mode":"tram","color":"#d6212b","colorDark":"#7c1116","band":0,"off":[0,1.1]}},{"type":"Feature","geometry":{"type":"Point","coordinates":[8.497675,47.366599]},"properties":{"line":"73","mode":"bus","color":"#0059a9","colorDark":"#00294f","band":0,"off":[3.4,1.1]}},{"type":"Feature","geometry":{"type":"Point","coordinates":[8.497675,47.366599]},"properties":{"line":"80","mode":"bus","color":"#0059a9","colorDark":"#00294f","band":0,"off":[6.8,1.1]}},{"type":"Feature","geometry":{"type":"Point","coordinates":[8.497675,47.366599]},"properties":{"line":"N8","mode":"bus","color":"#000000","colorDark":"#000000","band":0,"off":[-1.7,3.1]}},{"type":"Feature","geometry":{"type":"Point","coordinates":[8.497675,47.366599]},"properties":{"line":"N33","mode":"bus","color":"#000000","colorDark":"#000000","band":0,"off":[1.7,3.1]}},{"type":"Feature","geometry":{"type":"Point","coordinates":[8.509475,47.352583]},"properties":{"name":"Strassenverkehrsamt","band":0,"modes":"bus,tram","arr":["32","5","13","16"],"off":[0,-0.8]}},{"type":"Feature","geometry":{"type":"Point","coordinates":[8.509475,47.352583]},"properties":{"name":"Albisgütli","band":0,"modes":"bus,tram","arr":["32","5","13","16"],"off":[0,-3]}},{"type":"Feature","geometry":{"type":"Point","coordinates":[8.509475,47.352583]},"properties":{"line":"32","mode":"bus","color":"#149a3f","colorDark":"#0a5121","band":0,"off":[-5.1,1.1]}},{"type":"Feature","geometry":{"type":"Point","coordinates":[8.509475,47.352583]},"properties":{"line":"5","mode":"tram","color":"#d6212b","colorDark":"#7c1116","band":0,"off":[-1.7,1.1]}},{"type":"Feature","geometry":{"type":"Point","coordinates":[8.509475,47.352583]},"properties":{"line":"13","mode":"tram","color":"#d6212b","colorDark":"#7c1116","band":0,"off":[1.7,1.1]}},{"type":"Feature","geometry":{"type":"Point","coordinates":[8.509475,47.352583]},"properties":{"line":"16","mode":"tram","color":"#d6212b","colorDark":"#7c1116","band":0,"off":[5.1,1.1]}},{"type":"Feature","geometry":{"type":"Point","coordinates":[8.505497,47.419449]},"properties":{"name":"Zehntenhausplatz","band":0,"modes":"bus","arr":["492"],"off":[0,-0.8]}},{"type":"Feature","geometry":{"type":"Point","coordinates":[8.505497,47.419449]},"properties":{"line":"492","mode":"bus","color":"#0059a9","colorDark":"#00294f","band":0,"off":[0,1.1]}},{"type":"Feature","geometry":{"type":"Point","coordinates":[8.56086,47.350421]},"properties":{"name":"Bahnhof Tiefenbrunnen","band":0,"modes":"bus,tram","arr":["33","11","15","N33"],"off":[0,-0.8]}},{"type":"Feature","geometry":{"type":"Point","coordinates":[8.56086,47.350421]},"properties":{"line":"33","mode":"bus","color":"#149a3f","colorDark":"#0a5121","band":0,"off":[-5.1,1.1]}},{"type":"Feature","geometry":{"type":"Point","coordinates":[8.56086,47.350421]},"properties":{"line":"11","mode":"tram","color":"#d6212b","colorDark":"#7c1116","band":0,"off":[-1.7,1.1]}},{"type":"Feature","geometry":{"type":"Point","coordinates":[8.56086,47.350421]},"properties":{"line":"15","mode":"tram","color":"#d6212b","colorDark":"#7c1116","band":0,"off":[1.7,1.1]}},{"type":"Feature","geometry":{"type":"Point","coordinates":[8.56086,47.350421]},"properties":{"line":"N33","mode":"bus","color":"#000000","colorDark":"#000000","band":0,"off":[5.1,1.1]}},{"type":"Feature","geometry":{"type":"Point","coordinates":[8.477304,47.413688]},"properties":{"name":"Rütihof","band":0,"modes":"bus","arr":["46","N46"],"off":[0,-0.8]}},{"type":"Feature","geometry":{"type":"Point","coordinates":[8.477304,47.413688]},"properties":{"line":"46","mode":"bus","color":"#149a3f","colorDark":"#0a5121","band":0,"off":[-1.7,1.1]}},{"type":"Feature","geometry":{"type":"Point","coordinates":[8.477304,47.413688]},"properties":{"line":"N46","mode":"bus","color":"#000000","colorDark":"#000000","band":0,"off":[1.7,1.1]}},{"type":"Feature","geometry":{"type":"Point","coordinates":[8.537415,47.399891]},"properties":{"name":"Milchbuck","band":0,"modes":"bus,tram","arr":["72","83","16","17","40","69","N15","N18"],"off":[0,-0.8]}},{"type":"Feature","geometry":{"type":"Point","coordinates":[8.537415,47.399891]},"properties":{"name":"Bucheggplatz G","band":0,"modes":"bus,tram","arr":["72","83","16","17","40","69","N15","N18"],"off":[0,-1.9]}},{"type":"Feature","geometry":{"type":"Point","coordinates":[8.537415,47.399891]},"properties":{"name":"Bucheggplatz","band":0,"modes":"bus,tram","arr":["72","83","16","17","40","69","N15","N18"],"off":[0,-3]}},{"type":"Feature","geometry":{"type":"Point","coordinates":[8.537415,47.399891]},"properties":{"line":"72","mode":"bus","color":"#149a3f","colorDark":"#0a5121","band":0,"off":[-6.8,1.1]}},{"type":"Feature","geometry":{"type":"Point","coordinates":[8.537415,47.399891]},"properties":{"line":"83","mode":"bus","color":"#149a3f","colorDark":"#0a5121","band":0,"off":[-3.4,1.1]}},{"type":"Feature","geometry":{"type":"Point","coordinates":[8.537415,47.399891]},"properties":{"line":"16","mode":"tram","color":"#d6212b","colorDark":"#7c1116","band":0,"off":[0,1.1]}},{"type":"Feature","geometry":{"type":"Point","coordinates":[8.537415,47.399891]},"properties":{"line":"17","mode":"tram","color":"#d6212b","colorDark":"#7c1116","band":0,"off":[3.4,1.1]}},{"type":"Feature","geometry":{"type":"Point","coordinates":[8.537415,47.399891]},"properties":{"line":"40","mode":"bus","color":"#0059a9","colorDark":"#00294f","band":0,"off":[6.8,1.1]}},{"type":"Feature","geometry":{"type":"Point","coordinates":[8.537415,47.399891]},"properties":{"line":"69","mode":"bus","color":"#0059a9","colorDark":"#00294f","band":0,"off":[-3.4,3.1]}},{"type":"Feature","geometry":{"type":"Point","coordinates":[8.537415,47.399891]},"properties":{"line":"N15","mode":"bus","color":"#000000","colorDark":"#000000","band":0,"off":[0,3.1]}},{"type":"Feature","geometry":{"type":"Point","coordinates":[8.537415,47.399891]},"properties":{"line":"N18","mode":"bus","color":"#000000","colorDark":"#000000","band":0,"off":[3.4,3.1]}},{"type":"Feature","geometry":{"type":"Point","coordinates":[8.529616,47.344075]},"properties":{"name":"Morgental","band":0,"modes":"bus","arr":["72"],"off":[0,-0.8]}},{"type":"Feature","geometry":{"type":"Point","coordinates":[8.529616,47.344075]},"properties":{"line":"72","mode":"bus","color":"#149a3f","colorDark":"#0a5121","band":0,"off":[0,1.1]}},{"type":"Feature","geometry":{"type":"Point","coordinates":[8.488907,47.392898]},"properties":{"name":"Bahnhof Altstetten N M","band":0,"modes":"bus","arr":["83","20","307","485","N12"],"off":[0,-0.8]}},{"type":"Feature","geometry":{"type":"Point","coordinates":[8.488907,47.392898]},"properties":{"name":"Bahnhof Altstetten G","band":0,"modes":"bus","arr":["83","20","307","485","N12"],"off":[0,-3]}},{"type":"Feature","geometry":{"type":"Point","coordinates":[8.488907,47.392898]},"properties":{"name":"Bahnhof Altstetten B","band":0,"modes":"bus","arr":["83","20","307","485","N12"],"off":[0,-5.2]}},{"type":"Feature","geometry":{"type":"Point","coordinates":[8.488907,47.392898]},"properties":{"line":"83","mode":"bus","color":"#149a3f","colorDark":"#0a5121","band":0,"off":[-6.8,1.1]}},{"type":"Feature","geometry":{"type":"Point","coordinates":[8.488907,47.392898]},"properties":{"line":"20","mode":"bus","color":"#0059a9","colorDark":"#00294f","band":0,"off":[-3.4,1.1]}},{"type":"Feature","geometry":{"type":"Point","coordinates":[8.488907,47.392898]},"properties":{"line":"307","mode":"bus","color":"#0059a9","colorDark":"#00294f","band":0,"off":[0,1.1]}},{"type":"Feature","geometry":{"type":"Point","coordinates":[8.488907,47.392898]},"properties":{"line":"485","mode":"bus","color":"#0059a9","colorDark":"#00294f","band":0,"off":[3.4,1.1]}},{"type":"Feature","geometry":{"type":"Point","coordinates":[8.488907,47.392898]},"properties":{"line":"N12","mode":"bus","color":"#000000","colorDark":"#000000","band":0,"off":[6.8,1.1]}},{"type":"Feature","geometry":{"type":"Point","coordinates":[8.353506,47.433264]},"properties":{"name":"Killwangen, Bahnhof A","band":0,"modes":"bus","arr":["20"],"off":[0,-0.8]}},{"type":"Feature","geometry":{"type":"Point","coordinates":[8.353506,47.433264]},"properties":{"line":"20","mode":"bus","color":"#0059a9","colorDark":"#00294f","band":0,"off":[0,1.1]}},{"type":"Feature","geometry":{"type":"Point","coordinates":[8.446739,47.398221]},"properties":{"name":"Schlieren, Zentrum/Bahnhof","band":0,"modes":"tram,bus","arr":["2","201","307","317","EV2","N17","N30","N34","N36"],"off":[0,-0.8]}},{"type":"Feature","geometry":{"type":"Point","coordinates":[8.446739,47.398221]},"properties":{"name":"Schlieren, Geissweid","band":0,"modes":"tram,bus","arr":["2","201","307","317","EV2","N17","N30","N34","N36"],"off":[0,-3]}},{"type":"Feature","geometry":{"type":"Point","coordinates":[8.446739,47.398221]},"properties":{"name":"Schlieren, Bahnhof","band":0,"modes":"tram,bus","arr":["2","201","307","317","EV2","N17","N30","N34","N36"],"off":[0,-5.2]}},{"type":"Feature","geometry":{"type":"Point","coordinates":[8.446739,47.398221]},"properties":{"line":"2","mode":"tram","color":"#d6212b","colorDark":"#7c1116","band":0,"off":[-6.8,1.1]}},{"type":"Feature","geometry":{"type":"Point","coordinates":[8.446739,47.398221]},"properties":{"line":"201","mode":"bus","color":"#0059a9","colorDark":"#00294f","band":0,"off":[-3.4,1.1]}},{"type":"Feature","geometry":{"type":"Point","coordinates":[8.446739,47.398221]},"properties":{"line":"307","mode":"bus","color":"#0059a9","colorDark":"#00294f","band":0,"off":[0,1.1]}},{"type":"Feature","geometry":{"type":"Point","coordinates":[8.446739,47.398221]},"properties":{"line":"317","mode":"bus","color":"#0059a9","colorDark":"#00294f","band":0,"off":[3.4,1.1]}},{"type":"Feature","geometry":{"type":"Point","coordinates":[8.446739,47.398221]},"properties":{"line":"EV2","mode":"bus","color":"#0059a9","colorDark":"#00294f","band":0,"off":[6.8,1.1]}},{"type":"Feature","geometry":{"type":"Point","coordinates":[8.446739,47.398221]},"properties":{"line":"N17","mode":"bus","color":"#000000","colorDark":"#000000","band":0,"off":[-5.1,3.1]}},{"type":"Feature","geometry":{"type":"Point","coordinates":[8.446739,47.398221]},"properties":{"line":"N30","mode":"bus","color":"#000000","colorDark":"#000000","band":0,"off":[-1.7,3.1]}},{"type":"Feature","geometry":{"type":"Point","coordinates":[8.446739,47.398221]},"properties":{"line":"N34","mode":"bus","color":"#000000","colorDark":"#000000","band":0,"off":[1.7,3.1]}},{"type":"Feature","geometry":{"type":"Point","coordinates":[8.446739,47.398221]},"properties":{"line":"N36","mode":"bus","color":"#000000","colorDark":"#000000","band":0,"off":[5.1,3.1]}},{"type":"Feature","geometry":{"type":"Point","coordinates":[8.574414,47.373187]},"properties":{"name":"Bergstation Dolderbahn","band":0,"modes":"bus","arr":["25"],"off":[0,-0.8]}},{"type":"Feature","geometry":{"type":"Point","coordinates":[8.574414,47.373187]},"properties":{"line":"25","mode":"bus","color":"#0059a9","colorDark":"#00294f","band":0,"off":[0,1.1]}},{"type":"Feature","geometry":{"type":"Point","coordinates":[8.561245,47.368498]},"properties":{"name":"Römerhof","band":0,"modes":"bus","arr":["25"],"off":[0,-0.8]}},{"type":"Feature","geometry":{"type":"Point","coordinates":[8.561245,47.368498]},"properties":{"line":"25","mode":"bus","color":"#0059a9","colorDark":"#00294f","band":0,"off":[0,1.1]}},{"type":"Feature","geometry":{"type":"Point","coordinates":[8.508175,47.409048]},"properties":{"name":"ETH Hönggerberg","band":0,"modes":"bus","arr":["37","42","44","69"],"off":[0,-0.8]}},{"type":"Feature","geometry":{"type":"Point","coordinates":[8.508175,47.409048]},"properties":{"line":"37","mode":"bus","color":"#0059a9","colorDark":"#00294f","band":0,"off":[-5.1,1.1]}},{"type":"Feature","geometry":{"type":"Point","coordinates":[8.508175,47.409048]},"properties":{"line":"42","mode":"bus","color":"#0059a9","colorDark":"#00294f","band":0,"off":[-1.7,1.1]}},{"type":"Feature","geometry":{"type":"Point","coordinates":[8.508175,47.409048]},"properties":{"line":"44","mode":"bus","color":"#0059a9","colorDark":"#00294f","band":0,"off":[1.7,1.1]}},{"type":"Feature","geometry":{"type":"Point","coordinates":[8.508175,47.409048]},"properties":{"line":"69","mode":"bus","color":"#0059a9","colorDark":"#00294f","band":0,"off":[5.1,1.1]}},{"type":"Feature","geometry":{"type":"Point","coordinates":[8.496738,47.40948]},"properties":{"name":"Schützenhaus Höngg","band":0,"modes":"bus","arr":["38"],"off":[0,-0.8]}},{"type":"Feature","geometry":{"type":"Point","coordinates":[8.496738,47.40948]},"properties":{"line":"38","mode":"bus","color":"#0059a9","colorDark":"#00294f","band":0,"off":[0,1.1]}},{"type":"Feature","geometry":{"type":"Point","coordinates":[8.521876,47.399099]},"properties":{"name":"Waidspital","band":0,"modes":"bus","arr":["38"],"off":[0,-0.8]}},{"type":"Feature","geometry":{"type":"Point","coordinates":[8.521876,47.399099]},"properties":{"line":"38","mode":"bus","color":"#0059a9","colorDark":"#00294f","band":0,"off":[0,1.1]}},{"type":"Feature","geometry":{"type":"Point","coordinates":[8.54568,47.391195]},"properties":{"name":"Letzistrasse","band":0,"modes":"bus","arr":["39"],"off":[0,-0.8]}},{"type":"Feature","geometry":{"type":"Point","coordinates":[8.54568,47.391195]},"properties":{"line":"39","mode":"bus","color":"#0059a9","colorDark":"#00294f","band":0,"off":[0,1.1]}},{"type":"Feature","geometry":{"type":"Point","coordinates":[8.576916,47.384561]},"properties":{"name":"Im Klösterli","band":0,"modes":"bus","arr":["39"],"off":[0,-0.8]}},{"type":"Feature","geometry":{"type":"Point","coordinates":[8.576916,47.384561]},"properties":{"line":"39","mode":"bus","color":"#0059a9","colorDark":"#00294f","band":0,"off":[0,1.1]}},{"type":"Feature","geometry":{"type":"Point","coordinates":[8.549317,47.421137]},"properties":{"name":"Seebacherplatz","band":0,"modes":"bus,tram","arr":["40","42","51","75","742","N75"],"off":[0,-0.8]}},{"type":"Feature","geometry":{"type":"Point","coordinates":[8.549317,47.421137]},"properties":{"name":"Seebach","band":0,"modes":"bus,tram","arr":["40","42","51","75","742","N75"],"off":[0,-1.9]}},{"type":"Feature","geometry":{"type":"Point","coordinates":[8.549317,47.421137]},"properties":{"line":"40","mode":"bus","color":"#0059a9","colorDark":"#00294f","band":0,"off":[-6.8,1.1]}},{"type":"Feature","geometry":{"type":"Point","coordinates":[8.549317,47.421137]},"properties":{"line":"42","mode":"bus","color":"#0059a9","colorDark":"#00294f","band":0,"off":[-3.4,1.1]}},{"type":"Feature","geometry":{"type":"Point","coordinates":[8.549317,47.421137]},"properties":{"line":"51","mode":"tram","color":"#d6212b","colorDark":"#7c1116","band":0,"off":[0,1.1]}},{"type":"Feature","geometry":{"type":"Point","coordinates":[8.549317,47.421137]},"properties":{"line":"75","mode":"bus","color":"#0059a9","colorDark":"#00294f","band":0,"off":[3.4,1.1]}},{"type":"Feature","geometry":{"type":"Point","coordinates":[8.549317,47.421137]},"properties":{"line":"742","mode":"bus","color":"#0059a9","colorDark":"#00294f","band":0,"off":[6.8,1.1]}},{"type":"Feature","geometry":{"type":"Point","coordinates":[8.549317,47.421137]},"properties":{"line":"N75","mode":"bus","color":"#000000","colorDark":"#000000","band":0,"off":[0,3.1]}},{"type":"Feature","geometry":{"type":"Point","coordinates":[8.515203,47.428384]},"properties":{"name":"Reckenholz","band":0,"modes":"bus","arr":["44"],"off":[0,-0.8]}},{"type":"Feature","geometry":{"type":"Point","coordinates":[8.515203,47.428384]},"properties":{"line":"44","mode":"bus","color":"#0059a9","colorDark":"#00294f","band":0,"off":[0,1.1]}},{"type":"Feature","geometry":{"type":"Point","coordinates":[8.482059,47.398564]},"properties":{"name":"Werdhölzli","band":0,"modes":"tram,bus","arr":["17","45"],"off":[0,-0.8]}},{"type":"Feature","geometry":{"type":"Point","coordinates":[8.482059,47.398564]},"properties":{"line":"17","mode":"tram","color":"#d6212b","colorDark":"#7c1116","band":0,"off":[-1.7,1.1]}},{"type":"Feature","geometry":{"type":"Point","coordinates":[8.482059,47.398564]},"properties":{"line":"45","mode":"bus","color":"#0059a9","colorDark":"#00294f","band":0,"off":[1.7,1.1]}},{"type":"Feature","geometry":{"type":"Point","coordinates":[8.470374,47.388572]},"properties":{"name":"Dunkelhölzli","band":0,"modes":"bus","arr":["67","78","N1"],"off":[0,-0.8]}},{"type":"Feature","geometry":{"type":"Point","coordinates":[8.470374,47.388572]},"properties":{"line":"67","mode":"bus","color":"#0059a9","colorDark":"#00294f","band":0,"off":[-3.4,1.1]}},{"type":"Feature","geometry":{"type":"Point","coordinates":[8.470374,47.388572]},"properties":{"line":"78","mode":"bus","color":"#0059a9","colorDark":"#00294f","band":0,"off":[0,1.1]}},{"type":"Feature","geometry":{"type":"Point","coordinates":[8.470374,47.388572]},"properties":{"line":"N1","mode":"bus","color":"#000000","colorDark":"#000000","band":0,"off":[3.4,1.1]}},{"type":"Feature","geometry":{"type":"Point","coordinates":[8.474863,47.383372]},"properties":{"name":"Friedhof Eichbühl","band":0,"modes":"bus","arr":["45"],"off":[0,-0.8]}},{"type":"Feature","geometry":{"type":"Point","coordinates":[8.474863,47.383372]},"properties":{"line":"45","mode":"bus","color":"#0059a9","colorDark":"#00294f","band":0,"off":[0,1.1]}},{"type":"Feature","geometry":{"type":"Point","coordinates":[8.59534,47.407078]},"properties":{"name":"Wallisellen, Glatt (Bus) C","band":0,"modes":"bus","arr":["61","N9"],"off":[0,-0.8]}},{"type":"Feature","geometry":{"type":"Point","coordinates":[8.59534,47.407078]},"properties":{"name":"Wallisellen, Glatt (Bus) A","band":0,"modes":"bus","arr":["61","N9"],"off":[0,-3]}},{"type":"Feature","geometry":{"type":"Point","coordinates":[8.59534,47.407078]},"properties":{"line":"61","mode":"bus","color":"#0059a9","colorDark":"#00294f","band":0,"off":[-1.7,1.1]}},{"type":"Feature","geometry":{"type":"Point","coordinates":[8.59534,47.407078]},"properties":{"line":"N9","mode":"bus","color":"#000000","colorDark":"#000000","band":0,"off":[1.7,1.1]}},{"type":"Feature","geometry":{"type":"Point","coordinates":[8.522848,47.423726]},"properties":{"name":"Waidhof","band":0,"modes":"bus","arr":["62","N2"],"off":[0,-0.8]}},{"type":"Feature","geometry":{"type":"Point","coordinates":[8.522848,47.423726]},"properties":{"line":"62","mode":"bus","color":"#0059a9","colorDark":"#00294f","band":0,"off":[-1.7,1.1]}},{"type":"Feature","geometry":{"type":"Point","coordinates":[8.522848,47.423726]},"properties":{"line":"N2","mode":"bus","color":"#000000","colorDark":"#000000","band":0,"off":[1.7,1.1]}},{"type":"Feature","geometry":{"type":"Point","coordinates":[8.571416,47.404771]},"properties":{"name":"Schwamendingerplatz","band":0,"modes":"bus","arr":["62","N12"],"off":[0,-0.8]}},{"type":"Feature","geometry":{"type":"Point","coordinates":[8.571416,47.404771]},"properties":{"line":"62","mode":"bus","color":"#0059a9","colorDark":"#00294f","band":0,"off":[-1.7,1.1]}},{"type":"Feature","geometry":{"type":"Point","coordinates":[8.571416,47.404771]},"properties":{"line":"N12","mode":"bus","color":"#000000","colorDark":"#000000","band":0,"off":[1.7,1.1]}},{"type":"Feature","geometry":{"type":"Point","coordinates":[8.54483,47.412171]},"properties":{"name":"Bahnhof Oerlikon Nord","band":0,"modes":"bus","arr":["64","80","768","781","787","N8","N75","N79"],"off":[0,-0.8]}},{"type":"Feature","geometry":{"type":"Point","coordinates":[8.54483,47.412171]},"properties":{"name":"Bahnhof Oerlikon","band":0,"modes":"bus","arr":["64","80","768","781","787","N8","N75","N79"],"off":[0,-3]}},{"type":"Feature","geometry":{"type":"Point","coordinates":[8.54483,47.412171]},"properties":{"line":"64","mode":"bus","color":"#0059a9","colorDark":"#00294f","band":0,"off":[-6.8,1.1]}},{"type":"Feature","geometry":{"type":"Point","coordinates":[8.54483,47.412171]},"properties":{"line":"80","mode":"bus","color":"#0059a9","colorDark":"#00294f","band":0,"off":[-3.4,1.1]}},{"type":"Feature","geometry":{"type":"Point","coordinates":[8.54483,47.412171]},"properties":{"line":"768","mode":"bus","color":"#0059a9","colorDark":"#00294f","band":0,"off":[0,1.1]}},{"type":"Feature","geometry":{"type":"Point","coordinates":[8.54483,47.412171]},"properties":{"line":"781","mode":"bus","color":"#0059a9","colorDark":"#00294f","band":0,"off":[3.4,1.1]}},{"type":"Feature","geometry":{"type":"Point","coordinates":[8.54483,47.412171]},"properties":{"line":"787","mode":"bus","color":"#0059a9","colorDark":"#00294f","band":0,"off":[6.8,1.1]}},{"type":"Feature","geometry":{"type":"Point","coordinates":[8.54483,47.412171]},"properties":{"line":"N8","mode":"bus","color":"#000000","colorDark":"#000000","band":0,"off":[-3.4,3.1]}},{"type":"Feature","geometry":{"type":"Point","coordinates":[8.54483,47.412171]},"properties":{"line":"N75","mode":"bus","color":"#000000","colorDark":"#000000","band":0,"off":[0,3.1]}},{"type":"Feature","geometry":{"type":"Point","coordinates":[8.54483,47.412171]},"properties":{"line":"N79","mode":"bus","color":"#000000","colorDark":"#000000","band":0,"off":[3.4,3.1]}},{"type":"Feature","geometry":{"type":"Point","coordinates":[8.529928,47.364508]},"properties":{"name":"Bahnhof Enge/Bederstr.","band":0,"modes":"bus","arr":["66","200","210"],"off":[0,-0.8]}},{"type":"Feature","geometry":{"type":"Point","coordinates":[8.529928,47.364508]},"properties":{"line":"66","mode":"bus","color":"#0059a9","colorDark":"#00294f","band":0,"off":[-3.4,1.1]}},{"type":"Feature","geometry":{"type":"Point","coordinates":[8.529928,47.364508]},"properties":{"line":"200","mode":"bus","color":"#0059a9","colorDark":"#00294f","band":0,"off":[0,1.1]}},{"type":"Feature","geometry":{"type":"Point","coordinates":[8.529928,47.364508]},"properties":{"line":"210","mode":"bus","color":"#0059a9","colorDark":"#00294f","band":0,"off":[3.4,1.1]}},{"type":"Feature","geometry":{"type":"Point","coordinates":[8.540333,47.31742]},"properties":{"name":"Kilchberg ZH, Neuweid","band":0,"modes":"bus","arr":["66","161"],"off":[0,-0.8]}},{"type":"Feature","geometry":{"type":"Point","coordinates":[8.540333,47.31742]},"properties":{"name":"Kilchberg ZH, Kirche","band":0,"modes":"bus","arr":["66","161"],"off":[0,-3]}},{"type":"Feature","geometry":{"type":"Point","coordinates":[8.540333,47.31742]},"properties":{"line":"66","mode":"bus","color":"#0059a9","colorDark":"#00294f","band":0,"off":[-1.7,1.1]}},{"type":"Feature","geometry":{"type":"Point","coordinates":[8.540333,47.31742]},"properties":{"line":"161","mode":"bus","color":"#0059a9","colorDark":"#00294f","band":0,"off":[1.7,1.1]}},{"type":"Feature","geometry":{"type":"Point","coordinates":[8.543836,47.324512]},"properties":{"name":"Kilchberg ZH, Stockengut","band":0,"modes":"bus","arr":["162","163"],"off":[0,-0.8]}},{"type":"Feature","geometry":{"type":"Point","coordinates":[8.543836,47.324512]},"properties":{"name":"Kilchberg ZH, Schlimbergstr.","band":0,"modes":"bus","arr":["162","163"],"off":[0,-3]}},{"type":"Feature","geometry":{"type":"Point","coordinates":[8.543836,47.324512]},"properties":{"name":"Kilchberg ZH, Bahnhof","band":0,"modes":"bus","arr":["162","163"],"off":[0,-5.2]}},{"type":"Feature","geometry":{"type":"Point","coordinates":[8.543836,47.324512]},"properties":{"line":"162","mode":"bus","color":"#0059a9","colorDark":"#00294f","band":0,"off":[-1.7,1.1]}},{"type":"Feature","geometry":{"type":"Point","coordinates":[8.543836,47.324512]},"properties":{"line":"163","mode":"bus","color":"#0059a9","colorDark":"#00294f","band":0,"off":[1.7,1.1]}},{"type":"Feature","geometry":{"type":"Point","coordinates":[8.527134,47.371933]},"properties":{"name":"Zürich Selnau","band":0,"modes":"bus,metro","arr":["67","215","220","235","236","245","S4","S10"],"off":[0,-0.8]}},{"type":"Feature","geometry":{"type":"Point","coordinates":[8.527134,47.371933]},"properties":{"name":"Bahnhof Wiedikon","band":0,"modes":"bus,metro","arr":["67","215","220","235","236","245","S4","S10"],"off":[0,-1.9]}},{"type":"Feature","geometry":{"type":"Point","coordinates":[8.527134,47.371933]},"properties":{"line":"67","mode":"bus","color":"#0059a9","colorDark":"#00294f","band":0,"off":[-6.8,1.1]}},{"type":"Feature","geometry":{"type":"Point","coordinates":[8.527134,47.371933]},"properties":{"line":"215","mode":"bus","color":"#0059a9","colorDark":"#00294f","band":0,"off":[-3.4,1.1]}},{"type":"Feature","geometry":{"type":"Point","coordinates":[8.527134,47.371933]},"properties":{"line":"220","mode":"bus","color":"#0059a9","colorDark":"#00294f","band":0,"off":[0,1.1]}},{"type":"Feature","geometry":{"type":"Point","coordinates":[8.527134,47.371933]},"properties":{"line":"235","mode":"bus","color":"#0059a9","colorDark":"#00294f","band":0,"off":[3.4,1.1]}},{"type":"Feature","geometry":{"type":"Point","coordinates":[8.527134,47.371933]},"properties":{"line":"236","mode":"bus","color":"#0059a9","colorDark":"#00294f","band":0,"off":[6.8,1.1]}},{"type":"Feature","geometry":{"type":"Point","coordinates":[8.527134,47.371933]},"properties":{"line":"245","mode":"bus","color":"#0059a9","colorDark":"#00294f","band":0,"off":[-3.4,3.1]}},{"type":"Feature","geometry":{"type":"Point","coordinates":[8.527134,47.371933]},"properties":{"line":"S4","mode":"tram","color":"#0A4595","colorDark":"#062652","band":0,"metro":1,"off":[0,3.1]}},{"type":"Feature","geometry":{"type":"Point","coordinates":[8.527134,47.371933]},"properties":{"line":"S10","mode":"tram","color":"#0A4595","colorDark":"#062652","band":0,"metro":1,"off":[3.4,3.1]}},{"type":"Feature","geometry":{"type":"Point","coordinates":[8.533204,47.34825]},"properties":{"name":"Bahnhof Wollishofen","band":0,"modes":"bus","arr":["70","184","185"],"off":[0,-0.8]}},{"type":"Feature","geometry":{"type":"Point","coordinates":[8.533204,47.34825]},"properties":{"line":"70","mode":"bus","color":"#0059a9","colorDark":"#00294f","band":0,"off":[-3.4,1.1]}},{"type":"Feature","geometry":{"type":"Point","coordinates":[8.533204,47.34825]},"properties":{"line":"184","mode":"bus","color":"#0059a9","colorDark":"#00294f","band":0,"off":[0,1.1]}},{"type":"Feature","geometry":{"type":"Point","coordinates":[8.533204,47.34825]},"properties":{"line":"185","mode":"bus","color":"#0059a9","colorDark":"#00294f","band":0,"off":[3.4,1.1]}},{"type":"Feature","geometry":{"type":"Point","coordinates":[8.514429,47.323162]},"properties":{"name":"Mittelleimbach","band":0,"modes":"bus","arr":["70","151"],"off":[0,-0.8]}},{"type":"Feature","geometry":{"type":"Point","coordinates":[8.514429,47.323162]},"properties":{"line":"70","mode":"bus","color":"#0059a9","colorDark":"#00294f","band":0,"off":[-1.7,1.1]}},{"type":"Feature","geometry":{"type":"Point","coordinates":[8.514429,47.323162]},"properties":{"line":"151","mode":"bus","color":"#0059a9","colorDark":"#00294f","band":0,"off":[1.7,1.1]}},{"type":"Feature","geometry":{"type":"Point","coordinates":[8.497573,47.358736]},"properties":{"name":"Zielweg","band":0,"modes":"bus","arr":["73"],"off":[0,-0.8]}},{"type":"Feature","geometry":{"type":"Point","coordinates":[8.497573,47.358736]},"properties":{"line":"73","mode":"bus","color":"#0059a9","colorDark":"#00294f","band":0,"off":[0,1.1]}},{"type":"Feature","geometry":{"type":"Point","coordinates":[8.571975,47.41342]},"properties":{"name":"Auzelg Ost","band":0,"modes":"bus","arr":["75"],"off":[0,-0.8]}},{"type":"Feature","geometry":{"type":"Point","coordinates":[8.571975,47.41342]},"properties":{"line":"75","mode":"bus","color":"#0059a9","colorDark":"#00294f","band":0,"off":[0,1.1]}},{"type":"Feature","geometry":{"type":"Point","coordinates":[8.518468,47.362945]},"properties":{"name":"Binz","band":0,"modes":"bus","arr":["76","EV1","EV3"],"off":[0,-0.8]}},{"type":"Feature","geometry":{"type":"Point","coordinates":[8.518468,47.362945]},"properties":{"line":"76","mode":"bus","color":"#0059a9","colorDark":"#00294f","band":0,"off":[-3.4,1.1]}},{"type":"Feature","geometry":{"type":"Point","coordinates":[8.518468,47.362945]},"properties":{"line":"EV1","mode":"bus","color":"#0059a9","colorDark":"#00294f","band":0,"off":[0,1.1]}},{"type":"Feature","geometry":{"type":"Point","coordinates":[8.518468,47.362945]},"properties":{"line":"EV3","mode":"bus","color":"#0059a9","colorDark":"#00294f","band":0,"off":[3.4,1.1]}},{"type":"Feature","geometry":{"type":"Point","coordinates":[8.469843,47.358388]},"properties":{"name":"Ringlikon, Dorf","band":0,"modes":"bus","arr":["76","EV1","EV3"],"off":[0,-0.8]}},{"type":"Feature","geometry":{"type":"Point","coordinates":[8.469843,47.358388]},"properties":{"line":"76","mode":"bus","color":"#0059a9","colorDark":"#00294f","band":0,"off":[-3.4,1.1]}},{"type":"Feature","geometry":{"type":"Point","coordinates":[8.469843,47.358388]},"properties":{"line":"EV1","mode":"bus","color":"#0059a9","colorDark":"#00294f","band":0,"off":[0,1.1]}},{"type":"Feature","geometry":{"type":"Point","coordinates":[8.469843,47.358388]},"properties":{"line":"EV3","mode":"bus","color":"#0059a9","colorDark":"#00294f","band":0,"off":[3.4,1.1]}},{"type":"Feature","geometry":{"type":"Point","coordinates":[8.564572,47.361801]},"properties":{"name":"Klusplatz D","band":0,"modes":"bus","arr":["77","701","703","704"],"off":[0,-0.8]}},{"type":"Feature","geometry":{"type":"Point","coordinates":[8.564572,47.361801]},"properties":{"name":"Klusplatz C","band":0,"modes":"bus","arr":["77","701","703","704"],"off":[0,-1.9]}},{"type":"Feature","geometry":{"type":"Point","coordinates":[8.564572,47.361801]},"properties":{"name":"Hegibachplatz D","band":0,"modes":"bus","arr":["77","701","703","704"],"off":[0,-3]}},{"type":"Feature","geometry":{"type":"Point","coordinates":[8.564572,47.361801]},"properties":{"line":"77","mode":"bus","color":"#0059a9","colorDark":"#00294f","band":0,"off":[-5.1,1.1]}},{"type":"Feature","geometry":{"type":"Point","coordinates":[8.564572,47.361801]},"properties":{"line":"701","mode":"bus","color":"#0059a9","colorDark":"#00294f","band":0,"off":[-1.7,1.1]}},{"type":"Feature","geometry":{"type":"Point","coordinates":[8.564572,47.361801]},"properties":{"line":"703","mode":"bus","color":"#0059a9","colorDark":"#00294f","band":0,"off":[1.7,1.1]}},{"type":"Feature","geometry":{"type":"Point","coordinates":[8.564572,47.361801]},"properties":{"line":"704","mode":"bus","color":"#0059a9","colorDark":"#00294f","band":0,"off":[5.1,1.1]}},{"type":"Feature","geometry":{"type":"Point","coordinates":[8.575663,47.353923]},"properties":{"name":"Balgrist","band":0,"modes":"bus","arr":["77","99"],"off":[0,-0.8]}},{"type":"Feature","geometry":{"type":"Point","coordinates":[8.575663,47.353923]},"properties":{"line":"77","mode":"bus","color":"#0059a9","colorDark":"#00294f","band":0,"off":[-1.7,1.1]}},{"type":"Feature","geometry":{"type":"Point","coordinates":[8.575663,47.353923]},"properties":{"line":"99","mode":"bus","color":"#0059a9","colorDark":"#00294f","band":0,"off":[1.7,1.1]}},{"type":"Feature","geometry":{"type":"Point","coordinates":[8.483817,47.412146]},"properties":{"name":"Heizenholz","band":0,"modes":"bus","arr":["78"],"off":[0,-0.8]}},{"type":"Feature","geometry":{"type":"Point","coordinates":[8.483817,47.412146]},"properties":{"line":"78","mode":"bus","color":"#0059a9","colorDark":"#00294f","band":0,"off":[0,1.1]}},{"type":"Feature","geometry":{"type":"Point","coordinates":[8.449013,47.413369]},"properties":{"name":"Unterengstringen, Sennenbüel N","band":0,"modes":"bus","arr":["89","N13"],"off":[0,-0.8]}},{"type":"Feature","geometry":{"type":"Point","coordinates":[8.449013,47.413369]},"properties":{"name":"Unterengstringen, Sennenbüel","band":0,"modes":"bus","arr":["89","N13"],"off":[0,-3]}},{"type":"Feature","geometry":{"type":"Point","coordinates":[8.449013,47.413369]},"properties":{"line":"89","mode":"bus","color":"#0059a9","colorDark":"#00294f","band":0,"off":[-1.7,1.1]}},{"type":"Feature","geometry":{"type":"Point","coordinates":[8.449013,47.413369]},"properties":{"line":"N13","mode":"bus","color":"#000000","colorDark":"#000000","band":0,"off":[1.7,1.1]}},{"type":"Feature","geometry":{"type":"Point","coordinates":[8.520391,47.358409]},"properties":{"name":"Sihlcity","band":0,"modes":"tram,bus","arr":["16","89","N2","N5"],"off":[0,-0.8]}},{"type":"Feature","geometry":{"type":"Point","coordinates":[8.520391,47.358409]},"properties":{"name":"Laubegg","band":0,"modes":"tram,bus","arr":["16","89","N2","N5"],"off":[0,-1.9]}},{"type":"Feature","geometry":{"type":"Point","coordinates":[8.520391,47.358409]},"properties":{"line":"16","mode":"tram","color":"#d6212b","colorDark":"#7c1116","band":0,"off":[-5.1,1.1]}},{"type":"Feature","geometry":{"type":"Point","coordinates":[8.520391,47.358409]},"properties":{"line":"89","mode":"bus","color":"#0059a9","colorDark":"#00294f","band":0,"off":[-1.7,1.1]}},{"type":"Feature","geometry":{"type":"Point","coordinates":[8.520391,47.358409]},"properties":{"line":"N2","mode":"bus","color":"#000000","colorDark":"#000000","band":0,"off":[1.7,1.1]}},{"type":"Feature","geometry":{"type":"Point","coordinates":[8.520391,47.358409]},"properties":{"line":"N5","mode":"bus","color":"#000000","colorDark":"#000000","band":0,"off":[5.1,1.1]}},{"type":"Feature","geometry":{"type":"Point","coordinates":[8.588668,47.360917]},"properties":{"name":"Buchholz","band":0,"modes":"bus","arr":["91"],"off":[0,-0.8]}},{"type":"Feature","geometry":{"type":"Point","coordinates":[8.588668,47.360917]},"properties":{"line":"91","mode":"bus","color":"#0059a9","colorDark":"#00294f","band":0,"off":[0,1.1]}},{"type":"Feature","geometry":{"type":"Point","coordinates":[8.602179,47.34599]},"properties":{"name":"Zollikerberg, Station","band":0,"modes":"bus","arr":["91"],"off":[0,-0.8]}},{"type":"Feature","geometry":{"type":"Point","coordinates":[8.602179,47.34599]},"properties":{"line":"91","mode":"bus","color":"#0059a9","colorDark":"#00294f","band":0,"off":[0,1.1]}},{"type":"Feature","geometry":{"type":"Point","coordinates":[8.573555,47.336262]},"properties":{"name":"Zollikon, Goldhaldenplatz","band":0,"modes":"bus","arr":["99","910","N4"],"off":[0,-0.8]}},{"type":"Feature","geometry":{"type":"Point","coordinates":[8.573555,47.336262]},"properties":{"name":"Zollikon, Bahnhof","band":0,"modes":"bus","arr":["99","910","N4"],"off":[0,-3]}},{"type":"Feature","geometry":{"type":"Point","coordinates":[8.573555,47.336262]},"properties":{"line":"99","mode":"bus","color":"#0059a9","colorDark":"#00294f","band":0,"off":[-3.4,1.1]}},{"type":"Feature","geometry":{"type":"Point","coordinates":[8.573555,47.336262]},"properties":{"line":"910","mode":"bus","color":"#0059a9","colorDark":"#00294f","band":0,"off":[0,1.1]}},{"type":"Feature","geometry":{"type":"Point","coordinates":[8.573555,47.336262]},"properties":{"line":"N4","mode":"bus","color":"#000000","colorDark":"#000000","band":0,"off":[3.4,1.1]}},{"type":"Feature","geometry":{"type":"Point","coordinates":[8.59608,47.260121]},"properties":{"name":"Horgen, Bahnhof F","band":0,"modes":"bus","arr":["131","132","134","136","N25"],"off":[0,-0.8]}},{"type":"Feature","geometry":{"type":"Point","coordinates":[8.59608,47.260121]},"properties":{"name":"Horgen, Bahnhof D","band":0,"modes":"bus","arr":["131","132","134","136","N25"],"off":[0,-1.9]}},{"type":"Feature","geometry":{"type":"Point","coordinates":[8.59608,47.260121]},"properties":{"name":"Horgen, Bahnhof C","band":0,"modes":"bus","arr":["131","132","134","136","N25"],"off":[0,-3]}},{"type":"Feature","geometry":{"type":"Point","coordinates":[8.59608,47.260121]},"properties":{"line":"131","mode":"bus","color":"#0059a9","colorDark":"#00294f","band":0,"off":[-6.8,1.1]}},{"type":"Feature","geometry":{"type":"Point","coordinates":[8.59608,47.260121]},"properties":{"line":"132","mode":"bus","color":"#0059a9","colorDark":"#00294f","band":0,"off":[-3.4,1.1]}},{"type":"Feature","geometry":{"type":"Point","coordinates":[8.59608,47.260121]},"properties":{"line":"134","mode":"bus","color":"#0059a9","colorDark":"#00294f","band":0,"off":[0,1.1]}},{"type":"Feature","geometry":{"type":"Point","coordinates":[8.59608,47.260121]},"properties":{"line":"136","mode":"bus","color":"#0059a9","colorDark":"#00294f","band":0,"off":[3.4,1.1]}},{"type":"Feature","geometry":{"type":"Point","coordinates":[8.59608,47.260121]},"properties":{"line":"N25","mode":"bus","color":"#000000","colorDark":"#000000","band":0,"off":[6.8,1.1]}},{"type":"Feature","geometry":{"type":"Point","coordinates":[8.59593,47.263724]},"properties":{"name":"Horgen, Bahnhof E","band":0,"modes":"bus","arr":["133","134","137","145"],"off":[0,-0.8]}},{"type":"Feature","geometry":{"type":"Point","coordinates":[8.59593,47.263724]},"properties":{"name":"Horgen, Bahnhof B","band":0,"modes":"bus","arr":["133","134","137","145"],"off":[0,-1.9]}},{"type":"Feature","geometry":{"type":"Point","coordinates":[8.59593,47.263724]},"properties":{"name":"Horgen, Bahnhof A","band":0,"modes":"bus","arr":["133","134","137","145"],"off":[0,-3]}},{"type":"Feature","geometry":{"type":"Point","coordinates":[8.59593,47.263724]},"properties":{"line":"133","mode":"bus","color":"#0059a9","colorDark":"#00294f","band":0,"off":[-5.1,1.1]}},{"type":"Feature","geometry":{"type":"Point","coordinates":[8.59593,47.263724]},"properties":{"line":"134","mode":"bus","color":"#0059a9","colorDark":"#00294f","band":0,"off":[-1.7,1.1]}},{"type":"Feature","geometry":{"type":"Point","coordinates":[8.59593,47.263724]},"properties":{"line":"137","mode":"bus","color":"#0059a9","colorDark":"#00294f","band":0,"off":[1.7,1.1]}},{"type":"Feature","geometry":{"type":"Point","coordinates":[8.59593,47.263724]},"properties":{"line":"145","mode":"bus","color":"#0059a9","colorDark":"#00294f","band":0,"off":[5.1,1.1]}},{"type":"Feature","geometry":{"type":"Point","coordinates":[8.586765,47.257654]},"properties":{"name":"Horgen, Panorama","band":0,"modes":"bus","arr":["133"],"off":[0,-0.8]}},{"type":"Feature","geometry":{"type":"Point","coordinates":[8.586765,47.257654]},"properties":{"line":"133","mode":"bus","color":"#0059a9","colorDark":"#00294f","band":0,"off":[0,1.1]}},{"type":"Feature","geometry":{"type":"Point","coordinates":[8.626031,47.251366]},"properties":{"name":"Horgen, Meilibach","band":0,"modes":"bus","arr":["134"],"off":[0,-0.8]}},{"type":"Feature","geometry":{"type":"Point","coordinates":[8.626031,47.251366]},"properties":{"line":"134","mode":"bus","color":"#0059a9","colorDark":"#00294f","band":0,"off":[0,1.1]}},{"type":"Feature","geometry":{"type":"Point","coordinates":[8.579312,47.279204]},"properties":{"name":"Oberrieden, Bahnhof","band":0,"modes":"bus","arr":["136","N25"],"off":[0,-0.8]}},{"type":"Feature","geometry":{"type":"Point","coordinates":[8.579312,47.279204]},"properties":{"line":"136","mode":"bus","color":"#0059a9","colorDark":"#00294f","band":0,"off":[-1.7,1.1]}},{"type":"Feature","geometry":{"type":"Point","coordinates":[8.579312,47.279204]},"properties":{"line":"N25","mode":"bus","color":"#000000","colorDark":"#000000","band":0,"off":[1.7,1.1]}},{"type":"Feature","geometry":{"type":"Point","coordinates":[8.557413,47.268398]},"properties":{"name":"Sihlwald, Bahnhof","band":0,"modes":"bus,metro","arr":["EV","S4"],"off":[0,-0.8]}},{"type":"Feature","geometry":{"type":"Point","coordinates":[8.557413,47.268398]},"properties":{"name":"Sihlwald","band":0,"modes":"bus,metro","arr":["EV","S4"],"off":[0,-1.9]}},{"type":"Feature","geometry":{"type":"Point","coordinates":[8.557413,47.268398]},"properties":{"line":"EV","mode":"bus","color":"#0059a9","colorDark":"#00294f","band":0,"off":[-1.7,1.1]}},{"type":"Feature","geometry":{"type":"Point","coordinates":[8.557413,47.268398]},"properties":{"line":"S4","mode":"tram","color":"#0A4595","colorDark":"#062652","band":0,"metro":1,"off":[1.7,1.1]}},{"type":"Feature","geometry":{"type":"Point","coordinates":[8.564966,47.295298]},"properties":{"name":"Thalwil, Zentrum A","band":0,"modes":"bus","arr":["140","142","145","156","240","N16"],"off":[0,-0.8]}},{"type":"Feature","geometry":{"type":"Point","coordinates":[8.564966,47.295298]},"properties":{"name":"Thalwil, Bahnhof C","band":0,"modes":"bus","arr":["140","142","145","156","240","N16"],"off":[0,-1.9]}},{"type":"Feature","geometry":{"type":"Point","coordinates":[8.564966,47.295298]},"properties":{"line":"140","mode":"bus","color":"#0059a9","colorDark":"#00294f","band":0,"off":[-6.8,1.1]}},{"type":"Feature","geometry":{"type":"Point","coordinates":[8.564966,47.295298]},"properties":{"line":"142","mode":"bus","color":"#0059a9","colorDark":"#00294f","band":0,"off":[-3.4,1.1]}},{"type":"Feature","geometry":{"type":"Point","coordinates":[8.564966,47.295298]},"properties":{"line":"145","mode":"bus","color":"#0059a9","colorDark":"#00294f","band":0,"off":[0,1.1]}},{"type":"Feature","geometry":{"type":"Point","coordinates":[8.564966,47.295298]},"properties":{"line":"156","mode":"bus","color":"#0059a9","colorDark":"#00294f","band":0,"off":[3.4,1.1]}},{"type":"Feature","geometry":{"type":"Point","coordinates":[8.564966,47.295298]},"properties":{"line":"240","mode":"bus","color":"#0059a9","colorDark":"#00294f","band":0,"off":[6.8,1.1]}},{"type":"Feature","geometry":{"type":"Point","coordinates":[8.564966,47.295298]},"properties":{"line":"N16","mode":"bus","color":"#000000","colorDark":"#000000","band":0,"off":[0,3.1]}},{"type":"Feature","geometry":{"type":"Point","coordinates":[8.543792,47.287348]},"properties":{"name":"Langnau-Gattikon, Bahnhof","band":0,"modes":"bus,metro","arr":["153","EV","SN4"],"off":[0,-0.8]}},{"type":"Feature","geometry":{"type":"Point","coordinates":[8.543792,47.287348]},"properties":{"name":"Langnau-Gattikon","band":0,"modes":"bus,metro","arr":["153","EV","SN4"],"off":[0,-3]}},{"type":"Feature","geometry":{"type":"Point","coordinates":[8.543792,47.287348]},"properties":{"line":"153","mode":"bus","color":"#0059a9","colorDark":"#00294f","band":0,"off":[-3.4,1.1]}},{"type":"Feature","geometry":{"type":"Point","coordinates":[8.543792,47.287348]},"properties":{"line":"EV","mode":"bus","color":"#0059a9","colorDark":"#00294f","band":0,"off":[0,1.1]}},{"type":"Feature","geometry":{"type":"Point","coordinates":[8.543792,47.287348]},"properties":{"line":"SN4","mode":"tram","color":"#000000","colorDark":"#000000","band":0,"metro":1,"off":[3.4,1.1]}},{"type":"Feature","geometry":{"type":"Point","coordinates":[8.537431,47.28096]},"properties":{"name":"Langnau am Albis, Unterrengg","band":0,"modes":"bus","arr":["140","153"],"off":[0,-0.8]}},{"type":"Feature","geometry":{"type":"Point","coordinates":[8.537431,47.28096]},"properties":{"line":"140","mode":"bus","color":"#0059a9","colorDark":"#00294f","band":0,"off":[-1.7,1.1]}},{"type":"Feature","geometry":{"type":"Point","coordinates":[8.537431,47.28096]},"properties":{"line":"153","mode":"bus","color":"#0059a9","colorDark":"#00294f","band":0,"off":[1.7,1.1]}},{"type":"Feature","geometry":{"type":"Point","coordinates":[8.565376,47.284734]},"properties":{"name":"Thalwil, Böni","band":0,"modes":"bus","arr":["142"],"off":[0,-0.8]}},{"type":"Feature","geometry":{"type":"Point","coordinates":[8.565376,47.284734]},"properties":{"line":"142","mode":"bus","color":"#0059a9","colorDark":"#00294f","band":0,"off":[0,1.1]}},{"type":"Feature","geometry":{"type":"Point","coordinates":[8.524135,47.311539]},"properties":{"name":"Adliswil, Bahnhof C","band":0,"modes":"bus","arr":["151","152","153","156","184","185","N15","N18"],"off":[0,-0.8]}},{"type":"Feature","geometry":{"type":"Point","coordinates":[8.524135,47.311539]},"properties":{"name":"Adliswil, Bahnhof B","band":0,"modes":"bus","arr":["151","152","153","156","184","185","N15","N18"],"off":[0,-3]}},{"type":"Feature","geometry":{"type":"Point","coordinates":[8.524135,47.311539]},"properties":{"name":"Adliswil, Bahnhof A","band":0,"modes":"bus","arr":["151","152","153","156","184","185","N15","N18"],"off":[0,-5.2]}},{"type":"Feature","geometry":{"type":"Point","coordinates":[8.524135,47.311539]},"properties":{"line":"151","mode":"bus","color":"#0059a9","colorDark":"#00294f","band":0,"off":[-6.8,1.1]}},{"type":"Feature","geometry":{"type":"Point","coordinates":[8.524135,47.311539]},"properties":{"line":"152","mode":"bus","color":"#0059a9","colorDark":"#00294f","band":0,"off":[-3.4,1.1]}},{"type":"Feature","geometry":{"type":"Point","coordinates":[8.524135,47.311539]},"properties":{"line":"153","mode":"bus","color":"#0059a9","colorDark":"#00294f","band":0,"off":[0,1.1]}},{"type":"Feature","geometry":{"type":"Point","coordinates":[8.524135,47.311539]},"properties":{"line":"156","mode":"bus","color":"#0059a9","colorDark":"#00294f","band":0,"off":[3.4,1.1]}},{"type":"Feature","geometry":{"type":"Point","coordinates":[8.524135,47.311539]},"properties":{"line":"184","mode":"bus","color":"#0059a9","colorDark":"#00294f","band":0,"off":[6.8,1.1]}},{"type":"Feature","geometry":{"type":"Point","coordinates":[8.524135,47.311539]},"properties":{"line":"185","mode":"bus","color":"#0059a9","colorDark":"#00294f","band":0,"off":[-3.4,3.1]}},{"type":"Feature","geometry":{"type":"Point","coordinates":[8.524135,47.311539]},"properties":{"line":"N15","mode":"bus","color":"#000000","colorDark":"#000000","band":0,"off":[0,3.1]}},{"type":"Feature","geometry":{"type":"Point","coordinates":[8.524135,47.311539]},"properties":{"line":"N18","mode":"bus","color":"#000000","colorDark":"#000000","band":0,"off":[3.4,3.1]}},{"type":"Feature","geometry":{"type":"Point","coordinates":[8.522094,47.301137]},"properties":{"name":"Adliswil, Büchel","band":0,"modes":"bus","arr":["N18"],"off":[0,-0.8]}},{"type":"Feature","geometry":{"type":"Point","coordinates":[8.522094,47.301137]},"properties":{"line":"N18","mode":"bus","color":"#000000","colorDark":"#000000","band":0,"off":[0,1.1]}},{"type":"Feature","geometry":{"type":"Point","coordinates":[8.535262,47.3087]},"properties":{"name":"Adliswil, Schulhaus Kopfholz","band":0,"modes":"bus","arr":["N15"],"off":[0,-0.8]}},{"type":"Feature","geometry":{"type":"Point","coordinates":[8.535262,47.3087]},"properties":{"line":"N15","mode":"bus","color":"#000000","colorDark":"#000000","band":0,"off":[0,1.1]}},{"type":"Feature","geometry":{"type":"Point","coordinates":[8.54016,47.366795]},"properties":{"name":"Bürkliplatz","band":0,"modes":"bus","arr":["161","165","912","916"],"off":[0,-0.8]}},{"type":"Feature","geometry":{"type":"Point","coordinates":[8.54016,47.366795]},"properties":{"name":"Bellevue H","band":0,"modes":"bus","arr":["161","165","912","916"],"off":[0,-1.9]}},{"type":"Feature","geometry":{"type":"Point","coordinates":[8.54016,47.366795]},"properties":{"name":"Bellevue","band":0,"modes":"bus","arr":["161","165","912","916"],"off":[0,-3]}},{"type":"Feature","geometry":{"type":"Point","coordinates":[8.54016,47.366795]},"properties":{"line":"161","mode":"bus","color":"#0059a9","colorDark":"#00294f","band":0,"off":[-5.1,1.1]}},{"type":"Feature","geometry":{"type":"Point","coordinates":[8.54016,47.366795]},"properties":{"line":"165","mode":"bus","color":"#0059a9","colorDark":"#00294f","band":0,"off":[-1.7,1.1]}},{"type":"Feature","geometry":{"type":"Point","coordinates":[8.54016,47.366795]},"properties":{"line":"912","mode":"bus","color":"#0059a9","colorDark":"#00294f","band":0,"off":[1.7,1.1]}},{"type":"Feature","geometry":{"type":"Point","coordinates":[8.54016,47.366795]},"properties":{"line":"916","mode":"bus","color":"#0059a9","colorDark":"#00294f","band":0,"off":[5.1,1.1]}},{"type":"Feature","geometry":{"type":"Point","coordinates":[8.535262,47.321866]},"properties":{"name":"Kilchberg ZH, Asp","band":0,"modes":"bus","arr":["162"],"off":[0,-0.8]}},{"type":"Feature","geometry":{"type":"Point","coordinates":[8.535262,47.321866]},"properties":{"line":"162","mode":"bus","color":"#0059a9","colorDark":"#00294f","band":0,"off":[0,1.1]}},{"type":"Feature","geometry":{"type":"Point","coordinates":[8.548877,47.301407]},"properties":{"name":"Rüschlikon, Park im Grüene","band":0,"modes":"bus","arr":["165"],"off":[0,-0.8]}},{"type":"Feature","geometry":{"type":"Point","coordinates":[8.548877,47.301407]},"properties":{"line":"165","mode":"bus","color":"#0059a9","colorDark":"#00294f","band":0,"off":[0,1.1]}},{"type":"Feature","geometry":{"type":"Point","coordinates":[8.446721,47.278224]},"properties":{"name":"Affoltern a.A., Bahnhof C","band":0,"modes":"bus","arr":["200","214","215","223","225","N24"],"off":[0,-0.8]}},{"type":"Feature","geometry":{"type":"Point","coordinates":[8.446721,47.278224]},"properties":{"name":"Affoltern a.A., Bahnhof B","band":0,"modes":"bus","arr":["200","214","215","223","225","N24"],"off":[0,-3]}},{"type":"Feature","geometry":{"type":"Point","coordinates":[8.446721,47.278224]},"properties":{"name":"Affoltern a.A., Bahnhof A","band":0,"modes":"bus","arr":["200","214","215","223","225","N24"],"off":[0,-5.2]}},{"type":"Feature","geometry":{"type":"Point","coordinates":[8.446721,47.278224]},"properties":{"line":"200","mode":"bus","color":"#0059a9","colorDark":"#00294f","band":0,"off":[-6.8,1.1]}},{"type":"Feature","geometry":{"type":"Point","coordinates":[8.446721,47.278224]},"properties":{"line":"214","mode":"bus","color":"#0059a9","colorDark":"#00294f","band":0,"off":[-3.4,1.1]}},{"type":"Feature","geometry":{"type":"Point","coordinates":[8.446721,47.278224]},"properties":{"line":"215","mode":"bus","color":"#0059a9","colorDark":"#00294f","band":0,"off":[0,1.1]}},{"type":"Feature","geometry":{"type":"Point","coordinates":[8.446721,47.278224]},"properties":{"line":"223","mode":"bus","color":"#0059a9","colorDark":"#00294f","band":0,"off":[3.4,1.1]}},{"type":"Feature","geometry":{"type":"Point","coordinates":[8.446721,47.278224]},"properties":{"line":"225","mode":"bus","color":"#0059a9","colorDark":"#00294f","band":0,"off":[6.8,1.1]}},{"type":"Feature","geometry":{"type":"Point","coordinates":[8.446721,47.278224]},"properties":{"line":"N24","mode":"bus","color":"#000000","colorDark":"#000000","band":0,"off":[0,3.1]}},{"type":"Feature","geometry":{"type":"Point","coordinates":[8.465463,47.316069]},"properties":{"name":"Bonstetten, Dorfstrasse","band":0,"modes":"bus","arr":["210","228"],"off":[0,-0.8]}},{"type":"Feature","geometry":{"type":"Point","coordinates":[8.465463,47.316069]},"properties":{"name":"Bonstetten, Dorfplatz","band":0,"modes":"bus","arr":["210","228"],"off":[0,-3]}},{"type":"Feature","geometry":{"type":"Point","coordinates":[8.465463,47.316069]},"properties":{"line":"210","mode":"bus","color":"#0059a9","colorDark":"#00294f","band":0,"off":[-1.7,1.1]}},{"type":"Feature","geometry":{"type":"Point","coordinates":[8.465463,47.316069]},"properties":{"line":"228","mode":"bus","color":"#0059a9","colorDark":"#00294f","band":0,"off":[1.7,1.1]}},{"type":"Feature","geometry":{"type":"Point","coordinates":[8.465263,47.366327]},"properties":{"name":"Uitikon Waldegg, Bahnhof","band":0,"modes":"bus","arr":["201"],"off":[0,-0.8]}},{"type":"Feature","geometry":{"type":"Point","coordinates":[8.465263,47.366327]},"properties":{"line":"201","mode":"bus","color":"#0059a9","colorDark":"#00294f","band":0,"off":[0,1.1]}},{"type":"Feature","geometry":{"type":"Point","coordinates":[8.454475,47.370444]},"properties":{"name":"Uitikon, Dorf","band":0,"modes":"bus","arr":["N14"],"off":[0,-0.8]}},{"type":"Feature","geometry":{"type":"Point","coordinates":[8.454475,47.370444]},"properties":{"line":"N14","mode":"bus","color":"#000000","colorDark":"#000000","band":0,"off":[0,1.1]}},{"type":"Feature","geometry":{"type":"Point","coordinates":[8.468452,47.326342]},"properties":{"name":"Bonstetten-Wettswil, Bahnhof D","band":0,"modes":"bus","arr":["205","220","221","227","228","229","EV2","N23"],"off":[0,-0.8]}},{"type":"Feature","geometry":{"type":"Point","coordinates":[8.468452,47.326342]},"properties":{"name":"Bonstetten-Wettswil, Bahnhof A","band":0,"modes":"bus","arr":["205","220","221","227","228","229","EV2","N23"],"off":[0,-3]}},{"type":"Feature","geometry":{"type":"Point","coordinates":[8.468452,47.326342]},"properties":{"line":"205","mode":"bus","color":"#0059a9","colorDark":"#00294f","band":0,"off":[-6.8,1.1]}},{"type":"Feature","geometry":{"type":"Point","coordinates":[8.468452,47.326342]},"properties":{"line":"220","mode":"bus","color":"#0059a9","colorDark":"#00294f","band":0,"off":[-3.4,1.1]}},{"type":"Feature","geometry":{"type":"Point","coordinates":[8.468452,47.326342]},"properties":{"line":"221","mode":"bus","color":"#0059a9","colorDark":"#00294f","band":0,"off":[0,1.1]}},{"type":"Feature","geometry":{"type":"Point","coordinates":[8.468452,47.326342]},"properties":{"line":"227","mode":"bus","color":"#0059a9","colorDark":"#00294f","band":0,"off":[3.4,1.1]}},{"type":"Feature","geometry":{"type":"Point","coordinates":[8.468452,47.326342]},"properties":{"line":"228","mode":"bus","color":"#0059a9","colorDark":"#00294f","band":0,"off":[6.8,1.1]}},{"type":"Feature","geometry":{"type":"Point","coordinates":[8.468452,47.326342]},"properties":{"line":"229","mode":"bus","color":"#0059a9","colorDark":"#00294f","band":0,"off":[-3.4,3.1]}},{"type":"Feature","geometry":{"type":"Point","coordinates":[8.468452,47.326342]},"properties":{"line":"EV2","mode":"bus","color":"#0059a9","colorDark":"#00294f","band":0,"off":[0,3.1]}},{"type":"Feature","geometry":{"type":"Point","coordinates":[8.468452,47.326342]},"properties":{"line":"N23","mode":"bus","color":"#000000","colorDark":"#000000","band":0,"off":[3.4,3.1]}},{"type":"Feature","geometry":{"type":"Point","coordinates":[8.424853,47.320359]},"properties":{"name":"Arni AG, Stockacker C","band":0,"modes":"bus","arr":["205"],"off":[0,-0.8]}},{"type":"Feature","geometry":{"type":"Point","coordinates":[8.424853,47.320359]},"properties":{"line":"205","mode":"bus","color":"#0059a9","colorDark":"#00294f","band":0,"off":[0,1.1]}},{"type":"Feature","geometry":{"type":"Point","coordinates":[8.40505,47.281506]},"properties":{"name":"Ottenbach, Engelwiese","band":0,"modes":"bus","arr":["214"],"off":[0,-0.8]}},{"type":"Feature","geometry":{"type":"Point","coordinates":[8.40505,47.281506]},"properties":{"line":"214","mode":"bus","color":"#0059a9","colorDark":"#00294f","band":0,"off":[0,1.1]}},{"type":"Feature","geometry":{"type":"Point","coordinates":[8.466962,47.345371]},"properties":{"name":"Wettswil a.A., Heidenchilen","band":0,"modes":"bus","arr":["229"],"off":[0,-0.8]}},{"type":"Feature","geometry":{"type":"Point","coordinates":[8.466962,47.345371]},"properties":{"line":"229","mode":"bus","color":"#0059a9","colorDark":"#00294f","band":0,"off":[0,1.1]}},{"type":"Feature","geometry":{"type":"Point","coordinates":[8.446372,47.27343]},"properties":{"name":"Affoltern am Albis","band":0,"modes":"bus,metro","arr":["223","225","S14"],"off":[0,-0.8]}},{"type":"Feature","geometry":{"type":"Point","coordinates":[8.446372,47.27343]},"properties":{"name":"Affoltern a.A., Bahnhof D","band":0,"modes":"bus,metro","arr":["223","225","S14"],"off":[0,-1.9]}},{"type":"Feature","geometry":{"type":"Point","coordinates":[8.446372,47.27343]},"properties":{"line":"223","mode":"bus","color":"#0059a9","colorDark":"#00294f","band":0,"off":[-3.4,1.1]}},{"type":"Feature","geometry":{"type":"Point","coordinates":[8.446372,47.27343]},"properties":{"line":"225","mode":"bus","color":"#0059a9","colorDark":"#00294f","band":0,"off":[0,1.1]}},{"type":"Feature","geometry":{"type":"Point","coordinates":[8.446372,47.27343]},"properties":{"line":"S14","mode":"tram","color":"#0A4595","colorDark":"#062652","band":0,"metro":1,"off":[3.4,1.1]}},{"type":"Feature","geometry":{"type":"Point","coordinates":[8.490834,47.266261]},"properties":{"name":"Aeugst a.A., Grossacher","band":0,"modes":"bus","arr":["225","235"],"off":[0,-0.8]}},{"type":"Feature","geometry":{"type":"Point","coordinates":[8.490834,47.266261]},"properties":{"line":"225","mode":"bus","color":"#0059a9","colorDark":"#00294f","band":0,"off":[-1.7,1.1]}},{"type":"Feature","geometry":{"type":"Point","coordinates":[8.490834,47.266261]},"properties":{"line":"235","mode":"bus","color":"#0059a9","colorDark":"#00294f","band":0,"off":[1.7,1.1]}},{"type":"Feature","geometry":{"type":"Point","coordinates":[8.438608,47.359012]},"properties":{"name":"Birmensdorf ZH, Bahnhof D","band":0,"modes":"bus","arr":["227","314"],"off":[0,-0.8]}},{"type":"Feature","geometry":{"type":"Point","coordinates":[8.438608,47.359012]},"properties":{"name":"Birmensdorf ZH, Bahnhof B","band":0,"modes":"bus","arr":["227","314"],"off":[0,-3]}},{"type":"Feature","geometry":{"type":"Point","coordinates":[8.438608,47.359012]},"properties":{"name":"Birmensdorf ZH, Bahnhof A","band":0,"modes":"bus","arr":["227","314"],"off":[0,-5.2]}},{"type":"Feature","geometry":{"type":"Point","coordinates":[8.438608,47.359012]},"properties":{"line":"227","mode":"bus","color":"#0059a9","colorDark":"#00294f","band":0,"off":[-1.7,1.1]}},{"type":"Feature","geometry":{"type":"Point","coordinates":[8.438608,47.359012]},"properties":{"line":"314","mode":"bus","color":"#0059a9","colorDark":"#00294f","band":0,"off":[1.7,1.1]}},{"type":"Feature","geometry":{"type":"Point","coordinates":[8.48592,47.302158]},"properties":{"name":"Stallikon, Aumüli","band":0,"modes":"bus","arr":["N23"],"off":[0,-0.8]}},{"type":"Feature","geometry":{"type":"Point","coordinates":[8.48592,47.302158]},"properties":{"line":"N23","mode":"bus","color":"#000000","colorDark":"#000000","band":0,"off":[0,1.1]}},{"type":"Feature","geometry":{"type":"Point","coordinates":[8.409447,47.42145]},"properties":{"name":"Geroldswil, Zentrum","band":0,"modes":"bus","arr":["301","302","309","N30"],"off":[0,-0.8]}},{"type":"Feature","geometry":{"type":"Point","coordinates":[8.409447,47.42145]},"properties":{"line":"301","mode":"bus","color":"#0059a9","colorDark":"#00294f","band":0,"off":[-5.1,1.1]}},{"type":"Feature","geometry":{"type":"Point","coordinates":[8.409447,47.42145]},"properties":{"line":"302","mode":"bus","color":"#0059a9","colorDark":"#00294f","band":0,"off":[-1.7,1.1]}},{"type":"Feature","geometry":{"type":"Point","coordinates":[8.409447,47.42145]},"properties":{"line":"309","mode":"bus","color":"#0059a9","colorDark":"#00294f","band":0,"off":[1.7,1.1]}},{"type":"Feature","geometry":{"type":"Point","coordinates":[8.409447,47.42145]},"properties":{"line":"N30","mode":"bus","color":"#000000","colorDark":"#000000","band":0,"off":[5.1,1.1]}},{"type":"Feature","geometry":{"type":"Point","coordinates":[8.404385,47.408163]},"properties":{"name":"Dietikon, Bahnhof G","band":0,"modes":"bus","arr":["301","305","314","N34","N36"],"off":[0,-0.8]}},{"type":"Feature","geometry":{"type":"Point","coordinates":[8.404385,47.408163]},"properties":{"name":"Dietikon, Bahnhof C","band":0,"modes":"bus","arr":["301","305","314","N34","N36"],"off":[0,-3]}},{"type":"Feature","geometry":{"type":"Point","coordinates":[8.404385,47.408163]},"properties":{"name":"Dietikon, Bahnhof B","band":0,"modes":"bus","arr":["301","305","314","N34","N36"],"off":[0,-5.2]}},{"type":"Feature","geometry":{"type":"Point","coordinates":[8.404385,47.408163]},"properties":{"line":"301","mode":"bus","color":"#0059a9","colorDark":"#00294f","band":0,"off":[-6.8,1.1]}},{"type":"Feature","geometry":{"type":"Point","coordinates":[8.404385,47.408163]},"properties":{"line":"305","mode":"bus","color":"#0059a9","colorDark":"#00294f","band":0,"off":[-3.4,1.1]}},{"type":"Feature","geometry":{"type":"Point","coordinates":[8.404385,47.408163]},"properties":{"line":"314","mode":"bus","color":"#0059a9","colorDark":"#00294f","band":0,"off":[0,1.1]}},{"type":"Feature","geometry":{"type":"Point","coordinates":[8.404385,47.408163]},"properties":{"line":"N34","mode":"bus","color":"#000000","colorDark":"#000000","band":0,"off":[3.4,1.1]}},{"type":"Feature","geometry":{"type":"Point","coordinates":[8.404385,47.408163]},"properties":{"line":"N36","mode":"bus","color":"#000000","colorDark":"#000000","band":0,"off":[6.8,1.1]}},{"type":"Feature","geometry":{"type":"Point","coordinates":[8.429723,47.38016]},"properties":{"name":"Urdorf Weihermatt, Bahnhof","band":0,"modes":"bus","arr":["302"],"off":[0,-0.8]}},{"type":"Feature","geometry":{"type":"Point","coordinates":[8.429723,47.38016]},"properties":{"line":"302","mode":"bus","color":"#0059a9","colorDark":"#00294f","band":0,"off":[0,1.1]}},{"type":"Feature","geometry":{"type":"Point","coordinates":[8.376038,47.394098]},"properties":{"name":"Kindhausen AG","band":0,"modes":"bus","arr":["305","315"],"off":[0,-0.8]}},{"type":"Feature","geometry":{"type":"Point","coordinates":[8.376038,47.394098]},"properties":{"line":"305","mode":"bus","color":"#0059a9","colorDark":"#00294f","band":0,"off":[-1.7,1.1]}},{"type":"Feature","geometry":{"type":"Point","coordinates":[8.376038,47.394098]},"properties":{"line":"315","mode":"bus","color":"#0059a9","colorDark":"#00294f","band":0,"off":[1.7,1.1]}},{"type":"Feature","geometry":{"type":"Point","coordinates":[8.404845,47.403136]},"properties":{"name":"Dietikon, Bahnhof F","band":0,"modes":"bus,metro","arr":["306","309","325","S17"],"off":[0,-0.8]}},{"type":"Feature","geometry":{"type":"Point","coordinates":[8.404845,47.403136]},"properties":{"name":"Dietikon, Bahnhof D","band":0,"modes":"bus,metro","arr":["306","309","325","S17"],"off":[0,-3]}},{"type":"Feature","geometry":{"type":"Point","coordinates":[8.404845,47.403136]},"properties":{"name":"Dietikon","band":0,"modes":"bus,metro","arr":["306","309","325","S17"],"off":[0,-5.2]}},{"type":"Feature","geometry":{"type":"Point","coordinates":[8.404845,47.403136]},"properties":{"line":"306","mode":"bus","color":"#0059a9","colorDark":"#00294f","band":0,"off":[-5.1,1.1]}},{"type":"Feature","geometry":{"type":"Point","coordinates":[8.404845,47.403136]},"properties":{"line":"309","mode":"bus","color":"#0059a9","colorDark":"#00294f","band":0,"off":[-1.7,1.1]}},{"type":"Feature","geometry":{"type":"Point","coordinates":[8.404845,47.403136]},"properties":{"line":"325","mode":"bus","color":"#0059a9","colorDark":"#00294f","band":0,"off":[1.7,1.1]}},{"type":"Feature","geometry":{"type":"Point","coordinates":[8.404845,47.403136]},"properties":{"line":"S17","mode":"tram","color":"#0A4595","colorDark":"#062652","band":0,"metro":1,"off":[5.1,1.1]}},{"type":"Feature","geometry":{"type":"Point","coordinates":[8.390279,47.405558]},"properties":{"name":"Dietikon, Stadthalle Ost","band":0,"modes":"bus","arr":["306"],"off":[0,-0.8]}},{"type":"Feature","geometry":{"type":"Point","coordinates":[8.390279,47.405558]},"properties":{"line":"306","mode":"bus","color":"#0059a9","colorDark":"#00294f","band":0,"off":[0,1.1]}},{"type":"Feature","geometry":{"type":"Point","coordinates":[8.394386,47.427666]},"properties":{"name":"Oetwil an der Limmat, Zentrum","band":0,"modes":"bus","arr":["N34"],"off":[0,-0.8]}},{"type":"Feature","geometry":{"type":"Point","coordinates":[8.394386,47.427666]},"properties":{"line":"N34","mode":"bus","color":"#000000","colorDark":"#000000","band":0,"off":[0,1.1]}},{"type":"Feature","geometry":{"type":"Point","coordinates":[8.42283,47.377758]},"properties":{"name":"Urdorf, Oberurdorf","band":0,"modes":"bus","arr":["317"],"off":[0,-0.8]}},{"type":"Feature","geometry":{"type":"Point","coordinates":[8.42283,47.377758]},"properties":{"line":"317","mode":"bus","color":"#0059a9","colorDark":"#00294f","band":0,"off":[0,1.1]}},{"type":"Feature","geometry":{"type":"Point","coordinates":[8.362951,47.420837]},"properties":{"name":"Spreitenbach, Glattler","band":0,"modes":"bus","arr":["315"],"off":[0,-0.8]}},{"type":"Feature","geometry":{"type":"Point","coordinates":[8.362951,47.420837]},"properties":{"line":"315","mode":"bus","color":"#0059a9","colorDark":"#00294f","band":0,"off":[0,1.1]}},{"type":"Feature","geometry":{"type":"Point","coordinates":[8.381485,47.402031]},"properties":{"name":"Dietikon, Weinberg","band":0,"modes":"bus","arr":["325"],"off":[0,-0.8]}},{"type":"Feature","geometry":{"type":"Point","coordinates":[8.381485,47.402031]},"properties":{"line":"325","mode":"bus","color":"#0059a9","colorDark":"#00294f","band":0,"off":[0,1.1]}},{"type":"Feature","geometry":{"type":"Point","coordinates":[8.438642,47.440022]},"properties":{"name":"Dällikon, Dorf","band":0,"modes":"bus","arr":["449"],"off":[0,-0.8]}},{"type":"Feature","geometry":{"type":"Point","coordinates":[8.438642,47.440022]},"properties":{"line":"449","mode":"bus","color":"#0059a9","colorDark":"#00294f","band":0,"off":[0,1.1]}},{"type":"Feature","geometry":{"type":"Point","coordinates":[8.437496,47.453047]},"properties":{"name":"Buchs-Dällikon, Bahnhof","band":0,"modes":"bus","arr":["449","455"],"off":[0,-0.8]}},{"type":"Feature","geometry":{"type":"Point","coordinates":[8.437496,47.453047]},"properties":{"line":"449","mode":"bus","color":"#0059a9","colorDark":"#00294f","band":0,"off":[-1.7,1.1]}},{"type":"Feature","geometry":{"type":"Point","coordinates":[8.437496,47.453047]},"properties":{"line":"455","mode":"bus","color":"#0059a9","colorDark":"#00294f","band":0,"off":[1.7,1.1]}},{"type":"Feature","geometry":{"type":"Point","coordinates":[8.405359,47.469363]},"properties":{"name":"Boppelsen, Hand","band":0,"modes":"bus","arr":["450","485","N45"],"off":[0,-0.8]}},{"type":"Feature","geometry":{"type":"Point","coordinates":[8.405359,47.469363]},"properties":{"name":"Boppelsen, Dorf","band":0,"modes":"bus","arr":["450","485","N45"],"off":[0,-1.9]}},{"type":"Feature","geometry":{"type":"Point","coordinates":[8.405359,47.469363]},"properties":{"line":"450","mode":"bus","color":"#0059a9","colorDark":"#00294f","band":0,"off":[-3.4,1.1]}},{"type":"Feature","geometry":{"type":"Point","coordinates":[8.405359,47.469363]},"properties":{"line":"485","mode":"bus","color":"#0059a9","colorDark":"#00294f","band":0,"off":[0,1.1]}},{"type":"Feature","geometry":{"type":"Point","coordinates":[8.405359,47.469363]},"properties":{"line":"N45","mode":"bus","color":"#000000","colorDark":"#000000","band":0,"off":[3.4,1.1]}},{"type":"Feature","geometry":{"type":"Point","coordinates":[8.388315,47.455183]},"properties":{"name":"Otelfingen, Bahnhof","band":0,"modes":"bus","arr":["450"],"off":[0,-0.8]}},{"type":"Feature","geometry":{"type":"Point","coordinates":[8.388315,47.455183]},"properties":{"line":"450","mode":"bus","color":"#0059a9","colorDark":"#00294f","band":0,"off":[0,1.1]}},{"type":"Feature","geometry":{"type":"Point","coordinates":[8.386675,47.459504]},"properties":{"name":"Otelfingen, Landstrasse","band":0,"modes":"bus","arr":["N45"],"off":[0,-0.8]}},{"type":"Feature","geometry":{"type":"Point","coordinates":[8.386675,47.459504]},"properties":{"line":"N45","mode":"bus","color":"#000000","colorDark":"#000000","band":0,"off":[0,1.1]}},{"type":"Feature","geometry":{"type":"Point","coordinates":[8.467062,47.452598]},"properties":{"name":"Adlikon b. R., Leematten","band":0,"modes":"bus","arr":["451"],"off":[0,-0.8]}},{"type":"Feature","geometry":{"type":"Point","coordinates":[8.467062,47.452598]},"properties":{"line":"451","mode":"bus","color":"#0059a9","colorDark":"#00294f","band":0,"off":[0,1.1]}},{"type":"Feature","geometry":{"type":"Point","coordinates":[8.466567,47.431834]},"properties":{"name":"Regensdorf, Zentrum","band":0,"modes":"bus","arr":["451","452","492"],"off":[0,-0.8]}},{"type":"Feature","geometry":{"type":"Point","coordinates":[8.466567,47.431834]},"properties":{"line":"451","mode":"bus","color":"#0059a9","colorDark":"#00294f","band":0,"off":[-3.4,1.1]}},{"type":"Feature","geometry":{"type":"Point","coordinates":[8.466567,47.431834]},"properties":{"line":"452","mode":"bus","color":"#0059a9","colorDark":"#00294f","band":0,"off":[0,1.1]}},{"type":"Feature","geometry":{"type":"Point","coordinates":[8.466567,47.431834]},"properties":{"line":"492","mode":"bus","color":"#0059a9","colorDark":"#00294f","band":0,"off":[3.4,1.1]}},{"type":"Feature","geometry":{"type":"Point","coordinates":[8.471875,47.438282]},"properties":{"name":"Regensdorf, Althard/Bahnhof","band":0,"modes":"bus","arr":["453","454","456","491","N45"],"off":[0,-0.8]}},{"type":"Feature","geometry":{"type":"Point","coordinates":[8.471875,47.438282]},"properties":{"name":"Regensdorf-Watt, Bahnhof D","band":0,"modes":"bus","arr":["453","454","456","491","N45"],"off":[0,-3]}},{"type":"Feature","geometry":{"type":"Point","coordinates":[8.471875,47.438282]},"properties":{"name":"Regensdorf-Watt, Bahnhof C","band":0,"modes":"bus","arr":["453","454","456","491","N45"],"off":[0,-5.2]}},{"type":"Feature","geometry":{"type":"Point","coordinates":[8.471875,47.438282]},"properties":{"line":"453","mode":"bus","color":"#0059a9","colorDark":"#00294f","band":0,"off":[-6.8,1.1]}},{"type":"Feature","geometry":{"type":"Point","coordinates":[8.471875,47.438282]},"properties":{"line":"454","mode":"bus","color":"#0059a9","colorDark":"#00294f","band":0,"off":[-3.4,1.1]}},{"type":"Feature","geometry":{"type":"Point","coordinates":[8.471875,47.438282]},"properties":{"line":"456","mode":"bus","color":"#0059a9","colorDark":"#00294f","band":0,"off":[0,1.1]}},{"type":"Feature","geometry":{"type":"Point","coordinates":[8.471875,47.438282]},"properties":{"line":"491","mode":"bus","color":"#0059a9","colorDark":"#00294f","band":0,"off":[3.4,1.1]}},{"type":"Feature","geometry":{"type":"Point","coordinates":[8.471875,47.438282]},"properties":{"line":"N45","mode":"bus","color":"#000000","colorDark":"#000000","band":0,"off":[6.8,1.1]}},{"type":"Feature","geometry":{"type":"Point","coordinates":[8.456741,47.439887]},"properties":{"name":"Regensdorf, Moosächer","band":0,"modes":"bus","arr":["452"],"off":[0,-0.8]}},{"type":"Feature","geometry":{"type":"Point","coordinates":[8.456741,47.439887]},"properties":{"line":"452","mode":"bus","color":"#0059a9","colorDark":"#00294f","band":0,"off":[0,1.1]}},{"type":"Feature","geometry":{"type":"Point","coordinates":[8.459015,47.453195]},"properties":{"name":"Adlikon b. R., Sonnhalde West","band":0,"modes":"bus","arr":["453"],"off":[0,-0.8]}},{"type":"Feature","geometry":{"type":"Point","coordinates":[8.459015,47.453195]},"properties":{"line":"453","mode":"bus","color":"#0059a9","colorDark":"#00294f","band":0,"off":[0,1.1]}},{"type":"Feature","geometry":{"type":"Point","coordinates":[8.458129,47.447311]},"properties":{"name":"Regensdorf, Allmend","band":0,"modes":"bus","arr":["454"],"off":[0,-0.8]}},{"type":"Feature","geometry":{"type":"Point","coordinates":[8.458129,47.447311]},"properties":{"line":"454","mode":"bus","color":"#0059a9","colorDark":"#00294f","band":0,"off":[0,1.1]}},{"type":"Feature","geometry":{"type":"Point","coordinates":[8.439037,47.457555]},"properties":{"name":"Buchs ZH, Post","band":0,"modes":"bus","arr":["455","485"],"off":[0,-0.8]}},{"type":"Feature","geometry":{"type":"Point","coordinates":[8.439037,47.457555]},"properties":{"name":"Buchs ZH, Linde","band":0,"modes":"bus","arr":["455","485"],"off":[0,-1.9]}},{"type":"Feature","geometry":{"type":"Point","coordinates":[8.439037,47.457555]},"properties":{"line":"455","mode":"bus","color":"#0059a9","colorDark":"#00294f","band":0,"off":[-1.7,1.1]}},{"type":"Feature","geometry":{"type":"Point","coordinates":[8.439037,47.457555]},"properties":{"line":"485","mode":"bus","color":"#0059a9","colorDark":"#00294f","band":0,"off":[1.7,1.1]}},{"type":"Feature","geometry":{"type":"Point","coordinates":[8.458959,47.482882]},"properties":{"name":"Dielsdorf, Bahnhof","band":0,"modes":"bus","arr":["456","593"],"off":[0,-0.8]}},{"type":"Feature","geometry":{"type":"Point","coordinates":[8.458959,47.482882]},"properties":{"line":"456","mode":"bus","color":"#0059a9","colorDark":"#00294f","band":0,"off":[-1.7,1.1]}},{"type":"Feature","geometry":{"type":"Point","coordinates":[8.458959,47.482882]},"properties":{"line":"593","mode":"bus","color":"#0059a9","colorDark":"#00294f","band":0,"off":[1.7,1.1]}},{"type":"Feature","geometry":{"type":"Point","coordinates":[8.481594,47.40552]},"properties":{"name":"Frankental","band":0,"modes":"tram,bus","arr":["50","485"],"off":[0,-0.8]}},{"type":"Feature","geometry":{"type":"Point","coordinates":[8.481594,47.40552]},"properties":{"line":"50","mode":"tram","color":"#d6212b","colorDark":"#7c1116","band":0,"off":[-1.7,1.1]}},{"type":"Feature","geometry":{"type":"Point","coordinates":[8.481594,47.40552]},"properties":{"line":"485","mode":"bus","color":"#0059a9","colorDark":"#00294f","band":0,"off":[1.7,1.1]}},{"type":"Feature","geometry":{"type":"Point","coordinates":[8.386887,47.446101]},"properties":{"name":"Hüttikon","band":0,"modes":"bus","arr":["491"],"off":[0,-0.8]}},{"type":"Feature","geometry":{"type":"Point","coordinates":[8.386887,47.446101]},"properties":{"line":"491","mode":"bus","color":"#0059a9","colorDark":"#00294f","band":0,"off":[0,1.1]}},{"type":"Feature","geometry":{"type":"Point","coordinates":[8.537892,47.52165]},"properties":{"name":"Bülach, Bahnhof D","band":0,"modes":"bus","arr":["504","525","530","531"],"off":[0,-0.8]}},{"type":"Feature","geometry":{"type":"Point","coordinates":[8.537892,47.52165]},"properties":{"name":"Bülach, Bahnhof C","band":0,"modes":"bus","arr":["504","525","530","531"],"off":[0,-1.9]}},{"type":"Feature","geometry":{"type":"Point","coordinates":[8.537892,47.52165]},"properties":{"name":"Bülach, Bahnhof B","band":0,"modes":"bus","arr":["504","525","530","531"],"off":[0,-3]}},{"type":"Feature","geometry":{"type":"Point","coordinates":[8.537892,47.52165]},"properties":{"line":"504","mode":"bus","color":"#0059a9","colorDark":"#00294f","band":0,"off":[-5.1,1.1]}},{"type":"Feature","geometry":{"type":"Point","coordinates":[8.537892,47.52165]},"properties":{"line":"525","mode":"bus","color":"#0059a9","colorDark":"#00294f","band":0,"off":[-1.7,1.1]}},{"type":"Feature","geometry":{"type":"Point","coordinates":[8.537892,47.52165]},"properties":{"line":"530","mode":"bus","color":"#0059a9","colorDark":"#00294f","band":0,"off":[1.7,1.1]}},{"type":"Feature","geometry":{"type":"Point","coordinates":[8.537892,47.52165]},"properties":{"line":"531","mode":"bus","color":"#0059a9","colorDark":"#00294f","band":0,"off":[5.1,1.1]}},{"type":"Feature","geometry":{"type":"Point","coordinates":[8.510701,47.47046]},"properties":{"name":"Oberglatt ZH, Bahnhof","band":0,"modes":"bus","arr":["504","525","N51"],"off":[0,-0.8]}},{"type":"Feature","geometry":{"type":"Point","coordinates":[8.510701,47.47046]},"properties":{"line":"504","mode":"bus","color":"#0059a9","colorDark":"#00294f","band":0,"off":[-3.4,1.1]}},{"type":"Feature","geometry":{"type":"Point","coordinates":[8.510701,47.47046]},"properties":{"line":"525","mode":"bus","color":"#0059a9","colorDark":"#00294f","band":0,"off":[0,1.1]}},{"type":"Feature","geometry":{"type":"Point","coordinates":[8.510701,47.47046]},"properties":{"line":"N51","mode":"bus","color":"#000000","colorDark":"#000000","band":0,"off":[3.4,1.1]}},{"type":"Feature","geometry":{"type":"Point","coordinates":[8.563128,47.459085]},"properties":{"name":"Zürich Flughafen, Bahnhof Q","band":0,"modes":"bus","arr":["510","520","521","524","530"],"off":[0,-0.8]}},{"type":"Feature","geometry":{"type":"Point","coordinates":[8.563128,47.459085]},"properties":{"name":"Zürich Flughafen, Bahnhof P","band":0,"modes":"bus","arr":["510","520","521","524","530"],"off":[0,-3]}},{"type":"Feature","geometry":{"type":"Point","coordinates":[8.563128,47.459085]},"properties":{"name":"Zürich Flughafen, Bahnhof N","band":0,"modes":"bus","arr":["510","520","521","524","530"],"off":[0,-5.2]}},{"type":"Feature","geometry":{"type":"Point","coordinates":[8.563128,47.459085]},"properties":{"line":"510","mode":"bus","color":"#0059a9","colorDark":"#00294f","band":0,"off":[-6.8,1.1]}},{"type":"Feature","geometry":{"type":"Point","coordinates":[8.563128,47.459085]},"properties":{"line":"520","mode":"bus","color":"#0059a9","colorDark":"#00294f","band":0,"off":[-3.4,1.1]}},{"type":"Feature","geometry":{"type":"Point","coordinates":[8.563128,47.459085]},"properties":{"line":"521","mode":"bus","color":"#0059a9","colorDark":"#00294f","band":0,"off":[0,1.1]}},{"type":"Feature","geometry":{"type":"Point","coordinates":[8.563128,47.459085]},"properties":{"line":"524","mode":"bus","color":"#0059a9","colorDark":"#00294f","band":0,"off":[3.4,1.1]}},{"type":"Feature","geometry":{"type":"Point","coordinates":[8.563128,47.459085]},"properties":{"line":"530","mode":"bus","color":"#0059a9","colorDark":"#00294f","band":0,"off":[6.8,1.1]}},{"type":"Feature","geometry":{"type":"Point","coordinates":[8.53259,47.453995]},"properties":{"name":"Rümlang, Bahnhof","band":0,"modes":"bus","arr":["742","797"],"off":[0,-0.8]}},{"type":"Feature","geometry":{"type":"Point","coordinates":[8.53259,47.453995]},"properties":{"line":"742","mode":"bus","color":"#0059a9","colorDark":"#00294f","band":0,"off":[-1.7,1.1]}},{"type":"Feature","geometry":{"type":"Point","coordinates":[8.53259,47.453995]},"properties":{"line":"797","mode":"bus","color":"#0059a9","colorDark":"#00294f","band":0,"off":[1.7,1.1]}},{"type":"Feature","geometry":{"type":"Point","coordinates":[8.586829,47.52041]},"properties":{"name":"Embrach-Rorbas, Bahnhof","band":0,"modes":"bus","arr":["520"],"off":[0,-0.8]}},{"type":"Feature","geometry":{"type":"Point","coordinates":[8.586829,47.52041]},"properties":{"line":"520","mode":"bus","color":"#0059a9","colorDark":"#00294f","band":0,"off":[0,1.1]}},{"type":"Feature","geometry":{"type":"Point","coordinates":[8.58077,47.530385]},"properties":{"name":"Freienstein, Alte Brücke","band":0,"modes":"bus","arr":["521","N52"],"off":[0,-0.8]}},{"type":"Feature","geometry":{"type":"Point","coordinates":[8.58077,47.530385]},"properties":{"line":"521","mode":"bus","color":"#0059a9","colorDark":"#00294f","band":0,"off":[-1.7,1.1]}},{"type":"Feature","geometry":{"type":"Point","coordinates":[8.58077,47.530385]},"properties":{"line":"N52","mode":"bus","color":"#000000","colorDark":"#000000","band":0,"off":[1.7,1.1]}},{"type":"Feature","geometry":{"type":"Point","coordinates":[8.593825,47.517758]},"properties":{"name":"Embrach, Embraport","band":0,"modes":"bus","arr":["N52"],"off":[0,-0.8]}},{"type":"Feature","geometry":{"type":"Point","coordinates":[8.593825,47.517758]},"properties":{"line":"N52","mode":"bus","color":"#000000","colorDark":"#000000","band":0,"off":[0,1.1]}},{"type":"Feature","geometry":{"type":"Point","coordinates":[8.619272,47.487104]},"properties":{"name":"Oberembrach, Dorf","band":0,"modes":"bus","arr":["524"],"off":[0,-0.8]}},{"type":"Feature","geometry":{"type":"Point","coordinates":[8.619272,47.487104]},"properties":{"line":"524","mode":"bus","color":"#0059a9","colorDark":"#00294f","band":0,"off":[0,1.1]}},{"type":"Feature","geometry":{"type":"Point","coordinates":[8.500385,47.503983]},"properties":{"name":"Höri, Oberhöri","band":0,"modes":"bus","arr":["N54"],"off":[0,-0.8]}},{"type":"Feature","geometry":{"type":"Point","coordinates":[8.500385,47.503983]},"properties":{"line":"N54","mode":"bus","color":"#000000","colorDark":"#000000","band":0,"off":[0,1.1]}},{"type":"Feature","geometry":{"type":"Point","coordinates":[8.563774,47.440133]},"properties":{"name":"Zürich Flughafen, Bahnhof O","band":0,"modes":"bus","arr":["530","531","731","732","734","736"],"off":[0,-0.8]}},{"type":"Feature","geometry":{"type":"Point","coordinates":[8.563774,47.440133]},"properties":{"name":"Zürich Flughafen, Bahnhof M","band":0,"modes":"bus","arr":["530","531","731","732","734","736"],"off":[0,-3]}},{"type":"Feature","geometry":{"type":"Point","coordinates":[8.563774,47.440133]},"properties":{"name":"Zürich Flughafen, Bahnhof E","band":0,"modes":"bus","arr":["530","531","731","732","734","736"],"off":[0,-5.2]}},{"type":"Feature","geometry":{"type":"Point","coordinates":[8.563774,47.440133]},"properties":{"line":"530","mode":"bus","color":"#0059a9","colorDark":"#00294f","band":0,"off":[-6.8,1.1]}},{"type":"Feature","geometry":{"type":"Point","coordinates":[8.563774,47.440133]},"properties":{"line":"531","mode":"bus","color":"#0059a9","colorDark":"#00294f","band":0,"off":[-3.4,1.1]}},{"type":"Feature","geometry":{"type":"Point","coordinates":[8.563774,47.440133]},"properties":{"line":"731","mode":"bus","color":"#0059a9","colorDark":"#00294f","band":0,"off":[0,1.1]}},{"type":"Feature","geometry":{"type":"Point","coordinates":[8.563774,47.440133]},"properties":{"line":"732","mode":"bus","color":"#0059a9","colorDark":"#00294f","band":0,"off":[3.4,1.1]}},{"type":"Feature","geometry":{"type":"Point","coordinates":[8.563774,47.440133]},"properties":{"line":"734","mode":"bus","color":"#0059a9","colorDark":"#00294f","band":0,"off":[6.8,1.1]}},{"type":"Feature","geometry":{"type":"Point","coordinates":[8.563774,47.440133]},"properties":{"line":"736","mode":"bus","color":"#0059a9","colorDark":"#00294f","band":0,"off":[0,3.1]}},{"type":"Feature","geometry":{"type":"Point","coordinates":[8.488479,47.478474]},"properties":{"name":"Niederhasli, Bahnhof","band":0,"modes":"bus","arr":["533","534"],"off":[0,-0.8]}},{"type":"Feature","geometry":{"type":"Point","coordinates":[8.488479,47.478474]},"properties":{"line":"533","mode":"bus","color":"#0059a9","colorDark":"#00294f","band":0,"off":[-1.7,1.1]}},{"type":"Feature","geometry":{"type":"Point","coordinates":[8.488479,47.478474]},"properties":{"line":"534","mode":"bus","color":"#0059a9","colorDark":"#00294f","band":0,"off":[1.7,1.1]}},{"type":"Feature","geometry":{"type":"Point","coordinates":[8.471525,47.465722]},"properties":{"name":"Niederhasli, Nassenwil","band":0,"modes":"bus","arr":["533"],"off":[0,-0.8]}},{"type":"Feature","geometry":{"type":"Point","coordinates":[8.471525,47.465722]},"properties":{"line":"533","mode":"bus","color":"#0059a9","colorDark":"#00294f","band":0,"off":[0,1.1]}},{"type":"Feature","geometry":{"type":"Point","coordinates":[8.490069,47.459133]},"properties":{"name":"Oberhasli, Industrie","band":0,"modes":"bus","arr":["534"],"off":[0,-0.8]}},{"type":"Feature","geometry":{"type":"Point","coordinates":[8.490069,47.459133]},"properties":{"line":"534","mode":"bus","color":"#0059a9","colorDark":"#00294f","band":0,"off":[0,1.1]}},{"type":"Feature","geometry":{"type":"Point","coordinates":[8.436245,47.482957]},"properties":{"name":"Regensberg, Dorf","band":0,"modes":"bus","arr":["593"],"off":[0,-0.8]}},{"type":"Feature","geometry":{"type":"Point","coordinates":[8.436245,47.482957]},"properties":{"line":"593","mode":"bus","color":"#0059a9","colorDark":"#00294f","band":0,"off":[0,1.1]}},{"type":"Feature","geometry":{"type":"Point","coordinates":[8.696216,47.454757]},"properties":{"name":"Winterberg ZH, Wältiwis","band":0,"modes":"bus","arr":["650","657"],"off":[0,-0.8]}},{"type":"Feature","geometry":{"type":"Point","coordinates":[8.696216,47.454757]},"properties":{"line":"650","mode":"bus","color":"#0059a9","colorDark":"#00294f","band":0,"off":[-1.7,1.1]}},{"type":"Feature","geometry":{"type":"Point","coordinates":[8.696216,47.454757]},"properties":{"line":"657","mode":"bus","color":"#0059a9","colorDark":"#00294f","band":0,"off":[1.7,1.1]}},{"type":"Feature","geometry":{"type":"Point","coordinates":[8.686252,47.428452]},"properties":{"name":"Effretikon, Bahnhof E","band":0,"modes":"bus","arr":["650","652","655","656","657","658","659","662"],"off":[0,-0.8]}},{"type":"Feature","geometry":{"type":"Point","coordinates":[8.686252,47.428452]},"properties":{"name":"Effretikon, Bahnhof D","band":0,"modes":"bus","arr":["650","652","655","656","657","658","659","662"],"off":[0,-3]}},{"type":"Feature","geometry":{"type":"Point","coordinates":[8.686252,47.428452]},"properties":{"name":"Effretikon, Bahnhof A","band":0,"modes":"bus","arr":["650","652","655","656","657","658","659","662"],"off":[0,-5.2]}},{"type":"Feature","geometry":{"type":"Point","coordinates":[8.686252,47.428452]},"properties":{"line":"650","mode":"bus","color":"#0059a9","colorDark":"#00294f","band":0,"off":[-6.8,1.1]}},{"type":"Feature","geometry":{"type":"Point","coordinates":[8.686252,47.428452]},"properties":{"line":"652","mode":"bus","color":"#0059a9","colorDark":"#00294f","band":0,"off":[-3.4,1.1]}},{"type":"Feature","geometry":{"type":"Point","coordinates":[8.686252,47.428452]},"properties":{"line":"655","mode":"bus","color":"#0059a9","colorDark":"#00294f","band":0,"off":[0,1.1]}},{"type":"Feature","geometry":{"type":"Point","coordinates":[8.686252,47.428452]},"properties":{"line":"656","mode":"bus","color":"#0059a9","colorDark":"#00294f","band":0,"off":[3.4,1.1]}},{"type":"Feature","geometry":{"type":"Point","coordinates":[8.686252,47.428452]},"properties":{"line":"657","mode":"bus","color":"#0059a9","colorDark":"#00294f","band":0,"off":[6.8,1.1]}},{"type":"Feature","geometry":{"type":"Point","coordinates":[8.686252,47.428452]},"properties":{"line":"658","mode":"bus","color":"#0059a9","colorDark":"#00294f","band":0,"off":[-3.4,3.1]}},{"type":"Feature","geometry":{"type":"Point","coordinates":[8.686252,47.428452]},"properties":{"line":"659","mode":"bus","color":"#0059a9","colorDark":"#00294f","band":0,"off":[0,3.1]}},{"type":"Feature","geometry":{"type":"Point","coordinates":[8.686252,47.428452]},"properties":{"line":"662","mode":"bus","color":"#0059a9","colorDark":"#00294f","band":0,"off":[3.4,3.1]}},{"type":"Feature","geometry":{"type":"Point","coordinates":[8.722896,47.40856]},"properties":{"name":"Illnau, Bahnhof","band":0,"modes":"bus","arr":["652"],"off":[0,-0.8]}},{"type":"Feature","geometry":{"type":"Point","coordinates":[8.722896,47.40856]},"properties":{"line":"652","mode":"bus","color":"#0059a9","colorDark":"#00294f","band":0,"off":[0,1.1]}},{"type":"Feature","geometry":{"type":"Point","coordinates":[8.744477,47.457194]},"properties":{"name":"Kyburg, Dorf","band":0,"modes":"bus","arr":["655"],"off":[0,-0.8]}},{"type":"Feature","geometry":{"type":"Point","coordinates":[8.744477,47.457194]},"properties":{"line":"655","mode":"bus","color":"#0059a9","colorDark":"#00294f","band":0,"off":[0,1.1]}},{"type":"Feature","geometry":{"type":"Point","coordinates":[8.700393,47.44215]},"properties":{"name":"Grafstal, Engelacher","band":0,"modes":"bus","arr":["N70"],"off":[0,-0.8]}},{"type":"Feature","geometry":{"type":"Point","coordinates":[8.700393,47.44215]},"properties":{"line":"N70","mode":"bus","color":"#000000","colorDark":"#000000","band":0,"off":[0,1.1]}},{"type":"Feature","geometry":{"type":"Point","coordinates":[8.660414,47.461181]},"properties":{"name":"Breite b. N., Winterthurerstr.","band":0,"modes":"bus","arr":["656","658","659","769"],"off":[0,-0.8]}},{"type":"Feature","geometry":{"type":"Point","coordinates":[8.660414,47.461181]},"properties":{"name":"Breite b. N., Sternen","band":0,"modes":"bus","arr":["656","658","659","769"],"off":[0,-3]}},{"type":"Feature","geometry":{"type":"Point","coordinates":[8.660414,47.461181]},"properties":{"line":"656","mode":"bus","color":"#0059a9","colorDark":"#00294f","band":0,"off":[-5.1,1.1]}},{"type":"Feature","geometry":{"type":"Point","coordinates":[8.660414,47.461181]},"properties":{"line":"658","mode":"bus","color":"#0059a9","colorDark":"#00294f","band":0,"off":[-1.7,1.1]}},{"type":"Feature","geometry":{"type":"Point","coordinates":[8.660414,47.461181]},"properties":{"line":"659","mode":"bus","color":"#0059a9","colorDark":"#00294f","band":0,"off":[1.7,1.1]}},{"type":"Feature","geometry":{"type":"Point","coordinates":[8.660414,47.461181]},"properties":{"line":"769","mode":"bus","color":"#0059a9","colorDark":"#00294f","band":0,"off":[5.1,1.1]}},{"type":"Feature","geometry":{"type":"Point","coordinates":[8.648218,47.4467]},"properties":{"name":"Nürensdorf, Zentrum","band":0,"modes":"bus","arr":["N78"],"off":[0,-0.8]}},{"type":"Feature","geometry":{"type":"Point","coordinates":[8.648218,47.4467]},"properties":{"line":"N78","mode":"bus","color":"#000000","colorDark":"#000000","band":0,"off":[0,1.1]}},{"type":"Feature","geometry":{"type":"Point","coordinates":[8.686533,47.422378]},"properties":{"name":"Effretikon, Bahnhof C","band":0,"modes":"bus,metro","arr":["658","662","720","S8","N62","N70"],"off":[0,-0.8]}},{"type":"Feature","geometry":{"type":"Point","coordinates":[8.686533,47.422378]},"properties":{"name":"Effretikon, Bahnhof B","band":0,"modes":"bus,metro","arr":["658","662","720","S8","N62","N70"],"off":[0,-3]}},{"type":"Feature","geometry":{"type":"Point","coordinates":[8.686533,47.422378]},"properties":{"name":"Effretikon","band":0,"modes":"bus,metro","arr":["658","662","720","S8","N62","N70"],"off":[0,-5.2]}},{"type":"Feature","geometry":{"type":"Point","coordinates":[8.686533,47.422378]},"properties":{"line":"658","mode":"bus","color":"#0059a9","colorDark":"#00294f","band":0,"off":[-6.8,1.1]}},{"type":"Feature","geometry":{"type":"Point","coordinates":[8.686533,47.422378]},"properties":{"line":"662","mode":"bus","color":"#0059a9","colorDark":"#00294f","band":0,"off":[-3.4,1.1]}},{"type":"Feature","geometry":{"type":"Point","coordinates":[8.686533,47.422378]},"properties":{"line":"720","mode":"bus","color":"#0059a9","colorDark":"#00294f","band":0,"off":[0,1.1]}},{"type":"Feature","geometry":{"type":"Point","coordinates":[8.686533,47.422378]},"properties":{"line":"S8","mode":"tram","color":"#0A4595","colorDark":"#062652","band":0,"metro":1,"off":[3.4,1.1]}},{"type":"Feature","geometry":{"type":"Point","coordinates":[8.686533,47.422378]},"properties":{"line":"N62","mode":"bus","color":"#000000","colorDark":"#000000","band":0,"off":[6.8,1.1]}},{"type":"Feature","geometry":{"type":"Point","coordinates":[8.686533,47.422378]},"properties":{"line":"N70","mode":"bus","color":"#000000","colorDark":"#000000","band":0,"off":[0,3.1]}},{"type":"Feature","geometry":{"type":"Point","coordinates":[8.723725,47.499593]},"properties":{"name":"Winterthur, Archstrasse/HB A","band":0,"modes":"bus,metro","arr":["660","S7","S8","S11","S12","S24","S26","S30","S41","SN1","SN6","SN11","SN41"],"off":[0,-0.8],"sc":0.98}},{"type":"Feature","geometry":{"type":"Point","coordinates":[8.723725,47.499593]},"properties":{"name":"Winterthur","band":0,"modes":"bus,metro","arr":["660","S7","S8","S11","S12","S24","S26","S30","S41","SN1","SN6","SN11","SN41"],"off":[0,-3],"sc":0.98}},{"type":"Feature","geometry":{"type":"Point","coordinates":[8.723725,47.499593]},"properties":{"line":"660","mode":"bus","color":"#0059a9","colorDark":"#00294f","band":0,"sc":0.98,"off":[-5.82,1.1]}},{"type":"Feature","geometry":{"type":"Point","coordinates":[8.723725,47.499593]},"properties":{"line":"S7","mode":"tram","color":"#0A4595","colorDark":"#062652","band":0,"metro":1,"sc":0.98,"off":[-1.94,1.1]}},{"type":"Feature","geometry":{"type":"Point","coordinates":[8.723725,47.499593]},"properties":{"line":"S8","mode":"tram","color":"#0A4595","colorDark":"#062652","band":0,"metro":1,"sc":0.98,"off":[1.94,1.1]}},{"type":"Feature","geometry":{"type":"Point","coordinates":[8.723725,47.499593]},"properties":{"line":"S11","mode":"tram","color":"#0A4595","colorDark":"#062652","band":0,"metro":1,"sc":0.98,"off":[5.82,1.1]}},{"type":"Feature","geometry":{"type":"Point","coordinates":[8.723725,47.499593]},"properties":{"line":"S12","mode":"tram","color":"#0A4595","colorDark":"#062652","band":0,"metro":1,"sc":0.98,"off":[-5.82,3.1]}},{"type":"Feature","geometry":{"type":"Point","coordinates":[8.723725,47.499593]},"properties":{"line":"S24","mode":"tram","color":"#0A4595","colorDark":"#062652","band":0,"metro":1,"sc":0.98,"off":[-1.94,3.1]}},{"type":"Feature","geometry":{"type":"Point","coordinates":[8.723725,47.499593]},"properties":{"line":"S26","mode":"tram","color":"#0A4595","colorDark":"#062652","band":0,"metro":1,"sc":0.98,"off":[1.94,3.1]}},{"type":"Feature","geometry":{"type":"Point","coordinates":[8.723725,47.499593]},"properties":{"line":"S30","mode":"tram","color":"#0A4595","colorDark":"#062652","band":0,"metro":1,"sc":0.98,"off":[5.82,3.1]}},{"type":"Feature","geometry":{"type":"Point","coordinates":[8.723725,47.499593]},"properties":{"line":"S41","mode":"tram","color":"#0A4595","colorDark":"#062652","band":0,"metro":1,"sc":0.98,"off":[-5.82,5.1]}},{"type":"Feature","geometry":{"type":"Point","coordinates":[8.723725,47.499593]},"properties":{"line":"SN1","mode":"tram","color":"#000000","colorDark":"#000000","band":0,"metro":1,"sc":0.98,"off":[-1.94,5.1]}},{"type":"Feature","geometry":{"type":"Point","coordinates":[8.723725,47.499593]},"properties":{"line":"SN6","mode":"tram","color":"#000000","colorDark":"#000000","band":0,"metro":1,"sc":0.98,"off":[1.94,5.1]}},{"type":"Feature","geometry":{"type":"Point","coordinates":[8.723725,47.499593]},"properties":{"line":"SN11","mode":"tram","color":"#000000","colorDark":"#000000","band":0,"metro":1,"sc":0.98,"off":[5.82,5.1]}},{"type":"Feature","geometry":{"type":"Point","coordinates":[8.723725,47.499593]},"properties":{"line":"SN41","mode":"tram","color":"#000000","colorDark":"#000000","band":0,"metro":1,"sc":0.98,"off":[0,7.1]}},{"type":"Feature","geometry":{"type":"Point","coordinates":[8.682984,47.471385]},"properties":{"name":"Brütten, Harossen","band":0,"modes":"bus","arr":["662"],"off":[0,-0.8]}},{"type":"Feature","geometry":{"type":"Point","coordinates":[8.682984,47.471385]},"properties":{"line":"662","mode":"bus","color":"#0059a9","colorDark":"#00294f","band":0,"off":[0,1.1]}},{"type":"Feature","geometry":{"type":"Point","coordinates":[8.626488,47.438399]},"properties":{"name":"Bassersdorf, Bahnhof Süd","band":0,"modes":"bus,metro","arr":["660","749","766","769","SN7"],"off":[0,-0.8]}},{"type":"Feature","geometry":{"type":"Point","coordinates":[8.626488,47.438399]},"properties":{"name":"Bassersdorf, Bahnhof","band":0,"modes":"bus,metro","arr":["660","749","766","769","SN7"],"off":[0,-3]}},{"type":"Feature","geometry":{"type":"Point","coordinates":[8.626488,47.438399]},"properties":{"name":"Bassersdorf","band":0,"modes":"bus,metro","arr":["660","749","766","769","SN7"],"off":[0,-5.2]}},{"type":"Feature","geometry":{"type":"Point","coordinates":[8.626488,47.438399]},"properties":{"line":"660","mode":"bus","color":"#0059a9","colorDark":"#00294f","band":0,"off":[-6.8,1.1]}},{"type":"Feature","geometry":{"type":"Point","coordinates":[8.626488,47.438399]},"properties":{"line":"749","mode":"bus","color":"#0059a9","colorDark":"#00294f","band":0,"off":[-3.4,1.1]}},{"type":"Feature","geometry":{"type":"Point","coordinates":[8.626488,47.438399]},"properties":{"line":"766","mode":"bus","color":"#0059a9","colorDark":"#00294f","band":0,"off":[0,1.1]}},{"type":"Feature","geometry":{"type":"Point","coordinates":[8.626488,47.438399]},"properties":{"line":"769","mode":"bus","color":"#0059a9","colorDark":"#00294f","band":0,"off":[3.4,1.1]}},{"type":"Feature","geometry":{"type":"Point","coordinates":[8.626488,47.438399]},"properties":{"line":"SN7","mode":"tram","color":"#000000","colorDark":"#000000","band":0,"metro":1,"off":[6.8,1.1]}},{"type":"Feature","geometry":{"type":"Point","coordinates":[8.677969,47.33993]},"properties":{"name":"Maur, See","band":0,"modes":"bus","arr":["701","743","N71"],"off":[0,-0.8]}},{"type":"Feature","geometry":{"type":"Point","coordinates":[8.677969,47.33993]},"properties":{"line":"701","mode":"bus","color":"#0059a9","colorDark":"#00294f","band":0,"off":[-3.4,1.1]}},{"type":"Feature","geometry":{"type":"Point","coordinates":[8.677969,47.33993]},"properties":{"line":"743","mode":"bus","color":"#0059a9","colorDark":"#00294f","band":0,"off":[0,1.1]}},{"type":"Feature","geometry":{"type":"Point","coordinates":[8.677969,47.33993]},"properties":{"line":"N71","mode":"bus","color":"#000000","colorDark":"#000000","band":0,"off":[3.4,1.1]}},{"type":"Feature","geometry":{"type":"Point","coordinates":[8.668459,47.340316]},"properties":{"name":"Maur, Dorf","band":0,"modes":"bus","arr":["910"],"off":[0,-0.8]}},{"type":"Feature","geometry":{"type":"Point","coordinates":[8.668459,47.340316]},"properties":{"line":"910","mode":"bus","color":"#0059a9","colorDark":"#00294f","band":0,"off":[0,1.1]}},{"type":"Feature","geometry":{"type":"Point","coordinates":[8.638505,47.361201]},"properties":{"name":"Benglen, Bodenacher","band":0,"modes":"bus","arr":["703","705"],"off":[0,-0.8]}},{"type":"Feature","geometry":{"type":"Point","coordinates":[8.638505,47.361201]},"properties":{"line":"703","mode":"bus","color":"#0059a9","colorDark":"#00294f","band":0,"off":[-1.7,1.1]}},{"type":"Feature","geometry":{"type":"Point","coordinates":[8.638505,47.361201]},"properties":{"line":"705","mode":"bus","color":"#0059a9","colorDark":"#00294f","band":0,"off":[1.7,1.1]}},{"type":"Feature","geometry":{"type":"Point","coordinates":[8.659721,47.386964]},"properties":{"name":"Schwerzenbach ZH, Bahnhof E","band":0,"modes":"bus","arr":["704","705","706","720","N74"],"off":[0,-0.8]}},{"type":"Feature","geometry":{"type":"Point","coordinates":[8.659721,47.386964]},"properties":{"name":"Schwerzenbach ZH, Bahnhof D","band":0,"modes":"bus","arr":["704","705","706","720","N74"],"off":[0,-3]}},{"type":"Feature","geometry":{"type":"Point","coordinates":[8.659721,47.386964]},"properties":{"name":"Schwerzenbach ZH, Bahnhof B","band":0,"modes":"bus","arr":["704","705","706","720","N74"],"off":[0,-5.2]}},{"type":"Feature","geometry":{"type":"Point","coordinates":[8.659721,47.386964]},"properties":{"line":"704","mode":"bus","color":"#0059a9","colorDark":"#00294f","band":0,"off":[-6.8,1.1]}},{"type":"Feature","geometry":{"type":"Point","coordinates":[8.659721,47.386964]},"properties":{"line":"705","mode":"bus","color":"#0059a9","colorDark":"#00294f","band":0,"off":[-3.4,1.1]}},{"type":"Feature","geometry":{"type":"Point","coordinates":[8.659721,47.386964]},"properties":{"line":"706","mode":"bus","color":"#0059a9","colorDark":"#00294f","band":0,"off":[0,1.1]}},{"type":"Feature","geometry":{"type":"Point","coordinates":[8.659721,47.386964]},"properties":{"line":"720","mode":"bus","color":"#0059a9","colorDark":"#00294f","band":0,"off":[3.4,1.1]}},{"type":"Feature","geometry":{"type":"Point","coordinates":[8.659721,47.386964]},"properties":{"line":"N74","mode":"bus","color":"#000000","colorDark":"#000000","band":0,"off":[6.8,1.1]}},{"type":"Feature","geometry":{"type":"Point","coordinates":[8.647989,47.32499]},"properties":{"name":"Forch, Bahnhof","band":0,"modes":"bus","arr":["706","905"],"off":[0,-0.8]}},{"type":"Feature","geometry":{"type":"Point","coordinates":[8.647989,47.32499]},"properties":{"line":"706","mode":"bus","color":"#0059a9","colorDark":"#00294f","band":0,"off":[-1.7,1.1]}},{"type":"Feature","geometry":{"type":"Point","coordinates":[8.647989,47.32499]},"properties":{"line":"905","mode":"bus","color":"#0059a9","colorDark":"#00294f","band":0,"off":[1.7,1.1]}},{"type":"Feature","geometry":{"type":"Point","coordinates":[8.681435,47.395304]},"properties":{"name":"Volketswil, Eichstrasse","band":0,"modes":"bus","arr":["721"],"off":[0,-0.8]}},{"type":"Feature","geometry":{"type":"Point","coordinates":[8.681435,47.395304]},"properties":{"line":"721","mode":"bus","color":"#0059a9","colorDark":"#00294f","band":0,"off":[0,1.1]}},{"type":"Feature","geometry":{"type":"Point","coordinates":[8.659579,47.381298]},"properties":{"name":"Schwerzenbach ZH, Bahnhof F","band":0,"modes":"bus","arr":["721","725","726","727"],"off":[0,-0.8]}},{"type":"Feature","geometry":{"type":"Point","coordinates":[8.659579,47.381298]},"properties":{"name":"Schwerzenbach ZH, Bahnhof C","band":0,"modes":"bus","arr":["721","725","726","727"],"off":[0,-3]}},{"type":"Feature","geometry":{"type":"Point","coordinates":[8.659579,47.381298]},"properties":{"name":"Schwerzenbach ZH, Bahnhof A","band":0,"modes":"bus","arr":["721","725","726","727"],"off":[0,-5.2]}},{"type":"Feature","geometry":{"type":"Point","coordinates":[8.659579,47.381298]},"properties":{"line":"721","mode":"bus","color":"#0059a9","colorDark":"#00294f","band":0,"off":[-5.1,1.1]}},{"type":"Feature","geometry":{"type":"Point","coordinates":[8.659579,47.381298]},"properties":{"line":"725","mode":"bus","color":"#0059a9","colorDark":"#00294f","band":0,"off":[-1.7,1.1]}},{"type":"Feature","geometry":{"type":"Point","coordinates":[8.659579,47.381298]},"properties":{"line":"726","mode":"bus","color":"#0059a9","colorDark":"#00294f","band":0,"off":[1.7,1.1]}},{"type":"Feature","geometry":{"type":"Point","coordinates":[8.659579,47.381298]},"properties":{"line":"727","mode":"bus","color":"#0059a9","colorDark":"#00294f","band":0,"off":[5.1,1.1]}},{"type":"Feature","geometry":{"type":"Point","coordinates":[8.720609,47.351339]},"properties":{"name":"Uster, Wageren","band":0,"modes":"bus,metro","arr":["725","811","812","813","816","817","818","827","846","S9","N81","SN9"],"off":[0,-0.8]}},{"type":"Feature","geometry":{"type":"Point","coordinates":[8.720609,47.351339]},"properties":{"name":"Uster, Bahnhof","band":0,"modes":"bus,metro","arr":["725","811","812","813","816","817","818","827","846","S9","N81","SN9"],"off":[0,-1.9]}},{"type":"Feature","geometry":{"type":"Point","coordinates":[8.720609,47.351339]},"properties":{"name":"Uster","band":0,"modes":"bus,metro","arr":["725","811","812","813","816","817","818","827","846","S9","N81","SN9"],"off":[0,-3]}},{"type":"Feature","geometry":{"type":"Point","coordinates":[8.720609,47.351339]},"properties":{"line":"725","mode":"bus","color":"#0059a9","colorDark":"#00294f","band":0,"off":[-6.8,1.1]}},{"type":"Feature","geometry":{"type":"Point","coordinates":[8.720609,47.351339]},"properties":{"line":"811","mode":"bus","color":"#0059a9","colorDark":"#00294f","band":0,"off":[-3.4,1.1]}},{"type":"Feature","geometry":{"type":"Point","coordinates":[8.720609,47.351339]},"properties":{"line":"812","mode":"bus","color":"#0059a9","colorDark":"#00294f","band":0,"off":[0,1.1]}},{"type":"Feature","geometry":{"type":"Point","coordinates":[8.720609,47.351339]},"properties":{"line":"813","mode":"bus","color":"#0059a9","colorDark":"#00294f","band":0,"off":[3.4,1.1]}},{"type":"Feature","geometry":{"type":"Point","coordinates":[8.720609,47.351339]},"properties":{"line":"816","mode":"bus","color":"#0059a9","colorDark":"#00294f","band":0,"off":[6.8,1.1]}},{"type":"Feature","geometry":{"type":"Point","coordinates":[8.720609,47.351339]},"properties":{"line":"817","mode":"bus","color":"#0059a9","colorDark":"#00294f","band":0,"off":[-6.8,3.1]}},{"type":"Feature","geometry":{"type":"Point","coordinates":[8.720609,47.351339]},"properties":{"line":"818","mode":"bus","color":"#0059a9","colorDark":"#00294f","band":0,"off":[-3.4,3.1]}},{"type":"Feature","geometry":{"type":"Point","coordinates":[8.720609,47.351339]},"properties":{"line":"827","mode":"bus","color":"#0059a9","colorDark":"#00294f","band":0,"off":[0,3.1]}},{"type":"Feature","geometry":{"type":"Point","coordinates":[8.720609,47.351339]},"properties":{"line":"846","mode":"bus","color":"#0059a9","colorDark":"#00294f","band":0,"off":[3.4,3.1]}},{"type":"Feature","geometry":{"type":"Point","coordinates":[8.720609,47.351339]},"properties":{"line":"S9","mode":"tram","color":"#0A4595","colorDark":"#062652","band":0,"metro":1,"off":[6.8,3.1]}},{"type":"Feature","geometry":{"type":"Point","coordinates":[8.720609,47.351339]},"properties":{"line":"N81","mode":"bus","color":"#000000","colorDark":"#000000","band":0,"off":[-1.7,5.1]}},{"type":"Feature","geometry":{"type":"Point","coordinates":[8.720609,47.351339]},"properties":{"line":"SN9","mode":"tram","color":"#000000","colorDark":"#000000","band":0,"metro":1,"off":[1.7,5.1]}},{"type":"Feature","geometry":{"type":"Point","coordinates":[8.692841,47.389605]},"properties":{"name":"Volketswil, Dorf","band":0,"modes":"bus","arr":["726"],"off":[0,-0.8]}},{"type":"Feature","geometry":{"type":"Point","coordinates":[8.692841,47.389605]},"properties":{"line":"726","mode":"bus","color":"#0059a9","colorDark":"#00294f","band":0,"off":[0,1.1]}},{"type":"Feature","geometry":{"type":"Point","coordinates":[8.690648,47.364436]},"properties":{"name":"Greifensee, Pfisterhölzli","band":0,"modes":"bus","arr":["727"],"off":[0,-0.8]}},{"type":"Feature","geometry":{"type":"Point","coordinates":[8.690648,47.364436]},"properties":{"line":"727","mode":"bus","color":"#0059a9","colorDark":"#00294f","band":0,"off":[0,1.1]}},{"type":"Feature","geometry":{"type":"Point","coordinates":[8.595339,47.444445]},"properties":{"name":"Kloten, Buchhalden","band":0,"modes":"bus","arr":["731","736"],"off":[0,-0.8]}},{"type":"Feature","geometry":{"type":"Point","coordinates":[8.595339,47.444445]},"properties":{"line":"731","mode":"bus","color":"#0059a9","colorDark":"#00294f","band":0,"off":[-1.7,1.1]}},{"type":"Feature","geometry":{"type":"Point","coordinates":[8.595339,47.444445]},"properties":{"line":"736","mode":"bus","color":"#0059a9","colorDark":"#00294f","band":0,"off":[1.7,1.1]}},{"type":"Feature","geometry":{"type":"Point","coordinates":[8.582353,47.471909]},"properties":{"name":"Egetswil, Dorf","band":0,"modes":"bus","arr":["732","734"],"off":[0,-0.8]}},{"type":"Feature","geometry":{"type":"Point","coordinates":[8.582353,47.471909]},"properties":{"line":"732","mode":"bus","color":"#0059a9","colorDark":"#00294f","band":0,"off":[-1.7,1.1]}},{"type":"Feature","geometry":{"type":"Point","coordinates":[8.582353,47.471909]},"properties":{"line":"734","mode":"bus","color":"#0059a9","colorDark":"#00294f","band":0,"off":[1.7,1.1]}},{"type":"Feature","geometry":{"type":"Point","coordinates":[8.582812,47.448379]},"properties":{"name":"Kloten, Bahnhof","band":0,"modes":"bus","arr":["766","N10","N52","N54"],"off":[0,-0.8]}},{"type":"Feature","geometry":{"type":"Point","coordinates":[8.582812,47.448379]},"properties":{"line":"766","mode":"bus","color":"#0059a9","colorDark":"#00294f","band":0,"off":[-5.1,1.1]}},{"type":"Feature","geometry":{"type":"Point","coordinates":[8.582812,47.448379]},"properties":{"line":"N10","mode":"bus","color":"#000000","colorDark":"#000000","band":0,"off":[-1.7,1.1]}},{"type":"Feature","geometry":{"type":"Point","coordinates":[8.582812,47.448379]},"properties":{"line":"N52","mode":"bus","color":"#000000","colorDark":"#000000","band":0,"off":[1.7,1.1]}},{"type":"Feature","geometry":{"type":"Point","coordinates":[8.582812,47.448379]},"properties":{"line":"N54","mode":"bus","color":"#000000","colorDark":"#000000","band":0,"off":[5.1,1.1]}},{"type":"Feature","geometry":{"type":"Point","coordinates":[8.595971,47.450913]},"properties":{"name":"Kloten, Graswinkel","band":0,"modes":"bus","arr":["733"],"off":[0,-0.8]}},{"type":"Feature","geometry":{"type":"Point","coordinates":[8.595971,47.450913]},"properties":{"line":"733","mode":"bus","color":"#0059a9","colorDark":"#00294f","band":0,"off":[0,1.1]}},{"type":"Feature","geometry":{"type":"Point","coordinates":[8.563218,47.453615]},"properties":{"name":"Zürich Flughafen, Bahnhof L","band":0,"modes":"bus","arr":["733","735","739"],"off":[0,-0.8]}},{"type":"Feature","geometry":{"type":"Point","coordinates":[8.563218,47.453615]},"properties":{"name":"Zürich Flughafen, Bahnhof H","band":0,"modes":"bus","arr":["733","735","739"],"off":[0,-3]}},{"type":"Feature","geometry":{"type":"Point","coordinates":[8.563218,47.453615]},"properties":{"name":"Zürich Flughafen, Bahnhof G","band":0,"modes":"bus","arr":["733","735","739"],"off":[0,-5.2]}},{"type":"Feature","geometry":{"type":"Point","coordinates":[8.563218,47.453615]},"properties":{"line":"733","mode":"bus","color":"#0059a9","colorDark":"#00294f","band":0,"off":[-3.4,1.1]}},{"type":"Feature","geometry":{"type":"Point","coordinates":[8.563218,47.453615]},"properties":{"line":"735","mode":"bus","color":"#0059a9","colorDark":"#00294f","band":0,"off":[0,1.1]}},{"type":"Feature","geometry":{"type":"Point","coordinates":[8.563218,47.453615]},"properties":{"line":"739","mode":"bus","color":"#0059a9","colorDark":"#00294f","band":0,"off":[3.4,1.1]}},{"type":"Feature","geometry":{"type":"Point","coordinates":[8.590305,47.455572]},"properties":{"name":"Kloten, Härdlen","band":0,"modes":"bus","arr":["735"],"off":[0,-0.8]}},{"type":"Feature","geometry":{"type":"Point","coordinates":[8.590305,47.455572]},"properties":{"line":"735","mode":"bus","color":"#0059a9","colorDark":"#00294f","band":0,"off":[0,1.1]}},{"type":"Feature","geometry":{"type":"Point","coordinates":[8.573546,47.458496]},"properties":{"name":"Zürich Flughafen, Rega","band":0,"modes":"bus","arr":["739"],"off":[0,-0.8]}},{"type":"Feature","geometry":{"type":"Point","coordinates":[8.573546,47.458496]},"properties":{"line":"739","mode":"bus","color":"#0059a9","colorDark":"#00294f","band":0,"off":[0,1.1]}},{"type":"Feature","geometry":{"type":"Point","coordinates":[8.595558,47.39909]},"properties":{"name":"Bahnhof Stettbach D","band":0,"modes":"bus","arr":["743","745","751","752","760","N6","N7","N76","N77"],"off":[0,-0.8]}},{"type":"Feature","geometry":{"type":"Point","coordinates":[8.595558,47.39909]},"properties":{"name":"Bahnhof Stettbach C","band":0,"modes":"bus","arr":["743","745","751","752","760","N6","N7","N76","N77"],"off":[0,-3]}},{"type":"Feature","geometry":{"type":"Point","coordinates":[8.595558,47.39909]},"properties":{"name":"Bahnhof Stettbach A","band":0,"modes":"bus","arr":["743","745","751","752","760","N6","N7","N76","N77"],"off":[0,-5.2]}},{"type":"Feature","geometry":{"type":"Point","coordinates":[8.595558,47.39909]},"properties":{"line":"743","mode":"bus","color":"#0059a9","colorDark":"#00294f","band":0,"off":[-6.8,1.1]}},{"type":"Feature","geometry":{"type":"Point","coordinates":[8.595558,47.39909]},"properties":{"line":"745","mode":"bus","color":"#0059a9","colorDark":"#00294f","band":0,"off":[-3.4,1.1]}},{"type":"Feature","geometry":{"type":"Point","coordinates":[8.595558,47.39909]},"properties":{"line":"751","mode":"bus","color":"#0059a9","colorDark":"#00294f","band":0,"off":[0,1.1]}},{"type":"Feature","geometry":{"type":"Point","coordinates":[8.595558,47.39909]},"properties":{"line":"752","mode":"bus","color":"#0059a9","colorDark":"#00294f","band":0,"off":[3.4,1.1]}},{"type":"Feature","geometry":{"type":"Point","coordinates":[8.595558,47.39909]},"properties":{"line":"760","mode":"bus","color":"#0059a9","colorDark":"#00294f","band":0,"off":[6.8,1.1]}},{"type":"Feature","geometry":{"type":"Point","coordinates":[8.595558,47.39909]},"properties":{"line":"N6","mode":"bus","color":"#000000","colorDark":"#000000","band":0,"off":[-5.1,3.1]}},{"type":"Feature","geometry":{"type":"Point","coordinates":[8.595558,47.39909]},"properties":{"line":"N7","mode":"bus","color":"#000000","colorDark":"#000000","band":0,"off":[-1.7,3.1]}},{"type":"Feature","geometry":{"type":"Point","coordinates":[8.595558,47.39909]},"properties":{"line":"N76","mode":"bus","color":"#000000","colorDark":"#000000","band":0,"off":[1.7,3.1]}},{"type":"Feature","geometry":{"type":"Point","coordinates":[8.595558,47.39909]},"properties":{"line":"N77","mode":"bus","color":"#000000","colorDark":"#000000","band":0,"off":[5.1,3.1]}},{"type":"Feature","geometry":{"type":"Point","coordinates":[8.642302,47.370634]},"properties":{"name":"Fällanden, Wigarten","band":0,"modes":"bus","arr":["745"],"off":[0,-0.8]}},{"type":"Feature","geometry":{"type":"Point","coordinates":[8.642302,47.370634]},"properties":{"line":"745","mode":"bus","color":"#0059a9","colorDark":"#00294f","band":0,"off":[0,1.1]}},{"type":"Feature","geometry":{"type":"Point","coordinates":[8.618635,47.426361]},"properties":{"name":"Dietlikon, Hofwiesen","band":0,"modes":"bus","arr":["748"],"off":[0,-0.8]}},{"type":"Feature","geometry":{"type":"Point","coordinates":[8.618635,47.426361]},"properties":{"line":"748","mode":"bus","color":"#0059a9","colorDark":"#00294f","band":0,"off":[0,1.1]}},{"type":"Feature","geometry":{"type":"Point","coordinates":[8.623226,47.399974]},"properties":{"name":"Dübendorf, Bahnhof","band":0,"modes":"bus","arr":["748","754","756","760"],"off":[0,-0.8]}},{"type":"Feature","geometry":{"type":"Point","coordinates":[8.623226,47.399974]},"properties":{"line":"748","mode":"bus","color":"#0059a9","colorDark":"#00294f","band":0,"off":[-5.1,1.1]}},{"type":"Feature","geometry":{"type":"Point","coordinates":[8.623226,47.399974]},"properties":{"line":"754","mode":"bus","color":"#0059a9","colorDark":"#00294f","band":0,"off":[-1.7,1.1]}},{"type":"Feature","geometry":{"type":"Point","coordinates":[8.623226,47.399974]},"properties":{"line":"756","mode":"bus","color":"#0059a9","colorDark":"#00294f","band":0,"off":[1.7,1.1]}},{"type":"Feature","geometry":{"type":"Point","coordinates":[8.623226,47.399974]},"properties":{"line":"760","mode":"bus","color":"#0059a9","colorDark":"#00294f","band":0,"off":[5.1,1.1]}},{"type":"Feature","geometry":{"type":"Point","coordinates":[8.608177,47.425451]},"properties":{"name":"Dietlikon, Hinentalstrasse","band":0,"modes":"bus","arr":["749"],"off":[0,-0.8]}},{"type":"Feature","geometry":{"type":"Point","coordinates":[8.608177,47.425451]},"properties":{"line":"749","mode":"bus","color":"#0059a9","colorDark":"#00294f","band":0,"off":[0,1.1]}},{"type":"Feature","geometry":{"type":"Point","coordinates":[8.559761,47.376454]},"properties":{"name":"Kirche Fluntern","band":0,"modes":"tram,bus","arr":["10","751"],"off":[0,-0.8]}},{"type":"Feature","geometry":{"type":"Point","coordinates":[8.559761,47.376454]},"properties":{"line":"10","mode":"tram","color":"#d6212b","colorDark":"#7c1116","band":0,"off":[-1.7,1.1]}},{"type":"Feature","geometry":{"type":"Point","coordinates":[8.559761,47.376454]},"properties":{"line":"751","mode":"bus","color":"#0059a9","colorDark":"#00294f","band":0,"off":[1.7,1.1]}},{"type":"Feature","geometry":{"type":"Point","coordinates":[8.628994,47.389187]},"properties":{"name":"Dübendorf, Kunsteisbahn","band":0,"modes":"bus","arr":["752","N77"],"off":[0,-0.8]}},{"type":"Feature","geometry":{"type":"Point","coordinates":[8.628994,47.389187]},"properties":{"line":"752","mode":"bus","color":"#0059a9","colorDark":"#00294f","band":0,"off":[-1.7,1.1]}},{"type":"Feature","geometry":{"type":"Point","coordinates":[8.628994,47.389187]},"properties":{"line":"N77","mode":"bus","color":"#000000","colorDark":"#000000","band":0,"off":[1.7,1.1]}},{"type":"Feature","geometry":{"type":"Point","coordinates":[8.595555,47.393016]},"properties":{"name":"Bahnhof Stettbach E","band":0,"modes":"tram,bus","arr":["7","12","754","760","E","N76","N78"],"off":[0,-0.8]}},{"type":"Feature","geometry":{"type":"Point","coordinates":[8.595555,47.393016]},"properties":{"name":"Bahnhof Stettbach B","band":0,"modes":"tram,bus","arr":["7","12","754","760","E","N76","N78"],"off":[0,-3]}},{"type":"Feature","geometry":{"type":"Point","coordinates":[8.595555,47.393016]},"properties":{"name":"Bahnhof Stettbach","band":0,"modes":"tram,bus","arr":["7","12","754","760","E","N76","N78"],"off":[0,-5.2]}},{"type":"Feature","geometry":{"type":"Point","coordinates":[8.595555,47.393016]},"properties":{"line":"7","mode":"tram","color":"#d6212b","colorDark":"#7c1116","band":0,"off":[-6.8,1.1]}},{"type":"Feature","geometry":{"type":"Point","coordinates":[8.595555,47.393016]},"properties":{"line":"12","mode":"tram","color":"#d6212b","colorDark":"#7c1116","band":0,"off":[-3.4,1.1]}},{"type":"Feature","geometry":{"type":"Point","coordinates":[8.595555,47.393016]},"properties":{"line":"754","mode":"bus","color":"#0059a9","colorDark":"#00294f","band":0,"off":[0,1.1]}},{"type":"Feature","geometry":{"type":"Point","coordinates":[8.595555,47.393016]},"properties":{"line":"760","mode":"bus","color":"#0059a9","colorDark":"#00294f","band":0,"off":[3.4,1.1]}},{"type":"Feature","geometry":{"type":"Point","coordinates":[8.595555,47.393016]},"properties":{"line":"E","mode":"bus","color":"#0059a9","colorDark":"#00294f","band":0,"off":[6.8,1.1]}},{"type":"Feature","geometry":{"type":"Point","coordinates":[8.595555,47.393016]},"properties":{"line":"N76","mode":"bus","color":"#000000","colorDark":"#000000","band":0,"off":[-1.7,3.1]}},{"type":"Feature","geometry":{"type":"Point","coordinates":[8.595555,47.393016]},"properties":{"line":"N78","mode":"bus","color":"#000000","colorDark":"#000000","band":0,"off":[1.7,3.1]}},{"type":"Feature","geometry":{"type":"Point","coordinates":[8.647381,47.392969]},"properties":{"name":"Dübendorf, Gfenn","band":0,"modes":"bus","arr":["756","N76"],"off":[0,-0.8]}},{"type":"Feature","geometry":{"type":"Point","coordinates":[8.647381,47.392969]},"properties":{"line":"756","mode":"bus","color":"#0059a9","colorDark":"#00294f","band":0,"off":[-1.7,1.1]}},{"type":"Feature","geometry":{"type":"Point","coordinates":[8.647381,47.392969]},"properties":{"line":"N76","mode":"bus","color":"#000000","colorDark":"#000000","band":0,"off":[1.7,1.1]}},{"type":"Feature","geometry":{"type":"Point","coordinates":[8.645765,47.410556]},"properties":{"name":"Wangen, Dorfplatz","band":0,"modes":"bus","arr":["759"],"off":[0,-0.8]}},{"type":"Feature","geometry":{"type":"Point","coordinates":[8.645765,47.410556]},"properties":{"line":"759","mode":"bus","color":"#0059a9","colorDark":"#00294f","band":0,"off":[0,1.1]}},{"type":"Feature","geometry":{"type":"Point","coordinates":[8.567559,47.434598]},"properties":{"name":"Glattbrugg, Glatthof","band":0,"modes":"bus","arr":["N79"],"off":[0,-0.8]}},{"type":"Feature","geometry":{"type":"Point","coordinates":[8.567559,47.434598]},"properties":{"line":"N79","mode":"bus","color":"#000000","colorDark":"#000000","band":0,"off":[0,1.1]}},{"type":"Feature","geometry":{"type":"Point","coordinates":[8.563477,47.445641]},"properties":{"name":"Zürich Flughafen, Bahnhof K","band":0,"modes":"bus","arr":["759","765","768"],"off":[0,-0.8]}},{"type":"Feature","geometry":{"type":"Point","coordinates":[8.563477,47.445641]},"properties":{"name":"Zürich Flughafen, Bahnhof J","band":0,"modes":"bus","arr":["759","765","768"],"off":[0,-3]}},{"type":"Feature","geometry":{"type":"Point","coordinates":[8.563477,47.445641]},"properties":{"name":"Zürich Flughafen, Bahnhof F","band":0,"modes":"bus","arr":["759","765","768"],"off":[0,-5.2]}},{"type":"Feature","geometry":{"type":"Point","coordinates":[8.563477,47.445641]},"properties":{"line":"759","mode":"bus","color":"#0059a9","colorDark":"#00294f","band":0,"off":[-3.4,1.1]}},{"type":"Feature","geometry":{"type":"Point","coordinates":[8.563477,47.445641]},"properties":{"line":"765","mode":"bus","color":"#0059a9","colorDark":"#00294f","band":0,"off":[0,1.1]}},{"type":"Feature","geometry":{"type":"Point","coordinates":[8.563477,47.445641]},"properties":{"line":"768","mode":"bus","color":"#0059a9","colorDark":"#00294f","band":0,"off":[3.4,1.1]}},{"type":"Feature","geometry":{"type":"Point","coordinates":[8.593177,47.411306]},"properties":{"name":"Wallisellen, Bahnhof E","band":0,"modes":"bus","arr":["761","771","772","773"],"off":[0,-0.8]}},{"type":"Feature","geometry":{"type":"Point","coordinates":[8.593177,47.411306]},"properties":{"name":"Wallisellen, Bahnhof C","band":0,"modes":"bus","arr":["761","771","772","773"],"off":[0,-3]}},{"type":"Feature","geometry":{"type":"Point","coordinates":[8.593177,47.411306]},"properties":{"name":"Wallisellen, Bahnhof A","band":0,"modes":"bus","arr":["761","771","772","773"],"off":[0,-5.2]}},{"type":"Feature","geometry":{"type":"Point","coordinates":[8.593177,47.411306]},"properties":{"line":"761","mode":"bus","color":"#0059a9","colorDark":"#00294f","band":0,"off":[-5.1,1.1]}},{"type":"Feature","geometry":{"type":"Point","coordinates":[8.593177,47.411306]},"properties":{"line":"771","mode":"bus","color":"#0059a9","colorDark":"#00294f","band":0,"off":[-1.7,1.1]}},{"type":"Feature","geometry":{"type":"Point","coordinates":[8.593177,47.411306]},"properties":{"line":"772","mode":"bus","color":"#0059a9","colorDark":"#00294f","band":0,"off":[1.7,1.1]}},{"type":"Feature","geometry":{"type":"Point","coordinates":[8.593177,47.411306]},"properties":{"line":"773","mode":"bus","color":"#0059a9","colorDark":"#00294f","band":0,"off":[5.1,1.1]}},{"type":"Feature","geometry":{"type":"Point","coordinates":[8.561874,47.429613]},"properties":{"name":"Glattbrugg, Giebeleichstrasse","band":0,"modes":"bus","arr":["761","762","781"],"off":[0,-0.8]}},{"type":"Feature","geometry":{"type":"Point","coordinates":[8.561874,47.429613]},"properties":{"name":"Glattbrugg, Bahnhof","band":0,"modes":"bus","arr":["761","762","781"],"off":[0,-3]}},{"type":"Feature","geometry":{"type":"Point","coordinates":[8.561874,47.429613]},"properties":{"line":"761","mode":"bus","color":"#0059a9","colorDark":"#00294f","band":0,"off":[-3.4,1.1]}},{"type":"Feature","geometry":{"type":"Point","coordinates":[8.561874,47.429613]},"properties":{"line":"762","mode":"bus","color":"#0059a9","colorDark":"#00294f","band":0,"off":[0,1.1]}},{"type":"Feature","geometry":{"type":"Point","coordinates":[8.561874,47.429613]},"properties":{"line":"781","mode":"bus","color":"#0059a9","colorDark":"#00294f","band":0,"off":[3.4,1.1]}},{"type":"Feature","geometry":{"type":"Point","coordinates":[8.579533,47.424693]},"properties":{"name":"Opfikon, Grätzli","band":0,"modes":"bus","arr":["762"],"off":[0,-0.8]}},{"type":"Feature","geometry":{"type":"Point","coordinates":[8.579533,47.424693]},"properties":{"name":"Opfikon, Aublick","band":0,"modes":"bus","arr":["762"],"off":[0,-1.9]}},{"type":"Feature","geometry":{"type":"Point","coordinates":[8.579533,47.424693]},"properties":{"line":"762","mode":"bus","color":"#0059a9","colorDark":"#00294f","band":0,"off":[0,1.1]}},{"type":"Feature","geometry":{"type":"Point","coordinates":[8.621506,47.421384]},"properties":{"name":"Dietlikon, Schwimmbad","band":0,"modes":"bus","arr":["765","796"],"off":[0,-0.8]}},{"type":"Feature","geometry":{"type":"Point","coordinates":[8.621506,47.421384]},"properties":{"line":"765","mode":"bus","color":"#0059a9","colorDark":"#00294f","band":0,"off":[-1.7,1.1]}},{"type":"Feature","geometry":{"type":"Point","coordinates":[8.621506,47.421384]},"properties":{"line":"796","mode":"bus","color":"#0059a9","colorDark":"#00294f","band":0,"off":[1.7,1.1]}},{"type":"Feature","geometry":{"type":"Point","coordinates":[8.598945,47.423711]},"properties":{"name":"Wallisellen, Schäfligraben","band":0,"modes":"bus","arr":["771"],"off":[0,-0.8]}},{"type":"Feature","geometry":{"type":"Point","coordinates":[8.598945,47.423711]},"properties":{"line":"771","mode":"bus","color":"#0059a9","colorDark":"#00294f","band":0,"off":[0,1.1]}},{"type":"Feature","geometry":{"type":"Point","coordinates":[8.606965,47.414867]},"properties":{"name":"Wallisellen, Sportzentrum","band":0,"modes":"bus","arr":["772"],"off":[0,-0.8]}},{"type":"Feature","geometry":{"type":"Point","coordinates":[8.606965,47.414867]},"properties":{"line":"772","mode":"bus","color":"#0059a9","colorDark":"#00294f","band":0,"off":[0,1.1]}},{"type":"Feature","geometry":{"type":"Point","coordinates":[8.587894,47.419466]},"properties":{"name":"Wallisellen, Frohheimstrasse","band":0,"modes":"bus","arr":["773"],"off":[0,-0.8]}},{"type":"Feature","geometry":{"type":"Point","coordinates":[8.587894,47.419466]},"properties":{"line":"773","mode":"bus","color":"#0059a9","colorDark":"#00294f","band":0,"off":[0,1.1]}},{"type":"Feature","geometry":{"type":"Point","coordinates":[8.596036,47.416972]},"properties":{"name":"Wallisellen, Schulhaus Bürgli","band":0,"modes":"bus","arr":["773","774"],"off":[0,-0.8]}},{"type":"Feature","geometry":{"type":"Point","coordinates":[8.596036,47.416972]},"properties":{"name":"Wallisellen, Bahnhof F","band":0,"modes":"bus","arr":["773","774"],"off":[0,-3]}},{"type":"Feature","geometry":{"type":"Point","coordinates":[8.596036,47.416972]},"properties":{"name":"Wallisellen, Bahnhof B","band":0,"modes":"bus","arr":["773","774"],"off":[0,-5.2]}},{"type":"Feature","geometry":{"type":"Point","coordinates":[8.596036,47.416972]},"properties":{"line":"773","mode":"bus","color":"#0059a9","colorDark":"#00294f","band":0,"off":[-1.7,1.1]}},{"type":"Feature","geometry":{"type":"Point","coordinates":[8.596036,47.416972]},"properties":{"line":"774","mode":"bus","color":"#0059a9","colorDark":"#00294f","band":0,"off":[1.7,1.1]}},{"type":"Feature","geometry":{"type":"Point","coordinates":[8.635262,47.425809]},"properties":{"name":"Brüttisellen, Obere Wangenstr.","band":0,"modes":"bus","arr":["787"],"off":[0,-0.8]}},{"type":"Feature","geometry":{"type":"Point","coordinates":[8.635262,47.425809]},"properties":{"line":"787","mode":"bus","color":"#0059a9","colorDark":"#00294f","band":0,"off":[0,1.1]}},{"type":"Feature","geometry":{"type":"Point","coordinates":[8.525738,47.446869]},"properties":{"name":"Rümlang, Chilestieg","band":0,"modes":"bus","arr":["795"],"off":[0,-0.8]}},{"type":"Feature","geometry":{"type":"Point","coordinates":[8.525738,47.446869]},"properties":{"line":"795","mode":"bus","color":"#0059a9","colorDark":"#00294f","band":0,"off":[0,1.1]}},{"type":"Feature","geometry":{"type":"Point","coordinates":[8.535857,47.448233]},"properties":{"name":"Rümlang, Ifangstrasse","band":0,"modes":"bus","arr":["795"],"off":[0,-0.8]}},{"type":"Feature","geometry":{"type":"Point","coordinates":[8.535857,47.448233]},"properties":{"line":"795","mode":"bus","color":"#0059a9","colorDark":"#00294f","band":0,"off":[0,1.1]}},{"type":"Feature","geometry":{"type":"Point","coordinates":[8.63915,47.40768]},"properties":{"name":"Wangen, Flugsicherung","band":0,"modes":"bus","arr":["796"],"off":[0,-0.8]}},{"type":"Feature","geometry":{"type":"Point","coordinates":[8.63915,47.40768]},"properties":{"line":"796","mode":"bus","color":"#0059a9","colorDark":"#00294f","band":0,"off":[0,1.1]}},{"type":"Feature","geometry":{"type":"Point","coordinates":[8.500245,47.465421]},"properties":{"name":"Oberhasli, Dorf","band":0,"modes":"bus","arr":["797"],"off":[0,-0.8]}},{"type":"Feature","geometry":{"type":"Point","coordinates":[8.500245,47.465421]},"properties":{"line":"797","mode":"bus","color":"#0059a9","colorDark":"#00294f","band":0,"off":[0,1.1]}},{"type":"Feature","geometry":{"type":"Point","coordinates":[8.729735,47.340181]},"properties":{"name":"Uster, Nossikon","band":0,"modes":"bus","arr":["813"],"off":[0,-0.8]}},{"type":"Feature","geometry":{"type":"Point","coordinates":[8.729735,47.340181]},"properties":{"line":"813","mode":"bus","color":"#0059a9","colorDark":"#00294f","band":0,"off":[0,1.1]}},{"type":"Feature","geometry":{"type":"Point","coordinates":[8.701536,47.346924]},"properties":{"name":"Uster, Pfannenstielstrasse","band":0,"modes":"bus","arr":["816"],"off":[0,-0.8]}},{"type":"Feature","geometry":{"type":"Point","coordinates":[8.701536,47.346924]},"properties":{"line":"816","mode":"bus","color":"#0059a9","colorDark":"#00294f","band":0,"off":[0,1.1]}},{"type":"Feature","geometry":{"type":"Point","coordinates":[8.692707,47.344044]},"properties":{"name":"Uster, See","band":0,"modes":"bus","arr":["817"],"off":[0,-0.8]}},{"type":"Feature","geometry":{"type":"Point","coordinates":[8.692707,47.344044]},"properties":{"line":"817","mode":"bus","color":"#0059a9","colorDark":"#00294f","band":0,"off":[0,1.1]}},{"type":"Feature","geometry":{"type":"Point","coordinates":[8.727161,47.361015]},"properties":{"name":"Uster, Sportanlage","band":0,"modes":"bus","arr":["818"],"off":[0,-0.8]}},{"type":"Feature","geometry":{"type":"Point","coordinates":[8.727161,47.361015]},"properties":{"line":"818","mode":"bus","color":"#0059a9","colorDark":"#00294f","band":0,"off":[0,1.1]}},{"type":"Feature","geometry":{"type":"Point","coordinates":[8.736395,47.395394]},"properties":{"name":"Fehraltorf, Schrännenbrunnen","band":0,"modes":"bus","arr":["827"],"off":[0,-0.8]}},{"type":"Feature","geometry":{"type":"Point","coordinates":[8.736395,47.395394]},"properties":{"line":"827","mode":"bus","color":"#0059a9","colorDark":"#00294f","band":0,"off":[0,1.1]}},{"type":"Feature","geometry":{"type":"Point","coordinates":[8.769476,47.343628]},"properties":{"name":"Seegräben, Gemeindehaus","band":0,"modes":"bus","arr":["846"],"off":[0,-0.8]}},{"type":"Feature","geometry":{"type":"Point","coordinates":[8.769476,47.343628]},"properties":{"line":"846","mode":"bus","color":"#0059a9","colorDark":"#00294f","band":0,"off":[0,1.1]}},{"type":"Feature","geometry":{"type":"Point","coordinates":[8.710148,47.287802]},"properties":{"name":"Esslingen, Bahnhof","band":0,"modes":"bus","arr":["905"],"off":[0,-0.8]}},{"type":"Feature","geometry":{"type":"Point","coordinates":[8.710148,47.287802]},"properties":{"line":"905","mode":"bus","color":"#0059a9","colorDark":"#00294f","band":0,"off":[0,1.1]}},{"type":"Feature","geometry":{"type":"Point","coordinates":[8.606202,47.329104]},"properties":{"name":"Itschnach, Fallacher","band":0,"modes":"bus","arr":["912","N91"],"off":[0,-0.8]}},{"type":"Feature","geometry":{"type":"Point","coordinates":[8.606202,47.329104]},"properties":{"line":"912","mode":"bus","color":"#0059a9","colorDark":"#00294f","band":0,"off":[-1.7,1.1]}},{"type":"Feature","geometry":{"type":"Point","coordinates":[8.606202,47.329104]},"properties":{"line":"N91","mode":"bus","color":"#000000","colorDark":"#000000","band":0,"off":[1.7,1.1]}},{"type":"Feature","geometry":{"type":"Point","coordinates":[8.597192,47.315845]},"properties":{"name":"Küsnacht ZH, Allmend","band":0,"modes":"bus","arr":["916"],"off":[0,-0.8]}},{"type":"Feature","geometry":{"type":"Point","coordinates":[8.597192,47.315845]},"properties":{"line":"916","mode":"bus","color":"#0059a9","colorDark":"#00294f","band":0,"off":[0,1.1]}},{"type":"Feature","geometry":{"type":"Point","coordinates":[8.580303,47.319142]},"properties":{"name":"Küsnacht ZH, Bahnhof","band":0,"modes":"bus","arr":["918","919"],"off":[0,-0.8]}},{"type":"Feature","geometry":{"type":"Point","coordinates":[8.580303,47.319142]},"properties":{"line":"918","mode":"bus","color":"#0059a9","colorDark":"#00294f","band":0,"off":[-1.7,1.1]}},{"type":"Feature","geometry":{"type":"Point","coordinates":[8.580303,47.319142]},"properties":{"line":"919","mode":"bus","color":"#0059a9","colorDark":"#00294f","band":0,"off":[1.7,1.1]}},{"type":"Feature","geometry":{"type":"Point","coordinates":[8.587492,47.311514]},"properties":{"name":"Küsnacht ZH, Gartenstrasse","band":0,"modes":"bus","arr":["918"],"off":[0,-0.8]}},{"type":"Feature","geometry":{"type":"Point","coordinates":[8.587492,47.311514]},"properties":{"line":"918","mode":"bus","color":"#0059a9","colorDark":"#00294f","band":0,"off":[0,1.1]}},{"type":"Feature","geometry":{"type":"Point","coordinates":[8.623003,47.332912]},"properties":{"name":"Zumikon, Dorfzentrum","band":0,"modes":"bus","arr":["919"],"off":[0,-0.8]}},{"type":"Feature","geometry":{"type":"Point","coordinates":[8.623003,47.332912]},"properties":{"line":"919","mode":"bus","color":"#0059a9","colorDark":"#00294f","band":0,"off":[0,1.1]}},{"type":"Feature","geometry":{"type":"Point","coordinates":[8.644594,47.269396]},"properties":{"name":"Meilen, Bahnhof","band":0,"modes":"bus","arr":["921","922"],"off":[0,-0.8]}},{"type":"Feature","geometry":{"type":"Point","coordinates":[8.644594,47.269396]},"properties":{"line":"921","mode":"bus","color":"#0059a9","colorDark":"#00294f","band":0,"off":[-1.7,1.1]}},{"type":"Feature","geometry":{"type":"Point","coordinates":[8.644594,47.269396]},"properties":{"line":"922","mode":"bus","color":"#0059a9","colorDark":"#00294f","band":0,"off":[1.7,1.1]}},{"type":"Feature","geometry":{"type":"Point","coordinates":[8.62411,47.28211]},"properties":{"name":"Meilen, Eichholz","band":0,"modes":"bus","arr":["921"],"off":[0,-0.8]}},{"type":"Feature","geometry":{"type":"Point","coordinates":[8.62411,47.28211]},"properties":{"line":"921","mode":"bus","color":"#0059a9","colorDark":"#00294f","band":0,"off":[0,1.1]}},{"type":"Feature","geometry":{"type":"Point","coordinates":[8.612242,47.282094]},"properties":{"name":"Herrliberg-Feldmeilen, Bhf West","band":0,"modes":"bus,metro","arr":["972","973","974","S16"],"off":[0,-0.8]}},{"type":"Feature","geometry":{"type":"Point","coordinates":[8.612242,47.282094]},"properties":{"name":"Herrliberg-Feldmeilen, Bahnhof","band":0,"modes":"bus,metro","arr":["972","973","974","S16"],"off":[0,-3]}},{"type":"Feature","geometry":{"type":"Point","coordinates":[8.612242,47.282094]},"properties":{"name":"Herrliberg-Feldmeilen","band":0,"modes":"bus,metro","arr":["972","973","974","S16"],"off":[0,-5.2]}},{"type":"Feature","geometry":{"type":"Point","coordinates":[8.612242,47.282094]},"properties":{"line":"972","mode":"bus","color":"#0059a9","colorDark":"#00294f","band":0,"off":[-5.1,1.1]}},{"type":"Feature","geometry":{"type":"Point","coordinates":[8.612242,47.282094]},"properties":{"line":"973","mode":"bus","color":"#0059a9","colorDark":"#00294f","band":0,"off":[-1.7,1.1]}},{"type":"Feature","geometry":{"type":"Point","coordinates":[8.612242,47.282094]},"properties":{"line":"974","mode":"bus","color":"#0059a9","colorDark":"#00294f","band":0,"off":[1.7,1.1]}},{"type":"Feature","geometry":{"type":"Point","coordinates":[8.612242,47.282094]},"properties":{"line":"S16","mode":"tram","color":"#0A4595","colorDark":"#062652","band":0,"metro":1,"off":[5.1,1.1]}},{"type":"Feature","geometry":{"type":"Point","coordinates":[8.679852,47.28567]},"properties":{"name":"Meilen, Vorderer Pfannenstiel","band":0,"modes":"bus","arr":["922"],"off":[0,-0.8]}},{"type":"Feature","geometry":{"type":"Point","coordinates":[8.679852,47.28567]},"properties":{"line":"922","mode":"bus","color":"#0059a9","colorDark":"#00294f","band":0,"off":[0,1.1]}},{"type":"Feature","geometry":{"type":"Point","coordinates":[8.591227,47.305795]},"properties":{"name":"Erlenbach ZH, Bahnhof","band":0,"modes":"bus","arr":["961","962"],"off":[0,-0.8]}},{"type":"Feature","geometry":{"type":"Point","coordinates":[8.591227,47.305795]},"properties":{"line":"961","mode":"bus","color":"#0059a9","colorDark":"#00294f","band":0,"off":[-1.7,1.1]}},{"type":"Feature","geometry":{"type":"Point","coordinates":[8.591227,47.305795]},"properties":{"line":"962","mode":"bus","color":"#0059a9","colorDark":"#00294f","band":0,"off":[1.7,1.1]}},{"type":"Feature","geometry":{"type":"Point","coordinates":[8.613315,47.306998]},"properties":{"name":"Erlenbach ZH, Trottgatter","band":0,"modes":"bus","arr":["961"],"off":[0,-0.8]}},{"type":"Feature","geometry":{"type":"Point","coordinates":[8.613315,47.306998]},"properties":{"line":"961","mode":"bus","color":"#0059a9","colorDark":"#00294f","band":0,"off":[0,1.1]}},{"type":"Feature","geometry":{"type":"Point","coordinates":[8.606367,47.297173]},"properties":{"name":"Erlenbach ZH, Im Streuli","band":0,"modes":"bus","arr":["962"],"off":[0,-0.8]}},{"type":"Feature","geometry":{"type":"Point","coordinates":[8.606367,47.297173]},"properties":{"line":"962","mode":"bus","color":"#0059a9","colorDark":"#00294f","band":0,"off":[0,1.1]}},{"type":"Feature","geometry":{"type":"Point","coordinates":[8.608971,47.29346]},"properties":{"name":"Herrliberg, Holzwies","band":0,"modes":"bus","arr":["962"],"off":[0,-0.8]}},{"type":"Feature","geometry":{"type":"Point","coordinates":[8.608971,47.29346]},"properties":{"line":"962","mode":"bus","color":"#0059a9","colorDark":"#00294f","band":0,"off":[0,1.1]}},{"type":"Feature","geometry":{"type":"Point","coordinates":[8.625259,47.29668]},"properties":{"name":"Herrliberg, Kirche Wetzwil","band":0,"modes":"bus","arr":["974"],"off":[0,-0.8]}},{"type":"Feature","geometry":{"type":"Point","coordinates":[8.625259,47.29668]},"properties":{"line":"974","mode":"bus","color":"#0059a9","colorDark":"#00294f","band":0,"off":[0,1.1]}},{"type":"Feature","geometry":{"type":"Point","coordinates":[8.568884,47.417015]},"properties":{"name":"Auzelg","band":0,"modes":"tram,bus","arr":["50","E"],"off":[0,-0.8]}},{"type":"Feature","geometry":{"type":"Point","coordinates":[8.568884,47.417015]},"properties":{"line":"50","mode":"tram","color":"#d6212b","colorDark":"#7c1116","band":0,"off":[-1.7,1.1]}},{"type":"Feature","geometry":{"type":"Point","coordinates":[8.568884,47.417015]},"properties":{"line":"E","mode":"bus","color":"#0059a9","colorDark":"#00294f","band":0,"off":[1.7,1.1]}},{"type":"Feature","geometry":{"type":"Point","coordinates":[8.485044,47.374359]},"properties":{"name":"Albisrieden","band":0,"modes":"tram,bus","arr":["3","N3"],"off":[0,-0.8]}},{"type":"Feature","geometry":{"type":"Point","coordinates":[8.485044,47.374359]},"properties":{"line":"3","mode":"tram","color":"#d6212b","colorDark":"#7c1116","band":0,"off":[-1.7,1.1]}},{"type":"Feature","geometry":{"type":"Point","coordinates":[8.485044,47.374359]},"properties":{"line":"N3","mode":"bus","color":"#000000","colorDark":"#000000","band":0,"off":[1.7,1.1]}},{"type":"Feature","geometry":{"type":"Point","coordinates":[8.550215,47.36802]},"properties":{"name":"Bellevue G","band":0,"modes":"tram,bus","arr":["5","N9"],"off":[0,-0.8]}},{"type":"Feature","geometry":{"type":"Point","coordinates":[8.550215,47.36802]},"properties":{"name":"Bahnhof Stadelhofen D","band":0,"modes":"tram,bus","arr":["5","N9"],"off":[0,-1.9]}},{"type":"Feature","geometry":{"type":"Point","coordinates":[8.550215,47.36802]},"properties":{"name":"Bahnhof Stadelhofen A","band":0,"modes":"tram,bus","arr":["5","N9"],"off":[0,-4.1]}},{"type":"Feature","geometry":{"type":"Point","coordinates":[8.550215,47.36802]},"properties":{"line":"5","mode":"tram","color":"#d6212b","colorDark":"#7c1116","band":0,"off":[-1.7,1.1]}},{"type":"Feature","geometry":{"type":"Point","coordinates":[8.550215,47.36802]},"properties":{"line":"N9","mode":"bus","color":"#000000","colorDark":"#000000","band":0,"off":[1.7,1.1]}},{"type":"Feature","geometry":{"type":"Point","coordinates":[8.437847,47.355265]},"properties":{"name":"Birmensdorf ZH, Bahnhof C","band":0,"modes":"metro,bus","arr":["S5","N22"],"off":[0,-0.8]}},{"type":"Feature","geometry":{"type":"Point","coordinates":[8.437847,47.355265]},"properties":{"name":"Birmensdorf ZH","band":0,"modes":"metro,bus","arr":["S5","N22"],"off":[0,-3]}},{"type":"Feature","geometry":{"type":"Point","coordinates":[8.437847,47.355265]},"properties":{"line":"S5","mode":"tram","color":"#0A4595","colorDark":"#062652","band":0,"metro":1,"off":[-1.7,1.1]}},{"type":"Feature","geometry":{"type":"Point","coordinates":[8.437847,47.355265]},"properties":{"line":"N22","mode":"bus","color":"#000000","colorDark":"#000000","band":0,"off":[1.7,1.1]}},{"type":"Feature","geometry":{"type":"Point","coordinates":[8.409533,47.263254]},"properties":{"name":"Obfelden, Unterlunnern","band":0,"modes":"bus","arr":["N22"],"off":[0,-0.8]}},{"type":"Feature","geometry":{"type":"Point","coordinates":[8.409533,47.263254]},"properties":{"line":"N22","mode":"bus","color":"#000000","colorDark":"#000000","band":0,"off":[0,1.1]}},{"type":"Feature","geometry":{"type":"Point","coordinates":[8.36368,47.519457]},"properties":{"name":"Schneisingen, Mitteldorf","band":0,"modes":"bus","arr":["N51"],"off":[0,-0.8]}},{"type":"Feature","geometry":{"type":"Point","coordinates":[8.36368,47.519457]},"properties":{"line":"N51","mode":"bus","color":"#000000","colorDark":"#000000","band":0,"off":[0,1.1]}},{"type":"Feature","geometry":{"type":"Point","coordinates":[8.369891,47.511059]},"properties":{"name":"Niederweningen, Bahnhof B","band":0,"modes":"metro,bus","arr":["S15","N51"],"off":[0,-0.8]}},{"type":"Feature","geometry":{"type":"Point","coordinates":[8.369891,47.511059]},"properties":{"name":"Niederweningen","band":0,"modes":"metro,bus","arr":["S15","N51"],"off":[0,-3]}},{"type":"Feature","geometry":{"type":"Point","coordinates":[8.369891,47.511059]},"properties":{"line":"S15","mode":"tram","color":"#0A4595","colorDark":"#062652","band":0,"metro":1,"off":[-1.7,1.1]}},{"type":"Feature","geometry":{"type":"Point","coordinates":[8.369891,47.511059]},"properties":{"line":"N51","mode":"bus","color":"#000000","colorDark":"#000000","band":0,"off":[1.7,1.1]}},{"type":"Feature","geometry":{"type":"Point","coordinates":[8.744285,47.425174]},"properties":{"name":"Agasul","band":0,"modes":"bus","arr":["N62"],"off":[0,-0.8]}},{"type":"Feature","geometry":{"type":"Point","coordinates":[8.744285,47.425174]},"properties":{"line":"N62","mode":"bus","color":"#000000","colorDark":"#000000","band":0,"off":[0,1.1]}},{"type":"Feature","geometry":{"type":"Point","coordinates":[8.58302,47.350909]},"properties":{"name":"Rehalp","band":0,"modes":"tram","arr":["2","4"],"off":[0,-0.8]}},{"type":"Feature","geometry":{"type":"Point","coordinates":[8.58302,47.350909]},"properties":{"line":"2","mode":"tram","color":"#d6212b","colorDark":"#7c1116","band":0,"off":[-1.7,1.1]}},{"type":"Feature","geometry":{"type":"Point","coordinates":[8.58302,47.350909]},"properties":{"line":"4","mode":"tram","color":"#d6212b","colorDark":"#7c1116","band":0,"off":[1.7,1.1]}},{"type":"Feature","geometry":{"type":"Point","coordinates":[8.56634,47.365548]},"properties":{"name":"Klusplatz B","band":0,"modes":"tram","arr":["3","16"],"off":[0,-0.8]}},{"type":"Feature","geometry":{"type":"Point","coordinates":[8.56634,47.365548]},"properties":{"name":"Klusplatz A","band":0,"modes":"tram","arr":["3","16"],"off":[0,-1.9]}},{"type":"Feature","geometry":{"type":"Point","coordinates":[8.56634,47.365548]},"properties":{"line":"3","mode":"tram","color":"#d6212b","colorDark":"#7c1116","band":0,"off":[-1.7,1.1]}},{"type":"Feature","geometry":{"type":"Point","coordinates":[8.56634,47.365548]},"properties":{"line":"16","mode":"tram","color":"#d6212b","colorDark":"#7c1116","band":0,"off":[1.7,1.1]}},{"type":"Feature","geometry":{"type":"Point","coordinates":[8.539912,47.380342]},"properties":{"name":"Zürich HB","band":0,"modes":"tram,metro","arr":["4","11","13","15","S3","S4","S10","S11","S21","S24","S42","SN4","SN11"],"off":[0,-0.8],"sc":0.98}},{"type":"Feature","geometry":{"type":"Point","coordinates":[8.539912,47.380342]},"properties":{"name":"Central F","band":0,"modes":"tram,metro","arr":["4","11","13","15","S3","S4","S10","S11","S21","S24","S42","SN4","SN11"],"off":[0,-1.9],"sc":0.98}},{"type":"Feature","geometry":{"type":"Point","coordinates":[8.539912,47.380342]},"properties":{"name":"Bahnhofstrasse/HB","band":0,"modes":"tram,metro","arr":["4","11","13","15","S3","S4","S10","S11","S21","S24","S42","SN4","SN11"],"off":[0,-3],"sc":0.98}},{"type":"Feature","geometry":{"type":"Point","coordinates":[8.539912,47.380342]},"properties":{"line":"4","mode":"tram","color":"#d6212b","colorDark":"#7c1116","band":0,"sc":0.98,"off":[-5.82,1.1]}},{"type":"Feature","geometry":{"type":"Point","coordinates":[8.539912,47.380342]},"properties":{"line":"11","mode":"tram","color":"#d6212b","colorDark":"#7c1116","band":0,"sc":0.98,"off":[-1.94,1.1]}},{"type":"Feature","geometry":{"type":"Point","coordinates":[8.539912,47.380342]},"properties":{"line":"13","mode":"tram","color":"#d6212b","colorDark":"#7c1116","band":0,"sc":0.98,"off":[1.94,1.1]}},{"type":"Feature","geometry":{"type":"Point","coordinates":[8.539912,47.380342]},"properties":{"line":"15","mode":"tram","color":"#d6212b","colorDark":"#7c1116","band":0,"sc":0.98,"off":[5.82,1.1]}},{"type":"Feature","geometry":{"type":"Point","coordinates":[8.539912,47.380342]},"properties":{"line":"S3","mode":"tram","color":"#0A4595","colorDark":"#062652","band":0,"metro":1,"sc":0.98,"off":[-5.82,3.1]}},{"type":"Feature","geometry":{"type":"Point","coordinates":[8.539912,47.380342]},"properties":{"line":"S4","mode":"tram","color":"#0A4595","colorDark":"#062652","band":0,"metro":1,"sc":0.98,"off":[-1.94,3.1]}},{"type":"Feature","geometry":{"type":"Point","coordinates":[8.539912,47.380342]},"properties":{"line":"S10","mode":"tram","color":"#0A4595","colorDark":"#062652","band":0,"metro":1,"sc":0.98,"off":[1.94,3.1]}},{"type":"Feature","geometry":{"type":"Point","coordinates":[8.539912,47.380342]},"properties":{"line":"S11","mode":"tram","color":"#0A4595","colorDark":"#062652","band":0,"metro":1,"sc":0.98,"off":[5.82,3.1]}},{"type":"Feature","geometry":{"type":"Point","coordinates":[8.539912,47.380342]},"properties":{"line":"S21","mode":"tram","color":"#0A4595","colorDark":"#062652","band":0,"metro":1,"sc":0.98,"off":[-5.82,5.1]}},{"type":"Feature","geometry":{"type":"Point","coordinates":[8.539912,47.380342]},"properties":{"line":"S24","mode":"tram","color":"#0A4595","colorDark":"#062652","band":0,"metro":1,"sc":0.98,"off":[-1.94,5.1]}},{"type":"Feature","geometry":{"type":"Point","coordinates":[8.539912,47.380342]},"properties":{"line":"S42","mode":"tram","color":"#0A4595","colorDark":"#062652","band":0,"metro":1,"sc":0.98,"off":[1.94,5.1]}},{"type":"Feature","geometry":{"type":"Point","coordinates":[8.539912,47.380342]},"properties":{"line":"SN4","mode":"tram","color":"#000000","colorDark":"#000000","band":0,"metro":1,"sc":0.98,"off":[5.82,5.1]}},{"type":"Feature","geometry":{"type":"Point","coordinates":[8.539912,47.380342]},"properties":{"line":"SN11","mode":"tram","color":"#000000","colorDark":"#000000","band":0,"metro":1,"sc":0.98,"off":[0,7.1]}},{"type":"Feature","geometry":{"type":"Point","coordinates":[8.571627,47.381675]},"properties":{"name":"Zoo","band":0,"modes":"tram","arr":["6","8"],"off":[0,-0.8]}},{"type":"Feature","geometry":{"type":"Point","coordinates":[8.571627,47.381675]},"properties":{"line":"6","mode":"tram","color":"#d6212b","colorDark":"#7c1116","band":0,"off":[-1.7,1.1]}},{"type":"Feature","geometry":{"type":"Point","coordinates":[8.571627,47.381675]},"properties":{"line":"8","mode":"tram","color":"#d6212b","colorDark":"#7c1116","band":0,"off":[1.7,1.1]}},{"type":"Feature","geometry":{"type":"Point","coordinates":[8.530799,47.338315]},"properties":{"name":"Wollishoferplatz","band":0,"modes":"tram","arr":["7"],"off":[0,-0.8]}},{"type":"Feature","geometry":{"type":"Point","coordinates":[8.530799,47.338315]},"properties":{"line":"7","mode":"tram","color":"#d6212b","colorDark":"#7c1116","band":0,"off":[0,1.1]}},{"type":"Feature","geometry":{"type":"Point","coordinates":[8.504549,47.394145]},"properties":{"name":"Hardturm","band":0,"modes":"tram","arr":["8"],"off":[0,-0.8]}},{"type":"Feature","geometry":{"type":"Point","coordinates":[8.504549,47.394145]},"properties":{"line":"8","mode":"tram","color":"#d6212b","colorDark":"#7c1116","band":0,"off":[0,1.1]}},{"type":"Feature","geometry":{"type":"Point","coordinates":[8.591051,47.404608]},"properties":{"name":"Hirzenbach","band":0,"modes":"tram","arr":["9"],"off":[0,-0.8]}},{"type":"Feature","geometry":{"type":"Point","coordinates":[8.591051,47.404608]},"properties":{"line":"9","mode":"tram","color":"#d6212b","colorDark":"#7c1116","band":0,"off":[0,1.1]}},{"type":"Feature","geometry":{"type":"Point","coordinates":[8.571502,47.452138]},"properties":{"name":"Zürich Flughafen, Fracht","band":0,"modes":"tram","arr":["10","12"],"off":[0,-0.8]}},{"type":"Feature","geometry":{"type":"Point","coordinates":[8.571502,47.452138]},"properties":{"line":"10","mode":"tram","color":"#d6212b","colorDark":"#7c1116","band":0,"off":[-1.7,1.1]}},{"type":"Feature","geometry":{"type":"Point","coordinates":[8.571502,47.452138]},"properties":{"line":"12","mode":"tram","color":"#d6212b","colorDark":"#7c1116","band":0,"off":[1.7,1.1]}},{"type":"Feature","geometry":{"type":"Point","coordinates":[8.533402,47.396378]},"properties":{"name":"Bucheggplatz D","band":0,"modes":"tram","arr":["17"],"off":[0,-0.8]}},{"type":"Feature","geometry":{"type":"Point","coordinates":[8.533402,47.396378]},"properties":{"line":"17","mode":"tram","color":"#d6212b","colorDark":"#7c1116","band":0,"off":[0,1.1]}},{"type":"Feature","geometry":{"type":"Point","coordinates":[8.490485,47.389927]},"properties":{"name":"Bahnhof Altstetten N K","band":0,"modes":"tram","arr":["51"],"off":[0,-0.8]}},{"type":"Feature","geometry":{"type":"Point","coordinates":[8.490485,47.389927]},"properties":{"line":"51","mode":"tram","color":"#d6212b","colorDark":"#7c1116","band":0,"off":[0,1.1]}},{"type":"Feature","geometry":{"type":"Point","coordinates":[9.059981,47.136619]},"properties":{"name":"Ziegelbrücke","band":0,"modes":"metro","arr":["S2","S8"],"off":[0,-0.8]}},{"type":"Feature","geometry":{"type":"Point","coordinates":[9.059981,47.136619]},"properties":{"line":"S2","mode":"tram","color":"#0A4595","colorDark":"#062652","band":0,"metro":1,"off":[-1.7,1.1]}},{"type":"Feature","geometry":{"type":"Point","coordinates":[9.059981,47.136619]},"properties":{"line":"S8","mode":"tram","color":"#0A4595","colorDark":"#062652","band":0,"metro":1,"off":[1.7,1.1]}},{"type":"Feature","geometry":{"type":"Point","coordinates":[8.852678,47.189831]},"properties":{"name":"Lachen SZ","band":0,"modes":"metro","arr":["SN8"],"off":[0,-0.8]}},{"type":"Feature","geometry":{"type":"Point","coordinates":[8.852678,47.189831]},"properties":{"line":"SN8","mode":"tram","color":"#000000","colorDark":"#000000","band":0,"metro":1,"off":[0,1.1]}},{"type":"Feature","geometry":{"type":"Point","coordinates":[8.779044,47.203217]},"properties":{"name":"Pfäffikon SZ","band":0,"modes":"metro","arr":["S8","SN5"],"off":[0,-0.8]}},{"type":"Feature","geometry":{"type":"Point","coordinates":[8.779044,47.203217]},"properties":{"line":"S8","mode":"tram","color":"#0A4595","colorDark":"#062652","band":0,"metro":1,"off":[-1.7,1.1]}},{"type":"Feature","geometry":{"type":"Point","coordinates":[8.779044,47.203217]},"properties":{"line":"SN5","mode":"tram","color":"#000000","colorDark":"#000000","band":0,"metro":1,"off":[1.7,1.1]}},{"type":"Feature","geometry":{"type":"Point","coordinates":[8.56145,47.451307]},"properties":{"name":"Zürich Flughafen","band":0,"modes":"metro","arr":["S2","S16"],"off":[0,-0.8]}},{"type":"Feature","geometry":{"type":"Point","coordinates":[8.56145,47.451307]},"properties":{"line":"S2","mode":"tram","color":"#0A4595","colorDark":"#062652","band":0,"metro":1,"off":[-1.7,1.1]}},{"type":"Feature","geometry":{"type":"Point","coordinates":[8.56145,47.451307]},"properties":{"line":"S16","mode":"tram","color":"#0A4595","colorDark":"#062652","band":0,"metro":1,"off":[1.7,1.1]}},{"type":"Feature","geometry":{"type":"Point","coordinates":[8.517248,47.385146]},"properties":{"name":"Zürich Hardbrücke","band":0,"modes":"metro","arr":["S3","S20"],"off":[0,-0.8]}},{"type":"Feature","geometry":{"type":"Point","coordinates":[8.517248,47.385146]},"properties":{"line":"S3","mode":"tram","color":"#0A4595","colorDark":"#062652","band":0,"metro":1,"off":[-1.7,1.1]}},{"type":"Feature","geometry":{"type":"Point","coordinates":[8.517248,47.385146]},"properties":{"line":"S20","mode":"tram","color":"#0A4595","colorDark":"#062652","band":0,"metro":1,"off":[1.7,1.1]}},{"type":"Feature","geometry":{"type":"Point","coordinates":[8.785375,47.366758]},"properties":{"name":"Pfäffikon ZH","band":0,"modes":"metro","arr":["S19","SN8"],"off":[0,-0.8]}},{"type":"Feature","geometry":{"type":"Point","coordinates":[8.785375,47.366758]},"properties":{"line":"S19","mode":"tram","color":"#0A4595","colorDark":"#062652","band":0,"metro":1,"off":[-1.7,1.1]}},{"type":"Feature","geometry":{"type":"Point","coordinates":[8.785375,47.366758]},"properties":{"line":"SN8","mode":"tram","color":"#000000","colorDark":"#000000","band":0,"metro":1,"off":[1.7,1.1]}},{"type":"Feature","geometry":{"type":"Point","coordinates":[8.79237,47.31756]},"properties":{"name":"Wetzikon ZH","band":0,"modes":"metro","arr":["S3","S5"],"off":[0,-0.8]}},{"type":"Feature","geometry":{"type":"Point","coordinates":[8.79237,47.31756]},"properties":{"line":"S3","mode":"tram","color":"#0A4595","colorDark":"#062652","band":0,"metro":1,"off":[-1.7,1.1]}},{"type":"Feature","geometry":{"type":"Point","coordinates":[8.79237,47.31756]},"properties":{"line":"S5","mode":"tram","color":"#0A4595","colorDark":"#062652","band":0,"metro":1,"off":[1.7,1.1]}},{"type":"Feature","geometry":{"type":"Point","coordinates":[8.855017,47.260222]},"properties":{"name":"Rüti ZH","band":0,"modes":"metro","arr":["S26"],"off":[0,-0.8]}},{"type":"Feature","geometry":{"type":"Point","coordinates":[8.855017,47.260222]},"properties":{"line":"S26","mode":"tram","color":"#0A4595","colorDark":"#062652","band":0,"metro":1,"off":[0,1.1]}},{"type":"Feature","geometry":{"type":"Point","coordinates":[8.816868,47.224674]},"properties":{"name":"Rapperswil SG","band":0,"modes":"metro","arr":["S5","S7","S15"],"off":[0,-0.8]}},{"type":"Feature","geometry":{"type":"Point","coordinates":[8.816868,47.224674]},"properties":{"line":"S5","mode":"tram","color":"#0A4595","colorDark":"#062652","band":0,"metro":1,"off":[-3.4,1.1]}},{"type":"Feature","geometry":{"type":"Point","coordinates":[8.816868,47.224674]},"properties":{"line":"S7","mode":"tram","color":"#0A4595","colorDark":"#062652","band":0,"metro":1,"off":[0,1.1]}},{"type":"Feature","geometry":{"type":"Point","coordinates":[8.816868,47.224674]},"properties":{"line":"S15","mode":"tram","color":"#0A4595","colorDark":"#062652","band":0,"metro":1,"off":[3.4,1.1]}},{"type":"Feature","geometry":{"type":"Point","coordinates":[8.466728,47.220628]},"properties":{"name":"Knonau","band":0,"modes":"metro","arr":["SN5"],"off":[0,-0.8]}},{"type":"Feature","geometry":{"type":"Point","coordinates":[8.466728,47.220628]},"properties":{"line":"SN5","mode":"tram","color":"#000000","colorDark":"#000000","band":0,"metro":1,"off":[0,1.1]}},{"type":"Feature","geometry":{"type":"Point","coordinates":[8.515414,47.174494]},"properties":{"name":"Zug","band":0,"modes":"metro","arr":["S5","S24"],"off":[0,-0.8]}},{"type":"Feature","geometry":{"type":"Point","coordinates":[8.515414,47.174494]},"properties":{"line":"S5","mode":"tram","color":"#0A4595","colorDark":"#062652","band":0,"metro":1,"off":[-1.7,1.1]}},{"type":"Feature","geometry":{"type":"Point","coordinates":[8.515414,47.174494]},"properties":{"line":"S24","mode":"tram","color":"#0A4595","colorDark":"#062652","band":0,"metro":1,"off":[1.7,1.1]}},{"type":"Feature","geometry":{"type":"Point","coordinates":[8.307229,47.475973]},"properties":{"name":"Baden","band":0,"modes":"metro","arr":["S6"],"off":[0,-0.8]}},{"type":"Feature","geometry":{"type":"Point","coordinates":[8.307229,47.475973]},"properties":{"line":"S6","mode":"tram","color":"#0A4595","colorDark":"#062652","band":0,"metro":1,"off":[0,1.1]}},{"type":"Feature","geometry":{"type":"Point","coordinates":[8.357413,47.445834]},"properties":{"name":"Würenlos","band":0,"modes":"metro","arr":["SN6"],"off":[0,-0.8]}},{"type":"Feature","geometry":{"type":"Point","coordinates":[8.357413,47.445834]},"properties":{"line":"SN6","mode":"tram","color":"#000000","colorDark":"#000000","band":0,"metro":1,"off":[0,1.1]}},{"type":"Feature","geometry":{"type":"Point","coordinates":[8.471325,47.435815]},"properties":{"name":"Regensdorf-Watt","band":0,"modes":"metro","arr":["S6","S21"],"off":[0,-0.8]}},{"type":"Feature","geometry":{"type":"Point","coordinates":[8.471325,47.435815]},"properties":{"line":"S6","mode":"tram","color":"#0A4595","colorDark":"#062652","band":0,"metro":1,"off":[-1.7,1.1]}},{"type":"Feature","geometry":{"type":"Point","coordinates":[8.471325,47.435815]},"properties":{"line":"S21","mode":"tram","color":"#0A4595","colorDark":"#062652","band":0,"metro":1,"off":[1.7,1.1]}},{"type":"Feature","geometry":{"type":"Point","coordinates":[8.751952,47.235761]},"properties":{"name":"Uerikon","band":0,"modes":"metro","arr":["S20"],"off":[0,-0.8]}},{"type":"Feature","geometry":{"type":"Point","coordinates":[8.751952,47.235761]},"properties":{"line":"S20","mode":"tram","color":"#0A4595","colorDark":"#062652","band":0,"metro":1,"off":[0,1.1]}},{"type":"Feature","geometry":{"type":"Point","coordinates":[8.722616,47.24049]},"properties":{"name":"Stäfa","band":0,"modes":"metro","arr":["S7","SN7"],"off":[0,-0.8]}},{"type":"Feature","geometry":{"type":"Point","coordinates":[8.722616,47.24049]},"properties":{"line":"S7","mode":"tram","color":"#0A4595","colorDark":"#062652","band":0,"metro":1,"off":[-1.7,1.1]}},{"type":"Feature","geometry":{"type":"Point","coordinates":[8.722616,47.24049]},"properties":{"line":"SN7","mode":"tram","color":"#000000","colorDark":"#000000","band":0,"metro":1,"off":[1.7,1.1]}},{"type":"Feature","geometry":{"type":"Point","coordinates":[8.632071,47.697775]},"properties":{"name":"Schaffhausen","band":0,"modes":"metro","arr":["S9","S24"],"off":[0,-0.8]}},{"type":"Feature","geometry":{"type":"Point","coordinates":[8.632071,47.697775]},"properties":{"line":"S9","mode":"tram","color":"#0A4595","colorDark":"#062652","band":0,"metro":1,"off":[-1.7,1.1]}},{"type":"Feature","geometry":{"type":"Point","coordinates":[8.632071,47.697775]},"properties":{"line":"S24","mode":"tram","color":"#0A4595","colorDark":"#062652","band":0,"metro":1,"off":[1.7,1.1]}},{"type":"Feature","geometry":{"type":"Point","coordinates":[8.536232,47.525397]},"properties":{"name":"Bülach","band":0,"modes":"metro","arr":["S36","S41","SN9","SN41"],"off":[0,-0.8]}},{"type":"Feature","geometry":{"type":"Point","coordinates":[8.536232,47.525397]},"properties":{"line":"S36","mode":"tram","color":"#0A4595","colorDark":"#062652","band":0,"metro":1,"off":[-5.82,1.1]}},{"type":"Feature","geometry":{"type":"Point","coordinates":[8.536232,47.525397]},"properties":{"line":"S41","mode":"tram","color":"#0A4595","colorDark":"#062652","band":0,"metro":1,"off":[-1.94,1.1]}},{"type":"Feature","geometry":{"type":"Point","coordinates":[8.536232,47.525397]},"properties":{"line":"SN9","mode":"tram","color":"#000000","colorDark":"#000000","band":0,"metro":1,"off":[1.94,1.1]}},{"type":"Feature","geometry":{"type":"Point","coordinates":[8.536232,47.525397]},"properties":{"line":"SN41","mode":"tram","color":"#000000","colorDark":"#000000","band":0,"metro":1,"off":[5.82,1.1]}},{"type":"Feature","geometry":{"type":"Point","coordinates":[8.487477,47.35198]},"properties":{"name":"Uetliberg","band":0,"modes":"metro","arr":["S10"],"off":[0,-0.8]}},{"type":"Feature","geometry":{"type":"Point","coordinates":[8.487477,47.35198]},"properties":{"line":"S10","mode":"tram","color":"#0A4595","colorDark":"#062652","band":0,"metro":1,"off":[0,1.1]}},{"type":"Feature","geometry":{"type":"Point","coordinates":[8.848534,47.418059]},"properties":{"name":"Wila","band":0,"modes":"metro","arr":["S11"],"off":[0,-0.8]}},{"type":"Feature","geometry":{"type":"Point","coordinates":[8.848534,47.418059]},"properties":{"line":"S11","mode":"tram","color":"#0A4595","colorDark":"#062652","band":0,"metro":1,"off":[0,1.1]}},{"type":"Feature","geometry":{"type":"Point","coordinates":[8.209484,47.481151]},"properties":{"name":"Brugg AG","band":0,"modes":"metro","arr":["S12","S25"],"off":[0,-0.8]}},{"type":"Feature","geometry":{"type":"Point","coordinates":[8.209484,47.481151]},"properties":{"line":"S12","mode":"tram","color":"#0A4595","colorDark":"#062652","band":0,"metro":1,"off":[-1.7,1.1]}},{"type":"Feature","geometry":{"type":"Point","coordinates":[8.209484,47.481151]},"properties":{"line":"S25","mode":"tram","color":"#0A4595","colorDark":"#062652","band":0,"metro":1,"off":[1.7,1.1]}},{"type":"Feature","geometry":{"type":"Point","coordinates":[8.83949,47.300154]},"properties":{"name":"Hinwil","band":0,"modes":"metro","arr":["S14"],"off":[0,-0.8]}},{"type":"Feature","geometry":{"type":"Point","coordinates":[8.83949,47.300154]},"properties":{"line":"S14","mode":"tram","color":"#0A4595","colorDark":"#062652","band":0,"metro":1,"off":[0,1.1]}},{"type":"Feature","geometry":{"type":"Point","coordinates":[8.227405,47.60017]},"properties":{"name":"Koblenz","band":0,"modes":"metro","arr":["S19"],"off":[0,-0.8]}},{"type":"Feature","geometry":{"type":"Point","coordinates":[8.227405,47.60017]},"properties":{"line":"S19","mode":"tram","color":"#0A4595","colorDark":"#062652","band":0,"metro":1,"off":[0,1.1]}},{"type":"Feature","geometry":{"type":"Point","coordinates":[8.340004,47.276848]},"properties":{"name":"Muri AG","band":0,"modes":"metro","arr":["S25","S42"],"off":[0,-0.8]}},{"type":"Feature","geometry":{"type":"Point","coordinates":[8.340004,47.276848]},"properties":{"line":"S25","mode":"tram","color":"#0A4595","colorDark":"#062652","band":0,"metro":1,"off":[-1.7,1.1]}},{"type":"Feature","geometry":{"type":"Point","coordinates":[8.340004,47.276848]},"properties":{"line":"S42","mode":"tram","color":"#0A4595","colorDark":"#062652","band":0,"metro":1,"off":[1.7,1.1]}},{"type":"Feature","geometry":{"type":"Point","coordinates":[8.896757,47.558499]},"properties":{"name":"Frauenfeld","band":0,"modes":"metro","arr":["S30"],"off":[0,-0.8]}},{"type":"Feature","geometry":{"type":"Point","coordinates":[8.896757,47.558499]},"properties":{"line":"S30","mode":"tram","color":"#0A4595","colorDark":"#062652","band":0,"metro":1,"off":[0,1.1]}},{"type":"Feature","geometry":{"type":"Point","coordinates":[8.75993,47.507089]},"properties":{"name":"Oberwinterthur","band":0,"modes":"metro","arr":["SN1"],"off":[0,-0.8]}},{"type":"Feature","geometry":{"type":"Point","coordinates":[8.75993,47.507089]},"properties":{"line":"SN1","mode":"tram","color":"#000000","colorDark":"#000000","band":0,"metro":1,"off":[0,1.1]}},{"type":"Feature","geometry":{"type":"Point","coordinates":[8.549623,47.364913]},"properties":{"name":"Bahnhof Stadelhofen C","band":0,"modes":"metro","arr":["S18","SN18"],"off":[0,-0.8]}},{"type":"Feature","geometry":{"type":"Point","coordinates":[8.549623,47.364913]},"properties":{"line":"S18","mode":"tram","color":"#0A4595","colorDark":"#062652","band":0,"metro":1,"off":[-1.94,1.1]}},{"type":"Feature","geometry":{"type":"Point","coordinates":[8.549623,47.364913]},"properties":{"line":"SN18","mode":"tram","color":"#000000","colorDark":"#000000","band":0,"metro":1,"off":[1.94,1.1]}},{"type":"Feature","geometry":{"type":"Point","coordinates":[8.473769,47.394064]},"properties":{"name":"Hermetschloo","band":1,"modes":"bus","arr":["31"],"off":[0,-0.8]}},{"type":"Feature","geometry":{"type":"Point","coordinates":[8.473769,47.394064]},"properties":{"line":"31","mode":"bus","color":"#149a3f","colorDark":"#0a5121","band":1,"off":[0,1.1]}},{"type":"Feature","geometry":{"type":"Point","coordinates":[8.540467,47.374931]},"properties":{"name":"Bahnhofstrasse/HB","band":1,"modes":"bus,tram","arr":["46","6","14","N1","N3","N4","N5","N6","N7","N10","N13","N14","N16","N17","N46","N71","N74","N91"],"off":[0,-0.8],"sc":0.89}},{"type":"Feature","geometry":{"type":"Point","coordinates":[8.540467,47.374931]},"properties":{"name":"Bahnhofquai/HB","band":1,"modes":"bus,tram","arr":["46","6","14","N1","N3","N4","N5","N6","N7","N10","N13","N14","N16","N17","N46","N71","N74","N91"],"off":[0,-1.9],"sc":0.89}},{"type":"Feature","geometry":{"type":"Point","coordinates":[8.540467,47.374931]},"properties":{"name":"Bahnhofplatz/HB","band":1,"modes":"bus,tram","arr":["46","6","14","N1","N3","N4","N5","N6","N7","N10","N13","N14","N16","N17","N46","N71","N74","N91"],"off":[0,-3],"sc":0.89}},{"type":"Feature","geometry":{"type":"Point","coordinates":[8.540467,47.374931]},"properties":{"line":"46","mode":"bus","color":"#149a3f","colorDark":"#0a5121","band":1,"sc":0.89,"off":[-6.8,1.1]}},{"type":"Feature","geometry":{"type":"Point","coordinates":[8.540467,47.374931]},"properties":{"line":"6","mode":"tram","color":"#d6212b","colorDark":"#7c1116","band":1,"sc":0.89,"off":[-3.4,1.1]}},{"type":"Feature","geometry":{"type":"Point","coordinates":[8.540467,47.374931]},"properties":{"line":"14","mode":"tram","color":"#d6212b","colorDark":"#7c1116","band":1,"sc":0.89,"off":[0,1.1]}},{"type":"Feature","geometry":{"type":"Point","coordinates":[8.540467,47.374931]},"properties":{"line":"N1","mode":"bus","color":"#000000","colorDark":"#000000","band":1,"sc":0.89,"off":[3.4,1.1]}},{"type":"Feature","geometry":{"type":"Point","coordinates":[8.540467,47.374931]},"properties":{"line":"N3","mode":"bus","color":"#000000","colorDark":"#000000","band":1,"sc":0.89,"off":[6.8,1.1]}},{"type":"Feature","geometry":{"type":"Point","coordinates":[8.540467,47.374931]},"properties":{"line":"N4","mode":"bus","color":"#000000","colorDark":"#000000","band":1,"sc":0.89,"off":[-6.8,3.1]}},{"type":"Feature","geometry":{"type":"Point","coordinates":[8.540467,47.374931]},"properties":{"line":"N5","mode":"bus","color":"#000000","colorDark":"#000000","band":1,"sc":0.89,"off":[-3.4,3.1]}},{"type":"Feature","geometry":{"type":"Point","coordinates":[8.540467,47.374931]},"properties":{"line":"N6","mode":"bus","color":"#000000","colorDark":"#000000","band":1,"sc":0.89,"off":[0,3.1]}},{"type":"Feature","geometry":{"type":"Point","coordinates":[8.540467,47.374931]},"properties":{"line":"N7","mode":"bus","color":"#000000","colorDark":"#000000","band":1,"sc":0.89,"off":[3.4,3.1]}},{"type":"Feature","geometry":{"type":"Point","coordinates":[8.540467,47.374931]},"properties":{"line":"N10","mode":"bus","color":"#000000","colorDark":"#000000","band":1,"sc":0.89,"off":[6.8,3.1]}},{"type":"Feature","geometry":{"type":"Point","coordinates":[8.540467,47.374931]},"properties":{"line":"N13","mode":"bus","color":"#000000","colorDark":"#000000","band":1,"sc":0.89,"off":[-6.8,5.1]}},{"type":"Feature","geometry":{"type":"Point","coordinates":[8.540467,47.374931]},"properties":{"line":"N14","mode":"bus","color":"#000000","colorDark":"#000000","band":1,"sc":0.89,"off":[-3.4,5.1]}},{"type":"Feature","geometry":{"type":"Point","coordinates":[8.540467,47.374931]},"properties":{"line":"N16","mode":"bus","color":"#000000","colorDark":"#000000","band":1,"sc":0.89,"off":[0,5.1]}},{"type":"Feature","geometry":{"type":"Point","coordinates":[8.540467,47.374931]},"properties":{"line":"N17","mode":"bus","color":"#000000","colorDark":"#000000","band":1,"sc":0.89,"off":[3.4,5.1]}},{"type":"Feature","geometry":{"type":"Point","coordinates":[8.540467,47.374931]},"properties":{"line":"N46","mode":"bus","color":"#000000","colorDark":"#000000","band":1,"sc":0.89,"off":[6.8,5.1]}},{"type":"Feature","geometry":{"type":"Point","coordinates":[8.540467,47.374931]},"properties":{"line":"N71","mode":"bus","color":"#000000","colorDark":"#000000","band":1,"sc":0.89,"off":[-3.4,7.1]}},{"type":"Feature","geometry":{"type":"Point","coordinates":[8.540467,47.374931]},"properties":{"line":"N74","mode":"bus","color":"#000000","colorDark":"#000000","band":1,"sc":0.89,"off":[0,7.1]}},{"type":"Feature","geometry":{"type":"Point","coordinates":[8.540467,47.374931]},"properties":{"line":"N91","mode":"bus","color":"#000000","colorDark":"#000000","band":1,"sc":0.89,"off":[3.4,7.1]}},{"type":"Feature","geometry":{"type":"Point","coordinates":[8.600756,47.355175]},"properties":{"name":"Kienastenwies","band":1,"modes":"bus","arr":["31"],"off":[0,-0.8]}},{"type":"Feature","geometry":{"type":"Point","coordinates":[8.600756,47.355175]},"properties":{"line":"31","mode":"bus","color":"#149a3f","colorDark":"#0a5121","band":1,"off":[0,1.1]}},{"type":"Feature","geometry":{"type":"Point","coordinates":[8.496649,47.423788]},"properties":{"name":"Holzerhurd","band":1,"modes":"bus","arr":["32"],"off":[0,-0.8]}},{"type":"Feature","geometry":{"type":"Point","coordinates":[8.496649,47.423788]},"properties":{"line":"32","mode":"bus","color":"#149a3f","colorDark":"#0a5121","band":1,"off":[0,1.1]}},{"type":"Feature","geometry":{"type":"Point","coordinates":[8.502826,47.364463]},"properties":{"name":"Schweighof","band":1,"modes":"bus","arr":["73"],"off":[0,-0.8]}},{"type":"Feature","geometry":{"type":"Point","coordinates":[8.502826,47.364463]},"properties":{"line":"73","mode":"bus","color":"#0059a9","colorDark":"#00294f","band":1,"off":[0,1.1]}},{"type":"Feature","geometry":{"type":"Point","coordinates":[8.509475,47.352583]},"properties":{"name":"Strassenverkehrsamt","band":1,"modes":"bus,tram","arr":["32","5","13","16"],"off":[0,-0.8]}},{"type":"Feature","geometry":{"type":"Point","coordinates":[8.509475,47.352583]},"properties":{"name":"Albisgütli","band":1,"modes":"bus,tram","arr":["32","5","13","16"],"off":[0,-3]}},{"type":"Feature","geometry":{"type":"Point","coordinates":[8.509475,47.352583]},"properties":{"line":"32","mode":"bus","color":"#149a3f","colorDark":"#0a5121","band":1,"off":[-5.1,1.1]}},{"type":"Feature","geometry":{"type":"Point","coordinates":[8.509475,47.352583]},"properties":{"line":"5","mode":"tram","color":"#d6212b","colorDark":"#7c1116","band":1,"off":[-1.7,1.1]}},{"type":"Feature","geometry":{"type":"Point","coordinates":[8.509475,47.352583]},"properties":{"line":"13","mode":"tram","color":"#d6212b","colorDark":"#7c1116","band":1,"off":[1.7,1.1]}},{"type":"Feature","geometry":{"type":"Point","coordinates":[8.509475,47.352583]},"properties":{"line":"16","mode":"tram","color":"#d6212b","colorDark":"#7c1116","band":1,"off":[5.1,1.1]}},{"type":"Feature","geometry":{"type":"Point","coordinates":[8.505497,47.419449]},"properties":{"name":"Zehntenhausplatz","band":1,"modes":"bus","arr":["492"],"off":[0,-0.8]}},{"type":"Feature","geometry":{"type":"Point","coordinates":[8.505497,47.419449]},"properties":{"line":"492","mode":"bus","color":"#0059a9","colorDark":"#00294f","band":1,"off":[0,1.1]}},{"type":"Feature","geometry":{"type":"Point","coordinates":[8.56086,47.350421]},"properties":{"name":"Bahnhof Tiefenbrunnen","band":1,"modes":"bus,tram","arr":["33","11","15","N33"],"off":[0,-0.8]}},{"type":"Feature","geometry":{"type":"Point","coordinates":[8.56086,47.350421]},"properties":{"line":"33","mode":"bus","color":"#149a3f","colorDark":"#0a5121","band":1,"off":[-5.1,1.1]}},{"type":"Feature","geometry":{"type":"Point","coordinates":[8.56086,47.350421]},"properties":{"line":"11","mode":"tram","color":"#d6212b","colorDark":"#7c1116","band":1,"off":[-1.7,1.1]}},{"type":"Feature","geometry":{"type":"Point","coordinates":[8.56086,47.350421]},"properties":{"line":"15","mode":"tram","color":"#d6212b","colorDark":"#7c1116","band":1,"off":[1.7,1.1]}},{"type":"Feature","geometry":{"type":"Point","coordinates":[8.56086,47.350421]},"properties":{"line":"N33","mode":"bus","color":"#000000","colorDark":"#000000","band":1,"off":[5.1,1.1]}},{"type":"Feature","geometry":{"type":"Point","coordinates":[8.495504,47.36792]},"properties":{"name":"Triemli","band":1,"modes":"bus,tram","arr":["33","9","14","N8","N33"],"off":[0,-0.8]}},{"type":"Feature","geometry":{"type":"Point","coordinates":[8.495504,47.36792]},"properties":{"line":"33","mode":"bus","color":"#149a3f","colorDark":"#0a5121","band":1,"off":[-6.8,1.1]}},{"type":"Feature","geometry":{"type":"Point","coordinates":[8.495504,47.36792]},"properties":{"line":"9","mode":"tram","color":"#d6212b","colorDark":"#7c1116","band":1,"off":[-3.4,1.1]}},{"type":"Feature","geometry":{"type":"Point","coordinates":[8.495504,47.36792]},"properties":{"line":"14","mode":"tram","color":"#d6212b","colorDark":"#7c1116","band":1,"off":[0,1.1]}},{"type":"Feature","geometry":{"type":"Point","coordinates":[8.495504,47.36792]},"properties":{"line":"N8","mode":"bus","color":"#000000","colorDark":"#000000","band":1,"off":[3.4,1.1]}},{"type":"Feature","geometry":{"type":"Point","coordinates":[8.495504,47.36792]},"properties":{"line":"N33","mode":"bus","color":"#000000","colorDark":"#000000","band":1,"off":[6.8,1.1]}},{"type":"Feature","geometry":{"type":"Point","coordinates":[8.477304,47.413688]},"properties":{"name":"Rütihof","band":1,"modes":"bus","arr":["46","N46"],"off":[0,-0.8]}},{"type":"Feature","geometry":{"type":"Point","coordinates":[8.477304,47.413688]},"properties":{"line":"46","mode":"bus","color":"#149a3f","colorDark":"#0a5121","band":1,"off":[-1.7,1.1]}},{"type":"Feature","geometry":{"type":"Point","coordinates":[8.477304,47.413688]},"properties":{"line":"N46","mode":"bus","color":"#000000","colorDark":"#000000","band":1,"off":[1.7,1.1]}},{"type":"Feature","geometry":{"type":"Point","coordinates":[8.541881,47.397912]},"properties":{"name":"Milchbuck","band":1,"modes":"bus,tram","arr":["72","83","16","69","N15","N18"],"off":[0,-0.8]}},{"type":"Feature","geometry":{"type":"Point","coordinates":[8.541881,47.397912]},"properties":{"line":"72","mode":"bus","color":"#149a3f","colorDark":"#0a5121","band":1,"off":[-6.8,1.1]}},{"type":"Feature","geometry":{"type":"Point","coordinates":[8.541881,47.397912]},"properties":{"line":"83","mode":"bus","color":"#149a3f","colorDark":"#0a5121","band":1,"off":[-3.4,1.1]}},{"type":"Feature","geometry":{"type":"Point","coordinates":[8.541881,47.397912]},"properties":{"line":"16","mode":"tram","color":"#d6212b","colorDark":"#7c1116","band":1,"off":[0,1.1]}},{"type":"Feature","geometry":{"type":"Point","coordinates":[8.541881,47.397912]},"properties":{"line":"69","mode":"bus","color":"#0059a9","colorDark":"#00294f","band":1,"off":[3.4,1.1]}},{"type":"Feature","geometry":{"type":"Point","coordinates":[8.541881,47.397912]},"properties":{"line":"N15","mode":"bus","color":"#000000","colorDark":"#000000","band":1,"off":[6.8,1.1]}},{"type":"Feature","geometry":{"type":"Point","coordinates":[8.541881,47.397912]},"properties":{"line":"N18","mode":"bus","color":"#000000","colorDark":"#000000","band":1,"off":[0,3.1]}},{"type":"Feature","geometry":{"type":"Point","coordinates":[8.529616,47.344075]},"properties":{"name":"Morgental","band":1,"modes":"bus","arr":["72"],"off":[0,-0.8]}},{"type":"Feature","geometry":{"type":"Point","coordinates":[8.529616,47.344075]},"properties":{"line":"72","mode":"bus","color":"#149a3f","colorDark":"#0a5121","band":1,"off":[0,1.1]}},{"type":"Feature","geometry":{"type":"Point","coordinates":[8.5331,47.398357]},"properties":{"name":"Bucheggplatz G","band":1,"modes":"tram,bus","arr":["17","40"],"off":[0,-0.8]}},{"type":"Feature","geometry":{"type":"Point","coordinates":[8.5331,47.398357]},"properties":{"name":"Bucheggplatz D","band":1,"modes":"tram,bus","arr":["17","40"],"off":[0,-1.9]}},{"type":"Feature","geometry":{"type":"Point","coordinates":[8.5331,47.398357]},"properties":{"name":"Bucheggplatz","band":1,"modes":"tram,bus","arr":["17","40"],"off":[0,-3]}},{"type":"Feature","geometry":{"type":"Point","coordinates":[8.5331,47.398357]},"properties":{"line":"17","mode":"tram","color":"#d6212b","colorDark":"#7c1116","band":1,"off":[-1.7,1.1]}},{"type":"Feature","geometry":{"type":"Point","coordinates":[8.5331,47.398357]},"properties":{"line":"40","mode":"bus","color":"#0059a9","colorDark":"#00294f","band":1,"off":[1.7,1.1]}},{"type":"Feature","geometry":{"type":"Point","coordinates":[8.488907,47.392778]},"properties":{"name":"Bahnhof Altstetten N M","band":1,"modes":"bus","arr":["83","20","307","485","N12"],"off":[0,-0.8]}},{"type":"Feature","geometry":{"type":"Point","coordinates":[8.488907,47.392778]},"properties":{"name":"Bahnhof Altstetten G","band":1,"modes":"bus","arr":["83","20","307","485","N12"],"off":[0,-3]}},{"type":"Feature","geometry":{"type":"Point","coordinates":[8.488907,47.392778]},"properties":{"name":"Bahnhof Altstetten B","band":1,"modes":"bus","arr":["83","20","307","485","N12"],"off":[0,-5.2]}},{"type":"Feature","geometry":{"type":"Point","coordinates":[8.488907,47.392778]},"properties":{"line":"83","mode":"bus","color":"#149a3f","colorDark":"#0a5121","band":1,"off":[-6.8,1.1]}},{"type":"Feature","geometry":{"type":"Point","coordinates":[8.488907,47.392778]},"properties":{"line":"20","mode":"bus","color":"#0059a9","colorDark":"#00294f","band":1,"off":[-3.4,1.1]}},{"type":"Feature","geometry":{"type":"Point","coordinates":[8.488907,47.392778]},"properties":{"line":"307","mode":"bus","color":"#0059a9","colorDark":"#00294f","band":1,"off":[0,1.1]}},{"type":"Feature","geometry":{"type":"Point","coordinates":[8.488907,47.392778]},"properties":{"line":"485","mode":"bus","color":"#0059a9","colorDark":"#00294f","band":1,"off":[3.4,1.1]}},{"type":"Feature","geometry":{"type":"Point","coordinates":[8.488907,47.392778]},"properties":{"line":"N12","mode":"bus","color":"#000000","colorDark":"#000000","band":1,"off":[6.8,1.1]}},{"type":"Feature","geometry":{"type":"Point","coordinates":[8.353506,47.433264]},"properties":{"name":"Killwangen, Bahnhof A","band":1,"modes":"bus","arr":["20"],"off":[0,-0.8]}},{"type":"Feature","geometry":{"type":"Point","coordinates":[8.353506,47.433264]},"properties":{"line":"20","mode":"bus","color":"#0059a9","colorDark":"#00294f","band":1,"off":[0,1.1]}},{"type":"Feature","geometry":{"type":"Point","coordinates":[8.446739,47.398221]},"properties":{"name":"Schlieren, Zentrum/Bahnhof","band":1,"modes":"tram,bus","arr":["2","201","307","317","EV2","N17","N30","N34","N36"],"off":[0,-0.8]}},{"type":"Feature","geometry":{"type":"Point","coordinates":[8.446739,47.398221]},"properties":{"name":"Schlieren, Geissweid","band":1,"modes":"tram,bus","arr":["2","201","307","317","EV2","N17","N30","N34","N36"],"off":[0,-3]}},{"type":"Feature","geometry":{"type":"Point","coordinates":[8.446739,47.398221]},"properties":{"name":"Schlieren, Bahnhof","band":1,"modes":"tram,bus","arr":["2","201","307","317","EV2","N17","N30","N34","N36"],"off":[0,-5.2]}},{"type":"Feature","geometry":{"type":"Point","coordinates":[8.446739,47.398221]},"properties":{"line":"2","mode":"tram","color":"#d6212b","colorDark":"#7c1116","band":1,"off":[-6.8,1.1]}},{"type":"Feature","geometry":{"type":"Point","coordinates":[8.446739,47.398221]},"properties":{"line":"201","mode":"bus","color":"#0059a9","colorDark":"#00294f","band":1,"off":[-3.4,1.1]}},{"type":"Feature","geometry":{"type":"Point","coordinates":[8.446739,47.398221]},"properties":{"line":"307","mode":"bus","color":"#0059a9","colorDark":"#00294f","band":1,"off":[0,1.1]}},{"type":"Feature","geometry":{"type":"Point","coordinates":[8.446739,47.398221]},"properties":{"line":"317","mode":"bus","color":"#0059a9","colorDark":"#00294f","band":1,"off":[3.4,1.1]}},{"type":"Feature","geometry":{"type":"Point","coordinates":[8.446739,47.398221]},"properties":{"line":"EV2","mode":"bus","color":"#0059a9","colorDark":"#00294f","band":1,"off":[6.8,1.1]}},{"type":"Feature","geometry":{"type":"Point","coordinates":[8.446739,47.398221]},"properties":{"line":"N17","mode":"bus","color":"#000000","colorDark":"#000000","band":1,"off":[-5.1,3.1]}},{"type":"Feature","geometry":{"type":"Point","coordinates":[8.446739,47.398221]},"properties":{"line":"N30","mode":"bus","color":"#000000","colorDark":"#000000","band":1,"off":[-1.7,3.1]}},{"type":"Feature","geometry":{"type":"Point","coordinates":[8.446739,47.398221]},"properties":{"line":"N34","mode":"bus","color":"#000000","colorDark":"#000000","band":1,"off":[1.7,3.1]}},{"type":"Feature","geometry":{"type":"Point","coordinates":[8.446739,47.398221]},"properties":{"line":"N36","mode":"bus","color":"#000000","colorDark":"#000000","band":1,"off":[5.1,3.1]}},{"type":"Feature","geometry":{"type":"Point","coordinates":[8.574414,47.373187]},"properties":{"name":"Bergstation Dolderbahn","band":1,"modes":"bus","arr":["25"],"off":[0,-0.8]}},{"type":"Feature","geometry":{"type":"Point","coordinates":[8.574414,47.373187]},"properties":{"line":"25","mode":"bus","color":"#0059a9","colorDark":"#00294f","band":1,"off":[0,1.1]}},{"type":"Feature","geometry":{"type":"Point","coordinates":[8.561245,47.368498]},"properties":{"name":"Römerhof","band":1,"modes":"bus","arr":["25"],"off":[0,-0.8]}},{"type":"Feature","geometry":{"type":"Point","coordinates":[8.561245,47.368498]},"properties":{"line":"25","mode":"bus","color":"#0059a9","colorDark":"#00294f","band":1,"off":[0,1.1]}},{"type":"Feature","geometry":{"type":"Point","coordinates":[8.496252,47.425978]},"properties":{"name":"Mühlacker","band":1,"modes":"bus","arr":["37","61"],"off":[0,-0.8]}},{"type":"Feature","geometry":{"type":"Point","coordinates":[8.496252,47.425978]},"properties":{"line":"37","mode":"bus","color":"#0059a9","colorDark":"#00294f","band":1,"off":[-1.7,1.1]}},{"type":"Feature","geometry":{"type":"Point","coordinates":[8.496252,47.425978]},"properties":{"line":"61","mode":"bus","color":"#0059a9","colorDark":"#00294f","band":1,"off":[1.7,1.1]}},{"type":"Feature","geometry":{"type":"Point","coordinates":[8.508175,47.409048]},"properties":{"name":"ETH Hönggerberg","band":1,"modes":"bus","arr":["37","42","44","69"],"off":[0,-0.8]}},{"type":"Feature","geometry":{"type":"Point","coordinates":[8.508175,47.409048]},"properties":{"line":"37","mode":"bus","color":"#0059a9","colorDark":"#00294f","band":1,"off":[-5.1,1.1]}},{"type":"Feature","geometry":{"type":"Point","coordinates":[8.508175,47.409048]},"properties":{"line":"42","mode":"bus","color":"#0059a9","colorDark":"#00294f","band":1,"off":[-1.7,1.1]}},{"type":"Feature","geometry":{"type":"Point","coordinates":[8.508175,47.409048]},"properties":{"line":"44","mode":"bus","color":"#0059a9","colorDark":"#00294f","band":1,"off":[1.7,1.1]}},{"type":"Feature","geometry":{"type":"Point","coordinates":[8.508175,47.409048]},"properties":{"line":"69","mode":"bus","color":"#0059a9","colorDark":"#00294f","band":1,"off":[5.1,1.1]}},{"type":"Feature","geometry":{"type":"Point","coordinates":[8.496738,47.40948]},"properties":{"name":"Schützenhaus Höngg","band":1,"modes":"bus","arr":["38"],"off":[0,-0.8]}},{"type":"Feature","geometry":{"type":"Point","coordinates":[8.496738,47.40948]},"properties":{"line":"38","mode":"bus","color":"#0059a9","colorDark":"#00294f","band":1,"off":[0,1.1]}},{"type":"Feature","geometry":{"type":"Point","coordinates":[8.521876,47.399099]},"properties":{"name":"Waidspital","band":1,"modes":"bus","arr":["38"],"off":[0,-0.8]}},{"type":"Feature","geometry":{"type":"Point","coordinates":[8.521876,47.399099]},"properties":{"line":"38","mode":"bus","color":"#0059a9","colorDark":"#00294f","band":1,"off":[0,1.1]}},{"type":"Feature","geometry":{"type":"Point","coordinates":[8.54568,47.391195]},"properties":{"name":"Letzistrasse","band":1,"modes":"bus","arr":["39"],"off":[0,-0.8]}},{"type":"Feature","geometry":{"type":"Point","coordinates":[8.54568,47.391195]},"properties":{"line":"39","mode":"bus","color":"#0059a9","colorDark":"#00294f","band":1,"off":[0,1.1]}},{"type":"Feature","geometry":{"type":"Point","coordinates":[8.576916,47.384561]},"properties":{"name":"Im Klösterli","band":1,"modes":"bus","arr":["39"],"off":[0,-0.8]}},{"type":"Feature","geometry":{"type":"Point","coordinates":[8.576916,47.384561]},"properties":{"line":"39","mode":"bus","color":"#0059a9","colorDark":"#00294f","band":1,"off":[0,1.1]}},{"type":"Feature","geometry":{"type":"Point","coordinates":[8.549865,47.421879]},"properties":{"name":"Seebach","band":1,"modes":"bus,tram","arr":["40","42","51","742","N75"],"off":[0,-0.8]}},{"type":"Feature","geometry":{"type":"Point","coordinates":[8.549865,47.421879]},"properties":{"line":"40","mode":"bus","color":"#0059a9","colorDark":"#00294f","band":1,"off":[-6.8,1.1]}},{"type":"Feature","geometry":{"type":"Point","coordinates":[8.549865,47.421879]},"properties":{"line":"42","mode":"bus","color":"#0059a9","colorDark":"#00294f","band":1,"off":[-3.4,1.1]}},{"type":"Feature","geometry":{"type":"Point","coordinates":[8.549865,47.421879]},"properties":{"line":"51","mode":"tram","color":"#d6212b","colorDark":"#7c1116","band":1,"off":[0,1.1]}},{"type":"Feature","geometry":{"type":"Point","coordinates":[8.549865,47.421879]},"properties":{"line":"742","mode":"bus","color":"#0059a9","colorDark":"#00294f","band":1,"off":[3.4,1.1]}},{"type":"Feature","geometry":{"type":"Point","coordinates":[8.549865,47.421879]},"properties":{"line":"N75","mode":"bus","color":"#000000","colorDark":"#000000","band":1,"off":[6.8,1.1]}},{"type":"Feature","geometry":{"type":"Point","coordinates":[8.515203,47.428384]},"properties":{"name":"Reckenholz","band":1,"modes":"bus","arr":["44"],"off":[0,-0.8]}},{"type":"Feature","geometry":{"type":"Point","coordinates":[8.515203,47.428384]},"properties":{"line":"44","mode":"bus","color":"#0059a9","colorDark":"#00294f","band":1,"off":[0,1.1]}},{"type":"Feature","geometry":{"type":"Point","coordinates":[8.482059,47.397883]},"properties":{"name":"Werdhölzli","band":1,"modes":"tram,bus","arr":["17","45"],"off":[0,-0.8]}},{"type":"Feature","geometry":{"type":"Point","coordinates":[8.482059,47.397883]},"properties":{"line":"17","mode":"tram","color":"#d6212b","colorDark":"#7c1116","band":1,"off":[-1.7,1.1]}},{"type":"Feature","geometry":{"type":"Point","coordinates":[8.482059,47.397883]},"properties":{"line":"45","mode":"bus","color":"#0059a9","colorDark":"#00294f","band":1,"off":[1.7,1.1]}},{"type":"Feature","geometry":{"type":"Point","coordinates":[8.470374,47.388572]},"properties":{"name":"Dunkelhölzli","band":1,"modes":"bus","arr":["67","78","N1"],"off":[0,-0.8]}},{"type":"Feature","geometry":{"type":"Point","coordinates":[8.470374,47.388572]},"properties":{"line":"67","mode":"bus","color":"#0059a9","colorDark":"#00294f","band":1,"off":[-3.4,1.1]}},{"type":"Feature","geometry":{"type":"Point","coordinates":[8.470374,47.388572]},"properties":{"line":"78","mode":"bus","color":"#0059a9","colorDark":"#00294f","band":1,"off":[0,1.1]}},{"type":"Feature","geometry":{"type":"Point","coordinates":[8.470374,47.388572]},"properties":{"line":"N1","mode":"bus","color":"#000000","colorDark":"#000000","band":1,"off":[3.4,1.1]}},{"type":"Feature","geometry":{"type":"Point","coordinates":[8.474863,47.383372]},"properties":{"name":"Friedhof Eichbühl","band":1,"modes":"bus","arr":["45"],"off":[0,-0.8]}},{"type":"Feature","geometry":{"type":"Point","coordinates":[8.474863,47.383372]},"properties":{"line":"45","mode":"bus","color":"#0059a9","colorDark":"#00294f","band":1,"off":[0,1.1]}},{"type":"Feature","geometry":{"type":"Point","coordinates":[8.59534,47.408608]},"properties":{"name":"Wallisellen, Glatt (Bus) C","band":1,"modes":"bus","arr":["61","N9"],"off":[0,-0.8]}},{"type":"Feature","geometry":{"type":"Point","coordinates":[8.59534,47.408608]},"properties":{"name":"Wallisellen, Glatt (Bus) A","band":1,"modes":"bus","arr":["61","N9"],"off":[0,-3]}},{"type":"Feature","geometry":{"type":"Point","coordinates":[8.59534,47.408608]},"properties":{"line":"61","mode":"bus","color":"#0059a9","colorDark":"#00294f","band":1,"off":[-1.7,1.1]}},{"type":"Feature","geometry":{"type":"Point","coordinates":[8.59534,47.408608]},"properties":{"line":"N9","mode":"bus","color":"#000000","colorDark":"#000000","band":1,"off":[1.7,1.1]}},{"type":"Feature","geometry":{"type":"Point","coordinates":[8.522848,47.423726]},"properties":{"name":"Waidhof","band":1,"modes":"bus","arr":["62","N2"],"off":[0,-0.8]}},{"type":"Feature","geometry":{"type":"Point","coordinates":[8.522848,47.423726]},"properties":{"line":"62","mode":"bus","color":"#0059a9","colorDark":"#00294f","band":1,"off":[-1.7,1.1]}},{"type":"Feature","geometry":{"type":"Point","coordinates":[8.522848,47.423726]},"properties":{"line":"N2","mode":"bus","color":"#000000","colorDark":"#000000","band":1,"off":[1.7,1.1]}},{"type":"Feature","geometry":{"type":"Point","coordinates":[8.571416,47.404771]},"properties":{"name":"Schwamendingerplatz","band":1,"modes":"bus","arr":["62","N12"],"off":[0,-0.8]}},{"type":"Feature","geometry":{"type":"Point","coordinates":[8.571416,47.404771]},"properties":{"line":"62","mode":"bus","color":"#0059a9","colorDark":"#00294f","band":1,"off":[-1.7,1.1]}},{"type":"Feature","geometry":{"type":"Point","coordinates":[8.571416,47.404771]},"properties":{"line":"N12","mode":"bus","color":"#000000","colorDark":"#000000","band":1,"off":[1.7,1.1]}},{"type":"Feature","geometry":{"type":"Point","coordinates":[8.54483,47.412171]},"properties":{"name":"Bahnhof Oerlikon Nord","band":1,"modes":"bus","arr":["64","80","768","781","787","N8","N75","N79"],"off":[0,-0.8]}},{"type":"Feature","geometry":{"type":"Point","coordinates":[8.54483,47.412171]},"properties":{"name":"Bahnhof Oerlikon","band":1,"modes":"bus","arr":["64","80","768","781","787","N8","N75","N79"],"off":[0,-3]}},{"type":"Feature","geometry":{"type":"Point","coordinates":[8.54483,47.412171]},"properties":{"line":"64","mode":"bus","color":"#0059a9","colorDark":"#00294f","band":1,"off":[-6.8,1.1]}},{"type":"Feature","geometry":{"type":"Point","coordinates":[8.54483,47.412171]},"properties":{"line":"80","mode":"bus","color":"#0059a9","colorDark":"#00294f","band":1,"off":[-3.4,1.1]}},{"type":"Feature","geometry":{"type":"Point","coordinates":[8.54483,47.412171]},"properties":{"line":"768","mode":"bus","color":"#0059a9","colorDark":"#00294f","band":1,"off":[0,1.1]}},{"type":"Feature","geometry":{"type":"Point","coordinates":[8.54483,47.412171]},"properties":{"line":"781","mode":"bus","color":"#0059a9","colorDark":"#00294f","band":1,"off":[3.4,1.1]}},{"type":"Feature","geometry":{"type":"Point","coordinates":[8.54483,47.412171]},"properties":{"line":"787","mode":"bus","color":"#0059a9","colorDark":"#00294f","band":1,"off":[6.8,1.1]}},{"type":"Feature","geometry":{"type":"Point","coordinates":[8.54483,47.412171]},"properties":{"line":"N8","mode":"bus","color":"#000000","colorDark":"#000000","band":1,"off":[-3.4,3.1]}},{"type":"Feature","geometry":{"type":"Point","coordinates":[8.54483,47.412171]},"properties":{"line":"N75","mode":"bus","color":"#000000","colorDark":"#000000","band":1,"off":[0,3.1]}},{"type":"Feature","geometry":{"type":"Point","coordinates":[8.54483,47.412171]},"properties":{"line":"N79","mode":"bus","color":"#000000","colorDark":"#000000","band":1,"off":[3.4,3.1]}},{"type":"Feature","geometry":{"type":"Point","coordinates":[8.530275,47.364508]},"properties":{"name":"Bahnhof Enge/Bederstr.","band":1,"modes":"bus","arr":["66","200","210"],"off":[0,-0.8]}},{"type":"Feature","geometry":{"type":"Point","coordinates":[8.530275,47.364508]},"properties":{"line":"66","mode":"bus","color":"#0059a9","colorDark":"#00294f","band":1,"off":[-3.4,1.1]}},{"type":"Feature","geometry":{"type":"Point","coordinates":[8.530275,47.364508]},"properties":{"line":"200","mode":"bus","color":"#0059a9","colorDark":"#00294f","band":1,"off":[0,1.1]}},{"type":"Feature","geometry":{"type":"Point","coordinates":[8.530275,47.364508]},"properties":{"line":"210","mode":"bus","color":"#0059a9","colorDark":"#00294f","band":1,"off":[3.4,1.1]}},{"type":"Feature","geometry":{"type":"Point","coordinates":[8.540333,47.31742]},"properties":{"name":"Kilchberg ZH, Neuweid","band":1,"modes":"bus","arr":["66","161"],"off":[0,-0.8]}},{"type":"Feature","geometry":{"type":"Point","coordinates":[8.540333,47.31742]},"properties":{"name":"Kilchberg ZH, Kirche","band":1,"modes":"bus","arr":["66","161"],"off":[0,-3]}},{"type":"Feature","geometry":{"type":"Point","coordinates":[8.540333,47.31742]},"properties":{"line":"66","mode":"bus","color":"#0059a9","colorDark":"#00294f","band":1,"off":[-1.7,1.1]}},{"type":"Feature","geometry":{"type":"Point","coordinates":[8.540333,47.31742]},"properties":{"line":"161","mode":"bus","color":"#0059a9","colorDark":"#00294f","band":1,"off":[1.7,1.1]}},{"type":"Feature","geometry":{"type":"Point","coordinates":[8.541678,47.32444]},"properties":{"name":"Kilchberg ZH, Stockengut","band":1,"modes":"bus","arr":["163"],"off":[0,-0.8]}},{"type":"Feature","geometry":{"type":"Point","coordinates":[8.541678,47.32444]},"properties":{"name":"Kilchberg ZH, Schlimbergstr.","band":1,"modes":"bus","arr":["163"],"off":[0,-3]}},{"type":"Feature","geometry":{"type":"Point","coordinates":[8.541678,47.32444]},"properties":{"line":"163","mode":"bus","color":"#0059a9","colorDark":"#00294f","band":1,"off":[0,1.1]}},{"type":"Feature","geometry":{"type":"Point","coordinates":[8.523724,47.371641]},"properties":{"name":"Bahnhof Wiedikon","band":1,"modes":"bus","arr":["67","215","220","235","236","245"],"off":[0,-0.8]}},{"type":"Feature","geometry":{"type":"Point","coordinates":[8.523724,47.371641]},"properties":{"line":"67","mode":"bus","color":"#0059a9","colorDark":"#00294f","band":1,"off":[-6.8,1.1]}},{"type":"Feature","geometry":{"type":"Point","coordinates":[8.523724,47.371641]},"properties":{"line":"215","mode":"bus","color":"#0059a9","colorDark":"#00294f","band":1,"off":[-3.4,1.1]}},{"type":"Feature","geometry":{"type":"Point","coordinates":[8.523724,47.371641]},"properties":{"line":"220","mode":"bus","color":"#0059a9","colorDark":"#00294f","band":1,"off":[0,1.1]}},{"type":"Feature","geometry":{"type":"Point","coordinates":[8.523724,47.371641]},"properties":{"line":"235","mode":"bus","color":"#0059a9","colorDark":"#00294f","band":1,"off":[3.4,1.1]}},{"type":"Feature","geometry":{"type":"Point","coordinates":[8.523724,47.371641]},"properties":{"line":"236","mode":"bus","color":"#0059a9","colorDark":"#00294f","band":1,"off":[6.8,1.1]}},{"type":"Feature","geometry":{"type":"Point","coordinates":[8.523724,47.371641]},"properties":{"line":"245","mode":"bus","color":"#0059a9","colorDark":"#00294f","band":1,"off":[0,3.1]}},{"type":"Feature","geometry":{"type":"Point","coordinates":[8.533204,47.34825]},"properties":{"name":"Bahnhof Wollishofen","band":1,"modes":"bus","arr":["70","184","185"],"off":[0,-0.8]}},{"type":"Feature","geometry":{"type":"Point","coordinates":[8.533204,47.34825]},"properties":{"line":"70","mode":"bus","color":"#0059a9","colorDark":"#00294f","band":1,"off":[-3.4,1.1]}},{"type":"Feature","geometry":{"type":"Point","coordinates":[8.533204,47.34825]},"properties":{"line":"184","mode":"bus","color":"#0059a9","colorDark":"#00294f","band":1,"off":[0,1.1]}},{"type":"Feature","geometry":{"type":"Point","coordinates":[8.533204,47.34825]},"properties":{"line":"185","mode":"bus","color":"#0059a9","colorDark":"#00294f","band":1,"off":[3.4,1.1]}},{"type":"Feature","geometry":{"type":"Point","coordinates":[8.514429,47.323162]},"properties":{"name":"Mittelleimbach","band":1,"modes":"bus","arr":["70","151"],"off":[0,-0.8]}},{"type":"Feature","geometry":{"type":"Point","coordinates":[8.514429,47.323162]},"properties":{"line":"70","mode":"bus","color":"#0059a9","colorDark":"#00294f","band":1,"off":[-1.7,1.1]}},{"type":"Feature","geometry":{"type":"Point","coordinates":[8.514429,47.323162]},"properties":{"line":"151","mode":"bus","color":"#0059a9","colorDark":"#00294f","band":1,"off":[1.7,1.1]}},{"type":"Feature","geometry":{"type":"Point","coordinates":[8.497573,47.358736]},"properties":{"name":"Zielweg","band":1,"modes":"bus","arr":["73"],"off":[0,-0.8]}},{"type":"Feature","geometry":{"type":"Point","coordinates":[8.497573,47.358736]},"properties":{"line":"73","mode":"bus","color":"#0059a9","colorDark":"#00294f","band":1,"off":[0,1.1]}},{"type":"Feature","geometry":{"type":"Point","coordinates":[8.548221,47.419653]},"properties":{"name":"Seebacherplatz","band":1,"modes":"bus","arr":["75"],"off":[0,-0.8]}},{"type":"Feature","geometry":{"type":"Point","coordinates":[8.548221,47.419653]},"properties":{"line":"75","mode":"bus","color":"#0059a9","colorDark":"#00294f","band":1,"off":[0,1.1]}},{"type":"Feature","geometry":{"type":"Point","coordinates":[8.571975,47.41342]},"properties":{"name":"Auzelg Ost","band":1,"modes":"bus","arr":["75"],"off":[0,-0.8]}},{"type":"Feature","geometry":{"type":"Point","coordinates":[8.571975,47.41342]},"properties":{"line":"75","mode":"bus","color":"#0059a9","colorDark":"#00294f","band":1,"off":[0,1.1]}},{"type":"Feature","geometry":{"type":"Point","coordinates":[8.518468,47.362945]},"properties":{"name":"Binz","band":1,"modes":"bus","arr":["76","EV1","EV3"],"off":[0,-0.8]}},{"type":"Feature","geometry":{"type":"Point","coordinates":[8.518468,47.362945]},"properties":{"line":"76","mode":"bus","color":"#0059a9","colorDark":"#00294f","band":1,"off":[-3.4,1.1]}},{"type":"Feature","geometry":{"type":"Point","coordinates":[8.518468,47.362945]},"properties":{"line":"EV1","mode":"bus","color":"#0059a9","colorDark":"#00294f","band":1,"off":[0,1.1]}},{"type":"Feature","geometry":{"type":"Point","coordinates":[8.518468,47.362945]},"properties":{"line":"EV3","mode":"bus","color":"#0059a9","colorDark":"#00294f","band":1,"off":[3.4,1.1]}},{"type":"Feature","geometry":{"type":"Point","coordinates":[8.469843,47.358388]},"properties":{"name":"Ringlikon, Dorf","band":1,"modes":"bus","arr":["76","EV1","EV3"],"off":[0,-0.8]}},{"type":"Feature","geometry":{"type":"Point","coordinates":[8.469843,47.358388]},"properties":{"line":"76","mode":"bus","color":"#0059a9","colorDark":"#00294f","band":1,"off":[-3.4,1.1]}},{"type":"Feature","geometry":{"type":"Point","coordinates":[8.469843,47.358388]},"properties":{"line":"EV1","mode":"bus","color":"#0059a9","colorDark":"#00294f","band":1,"off":[0,1.1]}},{"type":"Feature","geometry":{"type":"Point","coordinates":[8.469843,47.358388]},"properties":{"line":"EV3","mode":"bus","color":"#0059a9","colorDark":"#00294f","band":1,"off":[3.4,1.1]}},{"type":"Feature","geometry":{"type":"Point","coordinates":[8.560497,47.361916]},"properties":{"name":"Hegibachplatz D","band":1,"modes":"bus","arr":["77"],"off":[0,-0.8]}},{"type":"Feature","geometry":{"type":"Point","coordinates":[8.560497,47.361916]},"properties":{"line":"77","mode":"bus","color":"#0059a9","colorDark":"#00294f","band":1,"off":[0,1.1]}},{"type":"Feature","geometry":{"type":"Point","coordinates":[8.575663,47.353923]},"properties":{"name":"Balgrist","band":1,"modes":"bus","arr":["77","99"],"off":[0,-0.8]}},{"type":"Feature","geometry":{"type":"Point","coordinates":[8.575663,47.353923]},"properties":{"line":"77","mode":"bus","color":"#0059a9","colorDark":"#00294f","band":1,"off":[-1.7,1.1]}},{"type":"Feature","geometry":{"type":"Point","coordinates":[8.575663,47.353923]},"properties":{"line":"99","mode":"bus","color":"#0059a9","colorDark":"#00294f","band":1,"off":[1.7,1.1]}},{"type":"Feature","geometry":{"type":"Point","coordinates":[8.483817,47.412146]},"properties":{"name":"Heizenholz","band":1,"modes":"bus","arr":["78"],"off":[0,-0.8]}},{"type":"Feature","geometry":{"type":"Point","coordinates":[8.483817,47.412146]},"properties":{"line":"78","mode":"bus","color":"#0059a9","colorDark":"#00294f","band":1,"off":[0,1.1]}},{"type":"Feature","geometry":{"type":"Point","coordinates":[8.496866,47.366095]},"properties":{"name":"Triemlispital","band":1,"modes":"bus","arr":["80"],"off":[0,-0.8]}},{"type":"Feature","geometry":{"type":"Point","coordinates":[8.496866,47.366095]},"properties":{"line":"80","mode":"bus","color":"#0059a9","colorDark":"#00294f","band":1,"off":[0,1.1]}},{"type":"Feature","geometry":{"type":"Point","coordinates":[8.449013,47.413369]},"properties":{"name":"Unterengstringen, Sennenbüel N","band":1,"modes":"bus","arr":["89","N13"],"off":[0,-0.8]}},{"type":"Feature","geometry":{"type":"Point","coordinates":[8.449013,47.413369]},"properties":{"name":"Unterengstringen, Sennenbüel","band":1,"modes":"bus","arr":["89","N13"],"off":[0,-3]}},{"type":"Feature","geometry":{"type":"Point","coordinates":[8.449013,47.413369]},"properties":{"line":"89","mode":"bus","color":"#0059a9","colorDark":"#00294f","band":1,"off":[-1.7,1.1]}},{"type":"Feature","geometry":{"type":"Point","coordinates":[8.449013,47.413369]},"properties":{"line":"N13","mode":"bus","color":"#000000","colorDark":"#000000","band":1,"off":[1.7,1.1]}},{"type":"Feature","geometry":{"type":"Point","coordinates":[8.523036,47.358219]},"properties":{"name":"Sihlcity","band":1,"modes":"bus","arr":["89","N2","N5"],"off":[0,-0.8]}},{"type":"Feature","geometry":{"type":"Point","coordinates":[8.523036,47.358219]},"properties":{"line":"89","mode":"bus","color":"#0059a9","colorDark":"#00294f","band":1,"off":[-3.4,1.1]}},{"type":"Feature","geometry":{"type":"Point","coordinates":[8.523036,47.358219]},"properties":{"line":"N2","mode":"bus","color":"#000000","colorDark":"#000000","band":1,"off":[0,1.1]}},{"type":"Feature","geometry":{"type":"Point","coordinates":[8.523036,47.358219]},"properties":{"line":"N5","mode":"bus","color":"#000000","colorDark":"#000000","band":1,"off":[3.4,1.1]}},{"type":"Feature","geometry":{"type":"Point","coordinates":[8.588668,47.360917]},"properties":{"name":"Buchholz","band":1,"modes":"bus","arr":["91"],"off":[0,-0.8]}},{"type":"Feature","geometry":{"type":"Point","coordinates":[8.588668,47.360917]},"properties":{"line":"91","mode":"bus","color":"#0059a9","colorDark":"#00294f","band":1,"off":[0,1.1]}},{"type":"Feature","geometry":{"type":"Point","coordinates":[8.602179,47.34599]},"properties":{"name":"Zollikerberg, Station","band":1,"modes":"bus","arr":["91"],"off":[0,-0.8]}},{"type":"Feature","geometry":{"type":"Point","coordinates":[8.602179,47.34599]},"properties":{"line":"91","mode":"bus","color":"#0059a9","colorDark":"#00294f","band":1,"off":[0,1.1]}},{"type":"Feature","geometry":{"type":"Point","coordinates":[8.569851,47.337681]},"properties":{"name":"Zollikon, Bahnhof","band":1,"modes":"bus","arr":["99","910","N4"],"off":[0,-0.8]}},{"type":"Feature","geometry":{"type":"Point","coordinates":[8.569851,47.337681]},"properties":{"line":"99","mode":"bus","color":"#0059a9","colorDark":"#00294f","band":1,"off":[-3.4,1.1]}},{"type":"Feature","geometry":{"type":"Point","coordinates":[8.569851,47.337681]},"properties":{"line":"910","mode":"bus","color":"#0059a9","colorDark":"#00294f","band":1,"off":[0,1.1]}},{"type":"Feature","geometry":{"type":"Point","coordinates":[8.569851,47.337681]},"properties":{"line":"N4","mode":"bus","color":"#000000","colorDark":"#000000","band":1,"off":[3.4,1.1]}},{"type":"Feature","geometry":{"type":"Point","coordinates":[8.577259,47.334843]},"properties":{"name":"Zollikon, Goldhaldenplatz","band":1,"modes":"bus","arr":["99","910"],"off":[0,-0.8]}},{"type":"Feature","geometry":{"type":"Point","coordinates":[8.577259,47.334843]},"properties":{"line":"99","mode":"bus","color":"#0059a9","colorDark":"#00294f","band":1,"off":[-1.7,1.1]}},{"type":"Feature","geometry":{"type":"Point","coordinates":[8.577259,47.334843]},"properties":{"line":"910","mode":"bus","color":"#0059a9","colorDark":"#00294f","band":1,"off":[1.7,1.1]}},{"type":"Feature","geometry":{"type":"Point","coordinates":[8.59608,47.260328]},"properties":{"name":"Horgen, Bahnhof F","band":1,"modes":"bus","arr":["131","132","134","136","N25"],"off":[0,-0.8]}},{"type":"Feature","geometry":{"type":"Point","coordinates":[8.59608,47.260328]},"properties":{"name":"Horgen, Bahnhof D","band":1,"modes":"bus","arr":["131","132","134","136","N25"],"off":[0,-1.9]}},{"type":"Feature","geometry":{"type":"Point","coordinates":[8.59608,47.260328]},"properties":{"name":"Horgen, Bahnhof C","band":1,"modes":"bus","arr":["131","132","134","136","N25"],"off":[0,-3]}},{"type":"Feature","geometry":{"type":"Point","coordinates":[8.59608,47.260328]},"properties":{"line":"131","mode":"bus","color":"#0059a9","colorDark":"#00294f","band":1,"off":[-6.8,1.1]}},{"type":"Feature","geometry":{"type":"Point","coordinates":[8.59608,47.260328]},"properties":{"line":"132","mode":"bus","color":"#0059a9","colorDark":"#00294f","band":1,"off":[-3.4,1.1]}},{"type":"Feature","geometry":{"type":"Point","coordinates":[8.59608,47.260328]},"properties":{"line":"134","mode":"bus","color":"#0059a9","colorDark":"#00294f","band":1,"off":[0,1.1]}},{"type":"Feature","geometry":{"type":"Point","coordinates":[8.59608,47.260328]},"properties":{"line":"136","mode":"bus","color":"#0059a9","colorDark":"#00294f","band":1,"off":[3.4,1.1]}},{"type":"Feature","geometry":{"type":"Point","coordinates":[8.59608,47.260328]},"properties":{"line":"N25","mode":"bus","color":"#000000","colorDark":"#000000","band":1,"off":[6.8,1.1]}},{"type":"Feature","geometry":{"type":"Point","coordinates":[8.59593,47.2628]},"properties":{"name":"Horgen, Bahnhof E","band":1,"modes":"bus","arr":["133","134","137","145"],"off":[0,-0.8]}},{"type":"Feature","geometry":{"type":"Point","coordinates":[8.59593,47.2628]},"properties":{"name":"Horgen, Bahnhof B","band":1,"modes":"bus","arr":["133","134","137","145"],"off":[0,-1.9]}},{"type":"Feature","geometry":{"type":"Point","coordinates":[8.59593,47.2628]},"properties":{"name":"Horgen, Bahnhof A","band":1,"modes":"bus","arr":["133","134","137","145"],"off":[0,-3]}},{"type":"Feature","geometry":{"type":"Point","coordinates":[8.59593,47.2628]},"properties":{"line":"133","mode":"bus","color":"#0059a9","colorDark":"#00294f","band":1,"off":[-5.1,1.1]}},{"type":"Feature","geometry":{"type":"Point","coordinates":[8.59593,47.2628]},"properties":{"line":"134","mode":"bus","color":"#0059a9","colorDark":"#00294f","band":1,"off":[-1.7,1.1]}},{"type":"Feature","geometry":{"type":"Point","coordinates":[8.59593,47.2628]},"properties":{"line":"137","mode":"bus","color":"#0059a9","colorDark":"#00294f","band":1,"off":[1.7,1.1]}},{"type":"Feature","geometry":{"type":"Point","coordinates":[8.59593,47.2628]},"properties":{"line":"145","mode":"bus","color":"#0059a9","colorDark":"#00294f","band":1,"off":[5.1,1.1]}},{"type":"Feature","geometry":{"type":"Point","coordinates":[8.586765,47.25837]},"properties":{"name":"Horgen, Panorama","band":1,"modes":"bus","arr":["133"],"off":[0,-0.8]}},{"type":"Feature","geometry":{"type":"Point","coordinates":[8.586765,47.25837]},"properties":{"line":"133","mode":"bus","color":"#0059a9","colorDark":"#00294f","band":1,"off":[0,1.1]}},{"type":"Feature","geometry":{"type":"Point","coordinates":[8.626031,47.251366]},"properties":{"name":"Horgen, Meilibach","band":1,"modes":"bus","arr":["134"],"off":[0,-0.8]}},{"type":"Feature","geometry":{"type":"Point","coordinates":[8.626031,47.251366]},"properties":{"line":"134","mode":"bus","color":"#0059a9","colorDark":"#00294f","band":1,"off":[0,1.1]}},{"type":"Feature","geometry":{"type":"Point","coordinates":[8.579312,47.279204]},"properties":{"name":"Oberrieden, Bahnhof","band":1,"modes":"bus","arr":["136","N25"],"off":[0,-0.8]}},{"type":"Feature","geometry":{"type":"Point","coordinates":[8.579312,47.279204]},"properties":{"line":"136","mode":"bus","color":"#0059a9","colorDark":"#00294f","band":1,"off":[-1.7,1.1]}},{"type":"Feature","geometry":{"type":"Point","coordinates":[8.579312,47.279204]},"properties":{"line":"N25","mode":"bus","color":"#000000","colorDark":"#000000","band":1,"off":[1.7,1.1]}},{"type":"Feature","geometry":{"type":"Point","coordinates":[8.557413,47.268398]},"properties":{"name":"Sihlwald, Bahnhof","band":1,"modes":"bus,metro","arr":["EV","S4"],"off":[0,-0.8]}},{"type":"Feature","geometry":{"type":"Point","coordinates":[8.557413,47.268398]},"properties":{"name":"Sihlwald","band":1,"modes":"bus,metro","arr":["EV","S4"],"off":[0,-1.9]}},{"type":"Feature","geometry":{"type":"Point","coordinates":[8.557413,47.268398]},"properties":{"line":"EV","mode":"bus","color":"#0059a9","colorDark":"#00294f","band":1,"off":[-1.7,1.1]}},{"type":"Feature","geometry":{"type":"Point","coordinates":[8.557413,47.268398]},"properties":{"line":"S4","mode":"tram","color":"#0A4595","colorDark":"#062652","band":1,"metro":1,"off":[1.7,1.1]}},{"type":"Feature","geometry":{"type":"Point","coordinates":[8.564966,47.295298]},"properties":{"name":"Thalwil, Zentrum A","band":1,"modes":"bus","arr":["140","142","145","156","240","N16"],"off":[0,-0.8]}},{"type":"Feature","geometry":{"type":"Point","coordinates":[8.564966,47.295298]},"properties":{"name":"Thalwil, Bahnhof C","band":1,"modes":"bus","arr":["140","142","145","156","240","N16"],"off":[0,-1.9]}},{"type":"Feature","geometry":{"type":"Point","coordinates":[8.564966,47.295298]},"properties":{"line":"140","mode":"bus","color":"#0059a9","colorDark":"#00294f","band":1,"off":[-6.8,1.1]}},{"type":"Feature","geometry":{"type":"Point","coordinates":[8.564966,47.295298]},"properties":{"line":"142","mode":"bus","color":"#0059a9","colorDark":"#00294f","band":1,"off":[-3.4,1.1]}},{"type":"Feature","geometry":{"type":"Point","coordinates":[8.564966,47.295298]},"properties":{"line":"145","mode":"bus","color":"#0059a9","colorDark":"#00294f","band":1,"off":[0,1.1]}},{"type":"Feature","geometry":{"type":"Point","coordinates":[8.564966,47.295298]},"properties":{"line":"156","mode":"bus","color":"#0059a9","colorDark":"#00294f","band":1,"off":[3.4,1.1]}},{"type":"Feature","geometry":{"type":"Point","coordinates":[8.564966,47.295298]},"properties":{"line":"240","mode":"bus","color":"#0059a9","colorDark":"#00294f","band":1,"off":[6.8,1.1]}},{"type":"Feature","geometry":{"type":"Point","coordinates":[8.564966,47.295298]},"properties":{"line":"N16","mode":"bus","color":"#000000","colorDark":"#000000","band":1,"off":[0,3.1]}},{"type":"Feature","geometry":{"type":"Point","coordinates":[8.543792,47.287348]},"properties":{"name":"Langnau-Gattikon, Bahnhof","band":1,"modes":"bus,metro","arr":["153","EV","SN4"],"off":[0,-0.8]}},{"type":"Feature","geometry":{"type":"Point","coordinates":[8.543792,47.287348]},"properties":{"name":"Langnau-Gattikon","band":1,"modes":"bus,metro","arr":["153","EV","SN4"],"off":[0,-3]}},{"type":"Feature","geometry":{"type":"Point","coordinates":[8.543792,47.287348]},"properties":{"line":"153","mode":"bus","color":"#0059a9","colorDark":"#00294f","band":1,"off":[-3.4,1.1]}},{"type":"Feature","geometry":{"type":"Point","coordinates":[8.543792,47.287348]},"properties":{"line":"EV","mode":"bus","color":"#0059a9","colorDark":"#00294f","band":1,"off":[0,1.1]}},{"type":"Feature","geometry":{"type":"Point","coordinates":[8.543792,47.287348]},"properties":{"line":"SN4","mode":"tram","color":"#000000","colorDark":"#000000","band":1,"metro":1,"off":[3.4,1.1]}},{"type":"Feature","geometry":{"type":"Point","coordinates":[8.537431,47.28096]},"properties":{"name":"Langnau am Albis, Unterrengg","band":1,"modes":"bus","arr":["140","153"],"off":[0,-0.8]}},{"type":"Feature","geometry":{"type":"Point","coordinates":[8.537431,47.28096]},"properties":{"line":"140","mode":"bus","color":"#0059a9","colorDark":"#00294f","band":1,"off":[-1.7,1.1]}},{"type":"Feature","geometry":{"type":"Point","coordinates":[8.537431,47.28096]},"properties":{"line":"153","mode":"bus","color":"#0059a9","colorDark":"#00294f","band":1,"off":[1.7,1.1]}},{"type":"Feature","geometry":{"type":"Point","coordinates":[8.565376,47.284734]},"properties":{"name":"Thalwil, Böni","band":1,"modes":"bus","arr":["142"],"off":[0,-0.8]}},{"type":"Feature","geometry":{"type":"Point","coordinates":[8.565376,47.284734]},"properties":{"line":"142","mode":"bus","color":"#0059a9","colorDark":"#00294f","band":1,"off":[0,1.1]}},{"type":"Feature","geometry":{"type":"Point","coordinates":[8.52436,47.311539]},"properties":{"name":"Adliswil, Bahnhof C","band":1,"modes":"bus","arr":["151","152","153","156","184","185","N15","N18"],"off":[0,-0.8]}},{"type":"Feature","geometry":{"type":"Point","coordinates":[8.52436,47.311539]},"properties":{"name":"Adliswil, Bahnhof B","band":1,"modes":"bus","arr":["151","152","153","156","184","185","N15","N18"],"off":[0,-3]}},{"type":"Feature","geometry":{"type":"Point","coordinates":[8.52436,47.311539]},"properties":{"name":"Adliswil, Bahnhof A","band":1,"modes":"bus","arr":["151","152","153","156","184","185","N15","N18"],"off":[0,-5.2]}},{"type":"Feature","geometry":{"type":"Point","coordinates":[8.52436,47.311539]},"properties":{"line":"151","mode":"bus","color":"#0059a9","colorDark":"#00294f","band":1,"off":[-6.8,1.1]}},{"type":"Feature","geometry":{"type":"Point","coordinates":[8.52436,47.311539]},"properties":{"line":"152","mode":"bus","color":"#0059a9","colorDark":"#00294f","band":1,"off":[-3.4,1.1]}},{"type":"Feature","geometry":{"type":"Point","coordinates":[8.52436,47.311539]},"properties":{"line":"153","mode":"bus","color":"#0059a9","colorDark":"#00294f","band":1,"off":[0,1.1]}},{"type":"Feature","geometry":{"type":"Point","coordinates":[8.52436,47.311539]},"properties":{"line":"156","mode":"bus","color":"#0059a9","colorDark":"#00294f","band":1,"off":[3.4,1.1]}},{"type":"Feature","geometry":{"type":"Point","coordinates":[8.52436,47.311539]},"properties":{"line":"184","mode":"bus","color":"#0059a9","colorDark":"#00294f","band":1,"off":[6.8,1.1]}},{"type":"Feature","geometry":{"type":"Point","coordinates":[8.52436,47.311539]},"properties":{"line":"185","mode":"bus","color":"#0059a9","colorDark":"#00294f","band":1,"off":[-3.4,3.1]}},{"type":"Feature","geometry":{"type":"Point","coordinates":[8.52436,47.311539]},"properties":{"line":"N15","mode":"bus","color":"#000000","colorDark":"#000000","band":1,"off":[0,3.1]}},{"type":"Feature","geometry":{"type":"Point","coordinates":[8.52436,47.311539]},"properties":{"line":"N18","mode":"bus","color":"#000000","colorDark":"#000000","band":1,"off":[3.4,3.1]}},{"type":"Feature","geometry":{"type":"Point","coordinates":[8.522094,47.301137]},"properties":{"name":"Adliswil, Büchel","band":1,"modes":"bus","arr":["N18"],"off":[0,-0.8]}},{"type":"Feature","geometry":{"type":"Point","coordinates":[8.522094,47.301137]},"properties":{"line":"N18","mode":"bus","color":"#000000","colorDark":"#000000","band":1,"off":[0,1.1]}},{"type":"Feature","geometry":{"type":"Point","coordinates":[8.535037,47.3087]},"properties":{"name":"Adliswil, Schulhaus Kopfholz","band":1,"modes":"bus","arr":["N15"],"off":[0,-0.8]}},{"type":"Feature","geometry":{"type":"Point","coordinates":[8.535037,47.3087]},"properties":{"line":"N15","mode":"bus","color":"#000000","colorDark":"#000000","band":1,"off":[0,1.1]}},{"type":"Feature","geometry":{"type":"Point","coordinates":[8.539087,47.367178]},"properties":{"name":"Bürkliplatz","band":1,"modes":"bus","arr":["161","165"],"off":[0,-0.8]}},{"type":"Feature","geometry":{"type":"Point","coordinates":[8.539087,47.367178]},"properties":{"line":"161","mode":"bus","color":"#0059a9","colorDark":"#00294f","band":1,"off":[-1.7,1.1]}},{"type":"Feature","geometry":{"type":"Point","coordinates":[8.539087,47.367178]},"properties":{"line":"165","mode":"bus","color":"#0059a9","colorDark":"#00294f","band":1,"off":[1.7,1.1]}},{"type":"Feature","geometry":{"type":"Point","coordinates":[8.535262,47.321866]},"properties":{"name":"Kilchberg ZH, Asp","band":1,"modes":"bus","arr":["162"],"off":[0,-0.8]}},{"type":"Feature","geometry":{"type":"Point","coordinates":[8.535262,47.321866]},"properties":{"line":"162","mode":"bus","color":"#0059a9","colorDark":"#00294f","band":1,"off":[0,1.1]}},{"type":"Feature","geometry":{"type":"Point","coordinates":[8.548151,47.324656]},"properties":{"name":"Kilchberg ZH, Bahnhof","band":1,"modes":"bus","arr":["162","163"],"off":[0,-0.8]}},{"type":"Feature","geometry":{"type":"Point","coordinates":[8.548151,47.324656]},"properties":{"line":"162","mode":"bus","color":"#0059a9","colorDark":"#00294f","band":1,"off":[-1.7,1.1]}},{"type":"Feature","geometry":{"type":"Point","coordinates":[8.548151,47.324656]},"properties":{"line":"163","mode":"bus","color":"#0059a9","colorDark":"#00294f","band":1,"off":[1.7,1.1]}},{"type":"Feature","geometry":{"type":"Point","coordinates":[8.548877,47.301407]},"properties":{"name":"Rüschlikon, Park im Grüene","band":1,"modes":"bus","arr":["165"],"off":[0,-0.8]}},{"type":"Feature","geometry":{"type":"Point","coordinates":[8.548877,47.301407]},"properties":{"line":"165","mode":"bus","color":"#0059a9","colorDark":"#00294f","band":1,"off":[0,1.1]}},{"type":"Feature","geometry":{"type":"Point","coordinates":[8.446721,47.277409]},"properties":{"name":"Affoltern a.A., Bahnhof C","band":1,"modes":"bus","arr":["200","214","215","223","225","N24"],"off":[0,-0.8]}},{"type":"Feature","geometry":{"type":"Point","coordinates":[8.446721,47.277409]},"properties":{"name":"Affoltern a.A., Bahnhof B","band":1,"modes":"bus","arr":["200","214","215","223","225","N24"],"off":[0,-3]}},{"type":"Feature","geometry":{"type":"Point","coordinates":[8.446721,47.277409]},"properties":{"name":"Affoltern a.A., Bahnhof A","band":1,"modes":"bus","arr":["200","214","215","223","225","N24"],"off":[0,-5.2]}},{"type":"Feature","geometry":{"type":"Point","coordinates":[8.446721,47.277409]},"properties":{"line":"200","mode":"bus","color":"#0059a9","colorDark":"#00294f","band":1,"off":[-6.8,1.1]}},{"type":"Feature","geometry":{"type":"Point","coordinates":[8.446721,47.277409]},"properties":{"line":"214","mode":"bus","color":"#0059a9","colorDark":"#00294f","band":1,"off":[-3.4,1.1]}},{"type":"Feature","geometry":{"type":"Point","coordinates":[8.446721,47.277409]},"properties":{"line":"215","mode":"bus","color":"#0059a9","colorDark":"#00294f","band":1,"off":[0,1.1]}},{"type":"Feature","geometry":{"type":"Point","coordinates":[8.446721,47.277409]},"properties":{"line":"223","mode":"bus","color":"#0059a9","colorDark":"#00294f","band":1,"off":[3.4,1.1]}},{"type":"Feature","geometry":{"type":"Point","coordinates":[8.446721,47.277409]},"properties":{"line":"225","mode":"bus","color":"#0059a9","colorDark":"#00294f","band":1,"off":[6.8,1.1]}},{"type":"Feature","geometry":{"type":"Point","coordinates":[8.446721,47.277409]},"properties":{"line":"N24","mode":"bus","color":"#000000","colorDark":"#000000","band":1,"off":[0,3.1]}},{"type":"Feature","geometry":{"type":"Point","coordinates":[8.463515,47.317135]},"properties":{"name":"Bonstetten, Dorfstrasse","band":1,"modes":"bus","arr":["228"],"off":[0,-0.8]}},{"type":"Feature","geometry":{"type":"Point","coordinates":[8.463515,47.317135]},"properties":{"line":"228","mode":"bus","color":"#0059a9","colorDark":"#00294f","band":1,"off":[0,1.1]}},{"type":"Feature","geometry":{"type":"Point","coordinates":[8.465263,47.366327]},"properties":{"name":"Uitikon Waldegg, Bahnhof","band":1,"modes":"bus","arr":["201"],"off":[0,-0.8]}},{"type":"Feature","geometry":{"type":"Point","coordinates":[8.465263,47.366327]},"properties":{"line":"201","mode":"bus","color":"#0059a9","colorDark":"#00294f","band":1,"off":[0,1.1]}},{"type":"Feature","geometry":{"type":"Point","coordinates":[8.454475,47.370444]},"properties":{"name":"Uitikon, Dorf","band":1,"modes":"bus","arr":["N14"],"off":[0,-0.8]}},{"type":"Feature","geometry":{"type":"Point","coordinates":[8.454475,47.370444]},"properties":{"line":"N14","mode":"bus","color":"#000000","colorDark":"#000000","band":1,"off":[0,1.1]}},{"type":"Feature","geometry":{"type":"Point","coordinates":[8.468452,47.326342]},"properties":{"name":"Bonstetten-Wettswil, Bahnhof D","band":1,"modes":"bus","arr":["205","220","221","227","228","229","EV2","N23"],"off":[0,-0.8]}},{"type":"Feature","geometry":{"type":"Point","coordinates":[8.468452,47.326342]},"properties":{"name":"Bonstetten-Wettswil, Bahnhof A","band":1,"modes":"bus","arr":["205","220","221","227","228","229","EV2","N23"],"off":[0,-3]}},{"type":"Feature","geometry":{"type":"Point","coordinates":[8.468452,47.326342]},"properties":{"line":"205","mode":"bus","color":"#0059a9","colorDark":"#00294f","band":1,"off":[-6.8,1.1]}},{"type":"Feature","geometry":{"type":"Point","coordinates":[8.468452,47.326342]},"properties":{"line":"220","mode":"bus","color":"#0059a9","colorDark":"#00294f","band":1,"off":[-3.4,1.1]}},{"type":"Feature","geometry":{"type":"Point","coordinates":[8.468452,47.326342]},"properties":{"line":"221","mode":"bus","color":"#0059a9","colorDark":"#00294f","band":1,"off":[0,1.1]}},{"type":"Feature","geometry":{"type":"Point","coordinates":[8.468452,47.326342]},"properties":{"line":"227","mode":"bus","color":"#0059a9","colorDark":"#00294f","band":1,"off":[3.4,1.1]}},{"type":"Feature","geometry":{"type":"Point","coordinates":[8.468452,47.326342]},"properties":{"line":"228","mode":"bus","color":"#0059a9","colorDark":"#00294f","band":1,"off":[6.8,1.1]}},{"type":"Feature","geometry":{"type":"Point","coordinates":[8.468452,47.326342]},"properties":{"line":"229","mode":"bus","color":"#0059a9","colorDark":"#00294f","band":1,"off":[-3.4,3.1]}},{"type":"Feature","geometry":{"type":"Point","coordinates":[8.468452,47.326342]},"properties":{"line":"EV2","mode":"bus","color":"#0059a9","colorDark":"#00294f","band":1,"off":[0,3.1]}},{"type":"Feature","geometry":{"type":"Point","coordinates":[8.468452,47.326342]},"properties":{"line":"N23","mode":"bus","color":"#000000","colorDark":"#000000","band":1,"off":[3.4,3.1]}},{"type":"Feature","geometry":{"type":"Point","coordinates":[8.424853,47.320359]},"properties":{"name":"Arni AG, Stockacker C","band":1,"modes":"bus","arr":["205"],"off":[0,-0.8]}},{"type":"Feature","geometry":{"type":"Point","coordinates":[8.424853,47.320359]},"properties":{"line":"205","mode":"bus","color":"#0059a9","colorDark":"#00294f","band":1,"off":[0,1.1]}},{"type":"Feature","geometry":{"type":"Point","coordinates":[8.46741,47.315003]},"properties":{"name":"Bonstetten, Dorfplatz","band":1,"modes":"bus","arr":["210","228"],"off":[0,-0.8]}},{"type":"Feature","geometry":{"type":"Point","coordinates":[8.46741,47.315003]},"properties":{"line":"210","mode":"bus","color":"#0059a9","colorDark":"#00294f","band":1,"off":[-1.7,1.1]}},{"type":"Feature","geometry":{"type":"Point","coordinates":[8.46741,47.315003]},"properties":{"line":"228","mode":"bus","color":"#0059a9","colorDark":"#00294f","band":1,"off":[1.7,1.1]}},{"type":"Feature","geometry":{"type":"Point","coordinates":[8.40505,47.281506]},"properties":{"name":"Ottenbach, Engelwiese","band":1,"modes":"bus","arr":["214"],"off":[0,-0.8]}},{"type":"Feature","geometry":{"type":"Point","coordinates":[8.40505,47.281506]},"properties":{"line":"214","mode":"bus","color":"#0059a9","colorDark":"#00294f","band":1,"off":[0,1.1]}},{"type":"Feature","geometry":{"type":"Point","coordinates":[8.466962,47.345371]},"properties":{"name":"Wettswil a.A., Heidenchilen","band":1,"modes":"bus","arr":["229"],"off":[0,-0.8]}},{"type":"Feature","geometry":{"type":"Point","coordinates":[8.466962,47.345371]},"properties":{"line":"229","mode":"bus","color":"#0059a9","colorDark":"#00294f","band":1,"off":[0,1.1]}},{"type":"Feature","geometry":{"type":"Point","coordinates":[8.446372,47.274246]},"properties":{"name":"Affoltern am Albis","band":1,"modes":"bus,metro","arr":["223","225","S14"],"off":[0,-0.8]}},{"type":"Feature","geometry":{"type":"Point","coordinates":[8.446372,47.274246]},"properties":{"name":"Affoltern a.A., Bahnhof D","band":1,"modes":"bus,metro","arr":["223","225","S14"],"off":[0,-1.9]}},{"type":"Feature","geometry":{"type":"Point","coordinates":[8.446372,47.274246]},"properties":{"line":"223","mode":"bus","color":"#0059a9","colorDark":"#00294f","band":1,"off":[-3.4,1.1]}},{"type":"Feature","geometry":{"type":"Point","coordinates":[8.446372,47.274246]},"properties":{"line":"225","mode":"bus","color":"#0059a9","colorDark":"#00294f","band":1,"off":[0,1.1]}},{"type":"Feature","geometry":{"type":"Point","coordinates":[8.446372,47.274246]},"properties":{"line":"S14","mode":"tram","color":"#0A4595","colorDark":"#062652","band":1,"metro":1,"off":[3.4,1.1]}},{"type":"Feature","geometry":{"type":"Point","coordinates":[8.490834,47.266261]},"properties":{"name":"Aeugst a.A., Grossacher","band":1,"modes":"bus","arr":["225","235"],"off":[0,-0.8]}},{"type":"Feature","geometry":{"type":"Point","coordinates":[8.490834,47.266261]},"properties":{"line":"225","mode":"bus","color":"#0059a9","colorDark":"#00294f","band":1,"off":[-1.7,1.1]}},{"type":"Feature","geometry":{"type":"Point","coordinates":[8.490834,47.266261]},"properties":{"line":"235","mode":"bus","color":"#0059a9","colorDark":"#00294f","band":1,"off":[1.7,1.1]}},{"type":"Feature","geometry":{"type":"Point","coordinates":[8.440679,47.356946]},"properties":{"name":"Birmensdorf ZH, Bahnhof D","band":1,"modes":"bus","arr":["227","314"],"off":[0,-0.8]}},{"type":"Feature","geometry":{"type":"Point","coordinates":[8.440679,47.356946]},"properties":{"name":"Birmensdorf ZH, Bahnhof B","band":1,"modes":"bus","arr":["227","314"],"off":[0,-3]}},{"type":"Feature","geometry":{"type":"Point","coordinates":[8.440679,47.356946]},"properties":{"name":"Birmensdorf ZH, Bahnhof A","band":1,"modes":"bus","arr":["227","314"],"off":[0,-5.2]}},{"type":"Feature","geometry":{"type":"Point","coordinates":[8.440679,47.356946]},"properties":{"line":"227","mode":"bus","color":"#0059a9","colorDark":"#00294f","band":1,"off":[-1.7,1.1]}},{"type":"Feature","geometry":{"type":"Point","coordinates":[8.440679,47.356946]},"properties":{"line":"314","mode":"bus","color":"#0059a9","colorDark":"#00294f","band":1,"off":[1.7,1.1]}},{"type":"Feature","geometry":{"type":"Point","coordinates":[8.48592,47.302158]},"properties":{"name":"Stallikon, Aumüli","band":1,"modes":"bus","arr":["N23"],"off":[0,-0.8]}},{"type":"Feature","geometry":{"type":"Point","coordinates":[8.48592,47.302158]},"properties":{"line":"N23","mode":"bus","color":"#000000","colorDark":"#000000","band":1,"off":[0,1.1]}},{"type":"Feature","geometry":{"type":"Point","coordinates":[8.409447,47.42145]},"properties":{"name":"Geroldswil, Zentrum","band":1,"modes":"bus","arr":["301","302","309","N30"],"off":[0,-0.8]}},{"type":"Feature","geometry":{"type":"Point","coordinates":[8.409447,47.42145]},"properties":{"line":"301","mode":"bus","color":"#0059a9","colorDark":"#00294f","band":1,"off":[-5.1,1.1]}},{"type":"Feature","geometry":{"type":"Point","coordinates":[8.409447,47.42145]},"properties":{"line":"302","mode":"bus","color":"#0059a9","colorDark":"#00294f","band":1,"off":[-1.7,1.1]}},{"type":"Feature","geometry":{"type":"Point","coordinates":[8.409447,47.42145]},"properties":{"line":"309","mode":"bus","color":"#0059a9","colorDark":"#00294f","band":1,"off":[1.7,1.1]}},{"type":"Feature","geometry":{"type":"Point","coordinates":[8.409447,47.42145]},"properties":{"line":"N30","mode":"bus","color":"#000000","colorDark":"#000000","band":1,"off":[5.1,1.1]}},{"type":"Feature","geometry":{"type":"Point","coordinates":[8.404385,47.407307]},"properties":{"name":"Dietikon, Bahnhof G","band":1,"modes":"bus","arr":["301","305","314","N34","N36"],"off":[0,-0.8]}},{"type":"Feature","geometry":{"type":"Point","coordinates":[8.404385,47.407307]},"properties":{"name":"Dietikon, Bahnhof C","band":1,"modes":"bus","arr":["301","305","314","N34","N36"],"off":[0,-3]}},{"type":"Feature","geometry":{"type":"Point","coordinates":[8.404385,47.407307]},"properties":{"name":"Dietikon, Bahnhof B","band":1,"modes":"bus","arr":["301","305","314","N34","N36"],"off":[0,-5.2]}},{"type":"Feature","geometry":{"type":"Point","coordinates":[8.404385,47.407307]},"properties":{"line":"301","mode":"bus","color":"#0059a9","colorDark":"#00294f","band":1,"off":[-6.8,1.1]}},{"type":"Feature","geometry":{"type":"Point","coordinates":[8.404385,47.407307]},"properties":{"line":"305","mode":"bus","color":"#0059a9","colorDark":"#00294f","band":1,"off":[-3.4,1.1]}},{"type":"Feature","geometry":{"type":"Point","coordinates":[8.404385,47.407307]},"properties":{"line":"314","mode":"bus","color":"#0059a9","colorDark":"#00294f","band":1,"off":[0,1.1]}},{"type":"Feature","geometry":{"type":"Point","coordinates":[8.404385,47.407307]},"properties":{"line":"N34","mode":"bus","color":"#000000","colorDark":"#000000","band":1,"off":[3.4,1.1]}},{"type":"Feature","geometry":{"type":"Point","coordinates":[8.404385,47.407307]},"properties":{"line":"N36","mode":"bus","color":"#000000","colorDark":"#000000","band":1,"off":[6.8,1.1]}},{"type":"Feature","geometry":{"type":"Point","coordinates":[8.429723,47.38016]},"properties":{"name":"Urdorf Weihermatt, Bahnhof","band":1,"modes":"bus","arr":["302"],"off":[0,-0.8]}},{"type":"Feature","geometry":{"type":"Point","coordinates":[8.429723,47.38016]},"properties":{"line":"302","mode":"bus","color":"#0059a9","colorDark":"#00294f","band":1,"off":[0,1.1]}},{"type":"Feature","geometry":{"type":"Point","coordinates":[8.376038,47.394098]},"properties":{"name":"Kindhausen AG","band":1,"modes":"bus","arr":["305","315"],"off":[0,-0.8]}},{"type":"Feature","geometry":{"type":"Point","coordinates":[8.376038,47.394098]},"properties":{"line":"305","mode":"bus","color":"#0059a9","colorDark":"#00294f","band":1,"off":[-1.7,1.1]}},{"type":"Feature","geometry":{"type":"Point","coordinates":[8.376038,47.394098]},"properties":{"line":"315","mode":"bus","color":"#0059a9","colorDark":"#00294f","band":1,"off":[1.7,1.1]}},{"type":"Feature","geometry":{"type":"Point","coordinates":[8.404845,47.403991]},"properties":{"name":"Dietikon, Bahnhof F","band":1,"modes":"bus,metro","arr":["306","309","325","S17"],"off":[0,-0.8]}},{"type":"Feature","geometry":{"type":"Point","coordinates":[8.404845,47.403991]},"properties":{"name":"Dietikon, Bahnhof D","band":1,"modes":"bus,metro","arr":["306","309","325","S17"],"off":[0,-3]}},{"type":"Feature","geometry":{"type":"Point","coordinates":[8.404845,47.403991]},"properties":{"name":"Dietikon","band":1,"modes":"bus,metro","arr":["306","309","325","S17"],"off":[0,-5.2]}},{"type":"Feature","geometry":{"type":"Point","coordinates":[8.404845,47.403991]},"properties":{"line":"306","mode":"bus","color":"#0059a9","colorDark":"#00294f","band":1,"off":[-5.1,1.1]}},{"type":"Feature","geometry":{"type":"Point","coordinates":[8.404845,47.403991]},"properties":{"line":"309","mode":"bus","color":"#0059a9","colorDark":"#00294f","band":1,"off":[-1.7,1.1]}},{"type":"Feature","geometry":{"type":"Point","coordinates":[8.404845,47.403991]},"properties":{"line":"325","mode":"bus","color":"#0059a9","colorDark":"#00294f","band":1,"off":[1.7,1.1]}},{"type":"Feature","geometry":{"type":"Point","coordinates":[8.404845,47.403991]},"properties":{"line":"S17","mode":"tram","color":"#0A4595","colorDark":"#062652","band":1,"metro":1,"off":[5.1,1.1]}},{"type":"Feature","geometry":{"type":"Point","coordinates":[8.390279,47.405558]},"properties":{"name":"Dietikon, Stadthalle Ost","band":1,"modes":"bus","arr":["306"],"off":[0,-0.8]}},{"type":"Feature","geometry":{"type":"Point","coordinates":[8.390279,47.405558]},"properties":{"line":"306","mode":"bus","color":"#0059a9","colorDark":"#00294f","band":1,"off":[0,1.1]}},{"type":"Feature","geometry":{"type":"Point","coordinates":[8.394386,47.427666]},"properties":{"name":"Oetwil an der Limmat, Zentrum","band":1,"modes":"bus","arr":["N34"],"off":[0,-0.8]}},{"type":"Feature","geometry":{"type":"Point","coordinates":[8.394386,47.427666]},"properties":{"line":"N34","mode":"bus","color":"#000000","colorDark":"#000000","band":1,"off":[0,1.1]}},{"type":"Feature","geometry":{"type":"Point","coordinates":[8.42283,47.377758]},"properties":{"name":"Urdorf, Oberurdorf","band":1,"modes":"bus","arr":["317"],"off":[0,-0.8]}},{"type":"Feature","geometry":{"type":"Point","coordinates":[8.42283,47.377758]},"properties":{"line":"317","mode":"bus","color":"#0059a9","colorDark":"#00294f","band":1,"off":[0,1.1]}},{"type":"Feature","geometry":{"type":"Point","coordinates":[8.362951,47.420837]},"properties":{"name":"Spreitenbach, Glattler","band":1,"modes":"bus","arr":["315"],"off":[0,-0.8]}},{"type":"Feature","geometry":{"type":"Point","coordinates":[8.362951,47.420837]},"properties":{"line":"315","mode":"bus","color":"#0059a9","colorDark":"#00294f","band":1,"off":[0,1.1]}},{"type":"Feature","geometry":{"type":"Point","coordinates":[8.381485,47.402031]},"properties":{"name":"Dietikon, Weinberg","band":1,"modes":"bus","arr":["325"],"off":[0,-0.8]}},{"type":"Feature","geometry":{"type":"Point","coordinates":[8.381485,47.402031]},"properties":{"line":"325","mode":"bus","color":"#0059a9","colorDark":"#00294f","band":1,"off":[0,1.1]}},{"type":"Feature","geometry":{"type":"Point","coordinates":[8.438642,47.440022]},"properties":{"name":"Dällikon, Dorf","band":1,"modes":"bus","arr":["449"],"off":[0,-0.8]}},{"type":"Feature","geometry":{"type":"Point","coordinates":[8.438642,47.440022]},"properties":{"line":"449","mode":"bus","color":"#0059a9","colorDark":"#00294f","band":1,"off":[0,1.1]}},{"type":"Feature","geometry":{"type":"Point","coordinates":[8.437496,47.453047]},"properties":{"name":"Buchs-Dällikon, Bahnhof","band":1,"modes":"bus","arr":["449","455"],"off":[0,-0.8]}},{"type":"Feature","geometry":{"type":"Point","coordinates":[8.437496,47.453047]},"properties":{"line":"449","mode":"bus","color":"#0059a9","colorDark":"#00294f","band":1,"off":[-1.7,1.1]}},{"type":"Feature","geometry":{"type":"Point","coordinates":[8.437496,47.453047]},"properties":{"line":"455","mode":"bus","color":"#0059a9","colorDark":"#00294f","band":1,"off":[1.7,1.1]}},{"type":"Feature","geometry":{"type":"Point","coordinates":[8.405359,47.469363]},"properties":{"name":"Boppelsen, Hand","band":1,"modes":"bus","arr":["450","485","N45"],"off":[0,-0.8]}},{"type":"Feature","geometry":{"type":"Point","coordinates":[8.405359,47.469363]},"properties":{"name":"Boppelsen, Dorf","band":1,"modes":"bus","arr":["450","485","N45"],"off":[0,-1.9]}},{"type":"Feature","geometry":{"type":"Point","coordinates":[8.405359,47.469363]},"properties":{"line":"450","mode":"bus","color":"#0059a9","colorDark":"#00294f","band":1,"off":[-3.4,1.1]}},{"type":"Feature","geometry":{"type":"Point","coordinates":[8.405359,47.469363]},"properties":{"line":"485","mode":"bus","color":"#0059a9","colorDark":"#00294f","band":1,"off":[0,1.1]}},{"type":"Feature","geometry":{"type":"Point","coordinates":[8.405359,47.469363]},"properties":{"line":"N45","mode":"bus","color":"#000000","colorDark":"#000000","band":1,"off":[3.4,1.1]}},{"type":"Feature","geometry":{"type":"Point","coordinates":[8.388315,47.455183]},"properties":{"name":"Otelfingen, Bahnhof","band":1,"modes":"bus","arr":["450"],"off":[0,-0.8]}},{"type":"Feature","geometry":{"type":"Point","coordinates":[8.388315,47.455183]},"properties":{"line":"450","mode":"bus","color":"#0059a9","colorDark":"#00294f","band":1,"off":[0,1.1]}},{"type":"Feature","geometry":{"type":"Point","coordinates":[8.386675,47.459504]},"properties":{"name":"Otelfingen, Landstrasse","band":1,"modes":"bus","arr":["N45"],"off":[0,-0.8]}},{"type":"Feature","geometry":{"type":"Point","coordinates":[8.386675,47.459504]},"properties":{"line":"N45","mode":"bus","color":"#000000","colorDark":"#000000","band":1,"off":[0,1.1]}},{"type":"Feature","geometry":{"type":"Point","coordinates":[8.467062,47.452598]},"properties":{"name":"Adlikon b. R., Leematten","band":1,"modes":"bus","arr":["451"],"off":[0,-0.8]}},{"type":"Feature","geometry":{"type":"Point","coordinates":[8.467062,47.452598]},"properties":{"line":"451","mode":"bus","color":"#0059a9","colorDark":"#00294f","band":1,"off":[0,1.1]}},{"type":"Feature","geometry":{"type":"Point","coordinates":[8.466567,47.431834]},"properties":{"name":"Regensdorf, Zentrum","band":1,"modes":"bus","arr":["451","452","492"],"off":[0,-0.8]}},{"type":"Feature","geometry":{"type":"Point","coordinates":[8.466567,47.431834]},"properties":{"line":"451","mode":"bus","color":"#0059a9","colorDark":"#00294f","band":1,"off":[-3.4,1.1]}},{"type":"Feature","geometry":{"type":"Point","coordinates":[8.466567,47.431834]},"properties":{"line":"452","mode":"bus","color":"#0059a9","colorDark":"#00294f","band":1,"off":[0,1.1]}},{"type":"Feature","geometry":{"type":"Point","coordinates":[8.466567,47.431834]},"properties":{"line":"492","mode":"bus","color":"#0059a9","colorDark":"#00294f","band":1,"off":[3.4,1.1]}},{"type":"Feature","geometry":{"type":"Point","coordinates":[8.471875,47.437862]},"properties":{"name":"Regensdorf, Althard/Bahnhof","band":1,"modes":"bus","arr":["453","454","456","491","N45"],"off":[0,-0.8]}},{"type":"Feature","geometry":{"type":"Point","coordinates":[8.471875,47.437862]},"properties":{"name":"Regensdorf-Watt, Bahnhof D","band":1,"modes":"bus","arr":["453","454","456","491","N45"],"off":[0,-3]}},{"type":"Feature","geometry":{"type":"Point","coordinates":[8.471875,47.437862]},"properties":{"name":"Regensdorf-Watt, Bahnhof C","band":1,"modes":"bus","arr":["453","454","456","491","N45"],"off":[0,-5.2]}},{"type":"Feature","geometry":{"type":"Point","coordinates":[8.471875,47.437862]},"properties":{"line":"453","mode":"bus","color":"#0059a9","colorDark":"#00294f","band":1,"off":[-6.8,1.1]}},{"type":"Feature","geometry":{"type":"Point","coordinates":[8.471875,47.437862]},"properties":{"line":"454","mode":"bus","color":"#0059a9","colorDark":"#00294f","band":1,"off":[-3.4,1.1]}},{"type":"Feature","geometry":{"type":"Point","coordinates":[8.471875,47.437862]},"properties":{"line":"456","mode":"bus","color":"#0059a9","colorDark":"#00294f","band":1,"off":[0,1.1]}},{"type":"Feature","geometry":{"type":"Point","coordinates":[8.471875,47.437862]},"properties":{"line":"491","mode":"bus","color":"#0059a9","colorDark":"#00294f","band":1,"off":[3.4,1.1]}},{"type":"Feature","geometry":{"type":"Point","coordinates":[8.471875,47.437862]},"properties":{"line":"N45","mode":"bus","color":"#000000","colorDark":"#000000","band":1,"off":[6.8,1.1]}},{"type":"Feature","geometry":{"type":"Point","coordinates":[8.456741,47.439887]},"properties":{"name":"Regensdorf, Moosächer","band":1,"modes":"bus","arr":["452"],"off":[0,-0.8]}},{"type":"Feature","geometry":{"type":"Point","coordinates":[8.456741,47.439887]},"properties":{"line":"452","mode":"bus","color":"#0059a9","colorDark":"#00294f","band":1,"off":[0,1.1]}},{"type":"Feature","geometry":{"type":"Point","coordinates":[8.459015,47.453195]},"properties":{"name":"Adlikon b. R., Sonnhalde West","band":1,"modes":"bus","arr":["453"],"off":[0,-0.8]}},{"type":"Feature","geometry":{"type":"Point","coordinates":[8.459015,47.453195]},"properties":{"line":"453","mode":"bus","color":"#0059a9","colorDark":"#00294f","band":1,"off":[0,1.1]}},{"type":"Feature","geometry":{"type":"Point","coordinates":[8.458129,47.447311]},"properties":{"name":"Regensdorf, Allmend","band":1,"modes":"bus","arr":["454"],"off":[0,-0.8]}},{"type":"Feature","geometry":{"type":"Point","coordinates":[8.458129,47.447311]},"properties":{"line":"454","mode":"bus","color":"#0059a9","colorDark":"#00294f","band":1,"off":[0,1.1]}},{"type":"Feature","geometry":{"type":"Point","coordinates":[8.437582,47.456632]},"properties":{"name":"Buchs ZH, Post","band":1,"modes":"bus","arr":["455"],"off":[0,-0.8]}},{"type":"Feature","geometry":{"type":"Point","coordinates":[8.437582,47.456632]},"properties":{"line":"455","mode":"bus","color":"#0059a9","colorDark":"#00294f","band":1,"off":[0,1.1]}},{"type":"Feature","geometry":{"type":"Point","coordinates":[8.458959,47.482882]},"properties":{"name":"Dielsdorf, Bahnhof","band":1,"modes":"bus","arr":["456","593"],"off":[0,-0.8]}},{"type":"Feature","geometry":{"type":"Point","coordinates":[8.458959,47.482882]},"properties":{"line":"456","mode":"bus","color":"#0059a9","colorDark":"#00294f","band":1,"off":[-1.7,1.1]}},{"type":"Feature","geometry":{"type":"Point","coordinates":[8.458959,47.482882]},"properties":{"line":"593","mode":"bus","color":"#0059a9","colorDark":"#00294f","band":1,"off":[1.7,1.1]}},{"type":"Feature","geometry":{"type":"Point","coordinates":[8.440491,47.458477]},"properties":{"name":"Buchs ZH, Linde","band":1,"modes":"bus","arr":["485"],"off":[0,-0.8]}},{"type":"Feature","geometry":{"type":"Point","coordinates":[8.440491,47.458477]},"properties":{"line":"485","mode":"bus","color":"#0059a9","colorDark":"#00294f","band":1,"off":[0,1.1]}},{"type":"Feature","geometry":{"type":"Point","coordinates":[8.481594,47.40552]},"properties":{"name":"Frankental","band":1,"modes":"tram,bus","arr":["50","485"],"off":[0,-0.8]}},{"type":"Feature","geometry":{"type":"Point","coordinates":[8.481594,47.40552]},"properties":{"line":"50","mode":"tram","color":"#d6212b","colorDark":"#7c1116","band":1,"off":[-1.7,1.1]}},{"type":"Feature","geometry":{"type":"Point","coordinates":[8.481594,47.40552]},"properties":{"line":"485","mode":"bus","color":"#0059a9","colorDark":"#00294f","band":1,"off":[1.7,1.1]}},{"type":"Feature","geometry":{"type":"Point","coordinates":[8.386887,47.446101]},"properties":{"name":"Hüttikon","band":1,"modes":"bus","arr":["491"],"off":[0,-0.8]}},{"type":"Feature","geometry":{"type":"Point","coordinates":[8.386887,47.446101]},"properties":{"line":"491","mode":"bus","color":"#0059a9","colorDark":"#00294f","band":1,"off":[0,1.1]}},{"type":"Feature","geometry":{"type":"Point","coordinates":[8.537892,47.522288]},"properties":{"name":"Bülach, Bahnhof D","band":1,"modes":"bus","arr":["504","525","530","531"],"off":[0,-0.8]}},{"type":"Feature","geometry":{"type":"Point","coordinates":[8.537892,47.522288]},"properties":{"name":"Bülach, Bahnhof C","band":1,"modes":"bus","arr":["504","525","530","531"],"off":[0,-1.9]}},{"type":"Feature","geometry":{"type":"Point","coordinates":[8.537892,47.522288]},"properties":{"name":"Bülach, Bahnhof B","band":1,"modes":"bus","arr":["504","525","530","531"],"off":[0,-3]}},{"type":"Feature","geometry":{"type":"Point","coordinates":[8.537892,47.522288]},"properties":{"line":"504","mode":"bus","color":"#0059a9","colorDark":"#00294f","band":1,"off":[-5.1,1.1]}},{"type":"Feature","geometry":{"type":"Point","coordinates":[8.537892,47.522288]},"properties":{"line":"525","mode":"bus","color":"#0059a9","colorDark":"#00294f","band":1,"off":[-1.7,1.1]}},{"type":"Feature","geometry":{"type":"Point","coordinates":[8.537892,47.522288]},"properties":{"line":"530","mode":"bus","color":"#0059a9","colorDark":"#00294f","band":1,"off":[1.7,1.1]}},{"type":"Feature","geometry":{"type":"Point","coordinates":[8.537892,47.522288]},"properties":{"line":"531","mode":"bus","color":"#0059a9","colorDark":"#00294f","band":1,"off":[5.1,1.1]}},{"type":"Feature","geometry":{"type":"Point","coordinates":[8.510701,47.47046]},"properties":{"name":"Oberglatt ZH, Bahnhof","band":1,"modes":"bus","arr":["504","525","N51"],"off":[0,-0.8]}},{"type":"Feature","geometry":{"type":"Point","coordinates":[8.510701,47.47046]},"properties":{"line":"504","mode":"bus","color":"#0059a9","colorDark":"#00294f","band":1,"off":[-3.4,1.1]}},{"type":"Feature","geometry":{"type":"Point","coordinates":[8.510701,47.47046]},"properties":{"line":"525","mode":"bus","color":"#0059a9","colorDark":"#00294f","band":1,"off":[0,1.1]}},{"type":"Feature","geometry":{"type":"Point","coordinates":[8.510701,47.47046]},"properties":{"line":"N51","mode":"bus","color":"#000000","colorDark":"#000000","band":1,"off":[3.4,1.1]}},{"type":"Feature","geometry":{"type":"Point","coordinates":[8.563863,47.455981]},"properties":{"name":"Zürich Flughafen, Bahnhof Q","band":1,"modes":"bus","arr":["510","520","521","524","530"],"off":[0,-0.8]}},{"type":"Feature","geometry":{"type":"Point","coordinates":[8.563863,47.455981]},"properties":{"name":"Zürich Flughafen, Bahnhof P","band":1,"modes":"bus","arr":["510","520","521","524","530"],"off":[0,-3]}},{"type":"Feature","geometry":{"type":"Point","coordinates":[8.563863,47.455981]},"properties":{"name":"Zürich Flughafen, Bahnhof N","band":1,"modes":"bus","arr":["510","520","521","524","530"],"off":[0,-5.2]}},{"type":"Feature","geometry":{"type":"Point","coordinates":[8.563863,47.455981]},"properties":{"line":"510","mode":"bus","color":"#0059a9","colorDark":"#00294f","band":1,"off":[-6.8,1.1]}},{"type":"Feature","geometry":{"type":"Point","coordinates":[8.563863,47.455981]},"properties":{"line":"520","mode":"bus","color":"#0059a9","colorDark":"#00294f","band":1,"off":[-3.4,1.1]}},{"type":"Feature","geometry":{"type":"Point","coordinates":[8.563863,47.455981]},"properties":{"line":"521","mode":"bus","color":"#0059a9","colorDark":"#00294f","band":1,"off":[0,1.1]}},{"type":"Feature","geometry":{"type":"Point","coordinates":[8.563863,47.455981]},"properties":{"line":"524","mode":"bus","color":"#0059a9","colorDark":"#00294f","band":1,"off":[3.4,1.1]}},{"type":"Feature","geometry":{"type":"Point","coordinates":[8.563863,47.455981]},"properties":{"line":"530","mode":"bus","color":"#0059a9","colorDark":"#00294f","band":1,"off":[6.8,1.1]}},{"type":"Feature","geometry":{"type":"Point","coordinates":[8.53259,47.453995]},"properties":{"name":"Rümlang, Bahnhof","band":1,"modes":"bus","arr":["742","797"],"off":[0,-0.8]}},{"type":"Feature","geometry":{"type":"Point","coordinates":[8.53259,47.453995]},"properties":{"line":"742","mode":"bus","color":"#0059a9","colorDark":"#00294f","band":1,"off":[-1.7,1.1]}},{"type":"Feature","geometry":{"type":"Point","coordinates":[8.53259,47.453995]},"properties":{"line":"797","mode":"bus","color":"#0059a9","colorDark":"#00294f","band":1,"off":[1.7,1.1]}},{"type":"Feature","geometry":{"type":"Point","coordinates":[8.586829,47.52041]},"properties":{"name":"Embrach-Rorbas, Bahnhof","band":1,"modes":"bus","arr":["520"],"off":[0,-0.8]}},{"type":"Feature","geometry":{"type":"Point","coordinates":[8.586829,47.52041]},"properties":{"line":"520","mode":"bus","color":"#0059a9","colorDark":"#00294f","band":1,"off":[0,1.1]}},{"type":"Feature","geometry":{"type":"Point","coordinates":[8.58077,47.530385]},"properties":{"name":"Freienstein, Alte Brücke","band":1,"modes":"bus","arr":["521","N52"],"off":[0,-0.8]}},{"type":"Feature","geometry":{"type":"Point","coordinates":[8.58077,47.530385]},"properties":{"line":"521","mode":"bus","color":"#0059a9","colorDark":"#00294f","band":1,"off":[-1.7,1.1]}},{"type":"Feature","geometry":{"type":"Point","coordinates":[8.58077,47.530385]},"properties":{"line":"N52","mode":"bus","color":"#000000","colorDark":"#000000","band":1,"off":[1.7,1.1]}},{"type":"Feature","geometry":{"type":"Point","coordinates":[8.593825,47.517758]},"properties":{"name":"Embrach, Embraport","band":1,"modes":"bus","arr":["N52"],"off":[0,-0.8]}},{"type":"Feature","geometry":{"type":"Point","coordinates":[8.593825,47.517758]},"properties":{"line":"N52","mode":"bus","color":"#000000","colorDark":"#000000","band":1,"off":[0,1.1]}},{"type":"Feature","geometry":{"type":"Point","coordinates":[8.619272,47.487104]},"properties":{"name":"Oberembrach, Dorf","band":1,"modes":"bus","arr":["524"],"off":[0,-0.8]}},{"type":"Feature","geometry":{"type":"Point","coordinates":[8.619272,47.487104]},"properties":{"line":"524","mode":"bus","color":"#0059a9","colorDark":"#00294f","band":1,"off":[0,1.1]}},{"type":"Feature","geometry":{"type":"Point","coordinates":[8.500385,47.503983]},"properties":{"name":"Höri, Oberhöri","band":1,"modes":"bus","arr":["N54"],"off":[0,-0.8]}},{"type":"Feature","geometry":{"type":"Point","coordinates":[8.500385,47.503983]},"properties":{"line":"N54","mode":"bus","color":"#000000","colorDark":"#000000","band":1,"off":[0,1.1]}},{"type":"Feature","geometry":{"type":"Point","coordinates":[8.563774,47.443474]},"properties":{"name":"Zürich Flughafen, Bahnhof O","band":1,"modes":"bus","arr":["530","531","731","732","734","736"],"off":[0,-0.8]}},{"type":"Feature","geometry":{"type":"Point","coordinates":[8.563774,47.443474]},"properties":{"name":"Zürich Flughafen, Bahnhof M","band":1,"modes":"bus","arr":["530","531","731","732","734","736"],"off":[0,-3]}},{"type":"Feature","geometry":{"type":"Point","coordinates":[8.563774,47.443474]},"properties":{"name":"Zürich Flughafen, Bahnhof E","band":1,"modes":"bus","arr":["530","531","731","732","734","736"],"off":[0,-5.2]}},{"type":"Feature","geometry":{"type":"Point","coordinates":[8.563774,47.443474]},"properties":{"line":"530","mode":"bus","color":"#0059a9","colorDark":"#00294f","band":1,"off":[-6.8,1.1]}},{"type":"Feature","geometry":{"type":"Point","coordinates":[8.563774,47.443474]},"properties":{"line":"531","mode":"bus","color":"#0059a9","colorDark":"#00294f","band":1,"off":[-3.4,1.1]}},{"type":"Feature","geometry":{"type":"Point","coordinates":[8.563774,47.443474]},"properties":{"line":"731","mode":"bus","color":"#0059a9","colorDark":"#00294f","band":1,"off":[0,1.1]}},{"type":"Feature","geometry":{"type":"Point","coordinates":[8.563774,47.443474]},"properties":{"line":"732","mode":"bus","color":"#0059a9","colorDark":"#00294f","band":1,"off":[3.4,1.1]}},{"type":"Feature","geometry":{"type":"Point","coordinates":[8.563774,47.443474]},"properties":{"line":"734","mode":"bus","color":"#0059a9","colorDark":"#00294f","band":1,"off":[6.8,1.1]}},{"type":"Feature","geometry":{"type":"Point","coordinates":[8.563774,47.443474]},"properties":{"line":"736","mode":"bus","color":"#0059a9","colorDark":"#00294f","band":1,"off":[0,3.1]}},{"type":"Feature","geometry":{"type":"Point","coordinates":[8.488479,47.478474]},"properties":{"name":"Niederhasli, Bahnhof","band":1,"modes":"bus","arr":["533","534"],"off":[0,-0.8]}},{"type":"Feature","geometry":{"type":"Point","coordinates":[8.488479,47.478474]},"properties":{"line":"533","mode":"bus","color":"#0059a9","colorDark":"#00294f","band":1,"off":[-1.7,1.1]}},{"type":"Feature","geometry":{"type":"Point","coordinates":[8.488479,47.478474]},"properties":{"line":"534","mode":"bus","color":"#0059a9","colorDark":"#00294f","band":1,"off":[1.7,1.1]}},{"type":"Feature","geometry":{"type":"Point","coordinates":[8.471525,47.465722]},"properties":{"name":"Niederhasli, Nassenwil","band":1,"modes":"bus","arr":["533"],"off":[0,-0.8]}},{"type":"Feature","geometry":{"type":"Point","coordinates":[8.471525,47.465722]},"properties":{"line":"533","mode":"bus","color":"#0059a9","colorDark":"#00294f","band":1,"off":[0,1.1]}},{"type":"Feature","geometry":{"type":"Point","coordinates":[8.490069,47.459133]},"properties":{"name":"Oberhasli, Industrie","band":1,"modes":"bus","arr":["534"],"off":[0,-0.8]}},{"type":"Feature","geometry":{"type":"Point","coordinates":[8.490069,47.459133]},"properties":{"line":"534","mode":"bus","color":"#0059a9","colorDark":"#00294f","band":1,"off":[0,1.1]}},{"type":"Feature","geometry":{"type":"Point","coordinates":[8.436245,47.482957]},"properties":{"name":"Regensberg, Dorf","band":1,"modes":"bus","arr":["593"],"off":[0,-0.8]}},{"type":"Feature","geometry":{"type":"Point","coordinates":[8.436245,47.482957]},"properties":{"line":"593","mode":"bus","color":"#0059a9","colorDark":"#00294f","band":1,"off":[0,1.1]}},{"type":"Feature","geometry":{"type":"Point","coordinates":[8.696216,47.454757]},"properties":{"name":"Winterberg ZH, Wältiwis","band":1,"modes":"bus","arr":["650","657"],"off":[0,-0.8]}},{"type":"Feature","geometry":{"type":"Point","coordinates":[8.696216,47.454757]},"properties":{"line":"650","mode":"bus","color":"#0059a9","colorDark":"#00294f","band":1,"off":[-1.7,1.1]}},{"type":"Feature","geometry":{"type":"Point","coordinates":[8.696216,47.454757]},"properties":{"line":"657","mode":"bus","color":"#0059a9","colorDark":"#00294f","band":1,"off":[1.7,1.1]}},{"type":"Feature","geometry":{"type":"Point","coordinates":[8.686252,47.4232]},"properties":{"name":"Effretikon, Bahnhof E","band":1,"modes":"bus","arr":["650","652","655","656","657","658","659","662"],"off":[0,-0.8]}},{"type":"Feature","geometry":{"type":"Point","coordinates":[8.686252,47.4232]},"properties":{"name":"Effretikon, Bahnhof D","band":1,"modes":"bus","arr":["650","652","655","656","657","658","659","662"],"off":[0,-3]}},{"type":"Feature","geometry":{"type":"Point","coordinates":[8.686252,47.4232]},"properties":{"name":"Effretikon, Bahnhof A","band":1,"modes":"bus","arr":["650","652","655","656","657","658","659","662"],"off":[0,-5.2]}},{"type":"Feature","geometry":{"type":"Point","coordinates":[8.686252,47.4232]},"properties":{"line":"650","mode":"bus","color":"#0059a9","colorDark":"#00294f","band":1,"off":[-6.8,1.1]}},{"type":"Feature","geometry":{"type":"Point","coordinates":[8.686252,47.4232]},"properties":{"line":"652","mode":"bus","color":"#0059a9","colorDark":"#00294f","band":1,"off":[-3.4,1.1]}},{"type":"Feature","geometry":{"type":"Point","coordinates":[8.686252,47.4232]},"properties":{"line":"655","mode":"bus","color":"#0059a9","colorDark":"#00294f","band":1,"off":[0,1.1]}},{"type":"Feature","geometry":{"type":"Point","coordinates":[8.686252,47.4232]},"properties":{"line":"656","mode":"bus","color":"#0059a9","colorDark":"#00294f","band":1,"off":[3.4,1.1]}},{"type":"Feature","geometry":{"type":"Point","coordinates":[8.686252,47.4232]},"properties":{"line":"657","mode":"bus","color":"#0059a9","colorDark":"#00294f","band":1,"off":[6.8,1.1]}},{"type":"Feature","geometry":{"type":"Point","coordinates":[8.686252,47.4232]},"properties":{"line":"658","mode":"bus","color":"#0059a9","colorDark":"#00294f","band":1,"off":[-3.4,3.1]}},{"type":"Feature","geometry":{"type":"Point","coordinates":[8.686252,47.4232]},"properties":{"line":"659","mode":"bus","color":"#0059a9","colorDark":"#00294f","band":1,"off":[0,3.1]}},{"type":"Feature","geometry":{"type":"Point","coordinates":[8.686252,47.4232]},"properties":{"line":"662","mode":"bus","color":"#0059a9","colorDark":"#00294f","band":1,"off":[3.4,3.1]}},{"type":"Feature","geometry":{"type":"Point","coordinates":[8.722896,47.40856]},"properties":{"name":"Illnau, Bahnhof","band":1,"modes":"bus","arr":["652"],"off":[0,-0.8]}},{"type":"Feature","geometry":{"type":"Point","coordinates":[8.722896,47.40856]},"properties":{"line":"652","mode":"bus","color":"#0059a9","colorDark":"#00294f","band":1,"off":[0,1.1]}},{"type":"Feature","geometry":{"type":"Point","coordinates":[8.744477,47.457194]},"properties":{"name":"Kyburg, Dorf","band":1,"modes":"bus","arr":["655"],"off":[0,-0.8]}},{"type":"Feature","geometry":{"type":"Point","coordinates":[8.744477,47.457194]},"properties":{"line":"655","mode":"bus","color":"#0059a9","colorDark":"#00294f","band":1,"off":[0,1.1]}},{"type":"Feature","geometry":{"type":"Point","coordinates":[8.700393,47.44215]},"properties":{"name":"Grafstal, Engelacher","band":1,"modes":"bus","arr":["N70"],"off":[0,-0.8]}},{"type":"Feature","geometry":{"type":"Point","coordinates":[8.700393,47.44215]},"properties":{"line":"N70","mode":"bus","color":"#000000","colorDark":"#000000","band":1,"off":[0,1.1]}},{"type":"Feature","geometry":{"type":"Point","coordinates":[8.660414,47.461181]},"properties":{"name":"Breite b. N., Winterthurerstr.","band":1,"modes":"bus","arr":["656","658","659","769"],"off":[0,-0.8]}},{"type":"Feature","geometry":{"type":"Point","coordinates":[8.660414,47.461181]},"properties":{"name":"Breite b. N., Sternen","band":1,"modes":"bus","arr":["656","658","659","769"],"off":[0,-3]}},{"type":"Feature","geometry":{"type":"Point","coordinates":[8.660414,47.461181]},"properties":{"line":"656","mode":"bus","color":"#0059a9","colorDark":"#00294f","band":1,"off":[-5.1,1.1]}},{"type":"Feature","geometry":{"type":"Point","coordinates":[8.660414,47.461181]},"properties":{"line":"658","mode":"bus","color":"#0059a9","colorDark":"#00294f","band":1,"off":[-1.7,1.1]}},{"type":"Feature","geometry":{"type":"Point","coordinates":[8.660414,47.461181]},"properties":{"line":"659","mode":"bus","color":"#0059a9","colorDark":"#00294f","band":1,"off":[1.7,1.1]}},{"type":"Feature","geometry":{"type":"Point","coordinates":[8.660414,47.461181]},"properties":{"line":"769","mode":"bus","color":"#0059a9","colorDark":"#00294f","band":1,"off":[5.1,1.1]}},{"type":"Feature","geometry":{"type":"Point","coordinates":[8.648218,47.4467]},"properties":{"name":"Nürensdorf, Zentrum","band":1,"modes":"bus","arr":["N78"],"off":[0,-0.8]}},{"type":"Feature","geometry":{"type":"Point","coordinates":[8.648218,47.4467]},"properties":{"line":"N78","mode":"bus","color":"#000000","colorDark":"#000000","band":1,"off":[0,1.1]}},{"type":"Feature","geometry":{"type":"Point","coordinates":[8.686533,47.42763]},"properties":{"name":"Effretikon, Bahnhof C","band":1,"modes":"bus,metro","arr":["658","662","720","S8","N62","N70"],"off":[0,-0.8]}},{"type":"Feature","geometry":{"type":"Point","coordinates":[8.686533,47.42763]},"properties":{"name":"Effretikon, Bahnhof B","band":1,"modes":"bus,metro","arr":["658","662","720","S8","N62","N70"],"off":[0,-3]}},{"type":"Feature","geometry":{"type":"Point","coordinates":[8.686533,47.42763]},"properties":{"name":"Effretikon","band":1,"modes":"bus,metro","arr":["658","662","720","S8","N62","N70"],"off":[0,-5.2]}},{"type":"Feature","geometry":{"type":"Point","coordinates":[8.686533,47.42763]},"properties":{"line":"658","mode":"bus","color":"#0059a9","colorDark":"#00294f","band":1,"off":[-6.8,1.1]}},{"type":"Feature","geometry":{"type":"Point","coordinates":[8.686533,47.42763]},"properties":{"line":"662","mode":"bus","color":"#0059a9","colorDark":"#00294f","band":1,"off":[-3.4,1.1]}},{"type":"Feature","geometry":{"type":"Point","coordinates":[8.686533,47.42763]},"properties":{"line":"720","mode":"bus","color":"#0059a9","colorDark":"#00294f","band":1,"off":[0,1.1]}},{"type":"Feature","geometry":{"type":"Point","coordinates":[8.686533,47.42763]},"properties":{"line":"S8","mode":"tram","color":"#0A4595","colorDark":"#062652","band":1,"metro":1,"off":[3.4,1.1]}},{"type":"Feature","geometry":{"type":"Point","coordinates":[8.686533,47.42763]},"properties":{"line":"N62","mode":"bus","color":"#000000","colorDark":"#000000","band":1,"off":[6.8,1.1]}},{"type":"Feature","geometry":{"type":"Point","coordinates":[8.686533,47.42763]},"properties":{"line":"N70","mode":"bus","color":"#000000","colorDark":"#000000","band":1,"off":[0,3.1]}},{"type":"Feature","geometry":{"type":"Point","coordinates":[8.723725,47.499593]},"properties":{"name":"Winterthur, Archstrasse/HB A","band":1,"modes":"bus,metro","arr":["660","S7","S8","S11","S12","S24","S26","S30","S41","SN1","SN6","SN11","SN41"],"off":[0,-0.8],"sc":0.98}},{"type":"Feature","geometry":{"type":"Point","coordinates":[8.723725,47.499593]},"properties":{"name":"Winterthur","band":1,"modes":"bus,metro","arr":["660","S7","S8","S11","S12","S24","S26","S30","S41","SN1","SN6","SN11","SN41"],"off":[0,-3],"sc":0.98}},{"type":"Feature","geometry":{"type":"Point","coordinates":[8.723725,47.499593]},"properties":{"line":"660","mode":"bus","color":"#0059a9","colorDark":"#00294f","band":1,"sc":0.98,"off":[-5.82,1.1]}},{"type":"Feature","geometry":{"type":"Point","coordinates":[8.723725,47.499593]},"properties":{"line":"S7","mode":"tram","color":"#0A4595","colorDark":"#062652","band":1,"metro":1,"sc":0.98,"off":[-1.94,1.1]}},{"type":"Feature","geometry":{"type":"Point","coordinates":[8.723725,47.499593]},"properties":{"line":"S8","mode":"tram","color":"#0A4595","colorDark":"#062652","band":1,"metro":1,"sc":0.98,"off":[1.94,1.1]}},{"type":"Feature","geometry":{"type":"Point","coordinates":[8.723725,47.499593]},"properties":{"line":"S11","mode":"tram","color":"#0A4595","colorDark":"#062652","band":1,"metro":1,"sc":0.98,"off":[5.82,1.1]}},{"type":"Feature","geometry":{"type":"Point","coordinates":[8.723725,47.499593]},"properties":{"line":"S12","mode":"tram","color":"#0A4595","colorDark":"#062652","band":1,"metro":1,"sc":0.98,"off":[-5.82,3.1]}},{"type":"Feature","geometry":{"type":"Point","coordinates":[8.723725,47.499593]},"properties":{"line":"S24","mode":"tram","color":"#0A4595","colorDark":"#062652","band":1,"metro":1,"sc":0.98,"off":[-1.94,3.1]}},{"type":"Feature","geometry":{"type":"Point","coordinates":[8.723725,47.499593]},"properties":{"line":"S26","mode":"tram","color":"#0A4595","colorDark":"#062652","band":1,"metro":1,"sc":0.98,"off":[1.94,3.1]}},{"type":"Feature","geometry":{"type":"Point","coordinates":[8.723725,47.499593]},"properties":{"line":"S30","mode":"tram","color":"#0A4595","colorDark":"#062652","band":1,"metro":1,"sc":0.98,"off":[5.82,3.1]}},{"type":"Feature","geometry":{"type":"Point","coordinates":[8.723725,47.499593]},"properties":{"line":"S41","mode":"tram","color":"#0A4595","colorDark":"#062652","band":1,"metro":1,"sc":0.98,"off":[-5.82,5.1]}},{"type":"Feature","geometry":{"type":"Point","coordinates":[8.723725,47.499593]},"properties":{"line":"SN1","mode":"tram","color":"#000000","colorDark":"#000000","band":1,"metro":1,"sc":0.98,"off":[-1.94,5.1]}},{"type":"Feature","geometry":{"type":"Point","coordinates":[8.723725,47.499593]},"properties":{"line":"SN6","mode":"tram","color":"#000000","colorDark":"#000000","band":1,"metro":1,"sc":0.98,"off":[1.94,5.1]}},{"type":"Feature","geometry":{"type":"Point","coordinates":[8.723725,47.499593]},"properties":{"line":"SN11","mode":"tram","color":"#000000","colorDark":"#000000","band":1,"metro":1,"sc":0.98,"off":[5.82,5.1]}},{"type":"Feature","geometry":{"type":"Point","coordinates":[8.723725,47.499593]},"properties":{"line":"SN41","mode":"tram","color":"#000000","colorDark":"#000000","band":1,"metro":1,"sc":0.98,"off":[0,7.1]}},{"type":"Feature","geometry":{"type":"Point","coordinates":[8.682984,47.471385]},"properties":{"name":"Brütten, Harossen","band":1,"modes":"bus","arr":["662"],"off":[0,-0.8]}},{"type":"Feature","geometry":{"type":"Point","coordinates":[8.682984,47.471385]},"properties":{"line":"662","mode":"bus","color":"#0059a9","colorDark":"#00294f","band":1,"off":[0,1.1]}},{"type":"Feature","geometry":{"type":"Point","coordinates":[8.626488,47.438399]},"properties":{"name":"Bassersdorf, Bahnhof Süd","band":1,"modes":"bus,metro","arr":["660","749","766","769","SN7"],"off":[0,-0.8]}},{"type":"Feature","geometry":{"type":"Point","coordinates":[8.626488,47.438399]},"properties":{"name":"Bassersdorf, Bahnhof","band":1,"modes":"bus,metro","arr":["660","749","766","769","SN7"],"off":[0,-3]}},{"type":"Feature","geometry":{"type":"Point","coordinates":[8.626488,47.438399]},"properties":{"name":"Bassersdorf","band":1,"modes":"bus,metro","arr":["660","749","766","769","SN7"],"off":[0,-5.2]}},{"type":"Feature","geometry":{"type":"Point","coordinates":[8.626488,47.438399]},"properties":{"line":"660","mode":"bus","color":"#0059a9","colorDark":"#00294f","band":1,"off":[-6.8,1.1]}},{"type":"Feature","geometry":{"type":"Point","coordinates":[8.626488,47.438399]},"properties":{"line":"749","mode":"bus","color":"#0059a9","colorDark":"#00294f","band":1,"off":[-3.4,1.1]}},{"type":"Feature","geometry":{"type":"Point","coordinates":[8.626488,47.438399]},"properties":{"line":"766","mode":"bus","color":"#0059a9","colorDark":"#00294f","band":1,"off":[0,1.1]}},{"type":"Feature","geometry":{"type":"Point","coordinates":[8.626488,47.438399]},"properties":{"line":"769","mode":"bus","color":"#0059a9","colorDark":"#00294f","band":1,"off":[3.4,1.1]}},{"type":"Feature","geometry":{"type":"Point","coordinates":[8.626488,47.438399]},"properties":{"line":"SN7","mode":"tram","color":"#000000","colorDark":"#000000","band":1,"metro":1,"off":[6.8,1.1]}},{"type":"Feature","geometry":{"type":"Point","coordinates":[8.56648,47.36488]},"properties":{"name":"Klusplatz D","band":1,"modes":"tram,bus","arr":["3","701","703","704"],"off":[0,-0.8]}},{"type":"Feature","geometry":{"type":"Point","coordinates":[8.56648,47.36488]},"properties":{"name":"Klusplatz C","band":1,"modes":"tram,bus","arr":["3","701","703","704"],"off":[0,-1.9]}},{"type":"Feature","geometry":{"type":"Point","coordinates":[8.56648,47.36488]},"properties":{"name":"Klusplatz A","band":1,"modes":"tram,bus","arr":["3","701","703","704"],"off":[0,-3]}},{"type":"Feature","geometry":{"type":"Point","coordinates":[8.56648,47.36488]},"properties":{"line":"3","mode":"tram","color":"#d6212b","colorDark":"#7c1116","band":1,"off":[-5.1,1.1]}},{"type":"Feature","geometry":{"type":"Point","coordinates":[8.56648,47.36488]},"properties":{"line":"701","mode":"bus","color":"#0059a9","colorDark":"#00294f","band":1,"off":[-1.7,1.1]}},{"type":"Feature","geometry":{"type":"Point","coordinates":[8.56648,47.36488]},"properties":{"line":"703","mode":"bus","color":"#0059a9","colorDark":"#00294f","band":1,"off":[1.7,1.1]}},{"type":"Feature","geometry":{"type":"Point","coordinates":[8.56648,47.36488]},"properties":{"line":"704","mode":"bus","color":"#0059a9","colorDark":"#00294f","band":1,"off":[5.1,1.1]}},{"type":"Feature","geometry":{"type":"Point","coordinates":[8.677969,47.33993]},"properties":{"name":"Maur, See","band":1,"modes":"bus","arr":["701","743","N71"],"off":[0,-0.8]}},{"type":"Feature","geometry":{"type":"Point","coordinates":[8.677969,47.33993]},"properties":{"line":"701","mode":"bus","color":"#0059a9","colorDark":"#00294f","band":1,"off":[-3.4,1.1]}},{"type":"Feature","geometry":{"type":"Point","coordinates":[8.677969,47.33993]},"properties":{"line":"743","mode":"bus","color":"#0059a9","colorDark":"#00294f","band":1,"off":[0,1.1]}},{"type":"Feature","geometry":{"type":"Point","coordinates":[8.677969,47.33993]},"properties":{"line":"N71","mode":"bus","color":"#000000","colorDark":"#000000","band":1,"off":[3.4,1.1]}},{"type":"Feature","geometry":{"type":"Point","coordinates":[8.668459,47.340316]},"properties":{"name":"Maur, Dorf","band":1,"modes":"bus","arr":["910"],"off":[0,-0.8]}},{"type":"Feature","geometry":{"type":"Point","coordinates":[8.668459,47.340316]},"properties":{"line":"910","mode":"bus","color":"#0059a9","colorDark":"#00294f","band":1,"off":[0,1.1]}},{"type":"Feature","geometry":{"type":"Point","coordinates":[8.638505,47.361201]},"properties":{"name":"Benglen, Bodenacher","band":1,"modes":"bus","arr":["703","705"],"off":[0,-0.8]}},{"type":"Feature","geometry":{"type":"Point","coordinates":[8.638505,47.361201]},"properties":{"line":"703","mode":"bus","color":"#0059a9","colorDark":"#00294f","band":1,"off":[-1.7,1.1]}},{"type":"Feature","geometry":{"type":"Point","coordinates":[8.638505,47.361201]},"properties":{"line":"705","mode":"bus","color":"#0059a9","colorDark":"#00294f","band":1,"off":[1.7,1.1]}},{"type":"Feature","geometry":{"type":"Point","coordinates":[8.659721,47.386]},"properties":{"name":"Schwerzenbach ZH, Bahnhof E","band":1,"modes":"bus","arr":["704","705","706","720","N74"],"off":[0,-0.8]}},{"type":"Feature","geometry":{"type":"Point","coordinates":[8.659721,47.386]},"properties":{"name":"Schwerzenbach ZH, Bahnhof D","band":1,"modes":"bus","arr":["704","705","706","720","N74"],"off":[0,-3]}},{"type":"Feature","geometry":{"type":"Point","coordinates":[8.659721,47.386]},"properties":{"name":"Schwerzenbach ZH, Bahnhof B","band":1,"modes":"bus","arr":["704","705","706","720","N74"],"off":[0,-5.2]}},{"type":"Feature","geometry":{"type":"Point","coordinates":[8.659721,47.386]},"properties":{"line":"704","mode":"bus","color":"#0059a9","colorDark":"#00294f","band":1,"off":[-6.8,1.1]}},{"type":"Feature","geometry":{"type":"Point","coordinates":[8.659721,47.386]},"properties":{"line":"705","mode":"bus","color":"#0059a9","colorDark":"#00294f","band":1,"off":[-3.4,1.1]}},{"type":"Feature","geometry":{"type":"Point","coordinates":[8.659721,47.386]},"properties":{"line":"706","mode":"bus","color":"#0059a9","colorDark":"#00294f","band":1,"off":[0,1.1]}},{"type":"Feature","geometry":{"type":"Point","coordinates":[8.659721,47.386]},"properties":{"line":"720","mode":"bus","color":"#0059a9","colorDark":"#00294f","band":1,"off":[3.4,1.1]}},{"type":"Feature","geometry":{"type":"Point","coordinates":[8.659721,47.386]},"properties":{"line":"N74","mode":"bus","color":"#000000","colorDark":"#000000","band":1,"off":[6.8,1.1]}},{"type":"Feature","geometry":{"type":"Point","coordinates":[8.647989,47.32499]},"properties":{"name":"Forch, Bahnhof","band":1,"modes":"bus","arr":["706","905"],"off":[0,-0.8]}},{"type":"Feature","geometry":{"type":"Point","coordinates":[8.647989,47.32499]},"properties":{"line":"706","mode":"bus","color":"#0059a9","colorDark":"#00294f","band":1,"off":[-1.7,1.1]}},{"type":"Feature","geometry":{"type":"Point","coordinates":[8.647989,47.32499]},"properties":{"line":"905","mode":"bus","color":"#0059a9","colorDark":"#00294f","band":1,"off":[1.7,1.1]}},{"type":"Feature","geometry":{"type":"Point","coordinates":[8.681435,47.395304]},"properties":{"name":"Volketswil, Eichstrasse","band":1,"modes":"bus","arr":["721"],"off":[0,-0.8]}},{"type":"Feature","geometry":{"type":"Point","coordinates":[8.681435,47.395304]},"properties":{"line":"721","mode":"bus","color":"#0059a9","colorDark":"#00294f","band":1,"off":[0,1.1]}},{"type":"Feature","geometry":{"type":"Point","coordinates":[8.659579,47.382262]},"properties":{"name":"Schwerzenbach ZH, Bahnhof F","band":1,"modes":"bus","arr":["721","725","726","727"],"off":[0,-0.8]}},{"type":"Feature","geometry":{"type":"Point","coordinates":[8.659579,47.382262]},"properties":{"name":"Schwerzenbach ZH, Bahnhof C","band":1,"modes":"bus","arr":["721","725","726","727"],"off":[0,-3]}},{"type":"Feature","geometry":{"type":"Point","coordinates":[8.659579,47.382262]},"properties":{"name":"Schwerzenbach ZH, Bahnhof A","band":1,"modes":"bus","arr":["721","725","726","727"],"off":[0,-5.2]}},{"type":"Feature","geometry":{"type":"Point","coordinates":[8.659579,47.382262]},"properties":{"line":"721","mode":"bus","color":"#0059a9","colorDark":"#00294f","band":1,"off":[-5.1,1.1]}},{"type":"Feature","geometry":{"type":"Point","coordinates":[8.659579,47.382262]},"properties":{"line":"725","mode":"bus","color":"#0059a9","colorDark":"#00294f","band":1,"off":[-1.7,1.1]}},{"type":"Feature","geometry":{"type":"Point","coordinates":[8.659579,47.382262]},"properties":{"line":"726","mode":"bus","color":"#0059a9","colorDark":"#00294f","band":1,"off":[1.7,1.1]}},{"type":"Feature","geometry":{"type":"Point","coordinates":[8.659579,47.382262]},"properties":{"line":"727","mode":"bus","color":"#0059a9","colorDark":"#00294f","band":1,"off":[5.1,1.1]}},{"type":"Feature","geometry":{"type":"Point","coordinates":[8.717385,47.351054]},"properties":{"name":"Uster, Bahnhof","band":1,"modes":"bus,metro","arr":["725","811","812","813","816","817","818","827","846","S9","N81","SN9"],"off":[0,-0.8]}},{"type":"Feature","geometry":{"type":"Point","coordinates":[8.717385,47.351054]},"properties":{"name":"Uster","band":1,"modes":"bus,metro","arr":["725","811","812","813","816","817","818","827","846","S9","N81","SN9"],"off":[0,-1.9]}},{"type":"Feature","geometry":{"type":"Point","coordinates":[8.717385,47.351054]},"properties":{"line":"725","mode":"bus","color":"#0059a9","colorDark":"#00294f","band":1,"off":[-6.8,1.1]}},{"type":"Feature","geometry":{"type":"Point","coordinates":[8.717385,47.351054]},"properties":{"line":"811","mode":"bus","color":"#0059a9","colorDark":"#00294f","band":1,"off":[-3.4,1.1]}},{"type":"Feature","geometry":{"type":"Point","coordinates":[8.717385,47.351054]},"properties":{"line":"812","mode":"bus","color":"#0059a9","colorDark":"#00294f","band":1,"off":[0,1.1]}},{"type":"Feature","geometry":{"type":"Point","coordinates":[8.717385,47.351054]},"properties":{"line":"813","mode":"bus","color":"#0059a9","colorDark":"#00294f","band":1,"off":[3.4,1.1]}},{"type":"Feature","geometry":{"type":"Point","coordinates":[8.717385,47.351054]},"properties":{"line":"816","mode":"bus","color":"#0059a9","colorDark":"#00294f","band":1,"off":[6.8,1.1]}},{"type":"Feature","geometry":{"type":"Point","coordinates":[8.717385,47.351054]},"properties":{"line":"817","mode":"bus","color":"#0059a9","colorDark":"#00294f","band":1,"off":[-6.8,3.1]}},{"type":"Feature","geometry":{"type":"Point","coordinates":[8.717385,47.351054]},"properties":{"line":"818","mode":"bus","color":"#0059a9","colorDark":"#00294f","band":1,"off":[-3.4,3.1]}},{"type":"Feature","geometry":{"type":"Point","coordinates":[8.717385,47.351054]},"properties":{"line":"827","mode":"bus","color":"#0059a9","colorDark":"#00294f","band":1,"off":[0,3.1]}},{"type":"Feature","geometry":{"type":"Point","coordinates":[8.717385,47.351054]},"properties":{"line":"846","mode":"bus","color":"#0059a9","colorDark":"#00294f","band":1,"off":[3.4,3.1]}},{"type":"Feature","geometry":{"type":"Point","coordinates":[8.717385,47.351054]},"properties":{"line":"S9","mode":"tram","color":"#0A4595","colorDark":"#062652","band":1,"metro":1,"off":[6.8,3.1]}},{"type":"Feature","geometry":{"type":"Point","coordinates":[8.717385,47.351054]},"properties":{"line":"N81","mode":"bus","color":"#000000","colorDark":"#000000","band":1,"off":[-1.7,5.1]}},{"type":"Feature","geometry":{"type":"Point","coordinates":[8.717385,47.351054]},"properties":{"line":"SN9","mode":"tram","color":"#000000","colorDark":"#000000","band":1,"metro":1,"off":[1.7,5.1]}},{"type":"Feature","geometry":{"type":"Point","coordinates":[8.692841,47.389605]},"properties":{"name":"Volketswil, Dorf","band":1,"modes":"bus","arr":["726"],"off":[0,-0.8]}},{"type":"Feature","geometry":{"type":"Point","coordinates":[8.692841,47.389605]},"properties":{"line":"726","mode":"bus","color":"#0059a9","colorDark":"#00294f","band":1,"off":[0,1.1]}},{"type":"Feature","geometry":{"type":"Point","coordinates":[8.690648,47.364436]},"properties":{"name":"Greifensee, Pfisterhölzli","band":1,"modes":"bus","arr":["727"],"off":[0,-0.8]}},{"type":"Feature","geometry":{"type":"Point","coordinates":[8.690648,47.364436]},"properties":{"line":"727","mode":"bus","color":"#0059a9","colorDark":"#00294f","band":1,"off":[0,1.1]}},{"type":"Feature","geometry":{"type":"Point","coordinates":[8.595339,47.444445]},"properties":{"name":"Kloten, Buchhalden","band":1,"modes":"bus","arr":["731","736"],"off":[0,-0.8]}},{"type":"Feature","geometry":{"type":"Point","coordinates":[8.595339,47.444445]},"properties":{"line":"731","mode":"bus","color":"#0059a9","colorDark":"#00294f","band":1,"off":[-1.7,1.1]}},{"type":"Feature","geometry":{"type":"Point","coordinates":[8.595339,47.444445]},"properties":{"line":"736","mode":"bus","color":"#0059a9","colorDark":"#00294f","band":1,"off":[1.7,1.1]}},{"type":"Feature","geometry":{"type":"Point","coordinates":[8.582353,47.471909]},"properties":{"name":"Egetswil, Dorf","band":1,"modes":"bus","arr":["732","734"],"off":[0,-0.8]}},{"type":"Feature","geometry":{"type":"Point","coordinates":[8.582353,47.471909]},"properties":{"line":"732","mode":"bus","color":"#0059a9","colorDark":"#00294f","band":1,"off":[-1.7,1.1]}},{"type":"Feature","geometry":{"type":"Point","coordinates":[8.582353,47.471909]},"properties":{"line":"734","mode":"bus","color":"#0059a9","colorDark":"#00294f","band":1,"off":[1.7,1.1]}},{"type":"Feature","geometry":{"type":"Point","coordinates":[8.582812,47.448379]},"properties":{"name":"Kloten, Bahnhof","band":1,"modes":"bus","arr":["766","N10","N52","N54"],"off":[0,-0.8]}},{"type":"Feature","geometry":{"type":"Point","coordinates":[8.582812,47.448379]},"properties":{"line":"766","mode":"bus","color":"#0059a9","colorDark":"#00294f","band":1,"off":[-5.1,1.1]}},{"type":"Feature","geometry":{"type":"Point","coordinates":[8.582812,47.448379]},"properties":{"line":"N10","mode":"bus","color":"#000000","colorDark":"#000000","band":1,"off":[-1.7,1.1]}},{"type":"Feature","geometry":{"type":"Point","coordinates":[8.582812,47.448379]},"properties":{"line":"N52","mode":"bus","color":"#000000","colorDark":"#000000","band":1,"off":[1.7,1.1]}},{"type":"Feature","geometry":{"type":"Point","coordinates":[8.582812,47.448379]},"properties":{"line":"N54","mode":"bus","color":"#000000","colorDark":"#000000","band":1,"off":[5.1,1.1]}},{"type":"Feature","geometry":{"type":"Point","coordinates":[8.595971,47.450913]},"properties":{"name":"Kloten, Graswinkel","band":1,"modes":"bus","arr":["733"],"off":[0,-0.8]}},{"type":"Feature","geometry":{"type":"Point","coordinates":[8.595971,47.450913]},"properties":{"line":"733","mode":"bus","color":"#0059a9","colorDark":"#00294f","band":1,"off":[0,1.1]}},{"type":"Feature","geometry":{"type":"Point","coordinates":[8.563736,47.452371]},"properties":{"name":"Zürich Flughafen, Bahnhof L","band":1,"modes":"bus","arr":["733","735","739"],"off":[0,-0.8]}},{"type":"Feature","geometry":{"type":"Point","coordinates":[8.563736,47.452371]},"properties":{"name":"Zürich Flughafen, Bahnhof H","band":1,"modes":"bus","arr":["733","735","739"],"off":[0,-3]}},{"type":"Feature","geometry":{"type":"Point","coordinates":[8.563736,47.452371]},"properties":{"name":"Zürich Flughafen, Bahnhof G","band":1,"modes":"bus","arr":["733","735","739"],"off":[0,-5.2]}},{"type":"Feature","geometry":{"type":"Point","coordinates":[8.563736,47.452371]},"properties":{"line":"733","mode":"bus","color":"#0059a9","colorDark":"#00294f","band":1,"off":[-3.4,1.1]}},{"type":"Feature","geometry":{"type":"Point","coordinates":[8.563736,47.452371]},"properties":{"line":"735","mode":"bus","color":"#0059a9","colorDark":"#00294f","band":1,"off":[0,1.1]}},{"type":"Feature","geometry":{"type":"Point","coordinates":[8.563736,47.452371]},"properties":{"line":"739","mode":"bus","color":"#0059a9","colorDark":"#00294f","band":1,"off":[3.4,1.1]}},{"type":"Feature","geometry":{"type":"Point","coordinates":[8.590305,47.455572]},"properties":{"name":"Kloten, Härdlen","band":1,"modes":"bus","arr":["735"],"off":[0,-0.8]}},{"type":"Feature","geometry":{"type":"Point","coordinates":[8.590305,47.455572]},"properties":{"line":"735","mode":"bus","color":"#0059a9","colorDark":"#00294f","band":1,"off":[0,1.1]}},{"type":"Feature","geometry":{"type":"Point","coordinates":[8.572811,47.458496]},"properties":{"name":"Zürich Flughafen, Rega","band":1,"modes":"bus","arr":["739"],"off":[0,-0.8]}},{"type":"Feature","geometry":{"type":"Point","coordinates":[8.572811,47.458496]},"properties":{"line":"739","mode":"bus","color":"#0059a9","colorDark":"#00294f","band":1,"off":[0,1.1]}},{"type":"Feature","geometry":{"type":"Point","coordinates":[8.595558,47.398801]},"properties":{"name":"Bahnhof Stettbach D","band":1,"modes":"bus","arr":["743","745","751","752","760","N6","N7","N76","N77"],"off":[0,-0.8]}},{"type":"Feature","geometry":{"type":"Point","coordinates":[8.595558,47.398801]},"properties":{"name":"Bahnhof Stettbach C","band":1,"modes":"bus","arr":["743","745","751","752","760","N6","N7","N76","N77"],"off":[0,-3]}},{"type":"Feature","geometry":{"type":"Point","coordinates":[8.595558,47.398801]},"properties":{"name":"Bahnhof Stettbach A","band":1,"modes":"bus","arr":["743","745","751","752","760","N6","N7","N76","N77"],"off":[0,-5.2]}},{"type":"Feature","geometry":{"type":"Point","coordinates":[8.595558,47.398801]},"properties":{"line":"743","mode":"bus","color":"#0059a9","colorDark":"#00294f","band":1,"off":[-6.8,1.1]}},{"type":"Feature","geometry":{"type":"Point","coordinates":[8.595558,47.398801]},"properties":{"line":"745","mode":"bus","color":"#0059a9","colorDark":"#00294f","band":1,"off":[-3.4,1.1]}},{"type":"Feature","geometry":{"type":"Point","coordinates":[8.595558,47.398801]},"properties":{"line":"751","mode":"bus","color":"#0059a9","colorDark":"#00294f","band":1,"off":[0,1.1]}},{"type":"Feature","geometry":{"type":"Point","coordinates":[8.595558,47.398801]},"properties":{"line":"752","mode":"bus","color":"#0059a9","colorDark":"#00294f","band":1,"off":[3.4,1.1]}},{"type":"Feature","geometry":{"type":"Point","coordinates":[8.595558,47.398801]},"properties":{"line":"760","mode":"bus","color":"#0059a9","colorDark":"#00294f","band":1,"off":[6.8,1.1]}},{"type":"Feature","geometry":{"type":"Point","coordinates":[8.595558,47.398801]},"properties":{"line":"N6","mode":"bus","color":"#000000","colorDark":"#000000","band":1,"off":[-5.1,3.1]}},{"type":"Feature","geometry":{"type":"Point","coordinates":[8.595558,47.398801]},"properties":{"line":"N7","mode":"bus","color":"#000000","colorDark":"#000000","band":1,"off":[-1.7,3.1]}},{"type":"Feature","geometry":{"type":"Point","coordinates":[8.595558,47.398801]},"properties":{"line":"N76","mode":"bus","color":"#000000","colorDark":"#000000","band":1,"off":[1.7,3.1]}},{"type":"Feature","geometry":{"type":"Point","coordinates":[8.595558,47.398801]},"properties":{"line":"N77","mode":"bus","color":"#000000","colorDark":"#000000","band":1,"off":[5.1,3.1]}},{"type":"Feature","geometry":{"type":"Point","coordinates":[8.642302,47.370634]},"properties":{"name":"Fällanden, Wigarten","band":1,"modes":"bus","arr":["745"],"off":[0,-0.8]}},{"type":"Feature","geometry":{"type":"Point","coordinates":[8.642302,47.370634]},"properties":{"line":"745","mode":"bus","color":"#0059a9","colorDark":"#00294f","band":1,"off":[0,1.1]}},{"type":"Feature","geometry":{"type":"Point","coordinates":[8.618635,47.426361]},"properties":{"name":"Dietlikon, Hofwiesen","band":1,"modes":"bus","arr":["748"],"off":[0,-0.8]}},{"type":"Feature","geometry":{"type":"Point","coordinates":[8.618635,47.426361]},"properties":{"line":"748","mode":"bus","color":"#0059a9","colorDark":"#00294f","band":1,"off":[0,1.1]}},{"type":"Feature","geometry":{"type":"Point","coordinates":[8.623226,47.399974]},"properties":{"name":"Dübendorf, Bahnhof","band":1,"modes":"bus","arr":["748","754","756","760"],"off":[0,-0.8]}},{"type":"Feature","geometry":{"type":"Point","coordinates":[8.623226,47.399974]},"properties":{"line":"748","mode":"bus","color":"#0059a9","colorDark":"#00294f","band":1,"off":[-5.1,1.1]}},{"type":"Feature","geometry":{"type":"Point","coordinates":[8.623226,47.399974]},"properties":{"line":"754","mode":"bus","color":"#0059a9","colorDark":"#00294f","band":1,"off":[-1.7,1.1]}},{"type":"Feature","geometry":{"type":"Point","coordinates":[8.623226,47.399974]},"properties":{"line":"756","mode":"bus","color":"#0059a9","colorDark":"#00294f","band":1,"off":[1.7,1.1]}},{"type":"Feature","geometry":{"type":"Point","coordinates":[8.623226,47.399974]},"properties":{"line":"760","mode":"bus","color":"#0059a9","colorDark":"#00294f","band":1,"off":[5.1,1.1]}},{"type":"Feature","geometry":{"type":"Point","coordinates":[8.608177,47.425451]},"properties":{"name":"Dietlikon, Hinentalstrasse","band":1,"modes":"bus","arr":["749"],"off":[0,-0.8]}},{"type":"Feature","geometry":{"type":"Point","coordinates":[8.608177,47.425451]},"properties":{"line":"749","mode":"bus","color":"#0059a9","colorDark":"#00294f","band":1,"off":[0,1.1]}},{"type":"Feature","geometry":{"type":"Point","coordinates":[8.559761,47.376454]},"properties":{"name":"Kirche Fluntern","band":1,"modes":"tram,bus","arr":["10","751"],"off":[0,-0.8]}},{"type":"Feature","geometry":{"type":"Point","coordinates":[8.559761,47.376454]},"properties":{"line":"10","mode":"tram","color":"#d6212b","colorDark":"#7c1116","band":1,"off":[-1.7,1.1]}},{"type":"Feature","geometry":{"type":"Point","coordinates":[8.559761,47.376454]},"properties":{"line":"751","mode":"bus","color":"#0059a9","colorDark":"#00294f","band":1,"off":[1.7,1.1]}},{"type":"Feature","geometry":{"type":"Point","coordinates":[8.628994,47.389187]},"properties":{"name":"Dübendorf, Kunsteisbahn","band":1,"modes":"bus","arr":["752","N77"],"off":[0,-0.8]}},{"type":"Feature","geometry":{"type":"Point","coordinates":[8.628994,47.389187]},"properties":{"line":"752","mode":"bus","color":"#0059a9","colorDark":"#00294f","band":1,"off":[-1.7,1.1]}},{"type":"Feature","geometry":{"type":"Point","coordinates":[8.628994,47.389187]},"properties":{"line":"N77","mode":"bus","color":"#000000","colorDark":"#000000","band":1,"off":[1.7,1.1]}},{"type":"Feature","geometry":{"type":"Point","coordinates":[8.595555,47.394794]},"properties":{"name":"Bahnhof Stettbach E","band":1,"modes":"tram,bus","arr":["7","12","754","760","E","N76","N78"],"off":[0,-0.8]}},{"type":"Feature","geometry":{"type":"Point","coordinates":[8.595555,47.394794]},"properties":{"name":"Bahnhof Stettbach B","band":1,"modes":"tram,bus","arr":["7","12","754","760","E","N76","N78"],"off":[0,-3]}},{"type":"Feature","geometry":{"type":"Point","coordinates":[8.595555,47.394794]},"properties":{"name":"Bahnhof Stettbach","band":1,"modes":"tram,bus","arr":["7","12","754","760","E","N76","N78"],"off":[0,-5.2]}},{"type":"Feature","geometry":{"type":"Point","coordinates":[8.595555,47.394794]},"properties":{"line":"7","mode":"tram","color":"#d6212b","colorDark":"#7c1116","band":1,"off":[-6.8,1.1]}},{"type":"Feature","geometry":{"type":"Point","coordinates":[8.595555,47.394794]},"properties":{"line":"12","mode":"tram","color":"#d6212b","colorDark":"#7c1116","band":1,"off":[-3.4,1.1]}},{"type":"Feature","geometry":{"type":"Point","coordinates":[8.595555,47.394794]},"properties":{"line":"754","mode":"bus","color":"#0059a9","colorDark":"#00294f","band":1,"off":[0,1.1]}},{"type":"Feature","geometry":{"type":"Point","coordinates":[8.595555,47.394794]},"properties":{"line":"760","mode":"bus","color":"#0059a9","colorDark":"#00294f","band":1,"off":[3.4,1.1]}},{"type":"Feature","geometry":{"type":"Point","coordinates":[8.595555,47.394794]},"properties":{"line":"E","mode":"bus","color":"#0059a9","colorDark":"#00294f","band":1,"off":[6.8,1.1]}},{"type":"Feature","geometry":{"type":"Point","coordinates":[8.595555,47.394794]},"properties":{"line":"N76","mode":"bus","color":"#000000","colorDark":"#000000","band":1,"off":[-1.7,3.1]}},{"type":"Feature","geometry":{"type":"Point","coordinates":[8.595555,47.394794]},"properties":{"line":"N78","mode":"bus","color":"#000000","colorDark":"#000000","band":1,"off":[1.7,3.1]}},{"type":"Feature","geometry":{"type":"Point","coordinates":[8.647381,47.392969]},"properties":{"name":"Dübendorf, Gfenn","band":1,"modes":"bus","arr":["756","N76"],"off":[0,-0.8]}},{"type":"Feature","geometry":{"type":"Point","coordinates":[8.647381,47.392969]},"properties":{"line":"756","mode":"bus","color":"#0059a9","colorDark":"#00294f","band":1,"off":[-1.7,1.1]}},{"type":"Feature","geometry":{"type":"Point","coordinates":[8.647381,47.392969]},"properties":{"line":"N76","mode":"bus","color":"#000000","colorDark":"#000000","band":1,"off":[1.7,1.1]}},{"type":"Feature","geometry":{"type":"Point","coordinates":[8.645765,47.410556]},"properties":{"name":"Wangen, Dorfplatz","band":1,"modes":"bus","arr":["759"],"off":[0,-0.8]}},{"type":"Feature","geometry":{"type":"Point","coordinates":[8.645765,47.410556]},"properties":{"line":"759","mode":"bus","color":"#0059a9","colorDark":"#00294f","band":1,"off":[0,1.1]}},{"type":"Feature","geometry":{"type":"Point","coordinates":[8.567559,47.434598]},"properties":{"name":"Glattbrugg, Glatthof","band":1,"modes":"bus","arr":["N79"],"off":[0,-0.8]}},{"type":"Feature","geometry":{"type":"Point","coordinates":[8.567559,47.434598]},"properties":{"line":"N79","mode":"bus","color":"#000000","colorDark":"#000000","band":1,"off":[0,1.1]}},{"type":"Feature","geometry":{"type":"Point","coordinates":[8.563736,47.447108]},"properties":{"name":"Zürich Flughafen, Bahnhof K","band":1,"modes":"bus","arr":["759","765","768"],"off":[0,-0.8]}},{"type":"Feature","geometry":{"type":"Point","coordinates":[8.563736,47.447108]},"properties":{"name":"Zürich Flughafen, Bahnhof J","band":1,"modes":"bus","arr":["759","765","768"],"off":[0,-3]}},{"type":"Feature","geometry":{"type":"Point","coordinates":[8.563736,47.447108]},"properties":{"name":"Zürich Flughafen, Bahnhof F","band":1,"modes":"bus","arr":["759","765","768"],"off":[0,-5.2]}},{"type":"Feature","geometry":{"type":"Point","coordinates":[8.563736,47.447108]},"properties":{"line":"759","mode":"bus","color":"#0059a9","colorDark":"#00294f","band":1,"off":[-3.4,1.1]}},{"type":"Feature","geometry":{"type":"Point","coordinates":[8.563736,47.447108]},"properties":{"line":"765","mode":"bus","color":"#0059a9","colorDark":"#00294f","band":1,"off":[0,1.1]}},{"type":"Feature","geometry":{"type":"Point","coordinates":[8.563736,47.447108]},"properties":{"line":"768","mode":"bus","color":"#0059a9","colorDark":"#00294f","band":1,"off":[3.4,1.1]}},{"type":"Feature","geometry":{"type":"Point","coordinates":[8.592831,47.414296]},"properties":{"name":"Wallisellen, Bahnhof E","band":1,"modes":"bus","arr":["761","771","772","773"],"off":[0,-0.8]}},{"type":"Feature","geometry":{"type":"Point","coordinates":[8.592831,47.414296]},"properties":{"name":"Wallisellen, Bahnhof C","band":1,"modes":"bus","arr":["761","771","772","773"],"off":[0,-3]}},{"type":"Feature","geometry":{"type":"Point","coordinates":[8.592831,47.414296]},"properties":{"name":"Wallisellen, Bahnhof A","band":1,"modes":"bus","arr":["761","771","772","773"],"off":[0,-5.2]}},{"type":"Feature","geometry":{"type":"Point","coordinates":[8.592831,47.414296]},"properties":{"line":"761","mode":"bus","color":"#0059a9","colorDark":"#00294f","band":1,"off":[-5.1,1.1]}},{"type":"Feature","geometry":{"type":"Point","coordinates":[8.592831,47.414296]},"properties":{"line":"771","mode":"bus","color":"#0059a9","colorDark":"#00294f","band":1,"off":[-1.7,1.1]}},{"type":"Feature","geometry":{"type":"Point","coordinates":[8.592831,47.414296]},"properties":{"line":"772","mode":"bus","color":"#0059a9","colorDark":"#00294f","band":1,"off":[1.7,1.1]}},{"type":"Feature","geometry":{"type":"Point","coordinates":[8.592831,47.414296]},"properties":{"line":"773","mode":"bus","color":"#0059a9","colorDark":"#00294f","band":1,"off":[5.1,1.1]}},{"type":"Feature","geometry":{"type":"Point","coordinates":[8.564208,47.428595]},"properties":{"name":"Glattbrugg, Giebeleichstrasse","band":1,"modes":"bus","arr":["781"],"off":[0,-0.8]}},{"type":"Feature","geometry":{"type":"Point","coordinates":[8.564208,47.428595]},"properties":{"line":"781","mode":"bus","color":"#0059a9","colorDark":"#00294f","band":1,"off":[0,1.1]}},{"type":"Feature","geometry":{"type":"Point","coordinates":[8.559539,47.43063]},"properties":{"name":"Glattbrugg, Bahnhof","band":1,"modes":"bus","arr":["761","762"],"off":[0,-0.8]}},{"type":"Feature","geometry":{"type":"Point","coordinates":[8.559539,47.43063]},"properties":{"line":"761","mode":"bus","color":"#0059a9","colorDark":"#00294f","band":1,"off":[-1.7,1.1]}},{"type":"Feature","geometry":{"type":"Point","coordinates":[8.559539,47.43063]},"properties":{"line":"762","mode":"bus","color":"#0059a9","colorDark":"#00294f","band":1,"off":[1.7,1.1]}},{"type":"Feature","geometry":{"type":"Point","coordinates":[8.579533,47.424693]},"properties":{"name":"Opfikon, Grätzli","band":1,"modes":"bus","arr":["762"],"off":[0,-0.8]}},{"type":"Feature","geometry":{"type":"Point","coordinates":[8.579533,47.424693]},"properties":{"name":"Opfikon, Aublick","band":1,"modes":"bus","arr":["762"],"off":[0,-1.9]}},{"type":"Feature","geometry":{"type":"Point","coordinates":[8.579533,47.424693]},"properties":{"line":"762","mode":"bus","color":"#0059a9","colorDark":"#00294f","band":1,"off":[0,1.1]}},{"type":"Feature","geometry":{"type":"Point","coordinates":[8.621506,47.421384]},"properties":{"name":"Dietlikon, Schwimmbad","band":1,"modes":"bus","arr":["765","796"],"off":[0,-0.8]}},{"type":"Feature","geometry":{"type":"Point","coordinates":[8.621506,47.421384]},"properties":{"line":"765","mode":"bus","color":"#0059a9","colorDark":"#00294f","band":1,"off":[-1.7,1.1]}},{"type":"Feature","geometry":{"type":"Point","coordinates":[8.621506,47.421384]},"properties":{"line":"796","mode":"bus","color":"#0059a9","colorDark":"#00294f","band":1,"off":[1.7,1.1]}},{"type":"Feature","geometry":{"type":"Point","coordinates":[8.598945,47.423711]},"properties":{"name":"Wallisellen, Schäfligraben","band":1,"modes":"bus","arr":["771"],"off":[0,-0.8]}},{"type":"Feature","geometry":{"type":"Point","coordinates":[8.598945,47.423711]},"properties":{"line":"771","mode":"bus","color":"#0059a9","colorDark":"#00294f","band":1,"off":[0,1.1]}},{"type":"Feature","geometry":{"type":"Point","coordinates":[8.606965,47.414867]},"properties":{"name":"Wallisellen, Sportzentrum","band":1,"modes":"bus","arr":["772"],"off":[0,-0.8]}},{"type":"Feature","geometry":{"type":"Point","coordinates":[8.606965,47.414867]},"properties":{"line":"772","mode":"bus","color":"#0059a9","colorDark":"#00294f","band":1,"off":[0,1.1]}},{"type":"Feature","geometry":{"type":"Point","coordinates":[8.588932,47.419466]},"properties":{"name":"Wallisellen, Frohheimstrasse","band":1,"modes":"bus","arr":["773"],"off":[0,-0.8]}},{"type":"Feature","geometry":{"type":"Point","coordinates":[8.588932,47.419466]},"properties":{"line":"773","mode":"bus","color":"#0059a9","colorDark":"#00294f","band":1,"off":[0,1.1]}},{"type":"Feature","geometry":{"type":"Point","coordinates":[8.592939,47.411502]},"properties":{"name":"Wallisellen, Bahnhof F","band":1,"modes":"bus","arr":["773","774"],"off":[0,-0.8]}},{"type":"Feature","geometry":{"type":"Point","coordinates":[8.592939,47.411502]},"properties":{"name":"Wallisellen, Bahnhof B","band":1,"modes":"bus","arr":["773","774"],"off":[0,-3]}},{"type":"Feature","geometry":{"type":"Point","coordinates":[8.592939,47.411502]},"properties":{"line":"773","mode":"bus","color":"#0059a9","colorDark":"#00294f","band":1,"off":[-1.7,1.1]}},{"type":"Feature","geometry":{"type":"Point","coordinates":[8.592939,47.411502]},"properties":{"line":"774","mode":"bus","color":"#0059a9","colorDark":"#00294f","band":1,"off":[1.7,1.1]}},{"type":"Feature","geometry":{"type":"Point","coordinates":[8.599461,47.415525]},"properties":{"name":"Wallisellen, Schulhaus Bürgli","band":1,"modes":"bus","arr":["774"],"off":[0,-0.8]}},{"type":"Feature","geometry":{"type":"Point","coordinates":[8.599461,47.415525]},"properties":{"line":"774","mode":"bus","color":"#0059a9","colorDark":"#00294f","band":1,"off":[0,1.1]}},{"type":"Feature","geometry":{"type":"Point","coordinates":[8.635262,47.425809]},"properties":{"name":"Brüttisellen, Obere Wangenstr.","band":1,"modes":"bus","arr":["787"],"off":[0,-0.8]}},{"type":"Feature","geometry":{"type":"Point","coordinates":[8.635262,47.425809]},"properties":{"line":"787","mode":"bus","color":"#0059a9","colorDark":"#00294f","band":1,"off":[0,1.1]}},{"type":"Feature","geometry":{"type":"Point","coordinates":[8.525738,47.446869]},"properties":{"name":"Rümlang, Chilestieg","band":1,"modes":"bus","arr":["795"],"off":[0,-0.8]}},{"type":"Feature","geometry":{"type":"Point","coordinates":[8.525738,47.446869]},"properties":{"line":"795","mode":"bus","color":"#0059a9","colorDark":"#00294f","band":1,"off":[0,1.1]}},{"type":"Feature","geometry":{"type":"Point","coordinates":[8.535857,47.448233]},"properties":{"name":"Rümlang, Ifangstrasse","band":1,"modes":"bus","arr":["795"],"off":[0,-0.8]}},{"type":"Feature","geometry":{"type":"Point","coordinates":[8.535857,47.448233]},"properties":{"line":"795","mode":"bus","color":"#0059a9","colorDark":"#00294f","band":1,"off":[0,1.1]}},{"type":"Feature","geometry":{"type":"Point","coordinates":[8.63915,47.40768]},"properties":{"name":"Wangen, Flugsicherung","band":1,"modes":"bus","arr":["796"],"off":[0,-0.8]}},{"type":"Feature","geometry":{"type":"Point","coordinates":[8.63915,47.40768]},"properties":{"line":"796","mode":"bus","color":"#0059a9","colorDark":"#00294f","band":1,"off":[0,1.1]}},{"type":"Feature","geometry":{"type":"Point","coordinates":[8.500245,47.465421]},"properties":{"name":"Oberhasli, Dorf","band":1,"modes":"bus","arr":["797"],"off":[0,-0.8]}},{"type":"Feature","geometry":{"type":"Point","coordinates":[8.500245,47.465421]},"properties":{"line":"797","mode":"bus","color":"#0059a9","colorDark":"#00294f","band":1,"off":[0,1.1]}},{"type":"Feature","geometry":{"type":"Point","coordinates":[8.727058,47.351909]},"properties":{"name":"Uster, Wageren","band":1,"modes":"bus","arr":["N81"],"off":[0,-0.8]}},{"type":"Feature","geometry":{"type":"Point","coordinates":[8.727058,47.351909]},"properties":{"line":"N81","mode":"bus","color":"#000000","colorDark":"#000000","band":1,"off":[0,1.1]}},{"type":"Feature","geometry":{"type":"Point","coordinates":[8.729735,47.340181]},"properties":{"name":"Uster, Nossikon","band":1,"modes":"bus","arr":["813"],"off":[0,-0.8]}},{"type":"Feature","geometry":{"type":"Point","coordinates":[8.729735,47.340181]},"properties":{"line":"813","mode":"bus","color":"#0059a9","colorDark":"#00294f","band":1,"off":[0,1.1]}},{"type":"Feature","geometry":{"type":"Point","coordinates":[8.701536,47.346924]},"properties":{"name":"Uster, Pfannenstielstrasse","band":1,"modes":"bus","arr":["816"],"off":[0,-0.8]}},{"type":"Feature","geometry":{"type":"Point","coordinates":[8.701536,47.346924]},"properties":{"line":"816","mode":"bus","color":"#0059a9","colorDark":"#00294f","band":1,"off":[0,1.1]}},{"type":"Feature","geometry":{"type":"Point","coordinates":[8.692707,47.344044]},"properties":{"name":"Uster, See","band":1,"modes":"bus","arr":["817"],"off":[0,-0.8]}},{"type":"Feature","geometry":{"type":"Point","coordinates":[8.692707,47.344044]},"properties":{"line":"817","mode":"bus","color":"#0059a9","colorDark":"#00294f","band":1,"off":[0,1.1]}},{"type":"Feature","geometry":{"type":"Point","coordinates":[8.727161,47.361015]},"properties":{"name":"Uster, Sportanlage","band":1,"modes":"bus","arr":["818"],"off":[0,-0.8]}},{"type":"Feature","geometry":{"type":"Point","coordinates":[8.727161,47.361015]},"properties":{"line":"818","mode":"bus","color":"#0059a9","colorDark":"#00294f","band":1,"off":[0,1.1]}},{"type":"Feature","geometry":{"type":"Point","coordinates":[8.736395,47.395394]},"properties":{"name":"Fehraltorf, Schrännenbrunnen","band":1,"modes":"bus","arr":["827"],"off":[0,-0.8]}},{"type":"Feature","geometry":{"type":"Point","coordinates":[8.736395,47.395394]},"properties":{"line":"827","mode":"bus","color":"#0059a9","colorDark":"#00294f","band":1,"off":[0,1.1]}},{"type":"Feature","geometry":{"type":"Point","coordinates":[8.769476,47.343628]},"properties":{"name":"Seegräben, Gemeindehaus","band":1,"modes":"bus","arr":["846"],"off":[0,-0.8]}},{"type":"Feature","geometry":{"type":"Point","coordinates":[8.769476,47.343628]},"properties":{"line":"846","mode":"bus","color":"#0059a9","colorDark":"#00294f","band":1,"off":[0,1.1]}},{"type":"Feature","geometry":{"type":"Point","coordinates":[8.710148,47.287802]},"properties":{"name":"Esslingen, Bahnhof","band":1,"modes":"bus","arr":["905"],"off":[0,-0.8]}},{"type":"Feature","geometry":{"type":"Point","coordinates":[8.710148,47.287802]},"properties":{"line":"905","mode":"bus","color":"#0059a9","colorDark":"#00294f","band":1,"off":[0,1.1]}},{"type":"Feature","geometry":{"type":"Point","coordinates":[8.544102,47.366602]},"properties":{"name":"Bellevue H","band":1,"modes":"bus","arr":["912","916","N9"],"off":[0,-0.8]}},{"type":"Feature","geometry":{"type":"Point","coordinates":[8.544102,47.366602]},"properties":{"name":"Bellevue G","band":1,"modes":"bus","arr":["912","916","N9"],"off":[0,-1.9]}},{"type":"Feature","geometry":{"type":"Point","coordinates":[8.544102,47.366602]},"properties":{"name":"Bellevue","band":1,"modes":"bus","arr":["912","916","N9"],"off":[0,-3]}},{"type":"Feature","geometry":{"type":"Point","coordinates":[8.544102,47.366602]},"properties":{"line":"912","mode":"bus","color":"#0059a9","colorDark":"#00294f","band":1,"off":[-3.4,1.1]}},{"type":"Feature","geometry":{"type":"Point","coordinates":[8.544102,47.366602]},"properties":{"line":"916","mode":"bus","color":"#0059a9","colorDark":"#00294f","band":1,"off":[0,1.1]}},{"type":"Feature","geometry":{"type":"Point","coordinates":[8.544102,47.366602]},"properties":{"line":"N9","mode":"bus","color":"#000000","colorDark":"#000000","band":1,"off":[3.4,1.1]}},{"type":"Feature","geometry":{"type":"Point","coordinates":[8.606202,47.329104]},"properties":{"name":"Itschnach, Fallacher","band":1,"modes":"bus","arr":["912","N91"],"off":[0,-0.8]}},{"type":"Feature","geometry":{"type":"Point","coordinates":[8.606202,47.329104]},"properties":{"line":"912","mode":"bus","color":"#0059a9","colorDark":"#00294f","band":1,"off":[-1.7,1.1]}},{"type":"Feature","geometry":{"type":"Point","coordinates":[8.606202,47.329104]},"properties":{"line":"N91","mode":"bus","color":"#000000","colorDark":"#000000","band":1,"off":[1.7,1.1]}},{"type":"Feature","geometry":{"type":"Point","coordinates":[8.597192,47.315845]},"properties":{"name":"Küsnacht ZH, Allmend","band":1,"modes":"bus","arr":["916"],"off":[0,-0.8]}},{"type":"Feature","geometry":{"type":"Point","coordinates":[8.597192,47.315845]},"properties":{"line":"916","mode":"bus","color":"#0059a9","colorDark":"#00294f","band":1,"off":[0,1.1]}},{"type":"Feature","geometry":{"type":"Point","coordinates":[8.580303,47.319142]},"properties":{"name":"Küsnacht ZH, Bahnhof","band":1,"modes":"bus","arr":["918","919"],"off":[0,-0.8]}},{"type":"Feature","geometry":{"type":"Point","coordinates":[8.580303,47.319142]},"properties":{"line":"918","mode":"bus","color":"#0059a9","colorDark":"#00294f","band":1,"off":[-1.7,1.1]}},{"type":"Feature","geometry":{"type":"Point","coordinates":[8.580303,47.319142]},"properties":{"line":"919","mode":"bus","color":"#0059a9","colorDark":"#00294f","band":1,"off":[1.7,1.1]}},{"type":"Feature","geometry":{"type":"Point","coordinates":[8.587492,47.311514]},"properties":{"name":"Küsnacht ZH, Gartenstrasse","band":1,"modes":"bus","arr":["918"],"off":[0,-0.8]}},{"type":"Feature","geometry":{"type":"Point","coordinates":[8.587492,47.311514]},"properties":{"line":"918","mode":"bus","color":"#0059a9","colorDark":"#00294f","band":1,"off":[0,1.1]}},{"type":"Feature","geometry":{"type":"Point","coordinates":[8.623003,47.332912]},"properties":{"name":"Zumikon, Dorfzentrum","band":1,"modes":"bus","arr":["919"],"off":[0,-0.8]}},{"type":"Feature","geometry":{"type":"Point","coordinates":[8.623003,47.332912]},"properties":{"line":"919","mode":"bus","color":"#0059a9","colorDark":"#00294f","band":1,"off":[0,1.1]}},{"type":"Feature","geometry":{"type":"Point","coordinates":[8.644594,47.269396]},"properties":{"name":"Meilen, Bahnhof","band":1,"modes":"bus","arr":["921","922"],"off":[0,-0.8]}},{"type":"Feature","geometry":{"type":"Point","coordinates":[8.644594,47.269396]},"properties":{"line":"921","mode":"bus","color":"#0059a9","colorDark":"#00294f","band":1,"off":[-1.7,1.1]}},{"type":"Feature","geometry":{"type":"Point","coordinates":[8.644594,47.269396]},"properties":{"line":"922","mode":"bus","color":"#0059a9","colorDark":"#00294f","band":1,"off":[1.7,1.1]}},{"type":"Feature","geometry":{"type":"Point","coordinates":[8.62411,47.28211]},"properties":{"name":"Meilen, Eichholz","band":1,"modes":"bus","arr":["921"],"off":[0,-0.8]}},{"type":"Feature","geometry":{"type":"Point","coordinates":[8.62411,47.28211]},"properties":{"line":"921","mode":"bus","color":"#0059a9","colorDark":"#00294f","band":1,"off":[0,1.1]}},{"type":"Feature","geometry":{"type":"Point","coordinates":[8.612242,47.282094]},"properties":{"name":"Herrliberg-Feldmeilen, Bhf West","band":1,"modes":"bus,metro","arr":["972","973","974","S16"],"off":[0,-0.8]}},{"type":"Feature","geometry":{"type":"Point","coordinates":[8.612242,47.282094]},"properties":{"name":"Herrliberg-Feldmeilen, Bahnhof","band":1,"modes":"bus,metro","arr":["972","973","974","S16"],"off":[0,-3]}},{"type":"Feature","geometry":{"type":"Point","coordinates":[8.612242,47.282094]},"properties":{"name":"Herrliberg-Feldmeilen","band":1,"modes":"bus,metro","arr":["972","973","974","S16"],"off":[0,-5.2]}},{"type":"Feature","geometry":{"type":"Point","coordinates":[8.612242,47.282094]},"properties":{"line":"972","mode":"bus","color":"#0059a9","colorDark":"#00294f","band":1,"off":[-5.1,1.1]}},{"type":"Feature","geometry":{"type":"Point","coordinates":[8.612242,47.282094]},"properties":{"line":"973","mode":"bus","color":"#0059a9","colorDark":"#00294f","band":1,"off":[-1.7,1.1]}},{"type":"Feature","geometry":{"type":"Point","coordinates":[8.612242,47.282094]},"properties":{"line":"974","mode":"bus","color":"#0059a9","colorDark":"#00294f","band":1,"off":[1.7,1.1]}},{"type":"Feature","geometry":{"type":"Point","coordinates":[8.612242,47.282094]},"properties":{"line":"S16","mode":"tram","color":"#0A4595","colorDark":"#062652","band":1,"metro":1,"off":[5.1,1.1]}},{"type":"Feature","geometry":{"type":"Point","coordinates":[8.679852,47.28567]},"properties":{"name":"Meilen, Vorderer Pfannenstiel","band":1,"modes":"bus","arr":["922"],"off":[0,-0.8]}},{"type":"Feature","geometry":{"type":"Point","coordinates":[8.679852,47.28567]},"properties":{"line":"922","mode":"bus","color":"#0059a9","colorDark":"#00294f","band":1,"off":[0,1.1]}},{"type":"Feature","geometry":{"type":"Point","coordinates":[8.591227,47.305795]},"properties":{"name":"Erlenbach ZH, Bahnhof","band":1,"modes":"bus","arr":["961","962"],"off":[0,-0.8]}},{"type":"Feature","geometry":{"type":"Point","coordinates":[8.591227,47.305795]},"properties":{"line":"961","mode":"bus","color":"#0059a9","colorDark":"#00294f","band":1,"off":[-1.7,1.1]}},{"type":"Feature","geometry":{"type":"Point","coordinates":[8.591227,47.305795]},"properties":{"line":"962","mode":"bus","color":"#0059a9","colorDark":"#00294f","band":1,"off":[1.7,1.1]}},{"type":"Feature","geometry":{"type":"Point","coordinates":[8.613315,47.306998]},"properties":{"name":"Erlenbach ZH, Trottgatter","band":1,"modes":"bus","arr":["961"],"off":[0,-0.8]}},{"type":"Feature","geometry":{"type":"Point","coordinates":[8.613315,47.306998]},"properties":{"line":"961","mode":"bus","color":"#0059a9","colorDark":"#00294f","band":1,"off":[0,1.1]}},{"type":"Feature","geometry":{"type":"Point","coordinates":[8.606367,47.297173]},"properties":{"name":"Erlenbach ZH, Im Streuli","band":1,"modes":"bus","arr":["962"],"off":[0,-0.8]}},{"type":"Feature","geometry":{"type":"Point","coordinates":[8.606367,47.297173]},"properties":{"line":"962","mode":"bus","color":"#0059a9","colorDark":"#00294f","band":1,"off":[0,1.1]}},{"type":"Feature","geometry":{"type":"Point","coordinates":[8.608971,47.29346]},"properties":{"name":"Herrliberg, Holzwies","band":1,"modes":"bus","arr":["962"],"off":[0,-0.8]}},{"type":"Feature","geometry":{"type":"Point","coordinates":[8.608971,47.29346]},"properties":{"line":"962","mode":"bus","color":"#0059a9","colorDark":"#00294f","band":1,"off":[0,1.1]}},{"type":"Feature","geometry":{"type":"Point","coordinates":[8.625259,47.29668]},"properties":{"name":"Herrliberg, Kirche Wetzwil","band":1,"modes":"bus","arr":["974"],"off":[0,-0.8]}},{"type":"Feature","geometry":{"type":"Point","coordinates":[8.625259,47.29668]},"properties":{"line":"974","mode":"bus","color":"#0059a9","colorDark":"#00294f","band":1,"off":[0,1.1]}},{"type":"Feature","geometry":{"type":"Point","coordinates":[8.568884,47.417015]},"properties":{"name":"Auzelg","band":1,"modes":"tram,bus","arr":["50","E"],"off":[0,-0.8]}},{"type":"Feature","geometry":{"type":"Point","coordinates":[8.568884,47.417015]},"properties":{"line":"50","mode":"tram","color":"#d6212b","colorDark":"#7c1116","band":1,"off":[-1.7,1.1]}},{"type":"Feature","geometry":{"type":"Point","coordinates":[8.568884,47.417015]},"properties":{"line":"E","mode":"bus","color":"#0059a9","colorDark":"#00294f","band":1,"off":[1.7,1.1]}},{"type":"Feature","geometry":{"type":"Point","coordinates":[8.485044,47.374359]},"properties":{"name":"Albisrieden","band":1,"modes":"tram,bus","arr":["3","N3"],"off":[0,-0.8]}},{"type":"Feature","geometry":{"type":"Point","coordinates":[8.485044,47.374359]},"properties":{"line":"3","mode":"tram","color":"#d6212b","colorDark":"#7c1116","band":1,"off":[-1.7,1.1]}},{"type":"Feature","geometry":{"type":"Point","coordinates":[8.485044,47.374359]},"properties":{"line":"N3","mode":"bus","color":"#000000","colorDark":"#000000","band":1,"off":[1.7,1.1]}},{"type":"Feature","geometry":{"type":"Point","coordinates":[8.435775,47.357332]},"properties":{"name":"Birmensdorf ZH, Bahnhof C","band":1,"modes":"metro,bus","arr":["S5","N22"],"off":[0,-0.8]}},{"type":"Feature","geometry":{"type":"Point","coordinates":[8.435775,47.357332]},"properties":{"name":"Birmensdorf ZH","band":1,"modes":"metro,bus","arr":["S5","N22"],"off":[0,-3]}},{"type":"Feature","geometry":{"type":"Point","coordinates":[8.435775,47.357332]},"properties":{"line":"S5","mode":"tram","color":"#0A4595","colorDark":"#062652","band":1,"metro":1,"off":[-1.7,1.1]}},{"type":"Feature","geometry":{"type":"Point","coordinates":[8.435775,47.357332]},"properties":{"line":"N22","mode":"bus","color":"#000000","colorDark":"#000000","band":1,"off":[1.7,1.1]}},{"type":"Feature","geometry":{"type":"Point","coordinates":[8.409533,47.263254]},"properties":{"name":"Obfelden, Unterlunnern","band":1,"modes":"bus","arr":["N22"],"off":[0,-0.8]}},{"type":"Feature","geometry":{"type":"Point","coordinates":[8.409533,47.263254]},"properties":{"line":"N22","mode":"bus","color":"#000000","colorDark":"#000000","band":1,"off":[0,1.1]}},{"type":"Feature","geometry":{"type":"Point","coordinates":[8.36368,47.519457]},"properties":{"name":"Schneisingen, Mitteldorf","band":1,"modes":"bus","arr":["N51"],"off":[0,-0.8]}},{"type":"Feature","geometry":{"type":"Point","coordinates":[8.36368,47.519457]},"properties":{"line":"N51","mode":"bus","color":"#000000","colorDark":"#000000","band":1,"off":[0,1.1]}},{"type":"Feature","geometry":{"type":"Point","coordinates":[8.369891,47.511059]},"properties":{"name":"Niederweningen, Bahnhof B","band":1,"modes":"metro,bus","arr":["S15","N51"],"off":[0,-0.8]}},{"type":"Feature","geometry":{"type":"Point","coordinates":[8.369891,47.511059]},"properties":{"name":"Niederweningen","band":1,"modes":"metro,bus","arr":["S15","N51"],"off":[0,-3]}},{"type":"Feature","geometry":{"type":"Point","coordinates":[8.369891,47.511059]},"properties":{"line":"S15","mode":"tram","color":"#0A4595","colorDark":"#062652","band":1,"metro":1,"off":[-1.7,1.1]}},{"type":"Feature","geometry":{"type":"Point","coordinates":[8.369891,47.511059]},"properties":{"line":"N51","mode":"bus","color":"#000000","colorDark":"#000000","band":1,"off":[1.7,1.1]}},{"type":"Feature","geometry":{"type":"Point","coordinates":[8.744285,47.425174]},"properties":{"name":"Agasul","band":1,"modes":"bus","arr":["N62"],"off":[0,-0.8]}},{"type":"Feature","geometry":{"type":"Point","coordinates":[8.744285,47.425174]},"properties":{"line":"N62","mode":"bus","color":"#000000","colorDark":"#000000","band":1,"off":[0,1.1]}},{"type":"Feature","geometry":{"type":"Point","coordinates":[8.58302,47.350909]},"properties":{"name":"Rehalp","band":1,"modes":"tram","arr":["2","4"],"off":[0,-0.8]}},{"type":"Feature","geometry":{"type":"Point","coordinates":[8.58302,47.350909]},"properties":{"line":"2","mode":"tram","color":"#d6212b","colorDark":"#7c1116","band":1,"off":[-1.7,1.1]}},{"type":"Feature","geometry":{"type":"Point","coordinates":[8.58302,47.350909]},"properties":{"line":"4","mode":"tram","color":"#d6212b","colorDark":"#7c1116","band":1,"off":[1.7,1.1]}},{"type":"Feature","geometry":{"type":"Point","coordinates":[8.550468,47.366306]},"properties":{"name":"Bahnhof Stadelhofen D","band":1,"modes":"tram,metro","arr":["5","S18","SN18"],"off":[0,-0.8]}},{"type":"Feature","geometry":{"type":"Point","coordinates":[8.550468,47.366306]},"properties":{"name":"Bahnhof Stadelhofen C","band":1,"modes":"tram,metro","arr":["5","S18","SN18"],"off":[0,-3]}},{"type":"Feature","geometry":{"type":"Point","coordinates":[8.550468,47.366306]},"properties":{"name":"Bahnhof Stadelhofen A","band":1,"modes":"tram,metro","arr":["5","S18","SN18"],"off":[0,-5.2]}},{"type":"Feature","geometry":{"type":"Point","coordinates":[8.550468,47.366306]},"properties":{"line":"5","mode":"tram","color":"#d6212b","colorDark":"#7c1116","band":1,"off":[-3.88,1.1]}},{"type":"Feature","geometry":{"type":"Point","coordinates":[8.550468,47.366306]},"properties":{"line":"S18","mode":"tram","color":"#0A4595","colorDark":"#062652","band":1,"metro":1,"off":[0,1.1]}},{"type":"Feature","geometry":{"type":"Point","coordinates":[8.550468,47.366306]},"properties":{"line":"SN18","mode":"tram","color":"#000000","colorDark":"#000000","band":1,"metro":1,"off":[3.88,1.1]}},{"type":"Feature","geometry":{"type":"Point","coordinates":[8.539912,47.379233]},"properties":{"name":"Zürich HB","band":1,"modes":"tram,metro","arr":["4","11","13","15","S3","S4","S10","S11","S21","S24","S42","SN4","SN11"],"off":[0,-0.8],"sc":0.98}},{"type":"Feature","geometry":{"type":"Point","coordinates":[8.539912,47.379233]},"properties":{"name":"Central F","band":1,"modes":"tram,metro","arr":["4","11","13","15","S3","S4","S10","S11","S21","S24","S42","SN4","SN11"],"off":[0,-1.9],"sc":0.98}},{"type":"Feature","geometry":{"type":"Point","coordinates":[8.539912,47.379233]},"properties":{"name":"Bahnhofstrasse/HB","band":1,"modes":"tram,metro","arr":["4","11","13","15","S3","S4","S10","S11","S21","S24","S42","SN4","SN11"],"off":[0,-3],"sc":0.98}},{"type":"Feature","geometry":{"type":"Point","coordinates":[8.539912,47.379233]},"properties":{"line":"4","mode":"tram","color":"#d6212b","colorDark":"#7c1116","band":1,"sc":0.98,"off":[-5.82,1.1]}},{"type":"Feature","geometry":{"type":"Point","coordinates":[8.539912,47.379233]},"properties":{"line":"11","mode":"tram","color":"#d6212b","colorDark":"#7c1116","band":1,"sc":0.98,"off":[-1.94,1.1]}},{"type":"Feature","geometry":{"type":"Point","coordinates":[8.539912,47.379233]},"properties":{"line":"13","mode":"tram","color":"#d6212b","colorDark":"#7c1116","band":1,"sc":0.98,"off":[1.94,1.1]}},{"type":"Feature","geometry":{"type":"Point","coordinates":[8.539912,47.379233]},"properties":{"line":"15","mode":"tram","color":"#d6212b","colorDark":"#7c1116","band":1,"sc":0.98,"off":[5.82,1.1]}},{"type":"Feature","geometry":{"type":"Point","coordinates":[8.539912,47.379233]},"properties":{"line":"S3","mode":"tram","color":"#0A4595","colorDark":"#062652","band":1,"metro":1,"sc":0.98,"off":[-5.82,3.1]}},{"type":"Feature","geometry":{"type":"Point","coordinates":[8.539912,47.379233]},"properties":{"line":"S4","mode":"tram","color":"#0A4595","colorDark":"#062652","band":1,"metro":1,"sc":0.98,"off":[-1.94,3.1]}},{"type":"Feature","geometry":{"type":"Point","coordinates":[8.539912,47.379233]},"properties":{"line":"S10","mode":"tram","color":"#0A4595","colorDark":"#062652","band":1,"metro":1,"sc":0.98,"off":[1.94,3.1]}},{"type":"Feature","geometry":{"type":"Point","coordinates":[8.539912,47.379233]},"properties":{"line":"S11","mode":"tram","color":"#0A4595","colorDark":"#062652","band":1,"metro":1,"sc":0.98,"off":[5.82,3.1]}},{"type":"Feature","geometry":{"type":"Point","coordinates":[8.539912,47.379233]},"properties":{"line":"S21","mode":"tram","color":"#0A4595","colorDark":"#062652","band":1,"metro":1,"sc":0.98,"off":[-5.82,5.1]}},{"type":"Feature","geometry":{"type":"Point","coordinates":[8.539912,47.379233]},"properties":{"line":"S24","mode":"tram","color":"#0A4595","colorDark":"#062652","band":1,"metro":1,"sc":0.98,"off":[-1.94,5.1]}},{"type":"Feature","geometry":{"type":"Point","coordinates":[8.539912,47.379233]},"properties":{"line":"S42","mode":"tram","color":"#0A4595","colorDark":"#062652","band":1,"metro":1,"sc":0.98,"off":[1.94,5.1]}},{"type":"Feature","geometry":{"type":"Point","coordinates":[8.539912,47.379233]},"properties":{"line":"SN4","mode":"tram","color":"#000000","colorDark":"#000000","band":1,"metro":1,"sc":0.98,"off":[5.82,5.1]}},{"type":"Feature","geometry":{"type":"Point","coordinates":[8.539912,47.379233]},"properties":{"line":"SN11","mode":"tram","color":"#000000","colorDark":"#000000","band":1,"metro":1,"sc":0.98,"off":[0,7.1]}},{"type":"Feature","geometry":{"type":"Point","coordinates":[8.517745,47.358599]},"properties":{"name":"Laubegg","band":1,"modes":"tram","arr":["16"],"off":[0,-0.8]}},{"type":"Feature","geometry":{"type":"Point","coordinates":[8.517745,47.358599]},"properties":{"line":"16","mode":"tram","color":"#d6212b","colorDark":"#7c1116","band":1,"off":[0,1.1]}},{"type":"Feature","geometry":{"type":"Point","coordinates":[8.571627,47.381675]},"properties":{"name":"Zoo","band":1,"modes":"tram","arr":["6","8"],"off":[0,-0.8]}},{"type":"Feature","geometry":{"type":"Point","coordinates":[8.571627,47.381675]},"properties":{"line":"6","mode":"tram","color":"#d6212b","colorDark":"#7c1116","band":1,"off":[-1.7,1.1]}},{"type":"Feature","geometry":{"type":"Point","coordinates":[8.571627,47.381675]},"properties":{"line":"8","mode":"tram","color":"#d6212b","colorDark":"#7c1116","band":1,"off":[1.7,1.1]}},{"type":"Feature","geometry":{"type":"Point","coordinates":[8.530799,47.338315]},"properties":{"name":"Wollishoferplatz","band":1,"modes":"tram","arr":["7"],"off":[0,-0.8]}},{"type":"Feature","geometry":{"type":"Point","coordinates":[8.530799,47.338315]},"properties":{"line":"7","mode":"tram","color":"#d6212b","colorDark":"#7c1116","band":1,"off":[0,1.1]}},{"type":"Feature","geometry":{"type":"Point","coordinates":[8.504549,47.394145]},"properties":{"name":"Hardturm","band":1,"modes":"tram","arr":["8"],"off":[0,-0.8]}},{"type":"Feature","geometry":{"type":"Point","coordinates":[8.504549,47.394145]},"properties":{"line":"8","mode":"tram","color":"#d6212b","colorDark":"#7c1116","band":1,"off":[0,1.1]}},{"type":"Feature","geometry":{"type":"Point","coordinates":[8.591051,47.403119]},"properties":{"name":"Hirzenbach","band":1,"modes":"tram","arr":["9"],"off":[0,-0.8]}},{"type":"Feature","geometry":{"type":"Point","coordinates":[8.591051,47.403119]},"properties":{"line":"9","mode":"tram","color":"#d6212b","colorDark":"#7c1116","band":1,"off":[0,1.1]}},{"type":"Feature","geometry":{"type":"Point","coordinates":[8.570725,47.452138]},"properties":{"name":"Zürich Flughafen, Fracht","band":1,"modes":"tram","arr":["10","12"],"off":[0,-0.8]}},{"type":"Feature","geometry":{"type":"Point","coordinates":[8.570725,47.452138]},"properties":{"line":"10","mode":"tram","color":"#d6212b","colorDark":"#7c1116","band":1,"off":[-1.7,1.1]}},{"type":"Feature","geometry":{"type":"Point","coordinates":[8.570725,47.452138]},"properties":{"line":"12","mode":"tram","color":"#d6212b","colorDark":"#7c1116","band":1,"off":[1.7,1.1]}},{"type":"Feature","geometry":{"type":"Point","coordinates":[8.566459,47.363253]},"properties":{"name":"Klusplatz B","band":1,"modes":"tram","arr":["16"],"off":[0,-0.8]}},{"type":"Feature","geometry":{"type":"Point","coordinates":[8.566459,47.363253]},"properties":{"line":"16","mode":"tram","color":"#d6212b","colorDark":"#7c1116","band":1,"off":[0,1.1]}},{"type":"Feature","geometry":{"type":"Point","coordinates":[8.490485,47.390728]},"properties":{"name":"Bahnhof Altstetten N K","band":1,"modes":"tram","arr":["51"],"off":[0,-0.8]}},{"type":"Feature","geometry":{"type":"Point","coordinates":[8.490485,47.390728]},"properties":{"line":"51","mode":"tram","color":"#d6212b","colorDark":"#7c1116","band":1,"off":[0,1.1]}},{"type":"Feature","geometry":{"type":"Point","coordinates":[9.059981,47.136619]},"properties":{"name":"Ziegelbrücke","band":1,"modes":"metro","arr":["S2","S8"],"off":[0,-0.8]}},{"type":"Feature","geometry":{"type":"Point","coordinates":[9.059981,47.136619]},"properties":{"line":"S2","mode":"tram","color":"#0A4595","colorDark":"#062652","band":1,"metro":1,"off":[-1.7,1.1]}},{"type":"Feature","geometry":{"type":"Point","coordinates":[9.059981,47.136619]},"properties":{"line":"S8","mode":"tram","color":"#0A4595","colorDark":"#062652","band":1,"metro":1,"off":[1.7,1.1]}},{"type":"Feature","geometry":{"type":"Point","coordinates":[8.852678,47.189831]},"properties":{"name":"Lachen SZ","band":1,"modes":"metro","arr":["SN8"],"off":[0,-0.8]}},{"type":"Feature","geometry":{"type":"Point","coordinates":[8.852678,47.189831]},"properties":{"line":"SN8","mode":"tram","color":"#000000","colorDark":"#000000","band":1,"metro":1,"off":[0,1.1]}},{"type":"Feature","geometry":{"type":"Point","coordinates":[8.779044,47.203217]},"properties":{"name":"Pfäffikon SZ","band":1,"modes":"metro","arr":["S8","SN5"],"off":[0,-0.8]}},{"type":"Feature","geometry":{"type":"Point","coordinates":[8.779044,47.203217]},"properties":{"line":"S8","mode":"tram","color":"#0A4595","colorDark":"#062652","band":1,"metro":1,"off":[-1.7,1.1]}},{"type":"Feature","geometry":{"type":"Point","coordinates":[8.779044,47.203217]},"properties":{"line":"SN5","mode":"tram","color":"#000000","colorDark":"#000000","band":1,"metro":1,"off":[1.7,1.1]}},{"type":"Feature","geometry":{"type":"Point","coordinates":[8.56145,47.450847]},"properties":{"name":"Zürich Flughafen","band":1,"modes":"metro","arr":["S2","S16"],"off":[0,-0.8]}},{"type":"Feature","geometry":{"type":"Point","coordinates":[8.56145,47.450847]},"properties":{"line":"S2","mode":"tram","color":"#0A4595","colorDark":"#062652","band":1,"metro":1,"off":[-1.7,1.1]}},{"type":"Feature","geometry":{"type":"Point","coordinates":[8.56145,47.450847]},"properties":{"line":"S16","mode":"tram","color":"#0A4595","colorDark":"#062652","band":1,"metro":1,"off":[1.7,1.1]}},{"type":"Feature","geometry":{"type":"Point","coordinates":[8.517248,47.385146]},"properties":{"name":"Zürich Hardbrücke","band":1,"modes":"metro","arr":["S3","S20"],"off":[0,-0.8]}},{"type":"Feature","geometry":{"type":"Point","coordinates":[8.517248,47.385146]},"properties":{"line":"S3","mode":"tram","color":"#0A4595","colorDark":"#062652","band":1,"metro":1,"off":[-1.7,1.1]}},{"type":"Feature","geometry":{"type":"Point","coordinates":[8.517248,47.385146]},"properties":{"line":"S20","mode":"tram","color":"#0A4595","colorDark":"#062652","band":1,"metro":1,"off":[1.7,1.1]}},{"type":"Feature","geometry":{"type":"Point","coordinates":[8.785375,47.366758]},"properties":{"name":"Pfäffikon ZH","band":1,"modes":"metro","arr":["S19","SN8"],"off":[0,-0.8]}},{"type":"Feature","geometry":{"type":"Point","coordinates":[8.785375,47.366758]},"properties":{"line":"S19","mode":"tram","color":"#0A4595","colorDark":"#062652","band":1,"metro":1,"off":[-1.7,1.1]}},{"type":"Feature","geometry":{"type":"Point","coordinates":[8.785375,47.366758]},"properties":{"line":"SN8","mode":"tram","color":"#000000","colorDark":"#000000","band":1,"metro":1,"off":[1.7,1.1]}},{"type":"Feature","geometry":{"type":"Point","coordinates":[8.79237,47.31756]},"properties":{"name":"Wetzikon ZH","band":1,"modes":"metro","arr":["S3","S5"],"off":[0,-0.8]}},{"type":"Feature","geometry":{"type":"Point","coordinates":[8.79237,47.31756]},"properties":{"line":"S3","mode":"tram","color":"#0A4595","colorDark":"#062652","band":1,"metro":1,"off":[-1.7,1.1]}},{"type":"Feature","geometry":{"type":"Point","coordinates":[8.79237,47.31756]},"properties":{"line":"S5","mode":"tram","color":"#0A4595","colorDark":"#062652","band":1,"metro":1,"off":[1.7,1.1]}},{"type":"Feature","geometry":{"type":"Point","coordinates":[8.531794,47.372225]},"properties":{"name":"Zürich Selnau","band":1,"modes":"metro","arr":["S4","S10"],"off":[0,-0.8]}},{"type":"Feature","geometry":{"type":"Point","coordinates":[8.531794,47.372225]},"properties":{"line":"S4","mode":"tram","color":"#0A4595","colorDark":"#062652","band":1,"metro":1,"off":[-1.7,1.1]}},{"type":"Feature","geometry":{"type":"Point","coordinates":[8.531794,47.372225]},"properties":{"line":"S10","mode":"tram","color":"#0A4595","colorDark":"#062652","band":1,"metro":1,"off":[1.7,1.1]}},{"type":"Feature","geometry":{"type":"Point","coordinates":[8.855017,47.260222]},"properties":{"name":"Rüti ZH","band":1,"modes":"metro","arr":["S26"],"off":[0,-0.8]}},{"type":"Feature","geometry":{"type":"Point","coordinates":[8.855017,47.260222]},"properties":{"line":"S26","mode":"tram","color":"#0A4595","colorDark":"#062652","band":1,"metro":1,"off":[0,1.1]}},{"type":"Feature","geometry":{"type":"Point","coordinates":[8.816868,47.224674]},"properties":{"name":"Rapperswil SG","band":1,"modes":"metro","arr":["S5","S7","S15"],"off":[0,-0.8]}},{"type":"Feature","geometry":{"type":"Point","coordinates":[8.816868,47.224674]},"properties":{"line":"S5","mode":"tram","color":"#0A4595","colorDark":"#062652","band":1,"metro":1,"off":[-3.4,1.1]}},{"type":"Feature","geometry":{"type":"Point","coordinates":[8.816868,47.224674]},"properties":{"line":"S7","mode":"tram","color":"#0A4595","colorDark":"#062652","band":1,"metro":1,"off":[0,1.1]}},{"type":"Feature","geometry":{"type":"Point","coordinates":[8.816868,47.224674]},"properties":{"line":"S15","mode":"tram","color":"#0A4595","colorDark":"#062652","band":1,"metro":1,"off":[3.4,1.1]}},{"type":"Feature","geometry":{"type":"Point","coordinates":[8.466728,47.220628]},"properties":{"name":"Knonau","band":1,"modes":"metro","arr":["SN5"],"off":[0,-0.8]}},{"type":"Feature","geometry":{"type":"Point","coordinates":[8.466728,47.220628]},"properties":{"line":"SN5","mode":"tram","color":"#000000","colorDark":"#000000","band":1,"metro":1,"off":[0,1.1]}},{"type":"Feature","geometry":{"type":"Point","coordinates":[8.515414,47.174494]},"properties":{"name":"Zug","band":1,"modes":"metro","arr":["S5","S24"],"off":[0,-0.8]}},{"type":"Feature","geometry":{"type":"Point","coordinates":[8.515414,47.174494]},"properties":{"line":"S5","mode":"tram","color":"#0A4595","colorDark":"#062652","band":1,"metro":1,"off":[-1.7,1.1]}},{"type":"Feature","geometry":{"type":"Point","coordinates":[8.515414,47.174494]},"properties":{"line":"S24","mode":"tram","color":"#0A4595","colorDark":"#062652","band":1,"metro":1,"off":[1.7,1.1]}},{"type":"Feature","geometry":{"type":"Point","coordinates":[8.307229,47.475973]},"properties":{"name":"Baden","band":1,"modes":"metro","arr":["S6"],"off":[0,-0.8]}},{"type":"Feature","geometry":{"type":"Point","coordinates":[8.307229,47.475973]},"properties":{"line":"S6","mode":"tram","color":"#0A4595","colorDark":"#062652","band":1,"metro":1,"off":[0,1.1]}},{"type":"Feature","geometry":{"type":"Point","coordinates":[8.357413,47.445834]},"properties":{"name":"Würenlos","band":1,"modes":"metro","arr":["SN6"],"off":[0,-0.8]}},{"type":"Feature","geometry":{"type":"Point","coordinates":[8.357413,47.445834]},"properties":{"line":"SN6","mode":"tram","color":"#000000","colorDark":"#000000","band":1,"metro":1,"off":[0,1.1]}},{"type":"Feature","geometry":{"type":"Point","coordinates":[8.471325,47.436235]},"properties":{"name":"Regensdorf-Watt","band":1,"modes":"metro","arr":["S6","S21"],"off":[0,-0.8]}},{"type":"Feature","geometry":{"type":"Point","coordinates":[8.471325,47.436235]},"properties":{"line":"S6","mode":"tram","color":"#0A4595","colorDark":"#062652","band":1,"metro":1,"off":[-1.7,1.1]}},{"type":"Feature","geometry":{"type":"Point","coordinates":[8.471325,47.436235]},"properties":{"line":"S21","mode":"tram","color":"#0A4595","colorDark":"#062652","band":1,"metro":1,"off":[1.7,1.1]}},{"type":"Feature","geometry":{"type":"Point","coordinates":[8.751952,47.235761]},"properties":{"name":"Uerikon","band":1,"modes":"metro","arr":["S20"],"off":[0,-0.8]}},{"type":"Feature","geometry":{"type":"Point","coordinates":[8.751952,47.235761]},"properties":{"line":"S20","mode":"tram","color":"#0A4595","colorDark":"#062652","band":1,"metro":1,"off":[0,1.1]}},{"type":"Feature","geometry":{"type":"Point","coordinates":[8.722616,47.24049]},"properties":{"name":"Stäfa","band":1,"modes":"metro","arr":["S7","SN7"],"off":[0,-0.8]}},{"type":"Feature","geometry":{"type":"Point","coordinates":[8.722616,47.24049]},"properties":{"line":"S7","mode":"tram","color":"#0A4595","colorDark":"#062652","band":1,"metro":1,"off":[-1.7,1.1]}},{"type":"Feature","geometry":{"type":"Point","coordinates":[8.722616,47.24049]},"properties":{"line":"SN7","mode":"tram","color":"#000000","colorDark":"#000000","band":1,"metro":1,"off":[1.7,1.1]}},{"type":"Feature","geometry":{"type":"Point","coordinates":[8.632071,47.697775]},"properties":{"name":"Schaffhausen","band":1,"modes":"metro","arr":["S9","S24"],"off":[0,-0.8]}},{"type":"Feature","geometry":{"type":"Point","coordinates":[8.632071,47.697775]},"properties":{"line":"S9","mode":"tram","color":"#0A4595","colorDark":"#062652","band":1,"metro":1,"off":[-1.7,1.1]}},{"type":"Feature","geometry":{"type":"Point","coordinates":[8.632071,47.697775]},"properties":{"line":"S24","mode":"tram","color":"#0A4595","colorDark":"#062652","band":1,"metro":1,"off":[1.7,1.1]}},{"type":"Feature","geometry":{"type":"Point","coordinates":[8.536232,47.524759]},"properties":{"name":"Bülach","band":1,"modes":"metro","arr":["S36","S41","SN9","SN41"],"off":[0,-0.8]}},{"type":"Feature","geometry":{"type":"Point","coordinates":[8.536232,47.524759]},"properties":{"line":"S36","mode":"tram","color":"#0A4595","colorDark":"#062652","band":1,"metro":1,"off":[-5.82,1.1]}},{"type":"Feature","geometry":{"type":"Point","coordinates":[8.536232,47.524759]},"properties":{"line":"S41","mode":"tram","color":"#0A4595","colorDark":"#062652","band":1,"metro":1,"off":[-1.94,1.1]}},{"type":"Feature","geometry":{"type":"Point","coordinates":[8.536232,47.524759]},"properties":{"line":"SN9","mode":"tram","color":"#000000","colorDark":"#000000","band":1,"metro":1,"off":[1.94,1.1]}},{"type":"Feature","geometry":{"type":"Point","coordinates":[8.536232,47.524759]},"properties":{"line":"SN41","mode":"tram","color":"#000000","colorDark":"#000000","band":1,"metro":1,"off":[5.82,1.1]}},{"type":"Feature","geometry":{"type":"Point","coordinates":[8.487477,47.35198]},"properties":{"name":"Uetliberg","band":1,"modes":"metro","arr":["S10"],"off":[0,-0.8]}},{"type":"Feature","geometry":{"type":"Point","coordinates":[8.487477,47.35198]},"properties":{"line":"S10","mode":"tram","color":"#0A4595","colorDark":"#062652","band":1,"metro":1,"off":[0,1.1]}},{"type":"Feature","geometry":{"type":"Point","coordinates":[8.848534,47.418059]},"properties":{"name":"Wila","band":1,"modes":"metro","arr":["S11"],"off":[0,-0.8]}},{"type":"Feature","geometry":{"type":"Point","coordinates":[8.848534,47.418059]},"properties":{"line":"S11","mode":"tram","color":"#0A4595","colorDark":"#062652","band":1,"metro":1,"off":[0,1.1]}},{"type":"Feature","geometry":{"type":"Point","coordinates":[8.209484,47.481151]},"properties":{"name":"Brugg AG","band":1,"modes":"metro","arr":["S12","S25"],"off":[0,-0.8]}},{"type":"Feature","geometry":{"type":"Point","coordinates":[8.209484,47.481151]},"properties":{"line":"S12","mode":"tram","color":"#0A4595","colorDark":"#062652","band":1,"metro":1,"off":[-1.7,1.1]}},{"type":"Feature","geometry":{"type":"Point","coordinates":[8.209484,47.481151]},"properties":{"line":"S25","mode":"tram","color":"#0A4595","colorDark":"#062652","band":1,"metro":1,"off":[1.7,1.1]}},{"type":"Feature","geometry":{"type":"Point","coordinates":[8.83949,47.300154]},"properties":{"name":"Hinwil","band":1,"modes":"metro","arr":["S14"],"off":[0,-0.8]}},{"type":"Feature","geometry":{"type":"Point","coordinates":[8.83949,47.300154]},"properties":{"line":"S14","mode":"tram","color":"#0A4595","colorDark":"#062652","band":1,"metro":1,"off":[0,1.1]}},{"type":"Feature","geometry":{"type":"Point","coordinates":[8.227405,47.60017]},"properties":{"name":"Koblenz","band":1,"modes":"metro","arr":["S19"],"off":[0,-0.8]}},{"type":"Feature","geometry":{"type":"Point","coordinates":[8.227405,47.60017]},"properties":{"line":"S19","mode":"tram","color":"#0A4595","colorDark":"#062652","band":1,"metro":1,"off":[0,1.1]}},{"type":"Feature","geometry":{"type":"Point","coordinates":[8.340004,47.276848]},"properties":{"name":"Muri AG","band":1,"modes":"metro","arr":["S25","S42"],"off":[0,-0.8]}},{"type":"Feature","geometry":{"type":"Point","coordinates":[8.340004,47.276848]},"properties":{"line":"S25","mode":"tram","color":"#0A4595","colorDark":"#062652","band":1,"metro":1,"off":[-1.7,1.1]}},{"type":"Feature","geometry":{"type":"Point","coordinates":[8.340004,47.276848]},"properties":{"line":"S42","mode":"tram","color":"#0A4595","colorDark":"#062652","band":1,"metro":1,"off":[1.7,1.1]}},{"type":"Feature","geometry":{"type":"Point","coordinates":[8.896757,47.558499]},"properties":{"name":"Frauenfeld","band":1,"modes":"metro","arr":["S30"],"off":[0,-0.8]}},{"type":"Feature","geometry":{"type":"Point","coordinates":[8.896757,47.558499]},"properties":{"line":"S30","mode":"tram","color":"#0A4595","colorDark":"#062652","band":1,"metro":1,"off":[0,1.1]}},{"type":"Feature","geometry":{"type":"Point","coordinates":[8.75993,47.507089]},"properties":{"name":"Oberwinterthur","band":1,"modes":"metro","arr":["SN1"],"off":[0,-0.8]}},{"type":"Feature","geometry":{"type":"Point","coordinates":[8.75993,47.507089]},"properties":{"line":"SN1","mode":"tram","color":"#000000","colorDark":"#000000","band":1,"metro":1,"off":[0,1.1]}},{"type":"Feature","geometry":{"type":"Point","coordinates":[8.473769,47.394064]},"properties":{"name":"Hermetschloo","band":2,"modes":"bus","arr":["31"],"off":[0,-0.8]}},{"type":"Feature","geometry":{"type":"Point","coordinates":[8.473769,47.394064]},"properties":{"line":"31","mode":"bus","color":"#149a3f","colorDark":"#0a5121","band":2,"off":[0,1.1]}},{"type":"Feature","geometry":{"type":"Point","coordinates":[8.540165,47.377197]},"properties":{"name":"Bahnhofstrasse/HB","band":2,"modes":"bus,tram","arr":["46","6","14","N1","N3","N4","N5","N6","N7","N10","N13","N14","N16","N17","N46","N71","N74","N91"],"off":[0,-0.8],"sc":0.89}},{"type":"Feature","geometry":{"type":"Point","coordinates":[8.540165,47.377197]},"properties":{"name":"Bahnhofquai/HB","band":2,"modes":"bus,tram","arr":["46","6","14","N1","N3","N4","N5","N6","N7","N10","N13","N14","N16","N17","N46","N71","N74","N91"],"off":[0,-1.9],"sc":0.89}},{"type":"Feature","geometry":{"type":"Point","coordinates":[8.540165,47.377197]},"properties":{"name":"Bahnhofplatz/HB","band":2,"modes":"bus,tram","arr":["46","6","14","N1","N3","N4","N5","N6","N7","N10","N13","N14","N16","N17","N46","N71","N74","N91"],"off":[0,-3],"sc":0.89}},{"type":"Feature","geometry":{"type":"Point","coordinates":[8.540165,47.377197]},"properties":{"line":"46","mode":"bus","color":"#149a3f","colorDark":"#0a5121","band":2,"sc":0.89,"off":[-6.8,1.1]}},{"type":"Feature","geometry":{"type":"Point","coordinates":[8.540165,47.377197]},"properties":{"line":"6","mode":"tram","color":"#d6212b","colorDark":"#7c1116","band":2,"sc":0.89,"off":[-3.4,1.1]}},{"type":"Feature","geometry":{"type":"Point","coordinates":[8.540165,47.377197]},"properties":{"line":"14","mode":"tram","color":"#d6212b","colorDark":"#7c1116","band":2,"sc":0.89,"off":[0,1.1]}},{"type":"Feature","geometry":{"type":"Point","coordinates":[8.540165,47.377197]},"properties":{"line":"N1","mode":"bus","color":"#000000","colorDark":"#000000","band":2,"sc":0.89,"off":[3.4,1.1]}},{"type":"Feature","geometry":{"type":"Point","coordinates":[8.540165,47.377197]},"properties":{"line":"N3","mode":"bus","color":"#000000","colorDark":"#000000","band":2,"sc":0.89,"off":[6.8,1.1]}},{"type":"Feature","geometry":{"type":"Point","coordinates":[8.540165,47.377197]},"properties":{"line":"N4","mode":"bus","color":"#000000","colorDark":"#000000","band":2,"sc":0.89,"off":[-6.8,3.1]}},{"type":"Feature","geometry":{"type":"Point","coordinates":[8.540165,47.377197]},"properties":{"line":"N5","mode":"bus","color":"#000000","colorDark":"#000000","band":2,"sc":0.89,"off":[-3.4,3.1]}},{"type":"Feature","geometry":{"type":"Point","coordinates":[8.540165,47.377197]},"properties":{"line":"N6","mode":"bus","color":"#000000","colorDark":"#000000","band":2,"sc":0.89,"off":[0,3.1]}},{"type":"Feature","geometry":{"type":"Point","coordinates":[8.540165,47.377197]},"properties":{"line":"N7","mode":"bus","color":"#000000","colorDark":"#000000","band":2,"sc":0.89,"off":[3.4,3.1]}},{"type":"Feature","geometry":{"type":"Point","coordinates":[8.540165,47.377197]},"properties":{"line":"N10","mode":"bus","color":"#000000","colorDark":"#000000","band":2,"sc":0.89,"off":[6.8,3.1]}},{"type":"Feature","geometry":{"type":"Point","coordinates":[8.540165,47.377197]},"properties":{"line":"N13","mode":"bus","color":"#000000","colorDark":"#000000","band":2,"sc":0.89,"off":[-6.8,5.1]}},{"type":"Feature","geometry":{"type":"Point","coordinates":[8.540165,47.377197]},"properties":{"line":"N14","mode":"bus","color":"#000000","colorDark":"#000000","band":2,"sc":0.89,"off":[-3.4,5.1]}},{"type":"Feature","geometry":{"type":"Point","coordinates":[8.540165,47.377197]},"properties":{"line":"N16","mode":"bus","color":"#000000","colorDark":"#000000","band":2,"sc":0.89,"off":[0,5.1]}},{"type":"Feature","geometry":{"type":"Point","coordinates":[8.540165,47.377197]},"properties":{"line":"N17","mode":"bus","color":"#000000","colorDark":"#000000","band":2,"sc":0.89,"off":[3.4,5.1]}},{"type":"Feature","geometry":{"type":"Point","coordinates":[8.540165,47.377197]},"properties":{"line":"N46","mode":"bus","color":"#000000","colorDark":"#000000","band":2,"sc":0.89,"off":[6.8,5.1]}},{"type":"Feature","geometry":{"type":"Point","coordinates":[8.540165,47.377197]},"properties":{"line":"N71","mode":"bus","color":"#000000","colorDark":"#000000","band":2,"sc":0.89,"off":[-3.4,7.1]}},{"type":"Feature","geometry":{"type":"Point","coordinates":[8.540165,47.377197]},"properties":{"line":"N74","mode":"bus","color":"#000000","colorDark":"#000000","band":2,"sc":0.89,"off":[0,7.1]}},{"type":"Feature","geometry":{"type":"Point","coordinates":[8.540165,47.377197]},"properties":{"line":"N91","mode":"bus","color":"#000000","colorDark":"#000000","band":2,"sc":0.89,"off":[3.4,7.1]}},{"type":"Feature","geometry":{"type":"Point","coordinates":[8.600756,47.355175]},"properties":{"name":"Kienastenwies","band":2,"modes":"bus","arr":["31"],"off":[0,-0.8]}},{"type":"Feature","geometry":{"type":"Point","coordinates":[8.600756,47.355175]},"properties":{"line":"31","mode":"bus","color":"#149a3f","colorDark":"#0a5121","band":2,"off":[0,1.1]}},{"type":"Feature","geometry":{"type":"Point","coordinates":[8.496649,47.423788]},"properties":{"name":"Holzerhurd","band":2,"modes":"bus","arr":["32"],"off":[0,-0.8]}},{"type":"Feature","geometry":{"type":"Point","coordinates":[8.496649,47.423788]},"properties":{"line":"32","mode":"bus","color":"#149a3f","colorDark":"#0a5121","band":2,"off":[0,1.1]}},{"type":"Feature","geometry":{"type":"Point","coordinates":[8.502826,47.364463]},"properties":{"name":"Schweighof","band":2,"modes":"bus","arr":["73"],"off":[0,-0.8]}},{"type":"Feature","geometry":{"type":"Point","coordinates":[8.502826,47.364463]},"properties":{"line":"73","mode":"bus","color":"#0059a9","colorDark":"#00294f","band":2,"off":[0,1.1]}},{"type":"Feature","geometry":{"type":"Point","coordinates":[8.51157,47.353177]},"properties":{"name":"Strassenverkehrsamt","band":2,"modes":"bus","arr":["32"],"off":[0,-0.8]}},{"type":"Feature","geometry":{"type":"Point","coordinates":[8.51157,47.353177]},"properties":{"line":"32","mode":"bus","color":"#149a3f","colorDark":"#0a5121","band":2,"off":[0,1.1]}},{"type":"Feature","geometry":{"type":"Point","coordinates":[8.505497,47.419449]},"properties":{"name":"Zehntenhausplatz","band":2,"modes":"bus","arr":["492"],"off":[0,-0.8]}},{"type":"Feature","geometry":{"type":"Point","coordinates":[8.505497,47.419449]},"properties":{"line":"492","mode":"bus","color":"#0059a9","colorDark":"#00294f","band":2,"off":[0,1.1]}},{"type":"Feature","geometry":{"type":"Point","coordinates":[8.56086,47.350421]},"properties":{"name":"Bahnhof Tiefenbrunnen","band":2,"modes":"bus,tram","arr":["33","11","15","N33"],"off":[0,-0.8]}},{"type":"Feature","geometry":{"type":"Point","coordinates":[8.56086,47.350421]},"properties":{"line":"33","mode":"bus","color":"#149a3f","colorDark":"#0a5121","band":2,"off":[-5.1,1.1]}},{"type":"Feature","geometry":{"type":"Point","coordinates":[8.56086,47.350421]},"properties":{"line":"11","mode":"tram","color":"#d6212b","colorDark":"#7c1116","band":2,"off":[-1.7,1.1]}},{"type":"Feature","geometry":{"type":"Point","coordinates":[8.56086,47.350421]},"properties":{"line":"15","mode":"tram","color":"#d6212b","colorDark":"#7c1116","band":2,"off":[1.7,1.1]}},{"type":"Feature","geometry":{"type":"Point","coordinates":[8.56086,47.350421]},"properties":{"line":"N33","mode":"bus","color":"#000000","colorDark":"#000000","band":2,"off":[5.1,1.1]}},{"type":"Feature","geometry":{"type":"Point","coordinates":[8.495504,47.36792]},"properties":{"name":"Triemli","band":2,"modes":"bus,tram","arr":["33","9","14","N8","N33"],"off":[0,-0.8]}},{"type":"Feature","geometry":{"type":"Point","coordinates":[8.495504,47.36792]},"properties":{"line":"33","mode":"bus","color":"#149a3f","colorDark":"#0a5121","band":2,"off":[-6.8,1.1]}},{"type":"Feature","geometry":{"type":"Point","coordinates":[8.495504,47.36792]},"properties":{"line":"9","mode":"tram","color":"#d6212b","colorDark":"#7c1116","band":2,"off":[-3.4,1.1]}},{"type":"Feature","geometry":{"type":"Point","coordinates":[8.495504,47.36792]},"properties":{"line":"14","mode":"tram","color":"#d6212b","colorDark":"#7c1116","band":2,"off":[0,1.1]}},{"type":"Feature","geometry":{"type":"Point","coordinates":[8.495504,47.36792]},"properties":{"line":"N8","mode":"bus","color":"#000000","colorDark":"#000000","band":2,"off":[3.4,1.1]}},{"type":"Feature","geometry":{"type":"Point","coordinates":[8.495504,47.36792]},"properties":{"line":"N33","mode":"bus","color":"#000000","colorDark":"#000000","band":2,"off":[6.8,1.1]}},{"type":"Feature","geometry":{"type":"Point","coordinates":[8.477304,47.413688]},"properties":{"name":"Rütihof","band":2,"modes":"bus","arr":["46","N46"],"off":[0,-0.8]}},{"type":"Feature","geometry":{"type":"Point","coordinates":[8.477304,47.413688]},"properties":{"line":"46","mode":"bus","color":"#149a3f","colorDark":"#0a5121","band":2,"off":[-1.7,1.1]}},{"type":"Feature","geometry":{"type":"Point","coordinates":[8.477304,47.413688]},"properties":{"line":"N46","mode":"bus","color":"#000000","colorDark":"#000000","band":2,"off":[1.7,1.1]}},{"type":"Feature","geometry":{"type":"Point","coordinates":[8.541881,47.397912]},"properties":{"name":"Milchbuck","band":2,"modes":"bus,tram","arr":["72","83","16","69","N15","N18"],"off":[0,-0.8]}},{"type":"Feature","geometry":{"type":"Point","coordinates":[8.541881,47.397912]},"properties":{"line":"72","mode":"bus","color":"#149a3f","colorDark":"#0a5121","band":2,"off":[-6.8,1.1]}},{"type":"Feature","geometry":{"type":"Point","coordinates":[8.541881,47.397912]},"properties":{"line":"83","mode":"bus","color":"#149a3f","colorDark":"#0a5121","band":2,"off":[-3.4,1.1]}},{"type":"Feature","geometry":{"type":"Point","coordinates":[8.541881,47.397912]},"properties":{"line":"16","mode":"tram","color":"#d6212b","colorDark":"#7c1116","band":2,"off":[0,1.1]}},{"type":"Feature","geometry":{"type":"Point","coordinates":[8.541881,47.397912]},"properties":{"line":"69","mode":"bus","color":"#0059a9","colorDark":"#00294f","band":2,"off":[3.4,1.1]}},{"type":"Feature","geometry":{"type":"Point","coordinates":[8.541881,47.397912]},"properties":{"line":"N15","mode":"bus","color":"#000000","colorDark":"#000000","band":2,"off":[6.8,1.1]}},{"type":"Feature","geometry":{"type":"Point","coordinates":[8.541881,47.397912]},"properties":{"line":"N18","mode":"bus","color":"#000000","colorDark":"#000000","band":2,"off":[0,3.1]}},{"type":"Feature","geometry":{"type":"Point","coordinates":[8.529616,47.344075]},"properties":{"name":"Morgental","band":2,"modes":"bus","arr":["72"],"off":[0,-0.8]}},{"type":"Feature","geometry":{"type":"Point","coordinates":[8.529616,47.344075]},"properties":{"line":"72","mode":"bus","color":"#149a3f","colorDark":"#0a5121","band":2,"off":[0,1.1]}},{"type":"Feature","geometry":{"type":"Point","coordinates":[8.5331,47.398357]},"properties":{"name":"Bucheggplatz G","band":2,"modes":"tram,bus","arr":["17","40"],"off":[0,-0.8]}},{"type":"Feature","geometry":{"type":"Point","coordinates":[8.5331,47.398357]},"properties":{"name":"Bucheggplatz D","band":2,"modes":"tram,bus","arr":["17","40"],"off":[0,-1.9]}},{"type":"Feature","geometry":{"type":"Point","coordinates":[8.5331,47.398357]},"properties":{"name":"Bucheggplatz","band":2,"modes":"tram,bus","arr":["17","40"],"off":[0,-3]}},{"type":"Feature","geometry":{"type":"Point","coordinates":[8.5331,47.398357]},"properties":{"line":"17","mode":"tram","color":"#d6212b","colorDark":"#7c1116","band":2,"off":[-1.7,1.1]}},{"type":"Feature","geometry":{"type":"Point","coordinates":[8.5331,47.398357]},"properties":{"line":"40","mode":"bus","color":"#0059a9","colorDark":"#00294f","band":2,"off":[1.7,1.1]}},{"type":"Feature","geometry":{"type":"Point","coordinates":[8.488907,47.39068]},"properties":{"name":"Bahnhof Altstetten N M","band":2,"modes":"bus","arr":["83","20","307","485","N12"],"off":[0,-0.8]}},{"type":"Feature","geometry":{"type":"Point","coordinates":[8.488907,47.39068]},"properties":{"name":"Bahnhof Altstetten G","band":2,"modes":"bus","arr":["83","20","307","485","N12"],"off":[0,-3]}},{"type":"Feature","geometry":{"type":"Point","coordinates":[8.488907,47.39068]},"properties":{"name":"Bahnhof Altstetten B","band":2,"modes":"bus","arr":["83","20","307","485","N12"],"off":[0,-5.2]}},{"type":"Feature","geometry":{"type":"Point","coordinates":[8.488907,47.39068]},"properties":{"line":"83","mode":"bus","color":"#149a3f","colorDark":"#0a5121","band":2,"off":[-6.8,1.1]}},{"type":"Feature","geometry":{"type":"Point","coordinates":[8.488907,47.39068]},"properties":{"line":"20","mode":"bus","color":"#0059a9","colorDark":"#00294f","band":2,"off":[-3.4,1.1]}},{"type":"Feature","geometry":{"type":"Point","coordinates":[8.488907,47.39068]},"properties":{"line":"307","mode":"bus","color":"#0059a9","colorDark":"#00294f","band":2,"off":[0,1.1]}},{"type":"Feature","geometry":{"type":"Point","coordinates":[8.488907,47.39068]},"properties":{"line":"485","mode":"bus","color":"#0059a9","colorDark":"#00294f","band":2,"off":[3.4,1.1]}},{"type":"Feature","geometry":{"type":"Point","coordinates":[8.488907,47.39068]},"properties":{"line":"N12","mode":"bus","color":"#000000","colorDark":"#000000","band":2,"off":[6.8,1.1]}},{"type":"Feature","geometry":{"type":"Point","coordinates":[8.353506,47.433264]},"properties":{"name":"Killwangen, Bahnhof A","band":2,"modes":"bus","arr":["20"],"off":[0,-0.8]}},{"type":"Feature","geometry":{"type":"Point","coordinates":[8.353506,47.433264]},"properties":{"line":"20","mode":"bus","color":"#0059a9","colorDark":"#00294f","band":2,"off":[0,1.1]}},{"type":"Feature","geometry":{"type":"Point","coordinates":[8.444818,47.397911]},"properties":{"name":"Schlieren, Geissweid","band":2,"modes":"tram,bus","arr":["2","N17"],"off":[0,-0.8]}},{"type":"Feature","geometry":{"type":"Point","coordinates":[8.444818,47.397911]},"properties":{"line":"2","mode":"tram","color":"#d6212b","colorDark":"#7c1116","band":2,"off":[-1.7,1.1]}},{"type":"Feature","geometry":{"type":"Point","coordinates":[8.444818,47.397911]},"properties":{"line":"N17","mode":"bus","color":"#000000","colorDark":"#000000","band":2,"off":[1.7,1.1]}},{"type":"Feature","geometry":{"type":"Point","coordinates":[8.574414,47.373187]},"properties":{"name":"Bergstation Dolderbahn","band":2,"modes":"bus","arr":["25"],"off":[0,-0.8]}},{"type":"Feature","geometry":{"type":"Point","coordinates":[8.574414,47.373187]},"properties":{"line":"25","mode":"bus","color":"#0059a9","colorDark":"#00294f","band":2,"off":[0,1.1]}},{"type":"Feature","geometry":{"type":"Point","coordinates":[8.561245,47.368498]},"properties":{"name":"Römerhof","band":2,"modes":"bus","arr":["25"],"off":[0,-0.8]}},{"type":"Feature","geometry":{"type":"Point","coordinates":[8.561245,47.368498]},"properties":{"line":"25","mode":"bus","color":"#0059a9","colorDark":"#00294f","band":2,"off":[0,1.1]}},{"type":"Feature","geometry":{"type":"Point","coordinates":[8.496252,47.425978]},"properties":{"name":"Mühlacker","band":2,"modes":"bus","arr":["37","61"],"off":[0,-0.8]}},{"type":"Feature","geometry":{"type":"Point","coordinates":[8.496252,47.425978]},"properties":{"line":"37","mode":"bus","color":"#0059a9","colorDark":"#00294f","band":2,"off":[-1.7,1.1]}},{"type":"Feature","geometry":{"type":"Point","coordinates":[8.496252,47.425978]},"properties":{"line":"61","mode":"bus","color":"#0059a9","colorDark":"#00294f","band":2,"off":[1.7,1.1]}},{"type":"Feature","geometry":{"type":"Point","coordinates":[8.508175,47.409048]},"properties":{"name":"ETH Hönggerberg","band":2,"modes":"bus","arr":["37","42","44","69"],"off":[0,-0.8]}},{"type":"Feature","geometry":{"type":"Point","coordinates":[8.508175,47.409048]},"properties":{"line":"37","mode":"bus","color":"#0059a9","colorDark":"#00294f","band":2,"off":[-5.1,1.1]}},{"type":"Feature","geometry":{"type":"Point","coordinates":[8.508175,47.409048]},"properties":{"line":"42","mode":"bus","color":"#0059a9","colorDark":"#00294f","band":2,"off":[-1.7,1.1]}},{"type":"Feature","geometry":{"type":"Point","coordinates":[8.508175,47.409048]},"properties":{"line":"44","mode":"bus","color":"#0059a9","colorDark":"#00294f","band":2,"off":[1.7,1.1]}},{"type":"Feature","geometry":{"type":"Point","coordinates":[8.508175,47.409048]},"properties":{"line":"69","mode":"bus","color":"#0059a9","colorDark":"#00294f","band":2,"off":[5.1,1.1]}},{"type":"Feature","geometry":{"type":"Point","coordinates":[8.496738,47.40948]},"properties":{"name":"Schützenhaus Höngg","band":2,"modes":"bus","arr":["38"],"off":[0,-0.8]}},{"type":"Feature","geometry":{"type":"Point","coordinates":[8.496738,47.40948]},"properties":{"line":"38","mode":"bus","color":"#0059a9","colorDark":"#00294f","band":2,"off":[0,1.1]}},{"type":"Feature","geometry":{"type":"Point","coordinates":[8.521876,47.399099]},"properties":{"name":"Waidspital","band":2,"modes":"bus","arr":["38"],"off":[0,-0.8]}},{"type":"Feature","geometry":{"type":"Point","coordinates":[8.521876,47.399099]},"properties":{"line":"38","mode":"bus","color":"#0059a9","colorDark":"#00294f","band":2,"off":[0,1.1]}},{"type":"Feature","geometry":{"type":"Point","coordinates":[8.54568,47.391195]},"properties":{"name":"Letzistrasse","band":2,"modes":"bus","arr":["39"],"off":[0,-0.8]}},{"type":"Feature","geometry":{"type":"Point","coordinates":[8.54568,47.391195]},"properties":{"line":"39","mode":"bus","color":"#0059a9","colorDark":"#00294f","band":2,"off":[0,1.1]}},{"type":"Feature","geometry":{"type":"Point","coordinates":[8.576916,47.384561]},"properties":{"name":"Im Klösterli","band":2,"modes":"bus","arr":["39"],"off":[0,-0.8]}},{"type":"Feature","geometry":{"type":"Point","coordinates":[8.576916,47.384561]},"properties":{"line":"39","mode":"bus","color":"#0059a9","colorDark":"#00294f","band":2,"off":[0,1.1]}},{"type":"Feature","geometry":{"type":"Point","coordinates":[8.549865,47.421879]},"properties":{"name":"Seebach","band":2,"modes":"bus,tram","arr":["40","42","51","742","N75"],"off":[0,-0.8]}},{"type":"Feature","geometry":{"type":"Point","coordinates":[8.549865,47.421879]},"properties":{"line":"40","mode":"bus","color":"#0059a9","colorDark":"#00294f","band":2,"off":[-6.8,1.1]}},{"type":"Feature","geometry":{"type":"Point","coordinates":[8.549865,47.421879]},"properties":{"line":"42","mode":"bus","color":"#0059a9","colorDark":"#00294f","band":2,"off":[-3.4,1.1]}},{"type":"Feature","geometry":{"type":"Point","coordinates":[8.549865,47.421879]},"properties":{"line":"51","mode":"tram","color":"#d6212b","colorDark":"#7c1116","band":2,"off":[0,1.1]}},{"type":"Feature","geometry":{"type":"Point","coordinates":[8.549865,47.421879]},"properties":{"line":"742","mode":"bus","color":"#0059a9","colorDark":"#00294f","band":2,"off":[3.4,1.1]}},{"type":"Feature","geometry":{"type":"Point","coordinates":[8.549865,47.421879]},"properties":{"line":"N75","mode":"bus","color":"#000000","colorDark":"#000000","band":2,"off":[6.8,1.1]}},{"type":"Feature","geometry":{"type":"Point","coordinates":[8.515203,47.428384]},"properties":{"name":"Reckenholz","band":2,"modes":"bus","arr":["44"],"off":[0,-0.8]}},{"type":"Feature","geometry":{"type":"Point","coordinates":[8.515203,47.428384]},"properties":{"line":"44","mode":"bus","color":"#0059a9","colorDark":"#00294f","band":2,"off":[0,1.1]}},{"type":"Feature","geometry":{"type":"Point","coordinates":[8.482059,47.397883]},"properties":{"name":"Werdhölzli","band":2,"modes":"tram,bus","arr":["17","45"],"off":[0,-0.8]}},{"type":"Feature","geometry":{"type":"Point","coordinates":[8.482059,47.397883]},"properties":{"line":"17","mode":"tram","color":"#d6212b","colorDark":"#7c1116","band":2,"off":[-1.7,1.1]}},{"type":"Feature","geometry":{"type":"Point","coordinates":[8.482059,47.397883]},"properties":{"line":"45","mode":"bus","color":"#0059a9","colorDark":"#00294f","band":2,"off":[1.7,1.1]}},{"type":"Feature","geometry":{"type":"Point","coordinates":[8.470374,47.388572]},"properties":{"name":"Dunkelhölzli","band":2,"modes":"bus","arr":["67","78","N1"],"off":[0,-0.8]}},{"type":"Feature","geometry":{"type":"Point","coordinates":[8.470374,47.388572]},"properties":{"line":"67","mode":"bus","color":"#0059a9","colorDark":"#00294f","band":2,"off":[-3.4,1.1]}},{"type":"Feature","geometry":{"type":"Point","coordinates":[8.470374,47.388572]},"properties":{"line":"78","mode":"bus","color":"#0059a9","colorDark":"#00294f","band":2,"off":[0,1.1]}},{"type":"Feature","geometry":{"type":"Point","coordinates":[8.470374,47.388572]},"properties":{"line":"N1","mode":"bus","color":"#000000","colorDark":"#000000","band":2,"off":[3.4,1.1]}},{"type":"Feature","geometry":{"type":"Point","coordinates":[8.474863,47.383372]},"properties":{"name":"Friedhof Eichbühl","band":2,"modes":"bus","arr":["45"],"off":[0,-0.8]}},{"type":"Feature","geometry":{"type":"Point","coordinates":[8.474863,47.383372]},"properties":{"line":"45","mode":"bus","color":"#0059a9","colorDark":"#00294f","band":2,"off":[0,1.1]}},{"type":"Feature","geometry":{"type":"Point","coordinates":[8.59534,47.409109]},"properties":{"name":"Wallisellen, Glatt (Bus) C","band":2,"modes":"bus","arr":["61","N9"],"off":[0,-0.8]}},{"type":"Feature","geometry":{"type":"Point","coordinates":[8.59534,47.409109]},"properties":{"name":"Wallisellen, Glatt (Bus) A","band":2,"modes":"bus","arr":["61","N9"],"off":[0,-3]}},{"type":"Feature","geometry":{"type":"Point","coordinates":[8.59534,47.409109]},"properties":{"line":"61","mode":"bus","color":"#0059a9","colorDark":"#00294f","band":2,"off":[-1.7,1.1]}},{"type":"Feature","geometry":{"type":"Point","coordinates":[8.59534,47.409109]},"properties":{"line":"N9","mode":"bus","color":"#000000","colorDark":"#000000","band":2,"off":[1.7,1.1]}},{"type":"Feature","geometry":{"type":"Point","coordinates":[8.522848,47.423726]},"properties":{"name":"Waidhof","band":2,"modes":"bus","arr":["62","N2"],"off":[0,-0.8]}},{"type":"Feature","geometry":{"type":"Point","coordinates":[8.522848,47.423726]},"properties":{"line":"62","mode":"bus","color":"#0059a9","colorDark":"#00294f","band":2,"off":[-1.7,1.1]}},{"type":"Feature","geometry":{"type":"Point","coordinates":[8.522848,47.423726]},"properties":{"line":"N2","mode":"bus","color":"#000000","colorDark":"#000000","band":2,"off":[1.7,1.1]}},{"type":"Feature","geometry":{"type":"Point","coordinates":[8.571416,47.404771]},"properties":{"name":"Schwamendingerplatz","band":2,"modes":"bus","arr":["62","N12"],"off":[0,-0.8]}},{"type":"Feature","geometry":{"type":"Point","coordinates":[8.571416,47.404771]},"properties":{"line":"62","mode":"bus","color":"#0059a9","colorDark":"#00294f","band":2,"off":[-1.7,1.1]}},{"type":"Feature","geometry":{"type":"Point","coordinates":[8.571416,47.404771]},"properties":{"line":"N12","mode":"bus","color":"#000000","colorDark":"#000000","band":2,"off":[1.7,1.1]}},{"type":"Feature","geometry":{"type":"Point","coordinates":[8.54483,47.412171]},"properties":{"name":"Bahnhof Oerlikon Nord","band":2,"modes":"bus","arr":["64","80","768","781","787","N8","N75","N79"],"off":[0,-0.8]}},{"type":"Feature","geometry":{"type":"Point","coordinates":[8.54483,47.412171]},"properties":{"name":"Bahnhof Oerlikon","band":2,"modes":"bus","arr":["64","80","768","781","787","N8","N75","N79"],"off":[0,-3]}},{"type":"Feature","geometry":{"type":"Point","coordinates":[8.54483,47.412171]},"properties":{"line":"64","mode":"bus","color":"#0059a9","colorDark":"#00294f","band":2,"off":[-6.8,1.1]}},{"type":"Feature","geometry":{"type":"Point","coordinates":[8.54483,47.412171]},"properties":{"line":"80","mode":"bus","color":"#0059a9","colorDark":"#00294f","band":2,"off":[-3.4,1.1]}},{"type":"Feature","geometry":{"type":"Point","coordinates":[8.54483,47.412171]},"properties":{"line":"768","mode":"bus","color":"#0059a9","colorDark":"#00294f","band":2,"off":[0,1.1]}},{"type":"Feature","geometry":{"type":"Point","coordinates":[8.54483,47.412171]},"properties":{"line":"781","mode":"bus","color":"#0059a9","colorDark":"#00294f","band":2,"off":[3.4,1.1]}},{"type":"Feature","geometry":{"type":"Point","coordinates":[8.54483,47.412171]},"properties":{"line":"787","mode":"bus","color":"#0059a9","colorDark":"#00294f","band":2,"off":[6.8,1.1]}},{"type":"Feature","geometry":{"type":"Point","coordinates":[8.54483,47.412171]},"properties":{"line":"N8","mode":"bus","color":"#000000","colorDark":"#000000","band":2,"off":[-3.4,3.1]}},{"type":"Feature","geometry":{"type":"Point","coordinates":[8.54483,47.412171]},"properties":{"line":"N75","mode":"bus","color":"#000000","colorDark":"#000000","band":2,"off":[0,3.1]}},{"type":"Feature","geometry":{"type":"Point","coordinates":[8.54483,47.412171]},"properties":{"line":"N79","mode":"bus","color":"#000000","colorDark":"#000000","band":2,"off":[3.4,3.1]}},{"type":"Feature","geometry":{"type":"Point","coordinates":[8.530275,47.364508]},"properties":{"name":"Bahnhof Enge/Bederstr.","band":2,"modes":"bus","arr":["66","200","210"],"off":[0,-0.8]}},{"type":"Feature","geometry":{"type":"Point","coordinates":[8.530275,47.364508]},"properties":{"line":"66","mode":"bus","color":"#0059a9","colorDark":"#00294f","band":2,"off":[-3.4,1.1]}},{"type":"Feature","geometry":{"type":"Point","coordinates":[8.530275,47.364508]},"properties":{"line":"200","mode":"bus","color":"#0059a9","colorDark":"#00294f","band":2,"off":[0,1.1]}},{"type":"Feature","geometry":{"type":"Point","coordinates":[8.530275,47.364508]},"properties":{"line":"210","mode":"bus","color":"#0059a9","colorDark":"#00294f","band":2,"off":[3.4,1.1]}},{"type":"Feature","geometry":{"type":"Point","coordinates":[8.541631,47.317882]},"properties":{"name":"Kilchberg ZH, Kirche","band":2,"modes":"bus","arr":["66"],"off":[0,-0.8]}},{"type":"Feature","geometry":{"type":"Point","coordinates":[8.541631,47.317882]},"properties":{"line":"66","mode":"bus","color":"#0059a9","colorDark":"#00294f","band":2,"off":[0,1.1]}},{"type":"Feature","geometry":{"type":"Point","coordinates":[8.541678,47.32444]},"properties":{"name":"Kilchberg ZH, Stockengut","band":2,"modes":"bus","arr":["163"],"off":[0,-0.8]}},{"type":"Feature","geometry":{"type":"Point","coordinates":[8.541678,47.32444]},"properties":{"name":"Kilchberg ZH, Schlimbergstr.","band":2,"modes":"bus","arr":["163"],"off":[0,-3]}},{"type":"Feature","geometry":{"type":"Point","coordinates":[8.541678,47.32444]},"properties":{"line":"163","mode":"bus","color":"#0059a9","colorDark":"#00294f","band":2,"off":[0,1.1]}},{"type":"Feature","geometry":{"type":"Point","coordinates":[8.523724,47.371641]},"properties":{"name":"Bahnhof Wiedikon","band":2,"modes":"bus","arr":["67","215","220","235","236","245"],"off":[0,-0.8]}},{"type":"Feature","geometry":{"type":"Point","coordinates":[8.523724,47.371641]},"properties":{"line":"67","mode":"bus","color":"#0059a9","colorDark":"#00294f","band":2,"off":[-6.8,1.1]}},{"type":"Feature","geometry":{"type":"Point","coordinates":[8.523724,47.371641]},"properties":{"line":"215","mode":"bus","color":"#0059a9","colorDark":"#00294f","band":2,"off":[-3.4,1.1]}},{"type":"Feature","geometry":{"type":"Point","coordinates":[8.523724,47.371641]},"properties":{"line":"220","mode":"bus","color":"#0059a9","colorDark":"#00294f","band":2,"off":[0,1.1]}},{"type":"Feature","geometry":{"type":"Point","coordinates":[8.523724,47.371641]},"properties":{"line":"235","mode":"bus","color":"#0059a9","colorDark":"#00294f","band":2,"off":[3.4,1.1]}},{"type":"Feature","geometry":{"type":"Point","coordinates":[8.523724,47.371641]},"properties":{"line":"236","mode":"bus","color":"#0059a9","colorDark":"#00294f","band":2,"off":[6.8,1.1]}},{"type":"Feature","geometry":{"type":"Point","coordinates":[8.523724,47.371641]},"properties":{"line":"245","mode":"bus","color":"#0059a9","colorDark":"#00294f","band":2,"off":[0,3.1]}},{"type":"Feature","geometry":{"type":"Point","coordinates":[8.533204,47.34825]},"properties":{"name":"Bahnhof Wollishofen","band":2,"modes":"bus","arr":["70","184","185"],"off":[0,-0.8]}},{"type":"Feature","geometry":{"type":"Point","coordinates":[8.533204,47.34825]},"properties":{"line":"70","mode":"bus","color":"#0059a9","colorDark":"#00294f","band":2,"off":[-3.4,1.1]}},{"type":"Feature","geometry":{"type":"Point","coordinates":[8.533204,47.34825]},"properties":{"line":"184","mode":"bus","color":"#0059a9","colorDark":"#00294f","band":2,"off":[0,1.1]}},{"type":"Feature","geometry":{"type":"Point","coordinates":[8.533204,47.34825]},"properties":{"line":"185","mode":"bus","color":"#0059a9","colorDark":"#00294f","band":2,"off":[3.4,1.1]}},{"type":"Feature","geometry":{"type":"Point","coordinates":[8.514429,47.323162]},"properties":{"name":"Mittelleimbach","band":2,"modes":"bus","arr":["70","151"],"off":[0,-0.8]}},{"type":"Feature","geometry":{"type":"Point","coordinates":[8.514429,47.323162]},"properties":{"line":"70","mode":"bus","color":"#0059a9","colorDark":"#00294f","band":2,"off":[-1.7,1.1]}},{"type":"Feature","geometry":{"type":"Point","coordinates":[8.514429,47.323162]},"properties":{"line":"151","mode":"bus","color":"#0059a9","colorDark":"#00294f","band":2,"off":[1.7,1.1]}},{"type":"Feature","geometry":{"type":"Point","coordinates":[8.497573,47.358736]},"properties":{"name":"Zielweg","band":2,"modes":"bus","arr":["73"],"off":[0,-0.8]}},{"type":"Feature","geometry":{"type":"Point","coordinates":[8.497573,47.358736]},"properties":{"line":"73","mode":"bus","color":"#0059a9","colorDark":"#00294f","band":2,"off":[0,1.1]}},{"type":"Feature","geometry":{"type":"Point","coordinates":[8.548221,47.419653]},"properties":{"name":"Seebacherplatz","band":2,"modes":"bus","arr":["75"],"off":[0,-0.8]}},{"type":"Feature","geometry":{"type":"Point","coordinates":[8.548221,47.419653]},"properties":{"line":"75","mode":"bus","color":"#0059a9","colorDark":"#00294f","band":2,"off":[0,1.1]}},{"type":"Feature","geometry":{"type":"Point","coordinates":[8.571975,47.41342]},"properties":{"name":"Auzelg Ost","band":2,"modes":"bus","arr":["75"],"off":[0,-0.8]}},{"type":"Feature","geometry":{"type":"Point","coordinates":[8.571975,47.41342]},"properties":{"line":"75","mode":"bus","color":"#0059a9","colorDark":"#00294f","band":2,"off":[0,1.1]}},{"type":"Feature","geometry":{"type":"Point","coordinates":[8.518468,47.362945]},"properties":{"name":"Binz","band":2,"modes":"bus","arr":["76","EV1","EV3"],"off":[0,-0.8]}},{"type":"Feature","geometry":{"type":"Point","coordinates":[8.518468,47.362945]},"properties":{"line":"76","mode":"bus","color":"#0059a9","colorDark":"#00294f","band":2,"off":[-3.4,1.1]}},{"type":"Feature","geometry":{"type":"Point","coordinates":[8.518468,47.362945]},"properties":{"line":"EV1","mode":"bus","color":"#0059a9","colorDark":"#00294f","band":2,"off":[0,1.1]}},{"type":"Feature","geometry":{"type":"Point","coordinates":[8.518468,47.362945]},"properties":{"line":"EV3","mode":"bus","color":"#0059a9","colorDark":"#00294f","band":2,"off":[3.4,1.1]}},{"type":"Feature","geometry":{"type":"Point","coordinates":[8.469843,47.358388]},"properties":{"name":"Ringlikon, Dorf","band":2,"modes":"bus","arr":["76","EV1","EV3"],"off":[0,-0.8]}},{"type":"Feature","geometry":{"type":"Point","coordinates":[8.469843,47.358388]},"properties":{"line":"76","mode":"bus","color":"#0059a9","colorDark":"#00294f","band":2,"off":[-3.4,1.1]}},{"type":"Feature","geometry":{"type":"Point","coordinates":[8.469843,47.358388]},"properties":{"line":"EV1","mode":"bus","color":"#0059a9","colorDark":"#00294f","band":2,"off":[0,1.1]}},{"type":"Feature","geometry":{"type":"Point","coordinates":[8.469843,47.358388]},"properties":{"line":"EV3","mode":"bus","color":"#0059a9","colorDark":"#00294f","band":2,"off":[3.4,1.1]}},{"type":"Feature","geometry":{"type":"Point","coordinates":[8.560497,47.361916]},"properties":{"name":"Hegibachplatz D","band":2,"modes":"bus","arr":["77"],"off":[0,-0.8]}},{"type":"Feature","geometry":{"type":"Point","coordinates":[8.560497,47.361916]},"properties":{"line":"77","mode":"bus","color":"#0059a9","colorDark":"#00294f","band":2,"off":[0,1.1]}},{"type":"Feature","geometry":{"type":"Point","coordinates":[8.575663,47.353923]},"properties":{"name":"Balgrist","band":2,"modes":"bus","arr":["77","99"],"off":[0,-0.8]}},{"type":"Feature","geometry":{"type":"Point","coordinates":[8.575663,47.353923]},"properties":{"line":"77","mode":"bus","color":"#0059a9","colorDark":"#00294f","band":2,"off":[-1.7,1.1]}},{"type":"Feature","geometry":{"type":"Point","coordinates":[8.575663,47.353923]},"properties":{"line":"99","mode":"bus","color":"#0059a9","colorDark":"#00294f","band":2,"off":[1.7,1.1]}},{"type":"Feature","geometry":{"type":"Point","coordinates":[8.483817,47.412146]},"properties":{"name":"Heizenholz","band":2,"modes":"bus","arr":["78"],"off":[0,-0.8]}},{"type":"Feature","geometry":{"type":"Point","coordinates":[8.483817,47.412146]},"properties":{"line":"78","mode":"bus","color":"#0059a9","colorDark":"#00294f","band":2,"off":[0,1.1]}},{"type":"Feature","geometry":{"type":"Point","coordinates":[8.496866,47.366095]},"properties":{"name":"Triemlispital","band":2,"modes":"bus","arr":["80"],"off":[0,-0.8]}},{"type":"Feature","geometry":{"type":"Point","coordinates":[8.496866,47.366095]},"properties":{"line":"80","mode":"bus","color":"#0059a9","colorDark":"#00294f","band":2,"off":[0,1.1]}},{"type":"Feature","geometry":{"type":"Point","coordinates":[8.449013,47.413369]},"properties":{"name":"Unterengstringen, Sennenbüel N","band":2,"modes":"bus","arr":["89","N13"],"off":[0,-0.8]}},{"type":"Feature","geometry":{"type":"Point","coordinates":[8.449013,47.413369]},"properties":{"name":"Unterengstringen, Sennenbüel","band":2,"modes":"bus","arr":["89","N13"],"off":[0,-3]}},{"type":"Feature","geometry":{"type":"Point","coordinates":[8.449013,47.413369]},"properties":{"line":"89","mode":"bus","color":"#0059a9","colorDark":"#00294f","band":2,"off":[-1.7,1.1]}},{"type":"Feature","geometry":{"type":"Point","coordinates":[8.449013,47.413369]},"properties":{"line":"N13","mode":"bus","color":"#000000","colorDark":"#000000","band":2,"off":[1.7,1.1]}},{"type":"Feature","geometry":{"type":"Point","coordinates":[8.523036,47.358219]},"properties":{"name":"Sihlcity","band":2,"modes":"bus","arr":["89","N2","N5"],"off":[0,-0.8]}},{"type":"Feature","geometry":{"type":"Point","coordinates":[8.523036,47.358219]},"properties":{"line":"89","mode":"bus","color":"#0059a9","colorDark":"#00294f","band":2,"off":[-3.4,1.1]}},{"type":"Feature","geometry":{"type":"Point","coordinates":[8.523036,47.358219]},"properties":{"line":"N2","mode":"bus","color":"#000000","colorDark":"#000000","band":2,"off":[0,1.1]}},{"type":"Feature","geometry":{"type":"Point","coordinates":[8.523036,47.358219]},"properties":{"line":"N5","mode":"bus","color":"#000000","colorDark":"#000000","band":2,"off":[3.4,1.1]}},{"type":"Feature","geometry":{"type":"Point","coordinates":[8.588668,47.360917]},"properties":{"name":"Buchholz","band":2,"modes":"bus","arr":["91"],"off":[0,-0.8]}},{"type":"Feature","geometry":{"type":"Point","coordinates":[8.588668,47.360917]},"properties":{"line":"91","mode":"bus","color":"#0059a9","colorDark":"#00294f","band":2,"off":[0,1.1]}},{"type":"Feature","geometry":{"type":"Point","coordinates":[8.602179,47.34599]},"properties":{"name":"Zollikerberg, Station","band":2,"modes":"bus","arr":["91"],"off":[0,-0.8]}},{"type":"Feature","geometry":{"type":"Point","coordinates":[8.602179,47.34599]},"properties":{"line":"91","mode":"bus","color":"#0059a9","colorDark":"#00294f","band":2,"off":[0,1.1]}},{"type":"Feature","geometry":{"type":"Point","coordinates":[8.569851,47.337681]},"properties":{"name":"Zollikon, Bahnhof","band":2,"modes":"bus","arr":["99","910","N4"],"off":[0,-0.8]}},{"type":"Feature","geometry":{"type":"Point","coordinates":[8.569851,47.337681]},"properties":{"line":"99","mode":"bus","color":"#0059a9","colorDark":"#00294f","band":2,"off":[-3.4,1.1]}},{"type":"Feature","geometry":{"type":"Point","coordinates":[8.569851,47.337681]},"properties":{"line":"910","mode":"bus","color":"#0059a9","colorDark":"#00294f","band":2,"off":[0,1.1]}},{"type":"Feature","geometry":{"type":"Point","coordinates":[8.569851,47.337681]},"properties":{"line":"N4","mode":"bus","color":"#000000","colorDark":"#000000","band":2,"off":[3.4,1.1]}},{"type":"Feature","geometry":{"type":"Point","coordinates":[8.577259,47.334843]},"properties":{"name":"Zollikon, Goldhaldenplatz","band":2,"modes":"bus","arr":["99","910"],"off":[0,-0.8]}},{"type":"Feature","geometry":{"type":"Point","coordinates":[8.577259,47.334843]},"properties":{"line":"99","mode":"bus","color":"#0059a9","colorDark":"#00294f","band":2,"off":[-1.7,1.1]}},{"type":"Feature","geometry":{"type":"Point","coordinates":[8.577259,47.334843]},"properties":{"line":"910","mode":"bus","color":"#0059a9","colorDark":"#00294f","band":2,"off":[1.7,1.1]}},{"type":"Feature","geometry":{"type":"Point","coordinates":[8.59608,47.260854]},"properties":{"name":"Horgen, Bahnhof F","band":2,"modes":"bus","arr":["131","132","134","136","N25"],"off":[0,-0.8]}},{"type":"Feature","geometry":{"type":"Point","coordinates":[8.59608,47.260854]},"properties":{"name":"Horgen, Bahnhof D","band":2,"modes":"bus","arr":["131","132","134","136","N25"],"off":[0,-1.9]}},{"type":"Feature","geometry":{"type":"Point","coordinates":[8.59608,47.260854]},"properties":{"name":"Horgen, Bahnhof C","band":2,"modes":"bus","arr":["131","132","134","136","N25"],"off":[0,-3]}},{"type":"Feature","geometry":{"type":"Point","coordinates":[8.59608,47.260854]},"properties":{"line":"131","mode":"bus","color":"#0059a9","colorDark":"#00294f","band":2,"off":[-6.8,1.1]}},{"type":"Feature","geometry":{"type":"Point","coordinates":[8.59608,47.260854]},"properties":{"line":"132","mode":"bus","color":"#0059a9","colorDark":"#00294f","band":2,"off":[-3.4,1.1]}},{"type":"Feature","geometry":{"type":"Point","coordinates":[8.59608,47.260854]},"properties":{"line":"134","mode":"bus","color":"#0059a9","colorDark":"#00294f","band":2,"off":[0,1.1]}},{"type":"Feature","geometry":{"type":"Point","coordinates":[8.59608,47.260854]},"properties":{"line":"136","mode":"bus","color":"#0059a9","colorDark":"#00294f","band":2,"off":[3.4,1.1]}},{"type":"Feature","geometry":{"type":"Point","coordinates":[8.59608,47.260854]},"properties":{"line":"N25","mode":"bus","color":"#000000","colorDark":"#000000","band":2,"off":[6.8,1.1]}},{"type":"Feature","geometry":{"type":"Point","coordinates":[8.59593,47.262274]},"properties":{"name":"Horgen, Bahnhof E","band":2,"modes":"bus","arr":["133","134","137","145"],"off":[0,-0.8]}},{"type":"Feature","geometry":{"type":"Point","coordinates":[8.59593,47.262274]},"properties":{"name":"Horgen, Bahnhof B","band":2,"modes":"bus","arr":["133","134","137","145"],"off":[0,-1.9]}},{"type":"Feature","geometry":{"type":"Point","coordinates":[8.59593,47.262274]},"properties":{"name":"Horgen, Bahnhof A","band":2,"modes":"bus","arr":["133","134","137","145"],"off":[0,-3]}},{"type":"Feature","geometry":{"type":"Point","coordinates":[8.59593,47.262274]},"properties":{"line":"133","mode":"bus","color":"#0059a9","colorDark":"#00294f","band":2,"off":[-5.1,1.1]}},{"type":"Feature","geometry":{"type":"Point","coordinates":[8.59593,47.262274]},"properties":{"line":"134","mode":"bus","color":"#0059a9","colorDark":"#00294f","band":2,"off":[-1.7,1.1]}},{"type":"Feature","geometry":{"type":"Point","coordinates":[8.59593,47.262274]},"properties":{"line":"137","mode":"bus","color":"#0059a9","colorDark":"#00294f","band":2,"off":[1.7,1.1]}},{"type":"Feature","geometry":{"type":"Point","coordinates":[8.59593,47.262274]},"properties":{"line":"145","mode":"bus","color":"#0059a9","colorDark":"#00294f","band":2,"off":[5.1,1.1]}},{"type":"Feature","geometry":{"type":"Point","coordinates":[8.586765,47.25837]},"properties":{"name":"Horgen, Panorama","band":2,"modes":"bus","arr":["133"],"off":[0,-0.8]}},{"type":"Feature","geometry":{"type":"Point","coordinates":[8.586765,47.25837]},"properties":{"line":"133","mode":"bus","color":"#0059a9","colorDark":"#00294f","band":2,"off":[0,1.1]}},{"type":"Feature","geometry":{"type":"Point","coordinates":[8.626031,47.251366]},"properties":{"name":"Horgen, Meilibach","band":2,"modes":"bus","arr":["134"],"off":[0,-0.8]}},{"type":"Feature","geometry":{"type":"Point","coordinates":[8.626031,47.251366]},"properties":{"line":"134","mode":"bus","color":"#0059a9","colorDark":"#00294f","band":2,"off":[0,1.1]}},{"type":"Feature","geometry":{"type":"Point","coordinates":[8.579312,47.279204]},"properties":{"name":"Oberrieden, Bahnhof","band":2,"modes":"bus","arr":["136","N25"],"off":[0,-0.8]}},{"type":"Feature","geometry":{"type":"Point","coordinates":[8.579312,47.279204]},"properties":{"line":"136","mode":"bus","color":"#0059a9","colorDark":"#00294f","band":2,"off":[-1.7,1.1]}},{"type":"Feature","geometry":{"type":"Point","coordinates":[8.579312,47.279204]},"properties":{"line":"N25","mode":"bus","color":"#000000","colorDark":"#000000","band":2,"off":[1.7,1.1]}},{"type":"Feature","geometry":{"type":"Point","coordinates":[8.557413,47.268398]},"properties":{"name":"Sihlwald, Bahnhof","band":2,"modes":"bus,metro","arr":["EV","S4"],"off":[0,-0.8]}},{"type":"Feature","geometry":{"type":"Point","coordinates":[8.557413,47.268398]},"properties":{"name":"Sihlwald","band":2,"modes":"bus,metro","arr":["EV","S4"],"off":[0,-1.9]}},{"type":"Feature","geometry":{"type":"Point","coordinates":[8.557413,47.268398]},"properties":{"line":"EV","mode":"bus","color":"#0059a9","colorDark":"#00294f","band":2,"off":[-1.7,1.1]}},{"type":"Feature","geometry":{"type":"Point","coordinates":[8.557413,47.268398]},"properties":{"line":"S4","mode":"tram","color":"#0A4595","colorDark":"#062652","band":2,"metro":1,"off":[1.7,1.1]}},{"type":"Feature","geometry":{"type":"Point","coordinates":[8.56472,47.294707]},"properties":{"name":"Thalwil, Zentrum A","band":2,"modes":"bus","arr":["140","142","145","156","N16"],"off":[0,-0.8]}},{"type":"Feature","geometry":{"type":"Point","coordinates":[8.56472,47.294707]},"properties":{"line":"140","mode":"bus","color":"#0059a9","colorDark":"#00294f","band":2,"off":[-6.8,1.1]}},{"type":"Feature","geometry":{"type":"Point","coordinates":[8.56472,47.294707]},"properties":{"line":"142","mode":"bus","color":"#0059a9","colorDark":"#00294f","band":2,"off":[-3.4,1.1]}},{"type":"Feature","geometry":{"type":"Point","coordinates":[8.56472,47.294707]},"properties":{"line":"145","mode":"bus","color":"#0059a9","colorDark":"#00294f","band":2,"off":[0,1.1]}},{"type":"Feature","geometry":{"type":"Point","coordinates":[8.56472,47.294707]},"properties":{"line":"156","mode":"bus","color":"#0059a9","colorDark":"#00294f","band":2,"off":[3.4,1.1]}},{"type":"Feature","geometry":{"type":"Point","coordinates":[8.56472,47.294707]},"properties":{"line":"N16","mode":"bus","color":"#000000","colorDark":"#000000","band":2,"off":[6.8,1.1]}},{"type":"Feature","geometry":{"type":"Point","coordinates":[8.543792,47.287348]},"properties":{"name":"Langnau-Gattikon, Bahnhof","band":2,"modes":"bus,metro","arr":["153","EV","SN4"],"off":[0,-0.8]}},{"type":"Feature","geometry":{"type":"Point","coordinates":[8.543792,47.287348]},"properties":{"name":"Langnau-Gattikon","band":2,"modes":"bus,metro","arr":["153","EV","SN4"],"off":[0,-3]}},{"type":"Feature","geometry":{"type":"Point","coordinates":[8.543792,47.287348]},"properties":{"line":"153","mode":"bus","color":"#0059a9","colorDark":"#00294f","band":2,"off":[-3.4,1.1]}},{"type":"Feature","geometry":{"type":"Point","coordinates":[8.543792,47.287348]},"properties":{"line":"EV","mode":"bus","color":"#0059a9","colorDark":"#00294f","band":2,"off":[0,1.1]}},{"type":"Feature","geometry":{"type":"Point","coordinates":[8.543792,47.287348]},"properties":{"line":"SN4","mode":"tram","color":"#000000","colorDark":"#000000","band":2,"metro":1,"off":[3.4,1.1]}},{"type":"Feature","geometry":{"type":"Point","coordinates":[8.537431,47.28096]},"properties":{"name":"Langnau am Albis, Unterrengg","band":2,"modes":"bus","arr":["140","153"],"off":[0,-0.8]}},{"type":"Feature","geometry":{"type":"Point","coordinates":[8.537431,47.28096]},"properties":{"line":"140","mode":"bus","color":"#0059a9","colorDark":"#00294f","band":2,"off":[-1.7,1.1]}},{"type":"Feature","geometry":{"type":"Point","coordinates":[8.537431,47.28096]},"properties":{"line":"153","mode":"bus","color":"#0059a9","colorDark":"#00294f","band":2,"off":[1.7,1.1]}},{"type":"Feature","geometry":{"type":"Point","coordinates":[8.565376,47.284734]},"properties":{"name":"Thalwil, Böni","band":2,"modes":"bus","arr":["142"],"off":[0,-0.8]}},{"type":"Feature","geometry":{"type":"Point","coordinates":[8.565376,47.284734]},"properties":{"line":"142","mode":"bus","color":"#0059a9","colorDark":"#00294f","band":2,"off":[0,1.1]}},{"type":"Feature","geometry":{"type":"Point","coordinates":[8.52436,47.311539]},"properties":{"name":"Adliswil, Bahnhof C","band":2,"modes":"bus","arr":["151","152","153","156","184","185","N15","N18"],"off":[0,-0.8]}},{"type":"Feature","geometry":{"type":"Point","coordinates":[8.52436,47.311539]},"properties":{"name":"Adliswil, Bahnhof B","band":2,"modes":"bus","arr":["151","152","153","156","184","185","N15","N18"],"off":[0,-3]}},{"type":"Feature","geometry":{"type":"Point","coordinates":[8.52436,47.311539]},"properties":{"name":"Adliswil, Bahnhof A","band":2,"modes":"bus","arr":["151","152","153","156","184","185","N15","N18"],"off":[0,-5.2]}},{"type":"Feature","geometry":{"type":"Point","coordinates":[8.52436,47.311539]},"properties":{"line":"151","mode":"bus","color":"#0059a9","colorDark":"#00294f","band":2,"off":[-6.8,1.1]}},{"type":"Feature","geometry":{"type":"Point","coordinates":[8.52436,47.311539]},"properties":{"line":"152","mode":"bus","color":"#0059a9","colorDark":"#00294f","band":2,"off":[-3.4,1.1]}},{"type":"Feature","geometry":{"type":"Point","coordinates":[8.52436,47.311539]},"properties":{"line":"153","mode":"bus","color":"#0059a9","colorDark":"#00294f","band":2,"off":[0,1.1]}},{"type":"Feature","geometry":{"type":"Point","coordinates":[8.52436,47.311539]},"properties":{"line":"156","mode":"bus","color":"#0059a9","colorDark":"#00294f","band":2,"off":[3.4,1.1]}},{"type":"Feature","geometry":{"type":"Point","coordinates":[8.52436,47.311539]},"properties":{"line":"184","mode":"bus","color":"#0059a9","colorDark":"#00294f","band":2,"off":[6.8,1.1]}},{"type":"Feature","geometry":{"type":"Point","coordinates":[8.52436,47.311539]},"properties":{"line":"185","mode":"bus","color":"#0059a9","colorDark":"#00294f","band":2,"off":[-3.4,3.1]}},{"type":"Feature","geometry":{"type":"Point","coordinates":[8.52436,47.311539]},"properties":{"line":"N15","mode":"bus","color":"#000000","colorDark":"#000000","band":2,"off":[0,3.1]}},{"type":"Feature","geometry":{"type":"Point","coordinates":[8.52436,47.311539]},"properties":{"line":"N18","mode":"bus","color":"#000000","colorDark":"#000000","band":2,"off":[3.4,3.1]}},{"type":"Feature","geometry":{"type":"Point","coordinates":[8.522094,47.301137]},"properties":{"name":"Adliswil, Büchel","band":2,"modes":"bus","arr":["N18"],"off":[0,-0.8]}},{"type":"Feature","geometry":{"type":"Point","coordinates":[8.522094,47.301137]},"properties":{"line":"N18","mode":"bus","color":"#000000","colorDark":"#000000","band":2,"off":[0,1.1]}},{"type":"Feature","geometry":{"type":"Point","coordinates":[8.535037,47.3087]},"properties":{"name":"Adliswil, Schulhaus Kopfholz","band":2,"modes":"bus","arr":["N15"],"off":[0,-0.8]}},{"type":"Feature","geometry":{"type":"Point","coordinates":[8.535037,47.3087]},"properties":{"line":"N15","mode":"bus","color":"#000000","colorDark":"#000000","band":2,"off":[0,1.1]}},{"type":"Feature","geometry":{"type":"Point","coordinates":[8.540238,47.367178]},"properties":{"name":"Bürkliplatz","band":2,"modes":"bus","arr":["161","165"],"off":[0,-0.8]}},{"type":"Feature","geometry":{"type":"Point","coordinates":[8.540238,47.367178]},"properties":{"line":"161","mode":"bus","color":"#0059a9","colorDark":"#00294f","band":2,"off":[-1.7,1.1]}},{"type":"Feature","geometry":{"type":"Point","coordinates":[8.540238,47.367178]},"properties":{"line":"165","mode":"bus","color":"#0059a9","colorDark":"#00294f","band":2,"off":[1.7,1.1]}},{"type":"Feature","geometry":{"type":"Point","coordinates":[8.539035,47.316957]},"properties":{"name":"Kilchberg ZH, Neuweid","band":2,"modes":"bus","arr":["161"],"off":[0,-0.8]}},{"type":"Feature","geometry":{"type":"Point","coordinates":[8.539035,47.316957]},"properties":{"line":"161","mode":"bus","color":"#0059a9","colorDark":"#00294f","band":2,"off":[0,1.1]}},{"type":"Feature","geometry":{"type":"Point","coordinates":[8.535262,47.321866]},"properties":{"name":"Kilchberg ZH, Asp","band":2,"modes":"bus","arr":["162"],"off":[0,-0.8]}},{"type":"Feature","geometry":{"type":"Point","coordinates":[8.535262,47.321866]},"properties":{"line":"162","mode":"bus","color":"#0059a9","colorDark":"#00294f","band":2,"off":[0,1.1]}},{"type":"Feature","geometry":{"type":"Point","coordinates":[8.548151,47.324656]},"properties":{"name":"Kilchberg ZH, Bahnhof","band":2,"modes":"bus","arr":["162","163"],"off":[0,-0.8]}},{"type":"Feature","geometry":{"type":"Point","coordinates":[8.548151,47.324656]},"properties":{"line":"162","mode":"bus","color":"#0059a9","colorDark":"#00294f","band":2,"off":[-1.7,1.1]}},{"type":"Feature","geometry":{"type":"Point","coordinates":[8.548151,47.324656]},"properties":{"line":"163","mode":"bus","color":"#0059a9","colorDark":"#00294f","band":2,"off":[1.7,1.1]}},{"type":"Feature","geometry":{"type":"Point","coordinates":[8.548877,47.301407]},"properties":{"name":"Rüschlikon, Park im Grüene","band":2,"modes":"bus","arr":["165"],"off":[0,-0.8]}},{"type":"Feature","geometry":{"type":"Point","coordinates":[8.548877,47.301407]},"properties":{"line":"165","mode":"bus","color":"#0059a9","colorDark":"#00294f","band":2,"off":[0,1.1]}},{"type":"Feature","geometry":{"type":"Point","coordinates":[8.446721,47.276736]},"properties":{"name":"Affoltern a.A., Bahnhof C","band":2,"modes":"bus","arr":["200","214","215","223","225","N24"],"off":[0,-0.8]}},{"type":"Feature","geometry":{"type":"Point","coordinates":[8.446721,47.276736]},"properties":{"name":"Affoltern a.A., Bahnhof B","band":2,"modes":"bus","arr":["200","214","215","223","225","N24"],"off":[0,-3]}},{"type":"Feature","geometry":{"type":"Point","coordinates":[8.446721,47.276736]},"properties":{"name":"Affoltern a.A., Bahnhof A","band":2,"modes":"bus","arr":["200","214","215","223","225","N24"],"off":[0,-5.2]}},{"type":"Feature","geometry":{"type":"Point","coordinates":[8.446721,47.276736]},"properties":{"line":"200","mode":"bus","color":"#0059a9","colorDark":"#00294f","band":2,"off":[-6.8,1.1]}},{"type":"Feature","geometry":{"type":"Point","coordinates":[8.446721,47.276736]},"properties":{"line":"214","mode":"bus","color":"#0059a9","colorDark":"#00294f","band":2,"off":[-3.4,1.1]}},{"type":"Feature","geometry":{"type":"Point","coordinates":[8.446721,47.276736]},"properties":{"line":"215","mode":"bus","color":"#0059a9","colorDark":"#00294f","band":2,"off":[0,1.1]}},{"type":"Feature","geometry":{"type":"Point","coordinates":[8.446721,47.276736]},"properties":{"line":"223","mode":"bus","color":"#0059a9","colorDark":"#00294f","band":2,"off":[3.4,1.1]}},{"type":"Feature","geometry":{"type":"Point","coordinates":[8.446721,47.276736]},"properties":{"line":"225","mode":"bus","color":"#0059a9","colorDark":"#00294f","band":2,"off":[6.8,1.1]}},{"type":"Feature","geometry":{"type":"Point","coordinates":[8.446721,47.276736]},"properties":{"line":"N24","mode":"bus","color":"#000000","colorDark":"#000000","band":2,"off":[0,3.1]}},{"type":"Feature","geometry":{"type":"Point","coordinates":[8.463515,47.317135]},"properties":{"name":"Bonstetten, Dorfstrasse","band":2,"modes":"bus","arr":["228"],"off":[0,-0.8]}},{"type":"Feature","geometry":{"type":"Point","coordinates":[8.463515,47.317135]},"properties":{"line":"228","mode":"bus","color":"#0059a9","colorDark":"#00294f","band":2,"off":[0,1.1]}},{"type":"Feature","geometry":{"type":"Point","coordinates":[8.465263,47.366327]},"properties":{"name":"Uitikon Waldegg, Bahnhof","band":2,"modes":"bus","arr":["201"],"off":[0,-0.8]}},{"type":"Feature","geometry":{"type":"Point","coordinates":[8.465263,47.366327]},"properties":{"line":"201","mode":"bus","color":"#0059a9","colorDark":"#00294f","band":2,"off":[0,1.1]}},{"type":"Feature","geometry":{"type":"Point","coordinates":[8.448757,47.397601]},"properties":{"name":"Schlieren, Zentrum/Bahnhof","band":2,"modes":"bus","arr":["201","307","317","EV2","N30","N36"],"off":[0,-0.8]}},{"type":"Feature","geometry":{"type":"Point","coordinates":[8.448757,47.397601]},"properties":{"line":"201","mode":"bus","color":"#0059a9","colorDark":"#00294f","band":2,"off":[-6.8,1.1]}},{"type":"Feature","geometry":{"type":"Point","coordinates":[8.448757,47.397601]},"properties":{"line":"307","mode":"bus","color":"#0059a9","colorDark":"#00294f","band":2,"off":[-3.4,1.1]}},{"type":"Feature","geometry":{"type":"Point","coordinates":[8.448757,47.397601]},"properties":{"line":"317","mode":"bus","color":"#0059a9","colorDark":"#00294f","band":2,"off":[0,1.1]}},{"type":"Feature","geometry":{"type":"Point","coordinates":[8.448757,47.397601]},"properties":{"line":"EV2","mode":"bus","color":"#0059a9","colorDark":"#00294f","band":2,"off":[3.4,1.1]}},{"type":"Feature","geometry":{"type":"Point","coordinates":[8.448757,47.397601]},"properties":{"line":"N30","mode":"bus","color":"#000000","colorDark":"#000000","band":2,"off":[6.8,1.1]}},{"type":"Feature","geometry":{"type":"Point","coordinates":[8.448757,47.397601]},"properties":{"line":"N36","mode":"bus","color":"#000000","colorDark":"#000000","band":2,"off":[0,3.1]}},{"type":"Feature","geometry":{"type":"Point","coordinates":[8.454475,47.370444]},"properties":{"name":"Uitikon, Dorf","band":2,"modes":"bus","arr":["N14"],"off":[0,-0.8]}},{"type":"Feature","geometry":{"type":"Point","coordinates":[8.454475,47.370444]},"properties":{"line":"N14","mode":"bus","color":"#000000","colorDark":"#000000","band":2,"off":[0,1.1]}},{"type":"Feature","geometry":{"type":"Point","coordinates":[8.468452,47.326342]},"properties":{"name":"Bonstetten-Wettswil, Bahnhof D","band":2,"modes":"bus","arr":["205","220","221","227","228","229","EV2","N23"],"off":[0,-0.8]}},{"type":"Feature","geometry":{"type":"Point","coordinates":[8.468452,47.326342]},"properties":{"name":"Bonstetten-Wettswil, Bahnhof A","band":2,"modes":"bus","arr":["205","220","221","227","228","229","EV2","N23"],"off":[0,-3]}},{"type":"Feature","geometry":{"type":"Point","coordinates":[8.468452,47.326342]},"properties":{"line":"205","mode":"bus","color":"#0059a9","colorDark":"#00294f","band":2,"off":[-6.8,1.1]}},{"type":"Feature","geometry":{"type":"Point","coordinates":[8.468452,47.326342]},"properties":{"line":"220","mode":"bus","color":"#0059a9","colorDark":"#00294f","band":2,"off":[-3.4,1.1]}},{"type":"Feature","geometry":{"type":"Point","coordinates":[8.468452,47.326342]},"properties":{"line":"221","mode":"bus","color":"#0059a9","colorDark":"#00294f","band":2,"off":[0,1.1]}},{"type":"Feature","geometry":{"type":"Point","coordinates":[8.468452,47.326342]},"properties":{"line":"227","mode":"bus","color":"#0059a9","colorDark":"#00294f","band":2,"off":[3.4,1.1]}},{"type":"Feature","geometry":{"type":"Point","coordinates":[8.468452,47.326342]},"properties":{"line":"228","mode":"bus","color":"#0059a9","colorDark":"#00294f","band":2,"off":[6.8,1.1]}},{"type":"Feature","geometry":{"type":"Point","coordinates":[8.468452,47.326342]},"properties":{"line":"229","mode":"bus","color":"#0059a9","colorDark":"#00294f","band":2,"off":[-3.4,3.1]}},{"type":"Feature","geometry":{"type":"Point","coordinates":[8.468452,47.326342]},"properties":{"line":"EV2","mode":"bus","color":"#0059a9","colorDark":"#00294f","band":2,"off":[0,3.1]}},{"type":"Feature","geometry":{"type":"Point","coordinates":[8.468452,47.326342]},"properties":{"line":"N23","mode":"bus","color":"#000000","colorDark":"#000000","band":2,"off":[3.4,3.1]}},{"type":"Feature","geometry":{"type":"Point","coordinates":[8.424853,47.320359]},"properties":{"name":"Arni AG, Stockacker C","band":2,"modes":"bus","arr":["205"],"off":[0,-0.8]}},{"type":"Feature","geometry":{"type":"Point","coordinates":[8.424853,47.320359]},"properties":{"line":"205","mode":"bus","color":"#0059a9","colorDark":"#00294f","band":2,"off":[0,1.1]}},{"type":"Feature","geometry":{"type":"Point","coordinates":[8.46741,47.315003]},"properties":{"name":"Bonstetten, Dorfplatz","band":2,"modes":"bus","arr":["210","228"],"off":[0,-0.8]}},{"type":"Feature","geometry":{"type":"Point","coordinates":[8.46741,47.315003]},"properties":{"line":"210","mode":"bus","color":"#0059a9","colorDark":"#00294f","band":2,"off":[-1.7,1.1]}},{"type":"Feature","geometry":{"type":"Point","coordinates":[8.46741,47.315003]},"properties":{"line":"228","mode":"bus","color":"#0059a9","colorDark":"#00294f","band":2,"off":[1.7,1.1]}},{"type":"Feature","geometry":{"type":"Point","coordinates":[8.40505,47.281506]},"properties":{"name":"Ottenbach, Engelwiese","band":2,"modes":"bus","arr":["214"],"off":[0,-0.8]}},{"type":"Feature","geometry":{"type":"Point","coordinates":[8.40505,47.281506]},"properties":{"line":"214","mode":"bus","color":"#0059a9","colorDark":"#00294f","band":2,"off":[0,1.1]}},{"type":"Feature","geometry":{"type":"Point","coordinates":[8.466962,47.345371]},"properties":{"name":"Wettswil a.A., Heidenchilen","band":2,"modes":"bus","arr":["229"],"off":[0,-0.8]}},{"type":"Feature","geometry":{"type":"Point","coordinates":[8.466962,47.345371]},"properties":{"line":"229","mode":"bus","color":"#0059a9","colorDark":"#00294f","band":2,"off":[0,1.1]}},{"type":"Feature","geometry":{"type":"Point","coordinates":[8.446372,47.274919]},"properties":{"name":"Affoltern am Albis","band":2,"modes":"bus,metro","arr":["223","225","S14"],"off":[0,-0.8]}},{"type":"Feature","geometry":{"type":"Point","coordinates":[8.446372,47.274919]},"properties":{"name":"Affoltern a.A., Bahnhof D","band":2,"modes":"bus,metro","arr":["223","225","S14"],"off":[0,-1.9]}},{"type":"Feature","geometry":{"type":"Point","coordinates":[8.446372,47.274919]},"properties":{"line":"223","mode":"bus","color":"#0059a9","colorDark":"#00294f","band":2,"off":[-3.4,1.1]}},{"type":"Feature","geometry":{"type":"Point","coordinates":[8.446372,47.274919]},"properties":{"line":"225","mode":"bus","color":"#0059a9","colorDark":"#00294f","band":2,"off":[0,1.1]}},{"type":"Feature","geometry":{"type":"Point","coordinates":[8.446372,47.274919]},"properties":{"line":"S14","mode":"tram","color":"#0A4595","colorDark":"#062652","band":2,"metro":1,"off":[3.4,1.1]}},{"type":"Feature","geometry":{"type":"Point","coordinates":[8.490834,47.266261]},"properties":{"name":"Aeugst a.A., Grossacher","band":2,"modes":"bus","arr":["225","235"],"off":[0,-0.8]}},{"type":"Feature","geometry":{"type":"Point","coordinates":[8.490834,47.266261]},"properties":{"line":"225","mode":"bus","color":"#0059a9","colorDark":"#00294f","band":2,"off":[-1.7,1.1]}},{"type":"Feature","geometry":{"type":"Point","coordinates":[8.490834,47.266261]},"properties":{"line":"235","mode":"bus","color":"#0059a9","colorDark":"#00294f","band":2,"off":[1.7,1.1]}},{"type":"Feature","geometry":{"type":"Point","coordinates":[8.439635,47.356946]},"properties":{"name":"Birmensdorf ZH, Bahnhof D","band":2,"modes":"bus","arr":["227","314"],"off":[0,-0.8]}},{"type":"Feature","geometry":{"type":"Point","coordinates":[8.439635,47.356946]},"properties":{"name":"Birmensdorf ZH, Bahnhof B","band":2,"modes":"bus","arr":["227","314"],"off":[0,-3]}},{"type":"Feature","geometry":{"type":"Point","coordinates":[8.439635,47.356946]},"properties":{"name":"Birmensdorf ZH, Bahnhof A","band":2,"modes":"bus","arr":["227","314"],"off":[0,-5.2]}},{"type":"Feature","geometry":{"type":"Point","coordinates":[8.439635,47.356946]},"properties":{"line":"227","mode":"bus","color":"#0059a9","colorDark":"#00294f","band":2,"off":[-1.7,1.1]}},{"type":"Feature","geometry":{"type":"Point","coordinates":[8.439635,47.356946]},"properties":{"line":"314","mode":"bus","color":"#0059a9","colorDark":"#00294f","band":2,"off":[1.7,1.1]}},{"type":"Feature","geometry":{"type":"Point","coordinates":[8.48592,47.302158]},"properties":{"name":"Stallikon, Aumüli","band":2,"modes":"bus","arr":["N23"],"off":[0,-0.8]}},{"type":"Feature","geometry":{"type":"Point","coordinates":[8.48592,47.302158]},"properties":{"line":"N23","mode":"bus","color":"#000000","colorDark":"#000000","band":2,"off":[0,1.1]}},{"type":"Feature","geometry":{"type":"Point","coordinates":[8.565212,47.295888]},"properties":{"name":"Thalwil, Bahnhof C","band":2,"modes":"bus","arr":["240"],"off":[0,-0.8]}},{"type":"Feature","geometry":{"type":"Point","coordinates":[8.565212,47.295888]},"properties":{"line":"240","mode":"bus","color":"#0059a9","colorDark":"#00294f","band":2,"off":[0,1.1]}},{"type":"Feature","geometry":{"type":"Point","coordinates":[8.409447,47.42145]},"properties":{"name":"Geroldswil, Zentrum","band":2,"modes":"bus","arr":["301","302","309","N30"],"off":[0,-0.8]}},{"type":"Feature","geometry":{"type":"Point","coordinates":[8.409447,47.42145]},"properties":{"line":"301","mode":"bus","color":"#0059a9","colorDark":"#00294f","band":2,"off":[-5.1,1.1]}},{"type":"Feature","geometry":{"type":"Point","coordinates":[8.409447,47.42145]},"properties":{"line":"302","mode":"bus","color":"#0059a9","colorDark":"#00294f","band":2,"off":[-1.7,1.1]}},{"type":"Feature","geometry":{"type":"Point","coordinates":[8.409447,47.42145]},"properties":{"line":"309","mode":"bus","color":"#0059a9","colorDark":"#00294f","band":2,"off":[1.7,1.1]}},{"type":"Feature","geometry":{"type":"Point","coordinates":[8.409447,47.42145]},"properties":{"line":"N30","mode":"bus","color":"#000000","colorDark":"#000000","band":2,"off":[5.1,1.1]}},{"type":"Feature","geometry":{"type":"Point","coordinates":[8.404385,47.406822]},"properties":{"name":"Dietikon, Bahnhof G","band":2,"modes":"bus","arr":["301","305","314","N34","N36"],"off":[0,-0.8]}},{"type":"Feature","geometry":{"type":"Point","coordinates":[8.404385,47.406822]},"properties":{"name":"Dietikon, Bahnhof C","band":2,"modes":"bus","arr":["301","305","314","N34","N36"],"off":[0,-3]}},{"type":"Feature","geometry":{"type":"Point","coordinates":[8.404385,47.406822]},"properties":{"name":"Dietikon, Bahnhof B","band":2,"modes":"bus","arr":["301","305","314","N34","N36"],"off":[0,-5.2]}},{"type":"Feature","geometry":{"type":"Point","coordinates":[8.404385,47.406822]},"properties":{"line":"301","mode":"bus","color":"#0059a9","colorDark":"#00294f","band":2,"off":[-6.8,1.1]}},{"type":"Feature","geometry":{"type":"Point","coordinates":[8.404385,47.406822]},"properties":{"line":"305","mode":"bus","color":"#0059a9","colorDark":"#00294f","band":2,"off":[-3.4,1.1]}},{"type":"Feature","geometry":{"type":"Point","coordinates":[8.404385,47.406822]},"properties":{"line":"314","mode":"bus","color":"#0059a9","colorDark":"#00294f","band":2,"off":[0,1.1]}},{"type":"Feature","geometry":{"type":"Point","coordinates":[8.404385,47.406822]},"properties":{"line":"N34","mode":"bus","color":"#000000","colorDark":"#000000","band":2,"off":[3.4,1.1]}},{"type":"Feature","geometry":{"type":"Point","coordinates":[8.404385,47.406822]},"properties":{"line":"N36","mode":"bus","color":"#000000","colorDark":"#000000","band":2,"off":[6.8,1.1]}},{"type":"Feature","geometry":{"type":"Point","coordinates":[8.448564,47.399461]},"properties":{"name":"Schlieren, Bahnhof","band":2,"modes":"bus","arr":["N34"],"off":[0,-0.8]}},{"type":"Feature","geometry":{"type":"Point","coordinates":[8.448564,47.399461]},"properties":{"line":"N34","mode":"bus","color":"#000000","colorDark":"#000000","band":2,"off":[0,1.1]}},{"type":"Feature","geometry":{"type":"Point","coordinates":[8.429723,47.38016]},"properties":{"name":"Urdorf Weihermatt, Bahnhof","band":2,"modes":"bus","arr":["302"],"off":[0,-0.8]}},{"type":"Feature","geometry":{"type":"Point","coordinates":[8.429723,47.38016]},"properties":{"line":"302","mode":"bus","color":"#0059a9","colorDark":"#00294f","band":2,"off":[0,1.1]}},{"type":"Feature","geometry":{"type":"Point","coordinates":[8.376038,47.394098]},"properties":{"name":"Kindhausen AG","band":2,"modes":"bus","arr":["305","315"],"off":[0,-0.8]}},{"type":"Feature","geometry":{"type":"Point","coordinates":[8.376038,47.394098]},"properties":{"line":"305","mode":"bus","color":"#0059a9","colorDark":"#00294f","band":2,"off":[-1.7,1.1]}},{"type":"Feature","geometry":{"type":"Point","coordinates":[8.376038,47.394098]},"properties":{"line":"315","mode":"bus","color":"#0059a9","colorDark":"#00294f","band":2,"off":[1.7,1.1]}},{"type":"Feature","geometry":{"type":"Point","coordinates":[8.404357,47.405223]},"properties":{"name":"Dietikon, Bahnhof F","band":2,"modes":"bus","arr":["306","309","325"],"off":[0,-0.8]}},{"type":"Feature","geometry":{"type":"Point","coordinates":[8.404357,47.405223]},"properties":{"name":"Dietikon, Bahnhof D","band":2,"modes":"bus","arr":["306","309","325"],"off":[0,-3]}},{"type":"Feature","geometry":{"type":"Point","coordinates":[8.404357,47.405223]},"properties":{"line":"306","mode":"bus","color":"#0059a9","colorDark":"#00294f","band":2,"off":[-3.4,1.1]}},{"type":"Feature","geometry":{"type":"Point","coordinates":[8.404357,47.405223]},"properties":{"line":"309","mode":"bus","color":"#0059a9","colorDark":"#00294f","band":2,"off":[0,1.1]}},{"type":"Feature","geometry":{"type":"Point","coordinates":[8.404357,47.405223]},"properties":{"line":"325","mode":"bus","color":"#0059a9","colorDark":"#00294f","band":2,"off":[3.4,1.1]}},{"type":"Feature","geometry":{"type":"Point","coordinates":[8.390279,47.405558]},"properties":{"name":"Dietikon, Stadthalle Ost","band":2,"modes":"bus","arr":["306"],"off":[0,-0.8]}},{"type":"Feature","geometry":{"type":"Point","coordinates":[8.390279,47.405558]},"properties":{"line":"306","mode":"bus","color":"#0059a9","colorDark":"#00294f","band":2,"off":[0,1.1]}},{"type":"Feature","geometry":{"type":"Point","coordinates":[8.394386,47.427666]},"properties":{"name":"Oetwil an der Limmat, Zentrum","band":2,"modes":"bus","arr":["N34"],"off":[0,-0.8]}},{"type":"Feature","geometry":{"type":"Point","coordinates":[8.394386,47.427666]},"properties":{"line":"N34","mode":"bus","color":"#000000","colorDark":"#000000","band":2,"off":[0,1.1]}},{"type":"Feature","geometry":{"type":"Point","coordinates":[8.42283,47.377758]},"properties":{"name":"Urdorf, Oberurdorf","band":2,"modes":"bus","arr":["317"],"off":[0,-0.8]}},{"type":"Feature","geometry":{"type":"Point","coordinates":[8.42283,47.377758]},"properties":{"line":"317","mode":"bus","color":"#0059a9","colorDark":"#00294f","band":2,"off":[0,1.1]}},{"type":"Feature","geometry":{"type":"Point","coordinates":[8.362951,47.420837]},"properties":{"name":"Spreitenbach, Glattler","band":2,"modes":"bus","arr":["315"],"off":[0,-0.8]}},{"type":"Feature","geometry":{"type":"Point","coordinates":[8.362951,47.420837]},"properties":{"line":"315","mode":"bus","color":"#0059a9","colorDark":"#00294f","band":2,"off":[0,1.1]}},{"type":"Feature","geometry":{"type":"Point","coordinates":[8.381485,47.402031]},"properties":{"name":"Dietikon, Weinberg","band":2,"modes":"bus","arr":["325"],"off":[0,-0.8]}},{"type":"Feature","geometry":{"type":"Point","coordinates":[8.381485,47.402031]},"properties":{"line":"325","mode":"bus","color":"#0059a9","colorDark":"#00294f","band":2,"off":[0,1.1]}},{"type":"Feature","geometry":{"type":"Point","coordinates":[8.438642,47.440022]},"properties":{"name":"Dällikon, Dorf","band":2,"modes":"bus","arr":["449"],"off":[0,-0.8]}},{"type":"Feature","geometry":{"type":"Point","coordinates":[8.438642,47.440022]},"properties":{"line":"449","mode":"bus","color":"#0059a9","colorDark":"#00294f","band":2,"off":[0,1.1]}},{"type":"Feature","geometry":{"type":"Point","coordinates":[8.437496,47.453047]},"properties":{"name":"Buchs-Dällikon, Bahnhof","band":2,"modes":"bus","arr":["449","455"],"off":[0,-0.8]}},{"type":"Feature","geometry":{"type":"Point","coordinates":[8.437496,47.453047]},"properties":{"line":"449","mode":"bus","color":"#0059a9","colorDark":"#00294f","band":2,"off":[-1.7,1.1]}},{"type":"Feature","geometry":{"type":"Point","coordinates":[8.437496,47.453047]},"properties":{"line":"455","mode":"bus","color":"#0059a9","colorDark":"#00294f","band":2,"off":[1.7,1.1]}},{"type":"Feature","geometry":{"type":"Point","coordinates":[8.407196,47.46874]},"properties":{"name":"Boppelsen, Hand","band":2,"modes":"bus","arr":["450","N45"],"off":[0,-0.8]}},{"type":"Feature","geometry":{"type":"Point","coordinates":[8.407196,47.46874]},"properties":{"line":"450","mode":"bus","color":"#0059a9","colorDark":"#00294f","band":2,"off":[-1.7,1.1]}},{"type":"Feature","geometry":{"type":"Point","coordinates":[8.407196,47.46874]},"properties":{"line":"N45","mode":"bus","color":"#000000","colorDark":"#000000","band":2,"off":[1.7,1.1]}},{"type":"Feature","geometry":{"type":"Point","coordinates":[8.388315,47.455183]},"properties":{"name":"Otelfingen, Bahnhof","band":2,"modes":"bus","arr":["450"],"off":[0,-0.8]}},{"type":"Feature","geometry":{"type":"Point","coordinates":[8.388315,47.455183]},"properties":{"line":"450","mode":"bus","color":"#0059a9","colorDark":"#00294f","band":2,"off":[0,1.1]}},{"type":"Feature","geometry":{"type":"Point","coordinates":[8.386675,47.459504]},"properties":{"name":"Otelfingen, Landstrasse","band":2,"modes":"bus","arr":["N45"],"off":[0,-0.8]}},{"type":"Feature","geometry":{"type":"Point","coordinates":[8.386675,47.459504]},"properties":{"line":"N45","mode":"bus","color":"#000000","colorDark":"#000000","band":2,"off":[0,1.1]}},{"type":"Feature","geometry":{"type":"Point","coordinates":[8.467062,47.452598]},"properties":{"name":"Adlikon b. R., Leematten","band":2,"modes":"bus","arr":["451"],"off":[0,-0.8]}},{"type":"Feature","geometry":{"type":"Point","coordinates":[8.467062,47.452598]},"properties":{"line":"451","mode":"bus","color":"#0059a9","colorDark":"#00294f","band":2,"off":[0,1.1]}},{"type":"Feature","geometry":{"type":"Point","coordinates":[8.466567,47.431834]},"properties":{"name":"Regensdorf, Zentrum","band":2,"modes":"bus","arr":["451","452","492"],"off":[0,-0.8]}},{"type":"Feature","geometry":{"type":"Point","coordinates":[8.466567,47.431834]},"properties":{"line":"451","mode":"bus","color":"#0059a9","colorDark":"#00294f","band":2,"off":[-3.4,1.1]}},{"type":"Feature","geometry":{"type":"Point","coordinates":[8.466567,47.431834]},"properties":{"line":"452","mode":"bus","color":"#0059a9","colorDark":"#00294f","band":2,"off":[0,1.1]}},{"type":"Feature","geometry":{"type":"Point","coordinates":[8.466567,47.431834]},"properties":{"line":"492","mode":"bus","color":"#0059a9","colorDark":"#00294f","band":2,"off":[3.4,1.1]}},{"type":"Feature","geometry":{"type":"Point","coordinates":[8.472209,47.43642]},"properties":{"name":"Regensdorf-Watt, Bahnhof D","band":2,"modes":"bus,metro","arr":["453","454","456","491","S6","S21","N45"],"off":[0,-0.8]}},{"type":"Feature","geometry":{"type":"Point","coordinates":[8.472209,47.43642]},"properties":{"name":"Regensdorf-Watt, Bahnhof C","band":2,"modes":"bus,metro","arr":["453","454","456","491","S6","S21","N45"],"off":[0,-3]}},{"type":"Feature","geometry":{"type":"Point","coordinates":[8.472209,47.43642]},"properties":{"name":"Regensdorf-Watt","band":2,"modes":"bus,metro","arr":["453","454","456","491","S6","S21","N45"],"off":[0,-5.2]}},{"type":"Feature","geometry":{"type":"Point","coordinates":[8.472209,47.43642]},"properties":{"line":"453","mode":"bus","color":"#0059a9","colorDark":"#00294f","band":2,"off":[-6.8,1.1]}},{"type":"Feature","geometry":{"type":"Point","coordinates":[8.472209,47.43642]},"properties":{"line":"454","mode":"bus","color":"#0059a9","colorDark":"#00294f","band":2,"off":[-3.4,1.1]}},{"type":"Feature","geometry":{"type":"Point","coordinates":[8.472209,47.43642]},"properties":{"line":"456","mode":"bus","color":"#0059a9","colorDark":"#00294f","band":2,"off":[0,1.1]}},{"type":"Feature","geometry":{"type":"Point","coordinates":[8.472209,47.43642]},"properties":{"line":"491","mode":"bus","color":"#0059a9","colorDark":"#00294f","band":2,"off":[3.4,1.1]}},{"type":"Feature","geometry":{"type":"Point","coordinates":[8.472209,47.43642]},"properties":{"line":"S6","mode":"tram","color":"#0A4595","colorDark":"#062652","band":2,"metro":1,"off":[6.8,1.1]}},{"type":"Feature","geometry":{"type":"Point","coordinates":[8.472209,47.43642]},"properties":{"line":"S21","mode":"tram","color":"#0A4595","colorDark":"#062652","band":2,"metro":1,"off":[-1.7,3.1]}},{"type":"Feature","geometry":{"type":"Point","coordinates":[8.472209,47.43642]},"properties":{"line":"N45","mode":"bus","color":"#000000","colorDark":"#000000","band":2,"off":[1.7,3.1]}},{"type":"Feature","geometry":{"type":"Point","coordinates":[8.456741,47.439887]},"properties":{"name":"Regensdorf, Moosächer","band":2,"modes":"bus","arr":["452"],"off":[0,-0.8]}},{"type":"Feature","geometry":{"type":"Point","coordinates":[8.456741,47.439887]},"properties":{"line":"452","mode":"bus","color":"#0059a9","colorDark":"#00294f","band":2,"off":[0,1.1]}},{"type":"Feature","geometry":{"type":"Point","coordinates":[8.459015,47.453195]},"properties":{"name":"Adlikon b. R., Sonnhalde West","band":2,"modes":"bus","arr":["453"],"off":[0,-0.8]}},{"type":"Feature","geometry":{"type":"Point","coordinates":[8.459015,47.453195]},"properties":{"line":"453","mode":"bus","color":"#0059a9","colorDark":"#00294f","band":2,"off":[0,1.1]}},{"type":"Feature","geometry":{"type":"Point","coordinates":[8.470325,47.438325]},"properties":{"name":"Regensdorf, Althard/Bahnhof","band":2,"modes":"bus","arr":["453"],"off":[0,-0.8]}},{"type":"Feature","geometry":{"type":"Point","coordinates":[8.470325,47.438325]},"properties":{"line":"453","mode":"bus","color":"#0059a9","colorDark":"#00294f","band":2,"off":[0,1.1]}},{"type":"Feature","geometry":{"type":"Point","coordinates":[8.458129,47.447311]},"properties":{"name":"Regensdorf, Allmend","band":2,"modes":"bus","arr":["454"],"off":[0,-0.8]}},{"type":"Feature","geometry":{"type":"Point","coordinates":[8.458129,47.447311]},"properties":{"line":"454","mode":"bus","color":"#0059a9","colorDark":"#00294f","band":2,"off":[0,1.1]}},{"type":"Feature","geometry":{"type":"Point","coordinates":[8.437582,47.456632]},"properties":{"name":"Buchs ZH, Post","band":2,"modes":"bus","arr":["455"],"off":[0,-0.8]}},{"type":"Feature","geometry":{"type":"Point","coordinates":[8.437582,47.456632]},"properties":{"line":"455","mode":"bus","color":"#0059a9","colorDark":"#00294f","band":2,"off":[0,1.1]}},{"type":"Feature","geometry":{"type":"Point","coordinates":[8.458959,47.482882]},"properties":{"name":"Dielsdorf, Bahnhof","band":2,"modes":"bus","arr":["456","593"],"off":[0,-0.8]}},{"type":"Feature","geometry":{"type":"Point","coordinates":[8.458959,47.482882]},"properties":{"line":"456","mode":"bus","color":"#0059a9","colorDark":"#00294f","band":2,"off":[-1.7,1.1]}},{"type":"Feature","geometry":{"type":"Point","coordinates":[8.458959,47.482882]},"properties":{"line":"593","mode":"bus","color":"#0059a9","colorDark":"#00294f","band":2,"off":[1.7,1.1]}},{"type":"Feature","geometry":{"type":"Point","coordinates":[8.440491,47.458477]},"properties":{"name":"Buchs ZH, Linde","band":2,"modes":"bus","arr":["485"],"off":[0,-0.8]}},{"type":"Feature","geometry":{"type":"Point","coordinates":[8.440491,47.458477]},"properties":{"line":"485","mode":"bus","color":"#0059a9","colorDark":"#00294f","band":2,"off":[0,1.1]}},{"type":"Feature","geometry":{"type":"Point","coordinates":[8.481594,47.40552]},"properties":{"name":"Frankental","band":2,"modes":"tram,bus","arr":["50","485"],"off":[0,-0.8]}},{"type":"Feature","geometry":{"type":"Point","coordinates":[8.481594,47.40552]},"properties":{"line":"50","mode":"tram","color":"#d6212b","colorDark":"#7c1116","band":2,"off":[-1.7,1.1]}},{"type":"Feature","geometry":{"type":"Point","coordinates":[8.481594,47.40552]},"properties":{"line":"485","mode":"bus","color":"#0059a9","colorDark":"#00294f","band":2,"off":[1.7,1.1]}},{"type":"Feature","geometry":{"type":"Point","coordinates":[8.403522,47.469985]},"properties":{"name":"Boppelsen, Dorf","band":2,"modes":"bus","arr":["485"],"off":[0,-0.8]}},{"type":"Feature","geometry":{"type":"Point","coordinates":[8.403522,47.469985]},"properties":{"line":"485","mode":"bus","color":"#0059a9","colorDark":"#00294f","band":2,"off":[0,1.1]}},{"type":"Feature","geometry":{"type":"Point","coordinates":[8.386887,47.446101]},"properties":{"name":"Hüttikon","band":2,"modes":"bus","arr":["491"],"off":[0,-0.8]}},{"type":"Feature","geometry":{"type":"Point","coordinates":[8.386887,47.446101]},"properties":{"line":"491","mode":"bus","color":"#0059a9","colorDark":"#00294f","band":2,"off":[0,1.1]}},{"type":"Feature","geometry":{"type":"Point","coordinates":[8.537892,47.522817]},"properties":{"name":"Bülach, Bahnhof D","band":2,"modes":"bus","arr":["504","525","530","531"],"off":[0,-0.8]}},{"type":"Feature","geometry":{"type":"Point","coordinates":[8.537892,47.522817]},"properties":{"name":"Bülach, Bahnhof C","band":2,"modes":"bus","arr":["504","525","530","531"],"off":[0,-1.9]}},{"type":"Feature","geometry":{"type":"Point","coordinates":[8.537892,47.522817]},"properties":{"name":"Bülach, Bahnhof B","band":2,"modes":"bus","arr":["504","525","530","531"],"off":[0,-3]}},{"type":"Feature","geometry":{"type":"Point","coordinates":[8.537892,47.522817]},"properties":{"line":"504","mode":"bus","color":"#0059a9","colorDark":"#00294f","band":2,"off":[-5.1,1.1]}},{"type":"Feature","geometry":{"type":"Point","coordinates":[8.537892,47.522817]},"properties":{"line":"525","mode":"bus","color":"#0059a9","colorDark":"#00294f","band":2,"off":[-1.7,1.1]}},{"type":"Feature","geometry":{"type":"Point","coordinates":[8.537892,47.522817]},"properties":{"line":"530","mode":"bus","color":"#0059a9","colorDark":"#00294f","band":2,"off":[1.7,1.1]}},{"type":"Feature","geometry":{"type":"Point","coordinates":[8.537892,47.522817]},"properties":{"line":"531","mode":"bus","color":"#0059a9","colorDark":"#00294f","band":2,"off":[5.1,1.1]}},{"type":"Feature","geometry":{"type":"Point","coordinates":[8.510701,47.47046]},"properties":{"name":"Oberglatt ZH, Bahnhof","band":2,"modes":"bus","arr":["504","525","N51"],"off":[0,-0.8]}},{"type":"Feature","geometry":{"type":"Point","coordinates":[8.510701,47.47046]},"properties":{"line":"504","mode":"bus","color":"#0059a9","colorDark":"#00294f","band":2,"off":[-3.4,1.1]}},{"type":"Feature","geometry":{"type":"Point","coordinates":[8.510701,47.47046]},"properties":{"line":"525","mode":"bus","color":"#0059a9","colorDark":"#00294f","band":2,"off":[0,1.1]}},{"type":"Feature","geometry":{"type":"Point","coordinates":[8.510701,47.47046]},"properties":{"line":"N51","mode":"bus","color":"#000000","colorDark":"#000000","band":2,"off":[3.4,1.1]}},{"type":"Feature","geometry":{"type":"Point","coordinates":[8.563863,47.446708]},"properties":{"name":"Zürich Flughafen, Bahnhof Q","band":2,"modes":"bus","arr":["510","520","521","524","530"],"off":[0,-0.8]}},{"type":"Feature","geometry":{"type":"Point","coordinates":[8.563863,47.446708]},"properties":{"name":"Zürich Flughafen, Bahnhof P","band":2,"modes":"bus","arr":["510","520","521","524","530"],"off":[0,-3]}},{"type":"Feature","geometry":{"type":"Point","coordinates":[8.563863,47.446708]},"properties":{"name":"Zürich Flughafen, Bahnhof N","band":2,"modes":"bus","arr":["510","520","521","524","530"],"off":[0,-5.2]}},{"type":"Feature","geometry":{"type":"Point","coordinates":[8.563863,47.446708]},"properties":{"line":"510","mode":"bus","color":"#0059a9","colorDark":"#00294f","band":2,"off":[-6.8,1.1]}},{"type":"Feature","geometry":{"type":"Point","coordinates":[8.563863,47.446708]},"properties":{"line":"520","mode":"bus","color":"#0059a9","colorDark":"#00294f","band":2,"off":[-3.4,1.1]}},{"type":"Feature","geometry":{"type":"Point","coordinates":[8.563863,47.446708]},"properties":{"line":"521","mode":"bus","color":"#0059a9","colorDark":"#00294f","band":2,"off":[0,1.1]}},{"type":"Feature","geometry":{"type":"Point","coordinates":[8.563863,47.446708]},"properties":{"line":"524","mode":"bus","color":"#0059a9","colorDark":"#00294f","band":2,"off":[3.4,1.1]}},{"type":"Feature","geometry":{"type":"Point","coordinates":[8.563863,47.446708]},"properties":{"line":"530","mode":"bus","color":"#0059a9","colorDark":"#00294f","band":2,"off":[6.8,1.1]}},{"type":"Feature","geometry":{"type":"Point","coordinates":[8.53259,47.453995]},"properties":{"name":"Rümlang, Bahnhof","band":2,"modes":"bus","arr":["742","797"],"off":[0,-0.8]}},{"type":"Feature","geometry":{"type":"Point","coordinates":[8.53259,47.453995]},"properties":{"line":"742","mode":"bus","color":"#0059a9","colorDark":"#00294f","band":2,"off":[-1.7,1.1]}},{"type":"Feature","geometry":{"type":"Point","coordinates":[8.53259,47.453995]},"properties":{"line":"797","mode":"bus","color":"#0059a9","colorDark":"#00294f","band":2,"off":[1.7,1.1]}},{"type":"Feature","geometry":{"type":"Point","coordinates":[8.586829,47.52041]},"properties":{"name":"Embrach-Rorbas, Bahnhof","band":2,"modes":"bus","arr":["520"],"off":[0,-0.8]}},{"type":"Feature","geometry":{"type":"Point","coordinates":[8.586829,47.52041]},"properties":{"line":"520","mode":"bus","color":"#0059a9","colorDark":"#00294f","band":2,"off":[0,1.1]}},{"type":"Feature","geometry":{"type":"Point","coordinates":[8.58077,47.530385]},"properties":{"name":"Freienstein, Alte Brücke","band":2,"modes":"bus","arr":["521","N52"],"off":[0,-0.8]}},{"type":"Feature","geometry":{"type":"Point","coordinates":[8.58077,47.530385]},"properties":{"line":"521","mode":"bus","color":"#0059a9","colorDark":"#00294f","band":2,"off":[-1.7,1.1]}},{"type":"Feature","geometry":{"type":"Point","coordinates":[8.58077,47.530385]},"properties":{"line":"N52","mode":"bus","color":"#000000","colorDark":"#000000","band":2,"off":[1.7,1.1]}},{"type":"Feature","geometry":{"type":"Point","coordinates":[8.593825,47.517758]},"properties":{"name":"Embrach, Embraport","band":2,"modes":"bus","arr":["N52"],"off":[0,-0.8]}},{"type":"Feature","geometry":{"type":"Point","coordinates":[8.593825,47.517758]},"properties":{"line":"N52","mode":"bus","color":"#000000","colorDark":"#000000","band":2,"off":[0,1.1]}},{"type":"Feature","geometry":{"type":"Point","coordinates":[8.619272,47.487104]},"properties":{"name":"Oberembrach, Dorf","band":2,"modes":"bus","arr":["524"],"off":[0,-0.8]}},{"type":"Feature","geometry":{"type":"Point","coordinates":[8.619272,47.487104]},"properties":{"line":"524","mode":"bus","color":"#0059a9","colorDark":"#00294f","band":2,"off":[0,1.1]}},{"type":"Feature","geometry":{"type":"Point","coordinates":[8.500385,47.503983]},"properties":{"name":"Höri, Oberhöri","band":2,"modes":"bus","arr":["N54"],"off":[0,-0.8]}},{"type":"Feature","geometry":{"type":"Point","coordinates":[8.500385,47.503983]},"properties":{"line":"N54","mode":"bus","color":"#000000","colorDark":"#000000","band":2,"off":[0,1.1]}},{"type":"Feature","geometry":{"type":"Point","coordinates":[8.563774,47.453409]},"properties":{"name":"Zürich Flughafen, Bahnhof O","band":2,"modes":"bus","arr":["530","531","731","732","734","736"],"off":[0,-0.8]}},{"type":"Feature","geometry":{"type":"Point","coordinates":[8.563774,47.453409]},"properties":{"name":"Zürich Flughafen, Bahnhof M","band":2,"modes":"bus","arr":["530","531","731","732","734","736"],"off":[0,-3]}},{"type":"Feature","geometry":{"type":"Point","coordinates":[8.563774,47.453409]},"properties":{"name":"Zürich Flughafen, Bahnhof E","band":2,"modes":"bus","arr":["530","531","731","732","734","736"],"off":[0,-5.2]}},{"type":"Feature","geometry":{"type":"Point","coordinates":[8.563774,47.453409]},"properties":{"line":"530","mode":"bus","color":"#0059a9","colorDark":"#00294f","band":2,"off":[-6.8,1.1]}},{"type":"Feature","geometry":{"type":"Point","coordinates":[8.563774,47.453409]},"properties":{"line":"531","mode":"bus","color":"#0059a9","colorDark":"#00294f","band":2,"off":[-3.4,1.1]}},{"type":"Feature","geometry":{"type":"Point","coordinates":[8.563774,47.453409]},"properties":{"line":"731","mode":"bus","color":"#0059a9","colorDark":"#00294f","band":2,"off":[0,1.1]}},{"type":"Feature","geometry":{"type":"Point","coordinates":[8.563774,47.453409]},"properties":{"line":"732","mode":"bus","color":"#0059a9","colorDark":"#00294f","band":2,"off":[3.4,1.1]}},{"type":"Feature","geometry":{"type":"Point","coordinates":[8.563774,47.453409]},"properties":{"line":"734","mode":"bus","color":"#0059a9","colorDark":"#00294f","band":2,"off":[6.8,1.1]}},{"type":"Feature","geometry":{"type":"Point","coordinates":[8.563774,47.453409]},"properties":{"line":"736","mode":"bus","color":"#0059a9","colorDark":"#00294f","band":2,"off":[0,3.1]}},{"type":"Feature","geometry":{"type":"Point","coordinates":[8.488479,47.478474]},"properties":{"name":"Niederhasli, Bahnhof","band":2,"modes":"bus","arr":["533","534"],"off":[0,-0.8]}},{"type":"Feature","geometry":{"type":"Point","coordinates":[8.488479,47.478474]},"properties":{"line":"533","mode":"bus","color":"#0059a9","colorDark":"#00294f","band":2,"off":[-1.7,1.1]}},{"type":"Feature","geometry":{"type":"Point","coordinates":[8.488479,47.478474]},"properties":{"line":"534","mode":"bus","color":"#0059a9","colorDark":"#00294f","band":2,"off":[1.7,1.1]}},{"type":"Feature","geometry":{"type":"Point","coordinates":[8.471525,47.465722]},"properties":{"name":"Niederhasli, Nassenwil","band":2,"modes":"bus","arr":["533"],"off":[0,-0.8]}},{"type":"Feature","geometry":{"type":"Point","coordinates":[8.471525,47.465722]},"properties":{"line":"533","mode":"bus","color":"#0059a9","colorDark":"#00294f","band":2,"off":[0,1.1]}},{"type":"Feature","geometry":{"type":"Point","coordinates":[8.490069,47.459133]},"properties":{"name":"Oberhasli, Industrie","band":2,"modes":"bus","arr":["534"],"off":[0,-0.8]}},{"type":"Feature","geometry":{"type":"Point","coordinates":[8.490069,47.459133]},"properties":{"line":"534","mode":"bus","color":"#0059a9","colorDark":"#00294f","band":2,"off":[0,1.1]}},{"type":"Feature","geometry":{"type":"Point","coordinates":[8.436245,47.482957]},"properties":{"name":"Regensberg, Dorf","band":2,"modes":"bus","arr":["593"],"off":[0,-0.8]}},{"type":"Feature","geometry":{"type":"Point","coordinates":[8.436245,47.482957]},"properties":{"line":"593","mode":"bus","color":"#0059a9","colorDark":"#00294f","band":2,"off":[0,1.1]}},{"type":"Feature","geometry":{"type":"Point","coordinates":[8.696216,47.454757]},"properties":{"name":"Winterberg ZH, Wältiwis","band":2,"modes":"bus","arr":["650","657"],"off":[0,-0.8]}},{"type":"Feature","geometry":{"type":"Point","coordinates":[8.696216,47.454757]},"properties":{"line":"650","mode":"bus","color":"#0059a9","colorDark":"#00294f","band":2,"off":[-1.7,1.1]}},{"type":"Feature","geometry":{"type":"Point","coordinates":[8.696216,47.454757]},"properties":{"line":"657","mode":"bus","color":"#0059a9","colorDark":"#00294f","band":2,"off":[1.7,1.1]}},{"type":"Feature","geometry":{"type":"Point","coordinates":[8.686252,47.424143]},"properties":{"name":"Effretikon, Bahnhof E","band":2,"modes":"bus","arr":["650","652","655","656","657","658","659","662"],"off":[0,-0.8]}},{"type":"Feature","geometry":{"type":"Point","coordinates":[8.686252,47.424143]},"properties":{"name":"Effretikon, Bahnhof D","band":2,"modes":"bus","arr":["650","652","655","656","657","658","659","662"],"off":[0,-3]}},{"type":"Feature","geometry":{"type":"Point","coordinates":[8.686252,47.424143]},"properties":{"name":"Effretikon, Bahnhof A","band":2,"modes":"bus","arr":["650","652","655","656","657","658","659","662"],"off":[0,-5.2]}},{"type":"Feature","geometry":{"type":"Point","coordinates":[8.686252,47.424143]},"properties":{"line":"650","mode":"bus","color":"#0059a9","colorDark":"#00294f","band":2,"off":[-6.8,1.1]}},{"type":"Feature","geometry":{"type":"Point","coordinates":[8.686252,47.424143]},"properties":{"line":"652","mode":"bus","color":"#0059a9","colorDark":"#00294f","band":2,"off":[-3.4,1.1]}},{"type":"Feature","geometry":{"type":"Point","coordinates":[8.686252,47.424143]},"properties":{"line":"655","mode":"bus","color":"#0059a9","colorDark":"#00294f","band":2,"off":[0,1.1]}},{"type":"Feature","geometry":{"type":"Point","coordinates":[8.686252,47.424143]},"properties":{"line":"656","mode":"bus","color":"#0059a9","colorDark":"#00294f","band":2,"off":[3.4,1.1]}},{"type":"Feature","geometry":{"type":"Point","coordinates":[8.686252,47.424143]},"properties":{"line":"657","mode":"bus","color":"#0059a9","colorDark":"#00294f","band":2,"off":[6.8,1.1]}},{"type":"Feature","geometry":{"type":"Point","coordinates":[8.686252,47.424143]},"properties":{"line":"658","mode":"bus","color":"#0059a9","colorDark":"#00294f","band":2,"off":[-3.4,3.1]}},{"type":"Feature","geometry":{"type":"Point","coordinates":[8.686252,47.424143]},"properties":{"line":"659","mode":"bus","color":"#0059a9","colorDark":"#00294f","band":2,"off":[0,3.1]}},{"type":"Feature","geometry":{"type":"Point","coordinates":[8.686252,47.424143]},"properties":{"line":"662","mode":"bus","color":"#0059a9","colorDark":"#00294f","band":2,"off":[3.4,3.1]}},{"type":"Feature","geometry":{"type":"Point","coordinates":[8.722896,47.40856]},"properties":{"name":"Illnau, Bahnhof","band":2,"modes":"bus","arr":["652"],"off":[0,-0.8]}},{"type":"Feature","geometry":{"type":"Point","coordinates":[8.722896,47.40856]},"properties":{"line":"652","mode":"bus","color":"#0059a9","colorDark":"#00294f","band":2,"off":[0,1.1]}},{"type":"Feature","geometry":{"type":"Point","coordinates":[8.744477,47.457194]},"properties":{"name":"Kyburg, Dorf","band":2,"modes":"bus","arr":["655"],"off":[0,-0.8]}},{"type":"Feature","geometry":{"type":"Point","coordinates":[8.744477,47.457194]},"properties":{"line":"655","mode":"bus","color":"#0059a9","colorDark":"#00294f","band":2,"off":[0,1.1]}},{"type":"Feature","geometry":{"type":"Point","coordinates":[8.700393,47.44215]},"properties":{"name":"Grafstal, Engelacher","band":2,"modes":"bus","arr":["N70"],"off":[0,-0.8]}},{"type":"Feature","geometry":{"type":"Point","coordinates":[8.700393,47.44215]},"properties":{"line":"N70","mode":"bus","color":"#000000","colorDark":"#000000","band":2,"off":[0,1.1]}},{"type":"Feature","geometry":{"type":"Point","coordinates":[8.660414,47.461181]},"properties":{"name":"Breite b. N., Winterthurerstr.","band":2,"modes":"bus","arr":["656","658","659","769"],"off":[0,-0.8]}},{"type":"Feature","geometry":{"type":"Point","coordinates":[8.660414,47.461181]},"properties":{"name":"Breite b. N., Sternen","band":2,"modes":"bus","arr":["656","658","659","769"],"off":[0,-3]}},{"type":"Feature","geometry":{"type":"Point","coordinates":[8.660414,47.461181]},"properties":{"line":"656","mode":"bus","color":"#0059a9","colorDark":"#00294f","band":2,"off":[-5.1,1.1]}},{"type":"Feature","geometry":{"type":"Point","coordinates":[8.660414,47.461181]},"properties":{"line":"658","mode":"bus","color":"#0059a9","colorDark":"#00294f","band":2,"off":[-1.7,1.1]}},{"type":"Feature","geometry":{"type":"Point","coordinates":[8.660414,47.461181]},"properties":{"line":"659","mode":"bus","color":"#0059a9","colorDark":"#00294f","band":2,"off":[1.7,1.1]}},{"type":"Feature","geometry":{"type":"Point","coordinates":[8.660414,47.461181]},"properties":{"line":"769","mode":"bus","color":"#0059a9","colorDark":"#00294f","band":2,"off":[5.1,1.1]}},{"type":"Feature","geometry":{"type":"Point","coordinates":[8.648218,47.4467]},"properties":{"name":"Nürensdorf, Zentrum","band":2,"modes":"bus","arr":["N78"],"off":[0,-0.8]}},{"type":"Feature","geometry":{"type":"Point","coordinates":[8.648218,47.4467]},"properties":{"line":"N78","mode":"bus","color":"#000000","colorDark":"#000000","band":2,"off":[0,1.1]}},{"type":"Feature","geometry":{"type":"Point","coordinates":[8.686533,47.426687]},"properties":{"name":"Effretikon, Bahnhof C","band":2,"modes":"bus,metro","arr":["658","662","720","S8","N62","N70"],"off":[0,-0.8]}},{"type":"Feature","geometry":{"type":"Point","coordinates":[8.686533,47.426687]},"properties":{"name":"Effretikon, Bahnhof B","band":2,"modes":"bus,metro","arr":["658","662","720","S8","N62","N70"],"off":[0,-3]}},{"type":"Feature","geometry":{"type":"Point","coordinates":[8.686533,47.426687]},"properties":{"name":"Effretikon","band":2,"modes":"bus,metro","arr":["658","662","720","S8","N62","N70"],"off":[0,-5.2]}},{"type":"Feature","geometry":{"type":"Point","coordinates":[8.686533,47.426687]},"properties":{"line":"658","mode":"bus","color":"#0059a9","colorDark":"#00294f","band":2,"off":[-6.8,1.1]}},{"type":"Feature","geometry":{"type":"Point","coordinates":[8.686533,47.426687]},"properties":{"line":"662","mode":"bus","color":"#0059a9","colorDark":"#00294f","band":2,"off":[-3.4,1.1]}},{"type":"Feature","geometry":{"type":"Point","coordinates":[8.686533,47.426687]},"properties":{"line":"720","mode":"bus","color":"#0059a9","colorDark":"#00294f","band":2,"off":[0,1.1]}},{"type":"Feature","geometry":{"type":"Point","coordinates":[8.686533,47.426687]},"properties":{"line":"S8","mode":"tram","color":"#0A4595","colorDark":"#062652","band":2,"metro":1,"off":[3.4,1.1]}},{"type":"Feature","geometry":{"type":"Point","coordinates":[8.686533,47.426687]},"properties":{"line":"N62","mode":"bus","color":"#000000","colorDark":"#000000","band":2,"off":[6.8,1.1]}},{"type":"Feature","geometry":{"type":"Point","coordinates":[8.686533,47.426687]},"properties":{"line":"N70","mode":"bus","color":"#000000","colorDark":"#000000","band":2,"off":[0,3.1]}},{"type":"Feature","geometry":{"type":"Point","coordinates":[8.723807,47.498465]},"properties":{"name":"Winterthur, Archstrasse/HB A","band":2,"modes":"bus","arr":["660"],"off":[0,-0.8]}},{"type":"Feature","geometry":{"type":"Point","coordinates":[8.723807,47.498465]},"properties":{"line":"660","mode":"bus","color":"#0059a9","colorDark":"#00294f","band":2,"off":[0,1.1]}},{"type":"Feature","geometry":{"type":"Point","coordinates":[8.682984,47.471385]},"properties":{"name":"Brütten, Harossen","band":2,"modes":"bus","arr":["662"],"off":[0,-0.8]}},{"type":"Feature","geometry":{"type":"Point","coordinates":[8.682984,47.471385]},"properties":{"line":"662","mode":"bus","color":"#0059a9","colorDark":"#00294f","band":2,"off":[0,1.1]}},{"type":"Feature","geometry":{"type":"Point","coordinates":[8.626488,47.438399]},"properties":{"name":"Bassersdorf, Bahnhof Süd","band":2,"modes":"bus,metro","arr":["660","749","766","769","SN7"],"off":[0,-0.8]}},{"type":"Feature","geometry":{"type":"Point","coordinates":[8.626488,47.438399]},"properties":{"name":"Bassersdorf, Bahnhof","band":2,"modes":"bus,metro","arr":["660","749","766","769","SN7"],"off":[0,-3]}},{"type":"Feature","geometry":{"type":"Point","coordinates":[8.626488,47.438399]},"properties":{"name":"Bassersdorf","band":2,"modes":"bus,metro","arr":["660","749","766","769","SN7"],"off":[0,-5.2]}},{"type":"Feature","geometry":{"type":"Point","coordinates":[8.626488,47.438399]},"properties":{"line":"660","mode":"bus","color":"#0059a9","colorDark":"#00294f","band":2,"off":[-6.8,1.1]}},{"type":"Feature","geometry":{"type":"Point","coordinates":[8.626488,47.438399]},"properties":{"line":"749","mode":"bus","color":"#0059a9","colorDark":"#00294f","band":2,"off":[-3.4,1.1]}},{"type":"Feature","geometry":{"type":"Point","coordinates":[8.626488,47.438399]},"properties":{"line":"766","mode":"bus","color":"#0059a9","colorDark":"#00294f","band":2,"off":[0,1.1]}},{"type":"Feature","geometry":{"type":"Point","coordinates":[8.626488,47.438399]},"properties":{"line":"769","mode":"bus","color":"#0059a9","colorDark":"#00294f","band":2,"off":[3.4,1.1]}},{"type":"Feature","geometry":{"type":"Point","coordinates":[8.626488,47.438399]},"properties":{"line":"SN7","mode":"tram","color":"#000000","colorDark":"#000000","band":2,"metro":1,"off":[6.8,1.1]}},{"type":"Feature","geometry":{"type":"Point","coordinates":[8.56648,47.363357]},"properties":{"name":"Klusplatz D","band":2,"modes":"tram,bus","arr":["3","701","703","704"],"off":[0,-0.8]}},{"type":"Feature","geometry":{"type":"Point","coordinates":[8.56648,47.363357]},"properties":{"name":"Klusplatz C","band":2,"modes":"tram,bus","arr":["3","701","703","704"],"off":[0,-1.9]}},{"type":"Feature","geometry":{"type":"Point","coordinates":[8.56648,47.363357]},"properties":{"name":"Klusplatz A","band":2,"modes":"tram,bus","arr":["3","701","703","704"],"off":[0,-3]}},{"type":"Feature","geometry":{"type":"Point","coordinates":[8.56648,47.363357]},"properties":{"line":"3","mode":"tram","color":"#d6212b","colorDark":"#7c1116","band":2,"off":[-5.1,1.1]}},{"type":"Feature","geometry":{"type":"Point","coordinates":[8.56648,47.363357]},"properties":{"line":"701","mode":"bus","color":"#0059a9","colorDark":"#00294f","band":2,"off":[-1.7,1.1]}},{"type":"Feature","geometry":{"type":"Point","coordinates":[8.56648,47.363357]},"properties":{"line":"703","mode":"bus","color":"#0059a9","colorDark":"#00294f","band":2,"off":[1.7,1.1]}},{"type":"Feature","geometry":{"type":"Point","coordinates":[8.56648,47.363357]},"properties":{"line":"704","mode":"bus","color":"#0059a9","colorDark":"#00294f","band":2,"off":[5.1,1.1]}},{"type":"Feature","geometry":{"type":"Point","coordinates":[8.677969,47.33993]},"properties":{"name":"Maur, See","band":2,"modes":"bus","arr":["701","743","N71"],"off":[0,-0.8]}},{"type":"Feature","geometry":{"type":"Point","coordinates":[8.677969,47.33993]},"properties":{"line":"701","mode":"bus","color":"#0059a9","colorDark":"#00294f","band":2,"off":[-3.4,1.1]}},{"type":"Feature","geometry":{"type":"Point","coordinates":[8.677969,47.33993]},"properties":{"line":"743","mode":"bus","color":"#0059a9","colorDark":"#00294f","band":2,"off":[0,1.1]}},{"type":"Feature","geometry":{"type":"Point","coordinates":[8.677969,47.33993]},"properties":{"line":"N71","mode":"bus","color":"#000000","colorDark":"#000000","band":2,"off":[3.4,1.1]}},{"type":"Feature","geometry":{"type":"Point","coordinates":[8.668459,47.340316]},"properties":{"name":"Maur, Dorf","band":2,"modes":"bus","arr":["910"],"off":[0,-0.8]}},{"type":"Feature","geometry":{"type":"Point","coordinates":[8.668459,47.340316]},"properties":{"line":"910","mode":"bus","color":"#0059a9","colorDark":"#00294f","band":2,"off":[0,1.1]}},{"type":"Feature","geometry":{"type":"Point","coordinates":[8.638505,47.361201]},"properties":{"name":"Benglen, Bodenacher","band":2,"modes":"bus","arr":["703","705"],"off":[0,-0.8]}},{"type":"Feature","geometry":{"type":"Point","coordinates":[8.638505,47.361201]},"properties":{"line":"703","mode":"bus","color":"#0059a9","colorDark":"#00294f","band":2,"off":[-1.7,1.1]}},{"type":"Feature","geometry":{"type":"Point","coordinates":[8.638505,47.361201]},"properties":{"line":"705","mode":"bus","color":"#0059a9","colorDark":"#00294f","band":2,"off":[1.7,1.1]}},{"type":"Feature","geometry":{"type":"Point","coordinates":[8.659721,47.385205]},"properties":{"name":"Schwerzenbach ZH, Bahnhof E","band":2,"modes":"bus","arr":["704","705","706","720","N74"],"off":[0,-0.8]}},{"type":"Feature","geometry":{"type":"Point","coordinates":[8.659721,47.385205]},"properties":{"name":"Schwerzenbach ZH, Bahnhof D","band":2,"modes":"bus","arr":["704","705","706","720","N74"],"off":[0,-3]}},{"type":"Feature","geometry":{"type":"Point","coordinates":[8.659721,47.385205]},"properties":{"name":"Schwerzenbach ZH, Bahnhof B","band":2,"modes":"bus","arr":["704","705","706","720","N74"],"off":[0,-5.2]}},{"type":"Feature","geometry":{"type":"Point","coordinates":[8.659721,47.385205]},"properties":{"line":"704","mode":"bus","color":"#0059a9","colorDark":"#00294f","band":2,"off":[-6.8,1.1]}},{"type":"Feature","geometry":{"type":"Point","coordinates":[8.659721,47.385205]},"properties":{"line":"705","mode":"bus","color":"#0059a9","colorDark":"#00294f","band":2,"off":[-3.4,1.1]}},{"type":"Feature","geometry":{"type":"Point","coordinates":[8.659721,47.385205]},"properties":{"line":"706","mode":"bus","color":"#0059a9","colorDark":"#00294f","band":2,"off":[0,1.1]}},{"type":"Feature","geometry":{"type":"Point","coordinates":[8.659721,47.385205]},"properties":{"line":"720","mode":"bus","color":"#0059a9","colorDark":"#00294f","band":2,"off":[3.4,1.1]}},{"type":"Feature","geometry":{"type":"Point","coordinates":[8.659721,47.385205]},"properties":{"line":"N74","mode":"bus","color":"#000000","colorDark":"#000000","band":2,"off":[6.8,1.1]}},{"type":"Feature","geometry":{"type":"Point","coordinates":[8.647989,47.32499]},"properties":{"name":"Forch, Bahnhof","band":2,"modes":"bus","arr":["706","905"],"off":[0,-0.8]}},{"type":"Feature","geometry":{"type":"Point","coordinates":[8.647989,47.32499]},"properties":{"line":"706","mode":"bus","color":"#0059a9","colorDark":"#00294f","band":2,"off":[-1.7,1.1]}},{"type":"Feature","geometry":{"type":"Point","coordinates":[8.647989,47.32499]},"properties":{"line":"905","mode":"bus","color":"#0059a9","colorDark":"#00294f","band":2,"off":[1.7,1.1]}},{"type":"Feature","geometry":{"type":"Point","coordinates":[8.681435,47.395304]},"properties":{"name":"Volketswil, Eichstrasse","band":2,"modes":"bus","arr":["721"],"off":[0,-0.8]}},{"type":"Feature","geometry":{"type":"Point","coordinates":[8.681435,47.395304]},"properties":{"line":"721","mode":"bus","color":"#0059a9","colorDark":"#00294f","band":2,"off":[0,1.1]}},{"type":"Feature","geometry":{"type":"Point","coordinates":[8.659579,47.383058]},"properties":{"name":"Schwerzenbach ZH, Bahnhof F","band":2,"modes":"bus","arr":["721","725","726","727"],"off":[0,-0.8]}},{"type":"Feature","geometry":{"type":"Point","coordinates":[8.659579,47.383058]},"properties":{"name":"Schwerzenbach ZH, Bahnhof C","band":2,"modes":"bus","arr":["721","725","726","727"],"off":[0,-3]}},{"type":"Feature","geometry":{"type":"Point","coordinates":[8.659579,47.383058]},"properties":{"name":"Schwerzenbach ZH, Bahnhof A","band":2,"modes":"bus","arr":["721","725","726","727"],"off":[0,-5.2]}},{"type":"Feature","geometry":{"type":"Point","coordinates":[8.659579,47.383058]},"properties":{"line":"721","mode":"bus","color":"#0059a9","colorDark":"#00294f","band":2,"off":[-5.1,1.1]}},{"type":"Feature","geometry":{"type":"Point","coordinates":[8.659579,47.383058]},"properties":{"line":"725","mode":"bus","color":"#0059a9","colorDark":"#00294f","band":2,"off":[-1.7,1.1]}},{"type":"Feature","geometry":{"type":"Point","coordinates":[8.659579,47.383058]},"properties":{"line":"726","mode":"bus","color":"#0059a9","colorDark":"#00294f","band":2,"off":[1.7,1.1]}},{"type":"Feature","geometry":{"type":"Point","coordinates":[8.659579,47.383058]},"properties":{"line":"727","mode":"bus","color":"#0059a9","colorDark":"#00294f","band":2,"off":[5.1,1.1]}},{"type":"Feature","geometry":{"type":"Point","coordinates":[8.717385,47.351054]},"properties":{"name":"Uster, Bahnhof","band":2,"modes":"bus,metro","arr":["725","811","812","813","816","817","818","827","846","S9","N81","SN9"],"off":[0,-0.8]}},{"type":"Feature","geometry":{"type":"Point","coordinates":[8.717385,47.351054]},"properties":{"name":"Uster","band":2,"modes":"bus,metro","arr":["725","811","812","813","816","817","818","827","846","S9","N81","SN9"],"off":[0,-1.9]}},{"type":"Feature","geometry":{"type":"Point","coordinates":[8.717385,47.351054]},"properties":{"line":"725","mode":"bus","color":"#0059a9","colorDark":"#00294f","band":2,"off":[-6.8,1.1]}},{"type":"Feature","geometry":{"type":"Point","coordinates":[8.717385,47.351054]},"properties":{"line":"811","mode":"bus","color":"#0059a9","colorDark":"#00294f","band":2,"off":[-3.4,1.1]}},{"type":"Feature","geometry":{"type":"Point","coordinates":[8.717385,47.351054]},"properties":{"line":"812","mode":"bus","color":"#0059a9","colorDark":"#00294f","band":2,"off":[0,1.1]}},{"type":"Feature","geometry":{"type":"Point","coordinates":[8.717385,47.351054]},"properties":{"line":"813","mode":"bus","color":"#0059a9","colorDark":"#00294f","band":2,"off":[3.4,1.1]}},{"type":"Feature","geometry":{"type":"Point","coordinates":[8.717385,47.351054]},"properties":{"line":"816","mode":"bus","color":"#0059a9","colorDark":"#00294f","band":2,"off":[6.8,1.1]}},{"type":"Feature","geometry":{"type":"Point","coordinates":[8.717385,47.351054]},"properties":{"line":"817","mode":"bus","color":"#0059a9","colorDark":"#00294f","band":2,"off":[-6.8,3.1]}},{"type":"Feature","geometry":{"type":"Point","coordinates":[8.717385,47.351054]},"properties":{"line":"818","mode":"bus","color":"#0059a9","colorDark":"#00294f","band":2,"off":[-3.4,3.1]}},{"type":"Feature","geometry":{"type":"Point","coordinates":[8.717385,47.351054]},"properties":{"line":"827","mode":"bus","color":"#0059a9","colorDark":"#00294f","band":2,"off":[0,3.1]}},{"type":"Feature","geometry":{"type":"Point","coordinates":[8.717385,47.351054]},"properties":{"line":"846","mode":"bus","color":"#0059a9","colorDark":"#00294f","band":2,"off":[3.4,3.1]}},{"type":"Feature","geometry":{"type":"Point","coordinates":[8.717385,47.351054]},"properties":{"line":"S9","mode":"tram","color":"#0A4595","colorDark":"#062652","band":2,"metro":1,"off":[6.8,3.1]}},{"type":"Feature","geometry":{"type":"Point","coordinates":[8.717385,47.351054]},"properties":{"line":"N81","mode":"bus","color":"#000000","colorDark":"#000000","band":2,"off":[-1.7,5.1]}},{"type":"Feature","geometry":{"type":"Point","coordinates":[8.717385,47.351054]},"properties":{"line":"SN9","mode":"tram","color":"#000000","colorDark":"#000000","band":2,"metro":1,"off":[1.7,5.1]}},{"type":"Feature","geometry":{"type":"Point","coordinates":[8.692841,47.389605]},"properties":{"name":"Volketswil, Dorf","band":2,"modes":"bus","arr":["726"],"off":[0,-0.8]}},{"type":"Feature","geometry":{"type":"Point","coordinates":[8.692841,47.389605]},"properties":{"line":"726","mode":"bus","color":"#0059a9","colorDark":"#00294f","band":2,"off":[0,1.1]}},{"type":"Feature","geometry":{"type":"Point","coordinates":[8.690648,47.364436]},"properties":{"name":"Greifensee, Pfisterhölzli","band":2,"modes":"bus","arr":["727"],"off":[0,-0.8]}},{"type":"Feature","geometry":{"type":"Point","coordinates":[8.690648,47.364436]},"properties":{"line":"727","mode":"bus","color":"#0059a9","colorDark":"#00294f","band":2,"off":[0,1.1]}},{"type":"Feature","geometry":{"type":"Point","coordinates":[8.595339,47.444445]},"properties":{"name":"Kloten, Buchhalden","band":2,"modes":"bus","arr":["731","736"],"off":[0,-0.8]}},{"type":"Feature","geometry":{"type":"Point","coordinates":[8.595339,47.444445]},"properties":{"line":"731","mode":"bus","color":"#0059a9","colorDark":"#00294f","band":2,"off":[-1.7,1.1]}},{"type":"Feature","geometry":{"type":"Point","coordinates":[8.595339,47.444445]},"properties":{"line":"736","mode":"bus","color":"#0059a9","colorDark":"#00294f","band":2,"off":[1.7,1.1]}},{"type":"Feature","geometry":{"type":"Point","coordinates":[8.582353,47.471909]},"properties":{"name":"Egetswil, Dorf","band":2,"modes":"bus","arr":["732","734"],"off":[0,-0.8]}},{"type":"Feature","geometry":{"type":"Point","coordinates":[8.582353,47.471909]},"properties":{"line":"732","mode":"bus","color":"#0059a9","colorDark":"#00294f","band":2,"off":[-1.7,1.1]}},{"type":"Feature","geometry":{"type":"Point","coordinates":[8.582353,47.471909]},"properties":{"line":"734","mode":"bus","color":"#0059a9","colorDark":"#00294f","band":2,"off":[1.7,1.1]}},{"type":"Feature","geometry":{"type":"Point","coordinates":[8.582812,47.448379]},"properties":{"name":"Kloten, Bahnhof","band":2,"modes":"bus","arr":["766","N10","N52","N54"],"off":[0,-0.8]}},{"type":"Feature","geometry":{"type":"Point","coordinates":[8.582812,47.448379]},"properties":{"line":"766","mode":"bus","color":"#0059a9","colorDark":"#00294f","band":2,"off":[-5.1,1.1]}},{"type":"Feature","geometry":{"type":"Point","coordinates":[8.582812,47.448379]},"properties":{"line":"N10","mode":"bus","color":"#000000","colorDark":"#000000","band":2,"off":[-1.7,1.1]}},{"type":"Feature","geometry":{"type":"Point","coordinates":[8.582812,47.448379]},"properties":{"line":"N52","mode":"bus","color":"#000000","colorDark":"#000000","band":2,"off":[1.7,1.1]}},{"type":"Feature","geometry":{"type":"Point","coordinates":[8.582812,47.448379]},"properties":{"line":"N54","mode":"bus","color":"#000000","colorDark":"#000000","band":2,"off":[5.1,1.1]}},{"type":"Feature","geometry":{"type":"Point","coordinates":[8.595971,47.450913]},"properties":{"name":"Kloten, Graswinkel","band":2,"modes":"bus","arr":["733"],"off":[0,-0.8]}},{"type":"Feature","geometry":{"type":"Point","coordinates":[8.595971,47.450913]},"properties":{"line":"733","mode":"bus","color":"#0059a9","colorDark":"#00294f","band":2,"off":[0,1.1]}},{"type":"Feature","geometry":{"type":"Point","coordinates":[8.564203,47.448786]},"properties":{"name":"Zürich Flughafen, Bahnhof L","band":2,"modes":"bus","arr":["733","735","739"],"off":[0,-0.8]}},{"type":"Feature","geometry":{"type":"Point","coordinates":[8.564203,47.448786]},"properties":{"name":"Zürich Flughafen, Bahnhof H","band":2,"modes":"bus","arr":["733","735","739"],"off":[0,-3]}},{"type":"Feature","geometry":{"type":"Point","coordinates":[8.564203,47.448786]},"properties":{"name":"Zürich Flughafen, Bahnhof G","band":2,"modes":"bus","arr":["733","735","739"],"off":[0,-5.2]}},{"type":"Feature","geometry":{"type":"Point","coordinates":[8.564203,47.448786]},"properties":{"line":"733","mode":"bus","color":"#0059a9","colorDark":"#00294f","band":2,"off":[-3.4,1.1]}},{"type":"Feature","geometry":{"type":"Point","coordinates":[8.564203,47.448786]},"properties":{"line":"735","mode":"bus","color":"#0059a9","colorDark":"#00294f","band":2,"off":[0,1.1]}},{"type":"Feature","geometry":{"type":"Point","coordinates":[8.564203,47.448786]},"properties":{"line":"739","mode":"bus","color":"#0059a9","colorDark":"#00294f","band":2,"off":[3.4,1.1]}},{"type":"Feature","geometry":{"type":"Point","coordinates":[8.590305,47.455572]},"properties":{"name":"Kloten, Härdlen","band":2,"modes":"bus","arr":["735"],"off":[0,-0.8]}},{"type":"Feature","geometry":{"type":"Point","coordinates":[8.590305,47.455572]},"properties":{"line":"735","mode":"bus","color":"#0059a9","colorDark":"#00294f","band":2,"off":[0,1.1]}},{"type":"Feature","geometry":{"type":"Point","coordinates":[8.572811,47.458496]},"properties":{"name":"Zürich Flughafen, Rega","band":2,"modes":"bus","arr":["739"],"off":[0,-0.8]}},{"type":"Feature","geometry":{"type":"Point","coordinates":[8.572811,47.458496]},"properties":{"line":"739","mode":"bus","color":"#0059a9","colorDark":"#00294f","band":2,"off":[0,1.1]}},{"type":"Feature","geometry":{"type":"Point","coordinates":[8.595558,47.397948]},"properties":{"name":"Bahnhof Stettbach D","band":2,"modes":"bus","arr":["743","745","751","752","760","N6","N7","N76","N77"],"off":[0,-0.8]}},{"type":"Feature","geometry":{"type":"Point","coordinates":[8.595558,47.397948]},"properties":{"name":"Bahnhof Stettbach C","band":2,"modes":"bus","arr":["743","745","751","752","760","N6","N7","N76","N77"],"off":[0,-3]}},{"type":"Feature","geometry":{"type":"Point","coordinates":[8.595558,47.397948]},"properties":{"name":"Bahnhof Stettbach A","band":2,"modes":"bus","arr":["743","745","751","752","760","N6","N7","N76","N77"],"off":[0,-5.2]}},{"type":"Feature","geometry":{"type":"Point","coordinates":[8.595558,47.397948]},"properties":{"line":"743","mode":"bus","color":"#0059a9","colorDark":"#00294f","band":2,"off":[-6.8,1.1]}},{"type":"Feature","geometry":{"type":"Point","coordinates":[8.595558,47.397948]},"properties":{"line":"745","mode":"bus","color":"#0059a9","colorDark":"#00294f","band":2,"off":[-3.4,1.1]}},{"type":"Feature","geometry":{"type":"Point","coordinates":[8.595558,47.397948]},"properties":{"line":"751","mode":"bus","color":"#0059a9","colorDark":"#00294f","band":2,"off":[0,1.1]}},{"type":"Feature","geometry":{"type":"Point","coordinates":[8.595558,47.397948]},"properties":{"line":"752","mode":"bus","color":"#0059a9","colorDark":"#00294f","band":2,"off":[3.4,1.1]}},{"type":"Feature","geometry":{"type":"Point","coordinates":[8.595558,47.397948]},"properties":{"line":"760","mode":"bus","color":"#0059a9","colorDark":"#00294f","band":2,"off":[6.8,1.1]}},{"type":"Feature","geometry":{"type":"Point","coordinates":[8.595558,47.397948]},"properties":{"line":"N6","mode":"bus","color":"#000000","colorDark":"#000000","band":2,"off":[-5.1,3.1]}},{"type":"Feature","geometry":{"type":"Point","coordinates":[8.595558,47.397948]},"properties":{"line":"N7","mode":"bus","color":"#000000","colorDark":"#000000","band":2,"off":[-1.7,3.1]}},{"type":"Feature","geometry":{"type":"Point","coordinates":[8.595558,47.397948]},"properties":{"line":"N76","mode":"bus","color":"#000000","colorDark":"#000000","band":2,"off":[1.7,3.1]}},{"type":"Feature","geometry":{"type":"Point","coordinates":[8.595558,47.397948]},"properties":{"line":"N77","mode":"bus","color":"#000000","colorDark":"#000000","band":2,"off":[5.1,3.1]}},{"type":"Feature","geometry":{"type":"Point","coordinates":[8.642302,47.370634]},"properties":{"name":"Fällanden, Wigarten","band":2,"modes":"bus","arr":["745"],"off":[0,-0.8]}},{"type":"Feature","geometry":{"type":"Point","coordinates":[8.642302,47.370634]},"properties":{"line":"745","mode":"bus","color":"#0059a9","colorDark":"#00294f","band":2,"off":[0,1.1]}},{"type":"Feature","geometry":{"type":"Point","coordinates":[8.618635,47.426361]},"properties":{"name":"Dietlikon, Hofwiesen","band":2,"modes":"bus","arr":["748"],"off":[0,-0.8]}},{"type":"Feature","geometry":{"type":"Point","coordinates":[8.618635,47.426361]},"properties":{"line":"748","mode":"bus","color":"#0059a9","colorDark":"#00294f","band":2,"off":[0,1.1]}},{"type":"Feature","geometry":{"type":"Point","coordinates":[8.623226,47.399974]},"properties":{"name":"Dübendorf, Bahnhof","band":2,"modes":"bus","arr":["748","754","756","760"],"off":[0,-0.8]}},{"type":"Feature","geometry":{"type":"Point","coordinates":[8.623226,47.399974]},"properties":{"line":"748","mode":"bus","color":"#0059a9","colorDark":"#00294f","band":2,"off":[-5.1,1.1]}},{"type":"Feature","geometry":{"type":"Point","coordinates":[8.623226,47.399974]},"properties":{"line":"754","mode":"bus","color":"#0059a9","colorDark":"#00294f","band":2,"off":[-1.7,1.1]}},{"type":"Feature","geometry":{"type":"Point","coordinates":[8.623226,47.399974]},"properties":{"line":"756","mode":"bus","color":"#0059a9","colorDark":"#00294f","band":2,"off":[1.7,1.1]}},{"type":"Feature","geometry":{"type":"Point","coordinates":[8.623226,47.399974]},"properties":{"line":"760","mode":"bus","color":"#0059a9","colorDark":"#00294f","band":2,"off":[5.1,1.1]}},{"type":"Feature","geometry":{"type":"Point","coordinates":[8.608177,47.425451]},"properties":{"name":"Dietlikon, Hinentalstrasse","band":2,"modes":"bus","arr":["749"],"off":[0,-0.8]}},{"type":"Feature","geometry":{"type":"Point","coordinates":[8.608177,47.425451]},"properties":{"line":"749","mode":"bus","color":"#0059a9","colorDark":"#00294f","band":2,"off":[0,1.1]}},{"type":"Feature","geometry":{"type":"Point","coordinates":[8.559761,47.376454]},"properties":{"name":"Kirche Fluntern","band":2,"modes":"tram,bus","arr":["10","751"],"off":[0,-0.8]}},{"type":"Feature","geometry":{"type":"Point","coordinates":[8.559761,47.376454]},"properties":{"line":"10","mode":"tram","color":"#d6212b","colorDark":"#7c1116","band":2,"off":[-1.7,1.1]}},{"type":"Feature","geometry":{"type":"Point","coordinates":[8.559761,47.376454]},"properties":{"line":"751","mode":"bus","color":"#0059a9","colorDark":"#00294f","band":2,"off":[1.7,1.1]}},{"type":"Feature","geometry":{"type":"Point","coordinates":[8.628994,47.389187]},"properties":{"name":"Dübendorf, Kunsteisbahn","band":2,"modes":"bus","arr":["752","N77"],"off":[0,-0.8]}},{"type":"Feature","geometry":{"type":"Point","coordinates":[8.628994,47.389187]},"properties":{"line":"752","mode":"bus","color":"#0059a9","colorDark":"#00294f","band":2,"off":[-1.7,1.1]}},{"type":"Feature","geometry":{"type":"Point","coordinates":[8.628994,47.389187]},"properties":{"line":"N77","mode":"bus","color":"#000000","colorDark":"#000000","band":2,"off":[1.7,1.1]}},{"type":"Feature","geometry":{"type":"Point","coordinates":[8.595555,47.395647]},"properties":{"name":"Bahnhof Stettbach E","band":2,"modes":"tram,bus","arr":["7","12","754","760","E","N76","N78"],"off":[0,-0.8]}},{"type":"Feature","geometry":{"type":"Point","coordinates":[8.595555,47.395647]},"properties":{"name":"Bahnhof Stettbach B","band":2,"modes":"tram,bus","arr":["7","12","754","760","E","N76","N78"],"off":[0,-3]}},{"type":"Feature","geometry":{"type":"Point","coordinates":[8.595555,47.395647]},"properties":{"name":"Bahnhof Stettbach","band":2,"modes":"tram,bus","arr":["7","12","754","760","E","N76","N78"],"off":[0,-5.2]}},{"type":"Feature","geometry":{"type":"Point","coordinates":[8.595555,47.395647]},"properties":{"line":"7","mode":"tram","color":"#d6212b","colorDark":"#7c1116","band":2,"off":[-6.8,1.1]}},{"type":"Feature","geometry":{"type":"Point","coordinates":[8.595555,47.395647]},"properties":{"line":"12","mode":"tram","color":"#d6212b","colorDark":"#7c1116","band":2,"off":[-3.4,1.1]}},{"type":"Feature","geometry":{"type":"Point","coordinates":[8.595555,47.395647]},"properties":{"line":"754","mode":"bus","color":"#0059a9","colorDark":"#00294f","band":2,"off":[0,1.1]}},{"type":"Feature","geometry":{"type":"Point","coordinates":[8.595555,47.395647]},"properties":{"line":"760","mode":"bus","color":"#0059a9","colorDark":"#00294f","band":2,"off":[3.4,1.1]}},{"type":"Feature","geometry":{"type":"Point","coordinates":[8.595555,47.395647]},"properties":{"line":"E","mode":"bus","color":"#0059a9","colorDark":"#00294f","band":2,"off":[6.8,1.1]}},{"type":"Feature","geometry":{"type":"Point","coordinates":[8.595555,47.395647]},"properties":{"line":"N76","mode":"bus","color":"#000000","colorDark":"#000000","band":2,"off":[-1.7,3.1]}},{"type":"Feature","geometry":{"type":"Point","coordinates":[8.595555,47.395647]},"properties":{"line":"N78","mode":"bus","color":"#000000","colorDark":"#000000","band":2,"off":[1.7,3.1]}},{"type":"Feature","geometry":{"type":"Point","coordinates":[8.647381,47.392969]},"properties":{"name":"Dübendorf, Gfenn","band":2,"modes":"bus","arr":["756","N76"],"off":[0,-0.8]}},{"type":"Feature","geometry":{"type":"Point","coordinates":[8.647381,47.392969]},"properties":{"line":"756","mode":"bus","color":"#0059a9","colorDark":"#00294f","band":2,"off":[-1.7,1.1]}},{"type":"Feature","geometry":{"type":"Point","coordinates":[8.647381,47.392969]},"properties":{"line":"N76","mode":"bus","color":"#000000","colorDark":"#000000","band":2,"off":[1.7,1.1]}},{"type":"Feature","geometry":{"type":"Point","coordinates":[8.645765,47.410556]},"properties":{"name":"Wangen, Dorfplatz","band":2,"modes":"bus","arr":["759"],"off":[0,-0.8]}},{"type":"Feature","geometry":{"type":"Point","coordinates":[8.645765,47.410556]},"properties":{"line":"759","mode":"bus","color":"#0059a9","colorDark":"#00294f","band":2,"off":[0,1.1]}},{"type":"Feature","geometry":{"type":"Point","coordinates":[8.567559,47.434598]},"properties":{"name":"Glattbrugg, Glatthof","band":2,"modes":"bus","arr":["N79"],"off":[0,-0.8]}},{"type":"Feature","geometry":{"type":"Point","coordinates":[8.567559,47.434598]},"properties":{"line":"N79","mode":"bus","color":"#000000","colorDark":"#000000","band":2,"off":[0,1.1]}},{"type":"Feature","geometry":{"type":"Point","coordinates":[8.563736,47.450934]},"properties":{"name":"Zürich Flughafen, Bahnhof K","band":2,"modes":"bus","arr":["759","765","768"],"off":[0,-0.8]}},{"type":"Feature","geometry":{"type":"Point","coordinates":[8.563736,47.450934]},"properties":{"name":"Zürich Flughafen, Bahnhof J","band":2,"modes":"bus","arr":["759","765","768"],"off":[0,-3]}},{"type":"Feature","geometry":{"type":"Point","coordinates":[8.563736,47.450934]},"properties":{"name":"Zürich Flughafen, Bahnhof F","band":2,"modes":"bus","arr":["759","765","768"],"off":[0,-5.2]}},{"type":"Feature","geometry":{"type":"Point","coordinates":[8.563736,47.450934]},"properties":{"line":"759","mode":"bus","color":"#0059a9","colorDark":"#00294f","band":2,"off":[-3.4,1.1]}},{"type":"Feature","geometry":{"type":"Point","coordinates":[8.563736,47.450934]},"properties":{"line":"765","mode":"bus","color":"#0059a9","colorDark":"#00294f","band":2,"off":[0,1.1]}},{"type":"Feature","geometry":{"type":"Point","coordinates":[8.563736,47.450934]},"properties":{"line":"768","mode":"bus","color":"#0059a9","colorDark":"#00294f","band":2,"off":[3.4,1.1]}},{"type":"Feature","geometry":{"type":"Point","coordinates":[8.593177,47.41348]},"properties":{"name":"Wallisellen, Bahnhof E","band":2,"modes":"bus","arr":["761","771","772","773"],"off":[0,-0.8]}},{"type":"Feature","geometry":{"type":"Point","coordinates":[8.593177,47.41348]},"properties":{"name":"Wallisellen, Bahnhof C","band":2,"modes":"bus","arr":["761","771","772","773"],"off":[0,-3]}},{"type":"Feature","geometry":{"type":"Point","coordinates":[8.593177,47.41348]},"properties":{"name":"Wallisellen, Bahnhof A","band":2,"modes":"bus","arr":["761","771","772","773"],"off":[0,-5.2]}},{"type":"Feature","geometry":{"type":"Point","coordinates":[8.593177,47.41348]},"properties":{"line":"761","mode":"bus","color":"#0059a9","colorDark":"#00294f","band":2,"off":[-5.1,1.1]}},{"type":"Feature","geometry":{"type":"Point","coordinates":[8.593177,47.41348]},"properties":{"line":"771","mode":"bus","color":"#0059a9","colorDark":"#00294f","band":2,"off":[-1.7,1.1]}},{"type":"Feature","geometry":{"type":"Point","coordinates":[8.593177,47.41348]},"properties":{"line":"772","mode":"bus","color":"#0059a9","colorDark":"#00294f","band":2,"off":[1.7,1.1]}},{"type":"Feature","geometry":{"type":"Point","coordinates":[8.593177,47.41348]},"properties":{"line":"773","mode":"bus","color":"#0059a9","colorDark":"#00294f","band":2,"off":[5.1,1.1]}},{"type":"Feature","geometry":{"type":"Point","coordinates":[8.564208,47.428595]},"properties":{"name":"Glattbrugg, Giebeleichstrasse","band":2,"modes":"bus","arr":["781"],"off":[0,-0.8]}},{"type":"Feature","geometry":{"type":"Point","coordinates":[8.564208,47.428595]},"properties":{"line":"781","mode":"bus","color":"#0059a9","colorDark":"#00294f","band":2,"off":[0,1.1]}},{"type":"Feature","geometry":{"type":"Point","coordinates":[8.559539,47.43063]},"properties":{"name":"Glattbrugg, Bahnhof","band":2,"modes":"bus","arr":["761","762"],"off":[0,-0.8]}},{"type":"Feature","geometry":{"type":"Point","coordinates":[8.559539,47.43063]},"properties":{"line":"761","mode":"bus","color":"#0059a9","colorDark":"#00294f","band":2,"off":[-1.7,1.1]}},{"type":"Feature","geometry":{"type":"Point","coordinates":[8.559539,47.43063]},"properties":{"line":"762","mode":"bus","color":"#0059a9","colorDark":"#00294f","band":2,"off":[1.7,1.1]}},{"type":"Feature","geometry":{"type":"Point","coordinates":[8.577371,47.424799]},"properties":{"name":"Opfikon, Aublick","band":2,"modes":"bus","arr":["762"],"off":[0,-0.8]}},{"type":"Feature","geometry":{"type":"Point","coordinates":[8.577371,47.424799]},"properties":{"line":"762","mode":"bus","color":"#0059a9","colorDark":"#00294f","band":2,"off":[0,1.1]}},{"type":"Feature","geometry":{"type":"Point","coordinates":[8.581694,47.424587]},"properties":{"name":"Opfikon, Grätzli","band":2,"modes":"bus","arr":["762"],"off":[0,-0.8]}},{"type":"Feature","geometry":{"type":"Point","coordinates":[8.581694,47.424587]},"properties":{"line":"762","mode":"bus","color":"#0059a9","colorDark":"#00294f","band":2,"off":[0,1.1]}},{"type":"Feature","geometry":{"type":"Point","coordinates":[8.621506,47.421384]},"properties":{"name":"Dietlikon, Schwimmbad","band":2,"modes":"bus","arr":["765","796"],"off":[0,-0.8]}},{"type":"Feature","geometry":{"type":"Point","coordinates":[8.621506,47.421384]},"properties":{"line":"765","mode":"bus","color":"#0059a9","colorDark":"#00294f","band":2,"off":[-1.7,1.1]}},{"type":"Feature","geometry":{"type":"Point","coordinates":[8.621506,47.421384]},"properties":{"line":"796","mode":"bus","color":"#0059a9","colorDark":"#00294f","band":2,"off":[1.7,1.1]}},{"type":"Feature","geometry":{"type":"Point","coordinates":[8.598945,47.423711]},"properties":{"name":"Wallisellen, Schäfligraben","band":2,"modes":"bus","arr":["771"],"off":[0,-0.8]}},{"type":"Feature","geometry":{"type":"Point","coordinates":[8.598945,47.423711]},"properties":{"line":"771","mode":"bus","color":"#0059a9","colorDark":"#00294f","band":2,"off":[0,1.1]}},{"type":"Feature","geometry":{"type":"Point","coordinates":[8.606965,47.414867]},"properties":{"name":"Wallisellen, Sportzentrum","band":2,"modes":"bus","arr":["772"],"off":[0,-0.8]}},{"type":"Feature","geometry":{"type":"Point","coordinates":[8.606965,47.414867]},"properties":{"line":"772","mode":"bus","color":"#0059a9","colorDark":"#00294f","band":2,"off":[0,1.1]}},{"type":"Feature","geometry":{"type":"Point","coordinates":[8.588932,47.419466]},"properties":{"name":"Wallisellen, Frohheimstrasse","band":2,"modes":"bus","arr":["773"],"off":[0,-0.8]}},{"type":"Feature","geometry":{"type":"Point","coordinates":[8.588932,47.419466]},"properties":{"line":"773","mode":"bus","color":"#0059a9","colorDark":"#00294f","band":2,"off":[0,1.1]}},{"type":"Feature","geometry":{"type":"Point","coordinates":[8.592939,47.411818]},"properties":{"name":"Wallisellen, Bahnhof F","band":2,"modes":"bus","arr":["773","774"],"off":[0,-0.8]}},{"type":"Feature","geometry":{"type":"Point","coordinates":[8.592939,47.411818]},"properties":{"name":"Wallisellen, Bahnhof B","band":2,"modes":"bus","arr":["773","774"],"off":[0,-3]}},{"type":"Feature","geometry":{"type":"Point","coordinates":[8.592939,47.411818]},"properties":{"line":"773","mode":"bus","color":"#0059a9","colorDark":"#00294f","band":2,"off":[-1.7,1.1]}},{"type":"Feature","geometry":{"type":"Point","coordinates":[8.592939,47.411818]},"properties":{"line":"774","mode":"bus","color":"#0059a9","colorDark":"#00294f","band":2,"off":[1.7,1.1]}},{"type":"Feature","geometry":{"type":"Point","coordinates":[8.599115,47.415525]},"properties":{"name":"Wallisellen, Schulhaus Bürgli","band":2,"modes":"bus","arr":["774"],"off":[0,-0.8]}},{"type":"Feature","geometry":{"type":"Point","coordinates":[8.599115,47.415525]},"properties":{"line":"774","mode":"bus","color":"#0059a9","colorDark":"#00294f","band":2,"off":[0,1.1]}},{"type":"Feature","geometry":{"type":"Point","coordinates":[8.635262,47.425809]},"properties":{"name":"Brüttisellen, Obere Wangenstr.","band":2,"modes":"bus","arr":["787"],"off":[0,-0.8]}},{"type":"Feature","geometry":{"type":"Point","coordinates":[8.635262,47.425809]},"properties":{"line":"787","mode":"bus","color":"#0059a9","colorDark":"#00294f","band":2,"off":[0,1.1]}},{"type":"Feature","geometry":{"type":"Point","coordinates":[8.525738,47.446869]},"properties":{"name":"Rümlang, Chilestieg","band":2,"modes":"bus","arr":["795"],"off":[0,-0.8]}},{"type":"Feature","geometry":{"type":"Point","coordinates":[8.525738,47.446869]},"properties":{"line":"795","mode":"bus","color":"#0059a9","colorDark":"#00294f","band":2,"off":[0,1.1]}},{"type":"Feature","geometry":{"type":"Point","coordinates":[8.535857,47.448233]},"properties":{"name":"Rümlang, Ifangstrasse","band":2,"modes":"bus","arr":["795"],"off":[0,-0.8]}},{"type":"Feature","geometry":{"type":"Point","coordinates":[8.535857,47.448233]},"properties":{"line":"795","mode":"bus","color":"#0059a9","colorDark":"#00294f","band":2,"off":[0,1.1]}},{"type":"Feature","geometry":{"type":"Point","coordinates":[8.63915,47.40768]},"properties":{"name":"Wangen, Flugsicherung","band":2,"modes":"bus","arr":["796"],"off":[0,-0.8]}},{"type":"Feature","geometry":{"type":"Point","coordinates":[8.63915,47.40768]},"properties":{"line":"796","mode":"bus","color":"#0059a9","colorDark":"#00294f","band":2,"off":[0,1.1]}},{"type":"Feature","geometry":{"type":"Point","coordinates":[8.500245,47.465421]},"properties":{"name":"Oberhasli, Dorf","band":2,"modes":"bus","arr":["797"],"off":[0,-0.8]}},{"type":"Feature","geometry":{"type":"Point","coordinates":[8.500245,47.465421]},"properties":{"line":"797","mode":"bus","color":"#0059a9","colorDark":"#00294f","band":2,"off":[0,1.1]}},{"type":"Feature","geometry":{"type":"Point","coordinates":[8.727058,47.351909]},"properties":{"name":"Uster, Wageren","band":2,"modes":"bus","arr":["N81"],"off":[0,-0.8]}},{"type":"Feature","geometry":{"type":"Point","coordinates":[8.727058,47.351909]},"properties":{"line":"N81","mode":"bus","color":"#000000","colorDark":"#000000","band":2,"off":[0,1.1]}},{"type":"Feature","geometry":{"type":"Point","coordinates":[8.729735,47.340181]},"properties":{"name":"Uster, Nossikon","band":2,"modes":"bus","arr":["813"],"off":[0,-0.8]}},{"type":"Feature","geometry":{"type":"Point","coordinates":[8.729735,47.340181]},"properties":{"line":"813","mode":"bus","color":"#0059a9","colorDark":"#00294f","band":2,"off":[0,1.1]}},{"type":"Feature","geometry":{"type":"Point","coordinates":[8.701536,47.346924]},"properties":{"name":"Uster, Pfannenstielstrasse","band":2,"modes":"bus","arr":["816"],"off":[0,-0.8]}},{"type":"Feature","geometry":{"type":"Point","coordinates":[8.701536,47.346924]},"properties":{"line":"816","mode":"bus","color":"#0059a9","colorDark":"#00294f","band":2,"off":[0,1.1]}},{"type":"Feature","geometry":{"type":"Point","coordinates":[8.692707,47.344044]},"properties":{"name":"Uster, See","band":2,"modes":"bus","arr":["817"],"off":[0,-0.8]}},{"type":"Feature","geometry":{"type":"Point","coordinates":[8.692707,47.344044]},"properties":{"line":"817","mode":"bus","color":"#0059a9","colorDark":"#00294f","band":2,"off":[0,1.1]}},{"type":"Feature","geometry":{"type":"Point","coordinates":[8.727161,47.361015]},"properties":{"name":"Uster, Sportanlage","band":2,"modes":"bus","arr":["818"],"off":[0,-0.8]}},{"type":"Feature","geometry":{"type":"Point","coordinates":[8.727161,47.361015]},"properties":{"line":"818","mode":"bus","color":"#0059a9","colorDark":"#00294f","band":2,"off":[0,1.1]}},{"type":"Feature","geometry":{"type":"Point","coordinates":[8.736395,47.395394]},"properties":{"name":"Fehraltorf, Schrännenbrunnen","band":2,"modes":"bus","arr":["827"],"off":[0,-0.8]}},{"type":"Feature","geometry":{"type":"Point","coordinates":[8.736395,47.395394]},"properties":{"line":"827","mode":"bus","color":"#0059a9","colorDark":"#00294f","band":2,"off":[0,1.1]}},{"type":"Feature","geometry":{"type":"Point","coordinates":[8.769476,47.343628]},"properties":{"name":"Seegräben, Gemeindehaus","band":2,"modes":"bus","arr":["846"],"off":[0,-0.8]}},{"type":"Feature","geometry":{"type":"Point","coordinates":[8.769476,47.343628]},"properties":{"line":"846","mode":"bus","color":"#0059a9","colorDark":"#00294f","band":2,"off":[0,1.1]}},{"type":"Feature","geometry":{"type":"Point","coordinates":[8.710148,47.287802]},"properties":{"name":"Esslingen, Bahnhof","band":2,"modes":"bus","arr":["905"],"off":[0,-0.8]}},{"type":"Feature","geometry":{"type":"Point","coordinates":[8.710148,47.287802]},"properties":{"line":"905","mode":"bus","color":"#0059a9","colorDark":"#00294f","band":2,"off":[0,1.1]}},{"type":"Feature","geometry":{"type":"Point","coordinates":[8.544882,47.366602]},"properties":{"name":"Bellevue H","band":2,"modes":"bus","arr":["912","916","N9"],"off":[0,-0.8]}},{"type":"Feature","geometry":{"type":"Point","coordinates":[8.544882,47.366602]},"properties":{"name":"Bellevue G","band":2,"modes":"bus","arr":["912","916","N9"],"off":[0,-1.9]}},{"type":"Feature","geometry":{"type":"Point","coordinates":[8.544882,47.366602]},"properties":{"name":"Bellevue","band":2,"modes":"bus","arr":["912","916","N9"],"off":[0,-3]}},{"type":"Feature","geometry":{"type":"Point","coordinates":[8.544882,47.366602]},"properties":{"line":"912","mode":"bus","color":"#0059a9","colorDark":"#00294f","band":2,"off":[-3.4,1.1]}},{"type":"Feature","geometry":{"type":"Point","coordinates":[8.544882,47.366602]},"properties":{"line":"916","mode":"bus","color":"#0059a9","colorDark":"#00294f","band":2,"off":[0,1.1]}},{"type":"Feature","geometry":{"type":"Point","coordinates":[8.544882,47.366602]},"properties":{"line":"N9","mode":"bus","color":"#000000","colorDark":"#000000","band":2,"off":[3.4,1.1]}},{"type":"Feature","geometry":{"type":"Point","coordinates":[8.606202,47.329104]},"properties":{"name":"Itschnach, Fallacher","band":2,"modes":"bus","arr":["912","N91"],"off":[0,-0.8]}},{"type":"Feature","geometry":{"type":"Point","coordinates":[8.606202,47.329104]},"properties":{"line":"912","mode":"bus","color":"#0059a9","colorDark":"#00294f","band":2,"off":[-1.7,1.1]}},{"type":"Feature","geometry":{"type":"Point","coordinates":[8.606202,47.329104]},"properties":{"line":"N91","mode":"bus","color":"#000000","colorDark":"#000000","band":2,"off":[1.7,1.1]}},{"type":"Feature","geometry":{"type":"Point","coordinates":[8.597192,47.315845]},"properties":{"name":"Küsnacht ZH, Allmend","band":2,"modes":"bus","arr":["916"],"off":[0,-0.8]}},{"type":"Feature","geometry":{"type":"Point","coordinates":[8.597192,47.315845]},"properties":{"line":"916","mode":"bus","color":"#0059a9","colorDark":"#00294f","band":2,"off":[0,1.1]}},{"type":"Feature","geometry":{"type":"Point","coordinates":[8.580303,47.319142]},"properties":{"name":"Küsnacht ZH, Bahnhof","band":2,"modes":"bus","arr":["918","919"],"off":[0,-0.8]}},{"type":"Feature","geometry":{"type":"Point","coordinates":[8.580303,47.319142]},"properties":{"line":"918","mode":"bus","color":"#0059a9","colorDark":"#00294f","band":2,"off":[-1.7,1.1]}},{"type":"Feature","geometry":{"type":"Point","coordinates":[8.580303,47.319142]},"properties":{"line":"919","mode":"bus","color":"#0059a9","colorDark":"#00294f","band":2,"off":[1.7,1.1]}},{"type":"Feature","geometry":{"type":"Point","coordinates":[8.587492,47.311514]},"properties":{"name":"Küsnacht ZH, Gartenstrasse","band":2,"modes":"bus","arr":["918"],"off":[0,-0.8]}},{"type":"Feature","geometry":{"type":"Point","coordinates":[8.587492,47.311514]},"properties":{"line":"918","mode":"bus","color":"#0059a9","colorDark":"#00294f","band":2,"off":[0,1.1]}},{"type":"Feature","geometry":{"type":"Point","coordinates":[8.623003,47.332912]},"properties":{"name":"Zumikon, Dorfzentrum","band":2,"modes":"bus","arr":["919"],"off":[0,-0.8]}},{"type":"Feature","geometry":{"type":"Point","coordinates":[8.623003,47.332912]},"properties":{"line":"919","mode":"bus","color":"#0059a9","colorDark":"#00294f","band":2,"off":[0,1.1]}},{"type":"Feature","geometry":{"type":"Point","coordinates":[8.644594,47.269396]},"properties":{"name":"Meilen, Bahnhof","band":2,"modes":"bus","arr":["921","922"],"off":[0,-0.8]}},{"type":"Feature","geometry":{"type":"Point","coordinates":[8.644594,47.269396]},"properties":{"line":"921","mode":"bus","color":"#0059a9","colorDark":"#00294f","band":2,"off":[-1.7,1.1]}},{"type":"Feature","geometry":{"type":"Point","coordinates":[8.644594,47.269396]},"properties":{"line":"922","mode":"bus","color":"#0059a9","colorDark":"#00294f","band":2,"off":[1.7,1.1]}},{"type":"Feature","geometry":{"type":"Point","coordinates":[8.62411,47.28211]},"properties":{"name":"Meilen, Eichholz","band":2,"modes":"bus","arr":["921"],"off":[0,-0.8]}},{"type":"Feature","geometry":{"type":"Point","coordinates":[8.62411,47.28211]},"properties":{"line":"921","mode":"bus","color":"#0059a9","colorDark":"#00294f","band":2,"off":[0,1.1]}},{"type":"Feature","geometry":{"type":"Point","coordinates":[8.612242,47.282094]},"properties":{"name":"Herrliberg-Feldmeilen, Bhf West","band":2,"modes":"bus,metro","arr":["972","973","974","S16"],"off":[0,-0.8]}},{"type":"Feature","geometry":{"type":"Point","coordinates":[8.612242,47.282094]},"properties":{"name":"Herrliberg-Feldmeilen, Bahnhof","band":2,"modes":"bus,metro","arr":["972","973","974","S16"],"off":[0,-3]}},{"type":"Feature","geometry":{"type":"Point","coordinates":[8.612242,47.282094]},"properties":{"name":"Herrliberg-Feldmeilen","band":2,"modes":"bus,metro","arr":["972","973","974","S16"],"off":[0,-5.2]}},{"type":"Feature","geometry":{"type":"Point","coordinates":[8.612242,47.282094]},"properties":{"line":"972","mode":"bus","color":"#0059a9","colorDark":"#00294f","band":2,"off":[-5.1,1.1]}},{"type":"Feature","geometry":{"type":"Point","coordinates":[8.612242,47.282094]},"properties":{"line":"973","mode":"bus","color":"#0059a9","colorDark":"#00294f","band":2,"off":[-1.7,1.1]}},{"type":"Feature","geometry":{"type":"Point","coordinates":[8.612242,47.282094]},"properties":{"line":"974","mode":"bus","color":"#0059a9","colorDark":"#00294f","band":2,"off":[1.7,1.1]}},{"type":"Feature","geometry":{"type":"Point","coordinates":[8.612242,47.282094]},"properties":{"line":"S16","mode":"tram","color":"#0A4595","colorDark":"#062652","band":2,"metro":1,"off":[5.1,1.1]}},{"type":"Feature","geometry":{"type":"Point","coordinates":[8.679852,47.28567]},"properties":{"name":"Meilen, Vorderer Pfannenstiel","band":2,"modes":"bus","arr":["922"],"off":[0,-0.8]}},{"type":"Feature","geometry":{"type":"Point","coordinates":[8.679852,47.28567]},"properties":{"line":"922","mode":"bus","color":"#0059a9","colorDark":"#00294f","band":2,"off":[0,1.1]}},{"type":"Feature","geometry":{"type":"Point","coordinates":[8.591227,47.305795]},"properties":{"name":"Erlenbach ZH, Bahnhof","band":2,"modes":"bus","arr":["961","962"],"off":[0,-0.8]}},{"type":"Feature","geometry":{"type":"Point","coordinates":[8.591227,47.305795]},"properties":{"line":"961","mode":"bus","color":"#0059a9","colorDark":"#00294f","band":2,"off":[-1.7,1.1]}},{"type":"Feature","geometry":{"type":"Point","coordinates":[8.591227,47.305795]},"properties":{"line":"962","mode":"bus","color":"#0059a9","colorDark":"#00294f","band":2,"off":[1.7,1.1]}},{"type":"Feature","geometry":{"type":"Point","coordinates":[8.613315,47.306998]},"properties":{"name":"Erlenbach ZH, Trottgatter","band":2,"modes":"bus","arr":["961"],"off":[0,-0.8]}},{"type":"Feature","geometry":{"type":"Point","coordinates":[8.613315,47.306998]},"properties":{"line":"961","mode":"bus","color":"#0059a9","colorDark":"#00294f","band":2,"off":[0,1.1]}},{"type":"Feature","geometry":{"type":"Point","coordinates":[8.606367,47.297173]},"properties":{"name":"Erlenbach ZH, Im Streuli","band":2,"modes":"bus","arr":["962"],"off":[0,-0.8]}},{"type":"Feature","geometry":{"type":"Point","coordinates":[8.606367,47.297173]},"properties":{"line":"962","mode":"bus","color":"#0059a9","colorDark":"#00294f","band":2,"off":[0,1.1]}},{"type":"Feature","geometry":{"type":"Point","coordinates":[8.608971,47.29346]},"properties":{"name":"Herrliberg, Holzwies","band":2,"modes":"bus","arr":["962"],"off":[0,-0.8]}},{"type":"Feature","geometry":{"type":"Point","coordinates":[8.608971,47.29346]},"properties":{"line":"962","mode":"bus","color":"#0059a9","colorDark":"#00294f","band":2,"off":[0,1.1]}},{"type":"Feature","geometry":{"type":"Point","coordinates":[8.625259,47.29668]},"properties":{"name":"Herrliberg, Kirche Wetzwil","band":2,"modes":"bus","arr":["974"],"off":[0,-0.8]}},{"type":"Feature","geometry":{"type":"Point","coordinates":[8.625259,47.29668]},"properties":{"line":"974","mode":"bus","color":"#0059a9","colorDark":"#00294f","band":2,"off":[0,1.1]}},{"type":"Feature","geometry":{"type":"Point","coordinates":[8.568884,47.417015]},"properties":{"name":"Auzelg","band":2,"modes":"tram,bus","arr":["50","E"],"off":[0,-0.8]}},{"type":"Feature","geometry":{"type":"Point","coordinates":[8.568884,47.417015]},"properties":{"line":"50","mode":"tram","color":"#d6212b","colorDark":"#7c1116","band":2,"off":[-1.7,1.1]}},{"type":"Feature","geometry":{"type":"Point","coordinates":[8.568884,47.417015]},"properties":{"line":"E","mode":"bus","color":"#0059a9","colorDark":"#00294f","band":2,"off":[1.7,1.1]}},{"type":"Feature","geometry":{"type":"Point","coordinates":[8.485044,47.374359]},"properties":{"name":"Albisrieden","band":2,"modes":"tram,bus","arr":["3","N3"],"off":[0,-0.8]}},{"type":"Feature","geometry":{"type":"Point","coordinates":[8.485044,47.374359]},"properties":{"line":"3","mode":"tram","color":"#d6212b","colorDark":"#7c1116","band":2,"off":[-1.7,1.1]}},{"type":"Feature","geometry":{"type":"Point","coordinates":[8.485044,47.374359]},"properties":{"line":"N3","mode":"bus","color":"#000000","colorDark":"#000000","band":2,"off":[1.7,1.1]}},{"type":"Feature","geometry":{"type":"Point","coordinates":[8.436819,47.357332]},"properties":{"name":"Birmensdorf ZH, Bahnhof C","band":2,"modes":"metro,bus","arr":["S5","N22"],"off":[0,-0.8]}},{"type":"Feature","geometry":{"type":"Point","coordinates":[8.436819,47.357332]},"properties":{"name":"Birmensdorf ZH","band":2,"modes":"metro,bus","arr":["S5","N22"],"off":[0,-3]}},{"type":"Feature","geometry":{"type":"Point","coordinates":[8.436819,47.357332]},"properties":{"line":"S5","mode":"tram","color":"#0A4595","colorDark":"#062652","band":2,"metro":1,"off":[-1.7,1.1]}},{"type":"Feature","geometry":{"type":"Point","coordinates":[8.436819,47.357332]},"properties":{"line":"N22","mode":"bus","color":"#000000","colorDark":"#000000","band":2,"off":[1.7,1.1]}},{"type":"Feature","geometry":{"type":"Point","coordinates":[8.409533,47.263254]},"properties":{"name":"Obfelden, Unterlunnern","band":2,"modes":"bus","arr":["N22"],"off":[0,-0.8]}},{"type":"Feature","geometry":{"type":"Point","coordinates":[8.409533,47.263254]},"properties":{"line":"N22","mode":"bus","color":"#000000","colorDark":"#000000","band":2,"off":[0,1.1]}},{"type":"Feature","geometry":{"type":"Point","coordinates":[8.36368,47.519457]},"properties":{"name":"Schneisingen, Mitteldorf","band":2,"modes":"bus","arr":["N51"],"off":[0,-0.8]}},{"type":"Feature","geometry":{"type":"Point","coordinates":[8.36368,47.519457]},"properties":{"line":"N51","mode":"bus","color":"#000000","colorDark":"#000000","band":2,"off":[0,1.1]}},{"type":"Feature","geometry":{"type":"Point","coordinates":[8.369891,47.511059]},"properties":{"name":"Niederweningen, Bahnhof B","band":2,"modes":"metro,bus","arr":["S15","N51"],"off":[0,-0.8]}},{"type":"Feature","geometry":{"type":"Point","coordinates":[8.369891,47.511059]},"properties":{"name":"Niederweningen","band":2,"modes":"metro,bus","arr":["S15","N51"],"off":[0,-3]}},{"type":"Feature","geometry":{"type":"Point","coordinates":[8.369891,47.511059]},"properties":{"line":"S15","mode":"tram","color":"#0A4595","colorDark":"#062652","band":2,"metro":1,"off":[-1.7,1.1]}},{"type":"Feature","geometry":{"type":"Point","coordinates":[8.369891,47.511059]},"properties":{"line":"N51","mode":"bus","color":"#000000","colorDark":"#000000","band":2,"off":[1.7,1.1]}},{"type":"Feature","geometry":{"type":"Point","coordinates":[8.744285,47.425174]},"properties":{"name":"Agasul","band":2,"modes":"bus","arr":["N62"],"off":[0,-0.8]}},{"type":"Feature","geometry":{"type":"Point","coordinates":[8.744285,47.425174]},"properties":{"line":"N62","mode":"bus","color":"#000000","colorDark":"#000000","band":2,"off":[0,1.1]}},{"type":"Feature","geometry":{"type":"Point","coordinates":[8.58302,47.350909]},"properties":{"name":"Rehalp","band":2,"modes":"tram","arr":["2","4"],"off":[0,-0.8]}},{"type":"Feature","geometry":{"type":"Point","coordinates":[8.58302,47.350909]},"properties":{"line":"2","mode":"tram","color":"#d6212b","colorDark":"#7c1116","band":2,"off":[-1.7,1.1]}},{"type":"Feature","geometry":{"type":"Point","coordinates":[8.58302,47.350909]},"properties":{"line":"4","mode":"tram","color":"#d6212b","colorDark":"#7c1116","band":2,"off":[1.7,1.1]}},{"type":"Feature","geometry":{"type":"Point","coordinates":[8.548537,47.366306]},"properties":{"name":"Bahnhof Stadelhofen D","band":2,"modes":"tram,metro","arr":["5","S18","SN18"],"off":[0,-0.8]}},{"type":"Feature","geometry":{"type":"Point","coordinates":[8.548537,47.366306]},"properties":{"name":"Bahnhof Stadelhofen C","band":2,"modes":"tram,metro","arr":["5","S18","SN18"],"off":[0,-3]}},{"type":"Feature","geometry":{"type":"Point","coordinates":[8.548537,47.366306]},"properties":{"name":"Bahnhof Stadelhofen A","band":2,"modes":"tram,metro","arr":["5","S18","SN18"],"off":[0,-5.2]}},{"type":"Feature","geometry":{"type":"Point","coordinates":[8.548537,47.366306]},"properties":{"line":"5","mode":"tram","color":"#d6212b","colorDark":"#7c1116","band":2,"off":[-3.88,1.1]}},{"type":"Feature","geometry":{"type":"Point","coordinates":[8.548537,47.366306]},"properties":{"line":"S18","mode":"tram","color":"#0A4595","colorDark":"#062652","band":2,"metro":1,"off":[0,1.1]}},{"type":"Feature","geometry":{"type":"Point","coordinates":[8.548537,47.366306]},"properties":{"line":"SN18","mode":"tram","color":"#000000","colorDark":"#000000","band":2,"metro":1,"off":[3.88,1.1]}},{"type":"Feature","geometry":{"type":"Point","coordinates":[8.543822,47.376727]},"properties":{"name":"Central F","band":2,"modes":"tram","arr":["11","15"],"off":[0,-0.8]}},{"type":"Feature","geometry":{"type":"Point","coordinates":[8.543822,47.376727]},"properties":{"line":"11","mode":"tram","color":"#d6212b","colorDark":"#7c1116","band":2,"off":[-1.7,1.1]}},{"type":"Feature","geometry":{"type":"Point","coordinates":[8.543822,47.376727]},"properties":{"line":"15","mode":"tram","color":"#d6212b","colorDark":"#7c1116","band":2,"off":[1.7,1.1]}},{"type":"Feature","geometry":{"type":"Point","coordinates":[8.539362,47.375244]},"properties":{"name":"Bahnhofstrasse/HB","band":2,"modes":"tram","arr":["4","11","13","15"],"off":[0,-0.8]}},{"type":"Feature","geometry":{"type":"Point","coordinates":[8.539362,47.375244]},"properties":{"line":"4","mode":"tram","color":"#d6212b","colorDark":"#7c1116","band":2,"off":[-5.1,1.1]}},{"type":"Feature","geometry":{"type":"Point","coordinates":[8.539362,47.375244]},"properties":{"line":"11","mode":"tram","color":"#d6212b","colorDark":"#7c1116","band":2,"off":[-1.7,1.1]}},{"type":"Feature","geometry":{"type":"Point","coordinates":[8.539362,47.375244]},"properties":{"line":"13","mode":"tram","color":"#d6212b","colorDark":"#7c1116","band":2,"off":[1.7,1.1]}},{"type":"Feature","geometry":{"type":"Point","coordinates":[8.539362,47.375244]},"properties":{"line":"15","mode":"tram","color":"#d6212b","colorDark":"#7c1116","band":2,"off":[5.1,1.1]}},{"type":"Feature","geometry":{"type":"Point","coordinates":[8.507379,47.351989]},"properties":{"name":"Albisgütli","band":2,"modes":"tram","arr":["5","13","16"],"off":[0,-0.8]}},{"type":"Feature","geometry":{"type":"Point","coordinates":[8.507379,47.351989]},"properties":{"line":"5","mode":"tram","color":"#d6212b","colorDark":"#7c1116","band":2,"off":[-3.4,1.1]}},{"type":"Feature","geometry":{"type":"Point","coordinates":[8.507379,47.351989]},"properties":{"line":"13","mode":"tram","color":"#d6212b","colorDark":"#7c1116","band":2,"off":[0,1.1]}},{"type":"Feature","geometry":{"type":"Point","coordinates":[8.507379,47.351989]},"properties":{"line":"16","mode":"tram","color":"#d6212b","colorDark":"#7c1116","band":2,"off":[3.4,1.1]}},{"type":"Feature","geometry":{"type":"Point","coordinates":[8.517745,47.358599]},"properties":{"name":"Laubegg","band":2,"modes":"tram","arr":["16"],"off":[0,-0.8]}},{"type":"Feature","geometry":{"type":"Point","coordinates":[8.517745,47.358599]},"properties":{"line":"16","mode":"tram","color":"#d6212b","colorDark":"#7c1116","band":2,"off":[0,1.1]}},{"type":"Feature","geometry":{"type":"Point","coordinates":[8.571627,47.381675]},"properties":{"name":"Zoo","band":2,"modes":"tram","arr":["6","8"],"off":[0,-0.8]}},{"type":"Feature","geometry":{"type":"Point","coordinates":[8.571627,47.381675]},"properties":{"line":"6","mode":"tram","color":"#d6212b","colorDark":"#7c1116","band":2,"off":[-1.7,1.1]}},{"type":"Feature","geometry":{"type":"Point","coordinates":[8.571627,47.381675]},"properties":{"line":"8","mode":"tram","color":"#d6212b","colorDark":"#7c1116","band":2,"off":[1.7,1.1]}},{"type":"Feature","geometry":{"type":"Point","coordinates":[8.530799,47.338315]},"properties":{"name":"Wollishoferplatz","band":2,"modes":"tram","arr":["7"],"off":[0,-0.8]}},{"type":"Feature","geometry":{"type":"Point","coordinates":[8.530799,47.338315]},"properties":{"line":"7","mode":"tram","color":"#d6212b","colorDark":"#7c1116","band":2,"off":[0,1.1]}},{"type":"Feature","geometry":{"type":"Point","coordinates":[8.504549,47.394145]},"properties":{"name":"Hardturm","band":2,"modes":"tram","arr":["8"],"off":[0,-0.8]}},{"type":"Feature","geometry":{"type":"Point","coordinates":[8.504549,47.394145]},"properties":{"line":"8","mode":"tram","color":"#d6212b","colorDark":"#7c1116","band":2,"off":[0,1.1]}},{"type":"Feature","geometry":{"type":"Point","coordinates":[8.591051,47.403119]},"properties":{"name":"Hirzenbach","band":2,"modes":"tram","arr":["9"],"off":[0,-0.8]}},{"type":"Feature","geometry":{"type":"Point","coordinates":[8.591051,47.403119]},"properties":{"line":"9","mode":"tram","color":"#d6212b","colorDark":"#7c1116","band":2,"off":[0,1.1]}},{"type":"Feature","geometry":{"type":"Point","coordinates":[8.570725,47.452138]},"properties":{"name":"Zürich Flughafen, Fracht","band":2,"modes":"tram","arr":["10","12"],"off":[0,-0.8]}},{"type":"Feature","geometry":{"type":"Point","coordinates":[8.570725,47.452138]},"properties":{"line":"10","mode":"tram","color":"#d6212b","colorDark":"#7c1116","band":2,"off":[-1.7,1.1]}},{"type":"Feature","geometry":{"type":"Point","coordinates":[8.570725,47.452138]},"properties":{"line":"12","mode":"tram","color":"#d6212b","colorDark":"#7c1116","band":2,"off":[1.7,1.1]}},{"type":"Feature","geometry":{"type":"Point","coordinates":[8.566459,47.364777]},"properties":{"name":"Klusplatz B","band":2,"modes":"tram","arr":["16"],"off":[0,-0.8]}},{"type":"Feature","geometry":{"type":"Point","coordinates":[8.566459,47.364777]},"properties":{"line":"16","mode":"tram","color":"#d6212b","colorDark":"#7c1116","band":2,"off":[0,1.1]}},{"type":"Feature","geometry":{"type":"Point","coordinates":[8.490485,47.392827]},"properties":{"name":"Bahnhof Altstetten N K","band":2,"modes":"tram","arr":["51"],"off":[0,-0.8]}},{"type":"Feature","geometry":{"type":"Point","coordinates":[8.490485,47.392827]},"properties":{"line":"51","mode":"tram","color":"#d6212b","colorDark":"#7c1116","band":2,"off":[0,1.1]}},{"type":"Feature","geometry":{"type":"Point","coordinates":[9.059981,47.136619]},"properties":{"name":"Ziegelbrücke","band":2,"modes":"metro","arr":["S2","S8"],"off":[0,-0.8]}},{"type":"Feature","geometry":{"type":"Point","coordinates":[9.059981,47.136619]},"properties":{"line":"S2","mode":"tram","color":"#0A4595","colorDark":"#062652","band":2,"metro":1,"off":[-1.7,1.1]}},{"type":"Feature","geometry":{"type":"Point","coordinates":[9.059981,47.136619]},"properties":{"line":"S8","mode":"tram","color":"#0A4595","colorDark":"#062652","band":2,"metro":1,"off":[1.7,1.1]}},{"type":"Feature","geometry":{"type":"Point","coordinates":[8.852678,47.189831]},"properties":{"name":"Lachen SZ","band":2,"modes":"metro","arr":["SN8"],"off":[0,-0.8]}},{"type":"Feature","geometry":{"type":"Point","coordinates":[8.852678,47.189831]},"properties":{"line":"SN8","mode":"tram","color":"#000000","colorDark":"#000000","band":2,"metro":1,"off":[0,1.1]}},{"type":"Feature","geometry":{"type":"Point","coordinates":[8.779044,47.203217]},"properties":{"name":"Pfäffikon SZ","band":2,"modes":"metro","arr":["S8","SN5"],"off":[0,-0.8]}},{"type":"Feature","geometry":{"type":"Point","coordinates":[8.779044,47.203217]},"properties":{"line":"S8","mode":"tram","color":"#0A4595","colorDark":"#062652","band":2,"metro":1,"off":[-1.7,1.1]}},{"type":"Feature","geometry":{"type":"Point","coordinates":[8.779044,47.203217]},"properties":{"line":"SN5","mode":"tram","color":"#000000","colorDark":"#000000","band":2,"metro":1,"off":[1.7,1.1]}},{"type":"Feature","geometry":{"type":"Point","coordinates":[8.536853,47.37925]},"properties":{"name":"Zürich HB","band":2,"modes":"metro","arr":["S3","S4","S10","S11","S21","S24","S42","SN4","SN11"],"off":[0,-0.8]}},{"type":"Feature","geometry":{"type":"Point","coordinates":[8.536853,47.37925]},"properties":{"line":"S3","mode":"tram","color":"#0A4595","colorDark":"#062652","band":2,"metro":1,"off":[-5.82,1.1]}},{"type":"Feature","geometry":{"type":"Point","coordinates":[8.536853,47.37925]},"properties":{"line":"S4","mode":"tram","color":"#0A4595","colorDark":"#062652","band":2,"metro":1,"off":[-1.94,1.1]}},{"type":"Feature","geometry":{"type":"Point","coordinates":[8.536853,47.37925]},"properties":{"line":"S10","mode":"tram","color":"#0A4595","colorDark":"#062652","band":2,"metro":1,"off":[1.94,1.1]}},{"type":"Feature","geometry":{"type":"Point","coordinates":[8.536853,47.37925]},"properties":{"line":"S11","mode":"tram","color":"#0A4595","colorDark":"#062652","band":2,"metro":1,"off":[5.82,1.1]}},{"type":"Feature","geometry":{"type":"Point","coordinates":[8.536853,47.37925]},"properties":{"line":"S21","mode":"tram","color":"#0A4595","colorDark":"#062652","band":2,"metro":1,"off":[-5.82,3.1]}},{"type":"Feature","geometry":{"type":"Point","coordinates":[8.536853,47.37925]},"properties":{"line":"S24","mode":"tram","color":"#0A4595","colorDark":"#062652","band":2,"metro":1,"off":[-1.94,3.1]}},{"type":"Feature","geometry":{"type":"Point","coordinates":[8.536853,47.37925]},"properties":{"line":"S42","mode":"tram","color":"#0A4595","colorDark":"#062652","band":2,"metro":1,"off":[1.94,3.1]}},{"type":"Feature","geometry":{"type":"Point","coordinates":[8.536853,47.37925]},"properties":{"line":"SN4","mode":"tram","color":"#000000","colorDark":"#000000","band":2,"metro":1,"off":[5.82,3.1]}},{"type":"Feature","geometry":{"type":"Point","coordinates":[8.536853,47.37925]},"properties":{"line":"SN11","mode":"tram","color":"#000000","colorDark":"#000000","band":2,"metro":1,"off":[0,5.1]}},{"type":"Feature","geometry":{"type":"Point","coordinates":[8.560983,47.449943]},"properties":{"name":"Zürich Flughafen","band":2,"modes":"metro","arr":["S2","S16"],"off":[0,-0.8]}},{"type":"Feature","geometry":{"type":"Point","coordinates":[8.560983,47.449943]},"properties":{"line":"S2","mode":"tram","color":"#0A4595","colorDark":"#062652","band":2,"metro":1,"off":[-1.7,1.1]}},{"type":"Feature","geometry":{"type":"Point","coordinates":[8.560983,47.449943]},"properties":{"line":"S16","mode":"tram","color":"#0A4595","colorDark":"#062652","band":2,"metro":1,"off":[1.7,1.1]}},{"type":"Feature","geometry":{"type":"Point","coordinates":[8.517248,47.385146]},"properties":{"name":"Zürich Hardbrücke","band":2,"modes":"metro","arr":["S3","S20"],"off":[0,-0.8]}},{"type":"Feature","geometry":{"type":"Point","coordinates":[8.517248,47.385146]},"properties":{"line":"S3","mode":"tram","color":"#0A4595","colorDark":"#062652","band":2,"metro":1,"off":[-1.7,1.1]}},{"type":"Feature","geometry":{"type":"Point","coordinates":[8.517248,47.385146]},"properties":{"line":"S20","mode":"tram","color":"#0A4595","colorDark":"#062652","band":2,"metro":1,"off":[1.7,1.1]}},{"type":"Feature","geometry":{"type":"Point","coordinates":[8.785375,47.366758]},"properties":{"name":"Pfäffikon ZH","band":2,"modes":"metro","arr":["S19","SN8"],"off":[0,-0.8]}},{"type":"Feature","geometry":{"type":"Point","coordinates":[8.785375,47.366758]},"properties":{"line":"S19","mode":"tram","color":"#0A4595","colorDark":"#062652","band":2,"metro":1,"off":[-1.7,1.1]}},{"type":"Feature","geometry":{"type":"Point","coordinates":[8.785375,47.366758]},"properties":{"line":"SN8","mode":"tram","color":"#000000","colorDark":"#000000","band":2,"metro":1,"off":[1.7,1.1]}},{"type":"Feature","geometry":{"type":"Point","coordinates":[8.79237,47.31756]},"properties":{"name":"Wetzikon ZH","band":2,"modes":"metro","arr":["S3","S5"],"off":[0,-0.8]}},{"type":"Feature","geometry":{"type":"Point","coordinates":[8.79237,47.31756]},"properties":{"line":"S3","mode":"tram","color":"#0A4595","colorDark":"#062652","band":2,"metro":1,"off":[-1.7,1.1]}},{"type":"Feature","geometry":{"type":"Point","coordinates":[8.79237,47.31756]},"properties":{"line":"S5","mode":"tram","color":"#0A4595","colorDark":"#062652","band":2,"metro":1,"off":[1.7,1.1]}},{"type":"Feature","geometry":{"type":"Point","coordinates":[8.531794,47.372225]},"properties":{"name":"Zürich Selnau","band":2,"modes":"metro","arr":["S4","S10"],"off":[0,-0.8]}},{"type":"Feature","geometry":{"type":"Point","coordinates":[8.531794,47.372225]},"properties":{"line":"S4","mode":"tram","color":"#0A4595","colorDark":"#062652","band":2,"metro":1,"off":[-1.7,1.1]}},{"type":"Feature","geometry":{"type":"Point","coordinates":[8.531794,47.372225]},"properties":{"line":"S10","mode":"tram","color":"#0A4595","colorDark":"#062652","band":2,"metro":1,"off":[1.7,1.1]}},{"type":"Feature","geometry":{"type":"Point","coordinates":[8.855017,47.260222]},"properties":{"name":"Rüti ZH","band":2,"modes":"metro","arr":["S26"],"off":[0,-0.8]}},{"type":"Feature","geometry":{"type":"Point","coordinates":[8.855017,47.260222]},"properties":{"line":"S26","mode":"tram","color":"#0A4595","colorDark":"#062652","band":2,"metro":1,"off":[0,1.1]}},{"type":"Feature","geometry":{"type":"Point","coordinates":[8.816868,47.224674]},"properties":{"name":"Rapperswil SG","band":2,"modes":"metro","arr":["S5","S7","S15"],"off":[0,-0.8]}},{"type":"Feature","geometry":{"type":"Point","coordinates":[8.816868,47.224674]},"properties":{"line":"S5","mode":"tram","color":"#0A4595","colorDark":"#062652","band":2,"metro":1,"off":[-3.4,1.1]}},{"type":"Feature","geometry":{"type":"Point","coordinates":[8.816868,47.224674]},"properties":{"line":"S7","mode":"tram","color":"#0A4595","colorDark":"#062652","band":2,"metro":1,"off":[0,1.1]}},{"type":"Feature","geometry":{"type":"Point","coordinates":[8.816868,47.224674]},"properties":{"line":"S15","mode":"tram","color":"#0A4595","colorDark":"#062652","band":2,"metro":1,"off":[3.4,1.1]}},{"type":"Feature","geometry":{"type":"Point","coordinates":[8.466728,47.220628]},"properties":{"name":"Knonau","band":2,"modes":"metro","arr":["SN5"],"off":[0,-0.8]}},{"type":"Feature","geometry":{"type":"Point","coordinates":[8.466728,47.220628]},"properties":{"line":"SN5","mode":"tram","color":"#000000","colorDark":"#000000","band":2,"metro":1,"off":[0,1.1]}},{"type":"Feature","geometry":{"type":"Point","coordinates":[8.515414,47.174494]},"properties":{"name":"Zug","band":2,"modes":"metro","arr":["S5","S24"],"off":[0,-0.8]}},{"type":"Feature","geometry":{"type":"Point","coordinates":[8.515414,47.174494]},"properties":{"line":"S5","mode":"tram","color":"#0A4595","colorDark":"#062652","band":2,"metro":1,"off":[-1.7,1.1]}},{"type":"Feature","geometry":{"type":"Point","coordinates":[8.515414,47.174494]},"properties":{"line":"S24","mode":"tram","color":"#0A4595","colorDark":"#062652","band":2,"metro":1,"off":[1.7,1.1]}},{"type":"Feature","geometry":{"type":"Point","coordinates":[8.307229,47.475973]},"properties":{"name":"Baden","band":2,"modes":"metro","arr":["S6"],"off":[0,-0.8]}},{"type":"Feature","geometry":{"type":"Point","coordinates":[8.307229,47.475973]},"properties":{"line":"S6","mode":"tram","color":"#0A4595","colorDark":"#062652","band":2,"metro":1,"off":[0,1.1]}},{"type":"Feature","geometry":{"type":"Point","coordinates":[8.357413,47.445834]},"properties":{"name":"Würenlos","band":2,"modes":"metro","arr":["SN6"],"off":[0,-0.8]}},{"type":"Feature","geometry":{"type":"Point","coordinates":[8.357413,47.445834]},"properties":{"line":"SN6","mode":"tram","color":"#000000","colorDark":"#000000","band":2,"metro":1,"off":[0,1.1]}},{"type":"Feature","geometry":{"type":"Point","coordinates":[8.751952,47.235761]},"properties":{"name":"Uerikon","band":2,"modes":"metro","arr":["S20"],"off":[0,-0.8]}},{"type":"Feature","geometry":{"type":"Point","coordinates":[8.751952,47.235761]},"properties":{"line":"S20","mode":"tram","color":"#0A4595","colorDark":"#062652","band":2,"metro":1,"off":[0,1.1]}},{"type":"Feature","geometry":{"type":"Point","coordinates":[8.722616,47.24049]},"properties":{"name":"Stäfa","band":2,"modes":"metro","arr":["S7","SN7"],"off":[0,-0.8]}},{"type":"Feature","geometry":{"type":"Point","coordinates":[8.722616,47.24049]},"properties":{"line":"S7","mode":"tram","color":"#0A4595","colorDark":"#062652","band":2,"metro":1,"off":[-1.7,1.1]}},{"type":"Feature","geometry":{"type":"Point","coordinates":[8.722616,47.24049]},"properties":{"line":"SN7","mode":"tram","color":"#000000","colorDark":"#000000","band":2,"metro":1,"off":[1.7,1.1]}},{"type":"Feature","geometry":{"type":"Point","coordinates":[8.723642,47.50072]},"properties":{"name":"Winterthur","band":2,"modes":"metro","arr":["S7","S8","S11","S12","S24","S26","S30","S41","SN1","SN6","SN11","SN41"],"off":[0,-0.8]}},{"type":"Feature","geometry":{"type":"Point","coordinates":[8.723642,47.50072]},"properties":{"line":"S7","mode":"tram","color":"#0A4595","colorDark":"#062652","band":2,"metro":1,"off":[-5.82,1.1]}},{"type":"Feature","geometry":{"type":"Point","coordinates":[8.723642,47.50072]},"properties":{"line":"S8","mode":"tram","color":"#0A4595","colorDark":"#062652","band":2,"metro":1,"off":[-1.94,1.1]}},{"type":"Feature","geometry":{"type":"Point","coordinates":[8.723642,47.50072]},"properties":{"line":"S11","mode":"tram","color":"#0A4595","colorDark":"#062652","band":2,"metro":1,"off":[1.94,1.1]}},{"type":"Feature","geometry":{"type":"Point","coordinates":[8.723642,47.50072]},"properties":{"line":"S12","mode":"tram","color":"#0A4595","colorDark":"#062652","band":2,"metro":1,"off":[5.82,1.1]}},{"type":"Feature","geometry":{"type":"Point","coordinates":[8.723642,47.50072]},"properties":{"line":"S24","mode":"tram","color":"#0A4595","colorDark":"#062652","band":2,"metro":1,"off":[-5.82,3.1]}},{"type":"Feature","geometry":{"type":"Point","coordinates":[8.723642,47.50072]},"properties":{"line":"S26","mode":"tram","color":"#0A4595","colorDark":"#062652","band":2,"metro":1,"off":[-1.94,3.1]}},{"type":"Feature","geometry":{"type":"Point","coordinates":[8.723642,47.50072]},"properties":{"line":"S30","mode":"tram","color":"#0A4595","colorDark":"#062652","band":2,"metro":1,"off":[1.94,3.1]}},{"type":"Feature","geometry":{"type":"Point","coordinates":[8.723642,47.50072]},"properties":{"line":"S41","mode":"tram","color":"#0A4595","colorDark":"#062652","band":2,"metro":1,"off":[5.82,3.1]}},{"type":"Feature","geometry":{"type":"Point","coordinates":[8.723642,47.50072]},"properties":{"line":"SN1","mode":"tram","color":"#000000","colorDark":"#000000","band":2,"metro":1,"off":[-5.82,5.1]}},{"type":"Feature","geometry":{"type":"Point","coordinates":[8.723642,47.50072]},"properties":{"line":"SN6","mode":"tram","color":"#000000","colorDark":"#000000","band":2,"metro":1,"off":[-1.94,5.1]}},{"type":"Feature","geometry":{"type":"Point","coordinates":[8.723642,47.50072]},"properties":{"line":"SN11","mode":"tram","color":"#000000","colorDark":"#000000","band":2,"metro":1,"off":[1.94,5.1]}},{"type":"Feature","geometry":{"type":"Point","coordinates":[8.723642,47.50072]},"properties":{"line":"SN41","mode":"tram","color":"#000000","colorDark":"#000000","band":2,"metro":1,"off":[5.82,5.1]}},{"type":"Feature","geometry":{"type":"Point","coordinates":[8.632071,47.697775]},"properties":{"name":"Schaffhausen","band":2,"modes":"metro","arr":["S9","S24"],"off":[0,-0.8]}},{"type":"Feature","geometry":{"type":"Point","coordinates":[8.632071,47.697775]},"properties":{"line":"S9","mode":"tram","color":"#0A4595","colorDark":"#062652","band":2,"metro":1,"off":[-1.7,1.1]}},{"type":"Feature","geometry":{"type":"Point","coordinates":[8.632071,47.697775]},"properties":{"line":"S24","mode":"tram","color":"#0A4595","colorDark":"#062652","band":2,"metro":1,"off":[1.7,1.1]}},{"type":"Feature","geometry":{"type":"Point","coordinates":[8.536232,47.52423]},"properties":{"name":"Bülach","band":2,"modes":"metro","arr":["S36","S41","SN9","SN41"],"off":[0,-0.8]}},{"type":"Feature","geometry":{"type":"Point","coordinates":[8.536232,47.52423]},"properties":{"line":"S36","mode":"tram","color":"#0A4595","colorDark":"#062652","band":2,"metro":1,"off":[-5.82,1.1]}},{"type":"Feature","geometry":{"type":"Point","coordinates":[8.536232,47.52423]},"properties":{"line":"S41","mode":"tram","color":"#0A4595","colorDark":"#062652","band":2,"metro":1,"off":[-1.94,1.1]}},{"type":"Feature","geometry":{"type":"Point","coordinates":[8.536232,47.52423]},"properties":{"line":"SN9","mode":"tram","color":"#000000","colorDark":"#000000","band":2,"metro":1,"off":[1.94,1.1]}},{"type":"Feature","geometry":{"type":"Point","coordinates":[8.536232,47.52423]},"properties":{"line":"SN41","mode":"tram","color":"#000000","colorDark":"#000000","band":2,"metro":1,"off":[5.82,1.1]}},{"type":"Feature","geometry":{"type":"Point","coordinates":[8.487477,47.35198]},"properties":{"name":"Uetliberg","band":2,"modes":"metro","arr":["S10"],"off":[0,-0.8]}},{"type":"Feature","geometry":{"type":"Point","coordinates":[8.487477,47.35198]},"properties":{"line":"S10","mode":"tram","color":"#0A4595","colorDark":"#062652","band":2,"metro":1,"off":[0,1.1]}},{"type":"Feature","geometry":{"type":"Point","coordinates":[8.848534,47.418059]},"properties":{"name":"Wila","band":2,"modes":"metro","arr":["S11"],"off":[0,-0.8]}},{"type":"Feature","geometry":{"type":"Point","coordinates":[8.848534,47.418059]},"properties":{"line":"S11","mode":"tram","color":"#0A4595","colorDark":"#062652","band":2,"metro":1,"off":[0,1.1]}},{"type":"Feature","geometry":{"type":"Point","coordinates":[8.405821,47.404289]},"properties":{"name":"Dietikon","band":2,"modes":"metro","arr":["S17"],"off":[0,-0.8]}},{"type":"Feature","geometry":{"type":"Point","coordinates":[8.405821,47.404289]},"properties":{"line":"S17","mode":"tram","color":"#0A4595","colorDark":"#062652","band":2,"metro":1,"off":[0,1.1]}},{"type":"Feature","geometry":{"type":"Point","coordinates":[8.209484,47.481151]},"properties":{"name":"Brugg AG","band":2,"modes":"metro","arr":["S12","S25"],"off":[0,-0.8]}},{"type":"Feature","geometry":{"type":"Point","coordinates":[8.209484,47.481151]},"properties":{"line":"S12","mode":"tram","color":"#0A4595","colorDark":"#062652","band":2,"metro":1,"off":[-1.7,1.1]}},{"type":"Feature","geometry":{"type":"Point","coordinates":[8.209484,47.481151]},"properties":{"line":"S25","mode":"tram","color":"#0A4595","colorDark":"#062652","band":2,"metro":1,"off":[1.7,1.1]}},{"type":"Feature","geometry":{"type":"Point","coordinates":[8.83949,47.300154]},"properties":{"name":"Hinwil","band":2,"modes":"metro","arr":["S14"],"off":[0,-0.8]}},{"type":"Feature","geometry":{"type":"Point","coordinates":[8.83949,47.300154]},"properties":{"line":"S14","mode":"tram","color":"#0A4595","colorDark":"#062652","band":2,"metro":1,"off":[0,1.1]}},{"type":"Feature","geometry":{"type":"Point","coordinates":[8.227405,47.60017]},"properties":{"name":"Koblenz","band":2,"modes":"metro","arr":["S19"],"off":[0,-0.8]}},{"type":"Feature","geometry":{"type":"Point","coordinates":[8.227405,47.60017]},"properties":{"line":"S19","mode":"tram","color":"#0A4595","colorDark":"#062652","band":2,"metro":1,"off":[0,1.1]}},{"type":"Feature","geometry":{"type":"Point","coordinates":[8.340004,47.276848]},"properties":{"name":"Muri AG","band":2,"modes":"metro","arr":["S25","S42"],"off":[0,-0.8]}},{"type":"Feature","geometry":{"type":"Point","coordinates":[8.340004,47.276848]},"properties":{"line":"S25","mode":"tram","color":"#0A4595","colorDark":"#062652","band":2,"metro":1,"off":[-1.7,1.1]}},{"type":"Feature","geometry":{"type":"Point","coordinates":[8.340004,47.276848]},"properties":{"line":"S42","mode":"tram","color":"#0A4595","colorDark":"#062652","band":2,"metro":1,"off":[1.7,1.1]}},{"type":"Feature","geometry":{"type":"Point","coordinates":[8.896757,47.558499]},"properties":{"name":"Frauenfeld","band":2,"modes":"metro","arr":["S30"],"off":[0,-0.8]}},{"type":"Feature","geometry":{"type":"Point","coordinates":[8.896757,47.558499]},"properties":{"line":"S30","mode":"tram","color":"#0A4595","colorDark":"#062652","band":2,"metro":1,"off":[0,1.1]}},{"type":"Feature","geometry":{"type":"Point","coordinates":[8.75993,47.507089]},"properties":{"name":"Oberwinterthur","band":2,"modes":"metro","arr":["SN1"],"off":[0,-0.8]}},{"type":"Feature","geometry":{"type":"Point","coordinates":[8.75993,47.507089]},"properties":{"line":"SN1","mode":"tram","color":"#000000","colorDark":"#000000","band":2,"metro":1,"off":[0,1.1]}},{"type":"Feature","geometry":{"type":"Point","coordinates":[8.473769,47.394064]},"properties":{"name":"Hermetschloo","band":3,"modes":"bus","arr":["31"],"off":[0,-0.8]}},{"type":"Feature","geometry":{"type":"Point","coordinates":[8.473769,47.394064]},"properties":{"line":"31","mode":"bus","color":"#149a3f","colorDark":"#0a5121","band":3,"off":[0,1.1]}},{"type":"Feature","geometry":{"type":"Point","coordinates":[8.539959,47.376903]},"properties":{"name":"Bahnhofstrasse/HB","band":3,"modes":"tram,bus","arr":["6","14","N1","N3","N4","N5","N6","N7","N10","N13","N14","N16","N17","N46","N71","N74","N91"],"off":[0,-0.8]}},{"type":"Feature","geometry":{"type":"Point","coordinates":[8.539959,47.376903]},"properties":{"name":"Bahnhofplatz/HB","band":3,"modes":"tram,bus","arr":["6","14","N1","N3","N4","N5","N6","N7","N10","N13","N14","N16","N17","N46","N71","N74","N91"],"off":[0,-1.9]}},{"type":"Feature","geometry":{"type":"Point","coordinates":[8.539959,47.376903]},"properties":{"line":"6","mode":"tram","color":"#d6212b","colorDark":"#7c1116","band":3,"off":[-6.8,1.1]}},{"type":"Feature","geometry":{"type":"Point","coordinates":[8.539959,47.376903]},"properties":{"line":"14","mode":"tram","color":"#d6212b","colorDark":"#7c1116","band":3,"off":[-3.4,1.1]}},{"type":"Feature","geometry":{"type":"Point","coordinates":[8.539959,47.376903]},"properties":{"line":"N1","mode":"bus","color":"#000000","colorDark":"#000000","band":3,"off":[0,1.1]}},{"type":"Feature","geometry":{"type":"Point","coordinates":[8.539959,47.376903]},"properties":{"line":"N3","mode":"bus","color":"#000000","colorDark":"#000000","band":3,"off":[3.4,1.1]}},{"type":"Feature","geometry":{"type":"Point","coordinates":[8.539959,47.376903]},"properties":{"line":"N4","mode":"bus","color":"#000000","colorDark":"#000000","band":3,"off":[6.8,1.1]}},{"type":"Feature","geometry":{"type":"Point","coordinates":[8.539959,47.376903]},"properties":{"line":"N5","mode":"bus","color":"#000000","colorDark":"#000000","band":3,"off":[-6.8,3.1]}},{"type":"Feature","geometry":{"type":"Point","coordinates":[8.539959,47.376903]},"properties":{"line":"N6","mode":"bus","color":"#000000","colorDark":"#000000","band":3,"off":[-3.4,3.1]}},{"type":"Feature","geometry":{"type":"Point","coordinates":[8.539959,47.376903]},"properties":{"line":"N7","mode":"bus","color":"#000000","colorDark":"#000000","band":3,"off":[0,3.1]}},{"type":"Feature","geometry":{"type":"Point","coordinates":[8.539959,47.376903]},"properties":{"line":"N10","mode":"bus","color":"#000000","colorDark":"#000000","band":3,"off":[3.4,3.1]}},{"type":"Feature","geometry":{"type":"Point","coordinates":[8.539959,47.376903]},"properties":{"line":"N13","mode":"bus","color":"#000000","colorDark":"#000000","band":3,"off":[6.8,3.1]}},{"type":"Feature","geometry":{"type":"Point","coordinates":[8.539959,47.376903]},"properties":{"line":"N14","mode":"bus","color":"#000000","colorDark":"#000000","band":3,"off":[-6.8,5.1]}},{"type":"Feature","geometry":{"type":"Point","coordinates":[8.539959,47.376903]},"properties":{"line":"N16","mode":"bus","color":"#000000","colorDark":"#000000","band":3,"off":[-3.4,5.1]}},{"type":"Feature","geometry":{"type":"Point","coordinates":[8.539959,47.376903]},"properties":{"line":"N17","mode":"bus","color":"#000000","colorDark":"#000000","band":3,"off":[0,5.1]}},{"type":"Feature","geometry":{"type":"Point","coordinates":[8.539959,47.376903]},"properties":{"line":"N46","mode":"bus","color":"#000000","colorDark":"#000000","band":3,"off":[3.4,5.1]}},{"type":"Feature","geometry":{"type":"Point","coordinates":[8.539959,47.376903]},"properties":{"line":"N71","mode":"bus","color":"#000000","colorDark":"#000000","band":3,"off":[6.8,5.1]}},{"type":"Feature","geometry":{"type":"Point","coordinates":[8.539959,47.376903]},"properties":{"line":"N74","mode":"bus","color":"#000000","colorDark":"#000000","band":3,"off":[-1.7,7.1]}},{"type":"Feature","geometry":{"type":"Point","coordinates":[8.539959,47.376903]},"properties":{"line":"N91","mode":"bus","color":"#000000","colorDark":"#000000","band":3,"off":[1.7,7.1]}},{"type":"Feature","geometry":{"type":"Point","coordinates":[8.600756,47.355175]},"properties":{"name":"Kienastenwies","band":3,"modes":"bus","arr":["31"],"off":[0,-0.8]}},{"type":"Feature","geometry":{"type":"Point","coordinates":[8.600756,47.355175]},"properties":{"line":"31","mode":"bus","color":"#149a3f","colorDark":"#0a5121","band":3,"off":[0,1.1]}},{"type":"Feature","geometry":{"type":"Point","coordinates":[8.496649,47.423788]},"properties":{"name":"Holzerhurd","band":3,"modes":"bus","arr":["32"],"off":[0,-0.8]}},{"type":"Feature","geometry":{"type":"Point","coordinates":[8.496649,47.423788]},"properties":{"line":"32","mode":"bus","color":"#149a3f","colorDark":"#0a5121","band":3,"off":[0,1.1]}},{"type":"Feature","geometry":{"type":"Point","coordinates":[8.502826,47.364463]},"properties":{"name":"Schweighof","band":3,"modes":"bus","arr":["73"],"off":[0,-0.8]}},{"type":"Feature","geometry":{"type":"Point","coordinates":[8.502826,47.364463]},"properties":{"line":"73","mode":"bus","color":"#0059a9","colorDark":"#00294f","band":3,"off":[0,1.1]}},{"type":"Feature","geometry":{"type":"Point","coordinates":[8.51157,47.353177]},"properties":{"name":"Strassenverkehrsamt","band":3,"modes":"bus","arr":["32"],"off":[0,-0.8]}},{"type":"Feature","geometry":{"type":"Point","coordinates":[8.51157,47.353177]},"properties":{"line":"32","mode":"bus","color":"#149a3f","colorDark":"#0a5121","band":3,"off":[0,1.1]}},{"type":"Feature","geometry":{"type":"Point","coordinates":[8.505497,47.419449]},"properties":{"name":"Zehntenhausplatz","band":3,"modes":"bus","arr":["492"],"off":[0,-0.8]}},{"type":"Feature","geometry":{"type":"Point","coordinates":[8.505497,47.419449]},"properties":{"line":"492","mode":"bus","color":"#0059a9","colorDark":"#00294f","band":3,"off":[0,1.1]}},{"type":"Feature","geometry":{"type":"Point","coordinates":[8.56086,47.350421]},"properties":{"name":"Bahnhof Tiefenbrunnen","band":3,"modes":"bus,tram","arr":["33","11","15","N33"],"off":[0,-0.8]}},{"type":"Feature","geometry":{"type":"Point","coordinates":[8.56086,47.350421]},"properties":{"line":"33","mode":"bus","color":"#149a3f","colorDark":"#0a5121","band":3,"off":[-5.1,1.1]}},{"type":"Feature","geometry":{"type":"Point","coordinates":[8.56086,47.350421]},"properties":{"line":"11","mode":"tram","color":"#d6212b","colorDark":"#7c1116","band":3,"off":[-1.7,1.1]}},{"type":"Feature","geometry":{"type":"Point","coordinates":[8.56086,47.350421]},"properties":{"line":"15","mode":"tram","color":"#d6212b","colorDark":"#7c1116","band":3,"off":[1.7,1.1]}},{"type":"Feature","geometry":{"type":"Point","coordinates":[8.56086,47.350421]},"properties":{"line":"N33","mode":"bus","color":"#000000","colorDark":"#000000","band":3,"off":[5.1,1.1]}},{"type":"Feature","geometry":{"type":"Point","coordinates":[8.495504,47.36792]},"properties":{"name":"Triemli","band":3,"modes":"bus,tram","arr":["33","9","14","N8","N33"],"off":[0,-0.8]}},{"type":"Feature","geometry":{"type":"Point","coordinates":[8.495504,47.36792]},"properties":{"line":"33","mode":"bus","color":"#149a3f","colorDark":"#0a5121","band":3,"off":[-6.8,1.1]}},{"type":"Feature","geometry":{"type":"Point","coordinates":[8.495504,47.36792]},"properties":{"line":"9","mode":"tram","color":"#d6212b","colorDark":"#7c1116","band":3,"off":[-3.4,1.1]}},{"type":"Feature","geometry":{"type":"Point","coordinates":[8.495504,47.36792]},"properties":{"line":"14","mode":"tram","color":"#d6212b","colorDark":"#7c1116","band":3,"off":[0,1.1]}},{"type":"Feature","geometry":{"type":"Point","coordinates":[8.495504,47.36792]},"properties":{"line":"N8","mode":"bus","color":"#000000","colorDark":"#000000","band":3,"off":[3.4,1.1]}},{"type":"Feature","geometry":{"type":"Point","coordinates":[8.495504,47.36792]},"properties":{"line":"N33","mode":"bus","color":"#000000","colorDark":"#000000","band":3,"off":[6.8,1.1]}},{"type":"Feature","geometry":{"type":"Point","coordinates":[8.477304,47.413688]},"properties":{"name":"Rütihof","band":3,"modes":"bus","arr":["46","N46"],"off":[0,-0.8]}},{"type":"Feature","geometry":{"type":"Point","coordinates":[8.477304,47.413688]},"properties":{"line":"46","mode":"bus","color":"#149a3f","colorDark":"#0a5121","band":3,"off":[-1.7,1.1]}},{"type":"Feature","geometry":{"type":"Point","coordinates":[8.477304,47.413688]},"properties":{"line":"N46","mode":"bus","color":"#000000","colorDark":"#000000","band":3,"off":[1.7,1.1]}},{"type":"Feature","geometry":{"type":"Point","coordinates":[8.54199,47.377614]},"properties":{"name":"Bahnhofquai/HB","band":3,"modes":"bus","arr":["46"],"off":[0,-0.8]}},{"type":"Feature","geometry":{"type":"Point","coordinates":[8.54199,47.377614]},"properties":{"line":"46","mode":"bus","color":"#149a3f","colorDark":"#0a5121","band":3,"off":[0,1.1]}},{"type":"Feature","geometry":{"type":"Point","coordinates":[8.541594,47.397655]},"properties":{"name":"Milchbuck","band":3,"modes":"bus","arr":["72","83","69","N15","N18"],"off":[0,-0.8]}},{"type":"Feature","geometry":{"type":"Point","coordinates":[8.541594,47.397655]},"properties":{"line":"72","mode":"bus","color":"#149a3f","colorDark":"#0a5121","band":3,"off":[-6.8,1.1]}},{"type":"Feature","geometry":{"type":"Point","coordinates":[8.541594,47.397655]},"properties":{"line":"83","mode":"bus","color":"#149a3f","colorDark":"#0a5121","band":3,"off":[-3.4,1.1]}},{"type":"Feature","geometry":{"type":"Point","coordinates":[8.541594,47.397655]},"properties":{"line":"69","mode":"bus","color":"#0059a9","colorDark":"#00294f","band":3,"off":[0,1.1]}},{"type":"Feature","geometry":{"type":"Point","coordinates":[8.541594,47.397655]},"properties":{"line":"N15","mode":"bus","color":"#000000","colorDark":"#000000","band":3,"off":[3.4,1.1]}},{"type":"Feature","geometry":{"type":"Point","coordinates":[8.541594,47.397655]},"properties":{"line":"N18","mode":"bus","color":"#000000","colorDark":"#000000","band":3,"off":[6.8,1.1]}},{"type":"Feature","geometry":{"type":"Point","coordinates":[8.529616,47.344075]},"properties":{"name":"Morgental","band":3,"modes":"bus","arr":["72"],"off":[0,-0.8]}},{"type":"Feature","geometry":{"type":"Point","coordinates":[8.529616,47.344075]},"properties":{"line":"72","mode":"bus","color":"#149a3f","colorDark":"#0a5121","band":3,"off":[0,1.1]}},{"type":"Feature","geometry":{"type":"Point","coordinates":[8.532949,47.398505]},"properties":{"name":"Bucheggplatz G","band":3,"modes":"tram,bus","arr":["17","40"],"off":[0,-0.8]}},{"type":"Feature","geometry":{"type":"Point","coordinates":[8.532949,47.398505]},"properties":{"name":"Bucheggplatz","band":3,"modes":"tram,bus","arr":["17","40"],"off":[0,-1.9]}},{"type":"Feature","geometry":{"type":"Point","coordinates":[8.532949,47.398505]},"properties":{"line":"17","mode":"tram","color":"#d6212b","colorDark":"#7c1116","band":3,"off":[-1.7,1.1]}},{"type":"Feature","geometry":{"type":"Point","coordinates":[8.532949,47.398505]},"properties":{"line":"40","mode":"bus","color":"#0059a9","colorDark":"#00294f","band":3,"off":[1.7,1.1]}},{"type":"Feature","geometry":{"type":"Point","coordinates":[8.488508,47.390999]},"properties":{"name":"Bahnhof Altstetten G","band":3,"modes":"bus","arr":["83","20","N12"],"off":[0,-0.8]}},{"type":"Feature","geometry":{"type":"Point","coordinates":[8.488508,47.390999]},"properties":{"name":"Bahnhof Altstetten B","band":3,"modes":"bus","arr":["83","20","N12"],"off":[0,-3]}},{"type":"Feature","geometry":{"type":"Point","coordinates":[8.488508,47.390999]},"properties":{"line":"83","mode":"bus","color":"#149a3f","colorDark":"#0a5121","band":3,"off":[-3.4,1.1]}},{"type":"Feature","geometry":{"type":"Point","coordinates":[8.488508,47.390999]},"properties":{"line":"20","mode":"bus","color":"#0059a9","colorDark":"#00294f","band":3,"off":[0,1.1]}},{"type":"Feature","geometry":{"type":"Point","coordinates":[8.488508,47.390999]},"properties":{"line":"N12","mode":"bus","color":"#000000","colorDark":"#000000","band":3,"off":[3.4,1.1]}},{"type":"Feature","geometry":{"type":"Point","coordinates":[8.353506,47.433264]},"properties":{"name":"Killwangen, Bahnhof A","band":3,"modes":"bus","arr":["20"],"off":[0,-0.8]}},{"type":"Feature","geometry":{"type":"Point","coordinates":[8.353506,47.433264]},"properties":{"line":"20","mode":"bus","color":"#0059a9","colorDark":"#00294f","band":3,"off":[0,1.1]}},{"type":"Feature","geometry":{"type":"Point","coordinates":[8.444818,47.397911]},"properties":{"name":"Schlieren, Geissweid","band":3,"modes":"tram,bus","arr":["2","N17"],"off":[0,-0.8]}},{"type":"Feature","geometry":{"type":"Point","coordinates":[8.444818,47.397911]},"properties":{"line":"2","mode":"tram","color":"#d6212b","colorDark":"#7c1116","band":3,"off":[-1.7,1.1]}},{"type":"Feature","geometry":{"type":"Point","coordinates":[8.444818,47.397911]},"properties":{"line":"N17","mode":"bus","color":"#000000","colorDark":"#000000","band":3,"off":[1.7,1.1]}},{"type":"Feature","geometry":{"type":"Point","coordinates":[8.574414,47.373187]},"properties":{"name":"Bergstation Dolderbahn","band":3,"modes":"bus","arr":["25"],"off":[0,-0.8]}},{"type":"Feature","geometry":{"type":"Point","coordinates":[8.574414,47.373187]},"properties":{"line":"25","mode":"bus","color":"#0059a9","colorDark":"#00294f","band":3,"off":[0,1.1]}},{"type":"Feature","geometry":{"type":"Point","coordinates":[8.561245,47.368498]},"properties":{"name":"Römerhof","band":3,"modes":"bus","arr":["25"],"off":[0,-0.8]}},{"type":"Feature","geometry":{"type":"Point","coordinates":[8.561245,47.368498]},"properties":{"line":"25","mode":"bus","color":"#0059a9","colorDark":"#00294f","band":3,"off":[0,1.1]}},{"type":"Feature","geometry":{"type":"Point","coordinates":[8.496252,47.425978]},"properties":{"name":"Mühlacker","band":3,"modes":"bus","arr":["37","61"],"off":[0,-0.8]}},{"type":"Feature","geometry":{"type":"Point","coordinates":[8.496252,47.425978]},"properties":{"line":"37","mode":"bus","color":"#0059a9","colorDark":"#00294f","band":3,"off":[-1.7,1.1]}},{"type":"Feature","geometry":{"type":"Point","coordinates":[8.496252,47.425978]},"properties":{"line":"61","mode":"bus","color":"#0059a9","colorDark":"#00294f","band":3,"off":[1.7,1.1]}},{"type":"Feature","geometry":{"type":"Point","coordinates":[8.508175,47.409048]},"properties":{"name":"ETH Hönggerberg","band":3,"modes":"bus","arr":["37","42","44","69"],"off":[0,-0.8]}},{"type":"Feature","geometry":{"type":"Point","coordinates":[8.508175,47.409048]},"properties":{"line":"37","mode":"bus","color":"#0059a9","colorDark":"#00294f","band":3,"off":[-5.1,1.1]}},{"type":"Feature","geometry":{"type":"Point","coordinates":[8.508175,47.409048]},"properties":{"line":"42","mode":"bus","color":"#0059a9","colorDark":"#00294f","band":3,"off":[-1.7,1.1]}},{"type":"Feature","geometry":{"type":"Point","coordinates":[8.508175,47.409048]},"properties":{"line":"44","mode":"bus","color":"#0059a9","colorDark":"#00294f","band":3,"off":[1.7,1.1]}},{"type":"Feature","geometry":{"type":"Point","coordinates":[8.508175,47.409048]},"properties":{"line":"69","mode":"bus","color":"#0059a9","colorDark":"#00294f","band":3,"off":[5.1,1.1]}},{"type":"Feature","geometry":{"type":"Point","coordinates":[8.496738,47.40948]},"properties":{"name":"Schützenhaus Höngg","band":3,"modes":"bus","arr":["38"],"off":[0,-0.8]}},{"type":"Feature","geometry":{"type":"Point","coordinates":[8.496738,47.40948]},"properties":{"line":"38","mode":"bus","color":"#0059a9","colorDark":"#00294f","band":3,"off":[0,1.1]}},{"type":"Feature","geometry":{"type":"Point","coordinates":[8.521876,47.399099]},"properties":{"name":"Waidspital","band":3,"modes":"bus","arr":["38"],"off":[0,-0.8]}},{"type":"Feature","geometry":{"type":"Point","coordinates":[8.521876,47.399099]},"properties":{"line":"38","mode":"bus","color":"#0059a9","colorDark":"#00294f","band":3,"off":[0,1.1]}},{"type":"Feature","geometry":{"type":"Point","coordinates":[8.54568,47.391195]},"properties":{"name":"Letzistrasse","band":3,"modes":"bus","arr":["39"],"off":[0,-0.8]}},{"type":"Feature","geometry":{"type":"Point","coordinates":[8.54568,47.391195]},"properties":{"line":"39","mode":"bus","color":"#0059a9","colorDark":"#00294f","band":3,"off":[0,1.1]}},{"type":"Feature","geometry":{"type":"Point","coordinates":[8.576916,47.384561]},"properties":{"name":"Im Klösterli","band":3,"modes":"bus","arr":["39"],"off":[0,-0.8]}},{"type":"Feature","geometry":{"type":"Point","coordinates":[8.576916,47.384561]},"properties":{"line":"39","mode":"bus","color":"#0059a9","colorDark":"#00294f","band":3,"off":[0,1.1]}},{"type":"Feature","geometry":{"type":"Point","coordinates":[8.549865,47.421879]},"properties":{"name":"Seebach","band":3,"modes":"bus,tram","arr":["40","42","51","742","N75"],"off":[0,-0.8]}},{"type":"Feature","geometry":{"type":"Point","coordinates":[8.549865,47.421879]},"properties":{"line":"40","mode":"bus","color":"#0059a9","colorDark":"#00294f","band":3,"off":[-6.8,1.1]}},{"type":"Feature","geometry":{"type":"Point","coordinates":[8.549865,47.421879]},"properties":{"line":"42","mode":"bus","color":"#0059a9","colorDark":"#00294f","band":3,"off":[-3.4,1.1]}},{"type":"Feature","geometry":{"type":"Point","coordinates":[8.549865,47.421879]},"properties":{"line":"51","mode":"tram","color":"#d6212b","colorDark":"#7c1116","band":3,"off":[0,1.1]}},{"type":"Feature","geometry":{"type":"Point","coordinates":[8.549865,47.421879]},"properties":{"line":"742","mode":"bus","color":"#0059a9","colorDark":"#00294f","band":3,"off":[3.4,1.1]}},{"type":"Feature","geometry":{"type":"Point","coordinates":[8.549865,47.421879]},"properties":{"line":"N75","mode":"bus","color":"#000000","colorDark":"#000000","band":3,"off":[6.8,1.1]}},{"type":"Feature","geometry":{"type":"Point","coordinates":[8.515203,47.428384]},"properties":{"name":"Reckenholz","band":3,"modes":"bus","arr":["44"],"off":[0,-0.8]}},{"type":"Feature","geometry":{"type":"Point","coordinates":[8.515203,47.428384]},"properties":{"line":"44","mode":"bus","color":"#0059a9","colorDark":"#00294f","band":3,"off":[0,1.1]}},{"type":"Feature","geometry":{"type":"Point","coordinates":[8.482059,47.397883]},"properties":{"name":"Werdhölzli","band":3,"modes":"tram,bus","arr":["17","45"],"off":[0,-0.8]}},{"type":"Feature","geometry":{"type":"Point","coordinates":[8.482059,47.397883]},"properties":{"line":"17","mode":"tram","color":"#d6212b","colorDark":"#7c1116","band":3,"off":[-1.7,1.1]}},{"type":"Feature","geometry":{"type":"Point","coordinates":[8.482059,47.397883]},"properties":{"line":"45","mode":"bus","color":"#0059a9","colorDark":"#00294f","band":3,"off":[1.7,1.1]}},{"type":"Feature","geometry":{"type":"Point","coordinates":[8.470374,47.388572]},"properties":{"name":"Dunkelhölzli","band":3,"modes":"bus","arr":["67","78","N1"],"off":[0,-0.8]}},{"type":"Feature","geometry":{"type":"Point","coordinates":[8.470374,47.388572]},"properties":{"line":"67","mode":"bus","color":"#0059a9","colorDark":"#00294f","band":3,"off":[-3.4,1.1]}},{"type":"Feature","geometry":{"type":"Point","coordinates":[8.470374,47.388572]},"properties":{"line":"78","mode":"bus","color":"#0059a9","colorDark":"#00294f","band":3,"off":[0,1.1]}},{"type":"Feature","geometry":{"type":"Point","coordinates":[8.470374,47.388572]},"properties":{"line":"N1","mode":"bus","color":"#000000","colorDark":"#000000","band":3,"off":[3.4,1.1]}},{"type":"Feature","geometry":{"type":"Point","coordinates":[8.474863,47.383372]},"properties":{"name":"Friedhof Eichbühl","band":3,"modes":"bus","arr":["45"],"off":[0,-0.8]}},{"type":"Feature","geometry":{"type":"Point","coordinates":[8.474863,47.383372]},"properties":{"line":"45","mode":"bus","color":"#0059a9","colorDark":"#00294f","band":3,"off":[0,1.1]}},{"type":"Feature","geometry":{"type":"Point","coordinates":[8.59534,47.409109]},"properties":{"name":"Wallisellen, Glatt (Bus) C","band":3,"modes":"bus","arr":["61","N9"],"off":[0,-0.8]}},{"type":"Feature","geometry":{"type":"Point","coordinates":[8.59534,47.409109]},"properties":{"name":"Wallisellen, Glatt (Bus) A","band":3,"modes":"bus","arr":["61","N9"],"off":[0,-3]}},{"type":"Feature","geometry":{"type":"Point","coordinates":[8.59534,47.409109]},"properties":{"line":"61","mode":"bus","color":"#0059a9","colorDark":"#00294f","band":3,"off":[-1.7,1.1]}},{"type":"Feature","geometry":{"type":"Point","coordinates":[8.59534,47.409109]},"properties":{"line":"N9","mode":"bus","color":"#000000","colorDark":"#000000","band":3,"off":[1.7,1.1]}},{"type":"Feature","geometry":{"type":"Point","coordinates":[8.522848,47.423726]},"properties":{"name":"Waidhof","band":3,"modes":"bus","arr":["62","N2"],"off":[0,-0.8]}},{"type":"Feature","geometry":{"type":"Point","coordinates":[8.522848,47.423726]},"properties":{"line":"62","mode":"bus","color":"#0059a9","colorDark":"#00294f","band":3,"off":[-1.7,1.1]}},{"type":"Feature","geometry":{"type":"Point","coordinates":[8.522848,47.423726]},"properties":{"line":"N2","mode":"bus","color":"#000000","colorDark":"#000000","band":3,"off":[1.7,1.1]}},{"type":"Feature","geometry":{"type":"Point","coordinates":[8.571416,47.404771]},"properties":{"name":"Schwamendingerplatz","band":3,"modes":"bus","arr":["62","N12"],"off":[0,-0.8]}},{"type":"Feature","geometry":{"type":"Point","coordinates":[8.571416,47.404771]},"properties":{"line":"62","mode":"bus","color":"#0059a9","colorDark":"#00294f","band":3,"off":[-1.7,1.1]}},{"type":"Feature","geometry":{"type":"Point","coordinates":[8.571416,47.404771]},"properties":{"line":"N12","mode":"bus","color":"#000000","colorDark":"#000000","band":3,"off":[1.7,1.1]}},{"type":"Feature","geometry":{"type":"Point","coordinates":[8.54414,47.412458]},"properties":{"name":"Bahnhof Oerlikon Nord","band":3,"modes":"bus","arr":["64","80","N8"],"off":[0,-0.8]}},{"type":"Feature","geometry":{"type":"Point","coordinates":[8.54414,47.412458]},"properties":{"line":"64","mode":"bus","color":"#0059a9","colorDark":"#00294f","band":3,"off":[-3.4,1.1]}},{"type":"Feature","geometry":{"type":"Point","coordinates":[8.54414,47.412458]},"properties":{"line":"80","mode":"bus","color":"#0059a9","colorDark":"#00294f","band":3,"off":[0,1.1]}},{"type":"Feature","geometry":{"type":"Point","coordinates":[8.54414,47.412458]},"properties":{"line":"N8","mode":"bus","color":"#000000","colorDark":"#000000","band":3,"off":[3.4,1.1]}},{"type":"Feature","geometry":{"type":"Point","coordinates":[8.530275,47.364508]},"properties":{"name":"Bahnhof Enge/Bederstr.","band":3,"modes":"bus","arr":["66","200","210"],"off":[0,-0.8]}},{"type":"Feature","geometry":{"type":"Point","coordinates":[8.530275,47.364508]},"properties":{"line":"66","mode":"bus","color":"#0059a9","colorDark":"#00294f","band":3,"off":[-3.4,1.1]}},{"type":"Feature","geometry":{"type":"Point","coordinates":[8.530275,47.364508]},"properties":{"line":"200","mode":"bus","color":"#0059a9","colorDark":"#00294f","band":3,"off":[0,1.1]}},{"type":"Feature","geometry":{"type":"Point","coordinates":[8.530275,47.364508]},"properties":{"line":"210","mode":"bus","color":"#0059a9","colorDark":"#00294f","band":3,"off":[3.4,1.1]}},{"type":"Feature","geometry":{"type":"Point","coordinates":[8.541631,47.317882]},"properties":{"name":"Kilchberg ZH, Kirche","band":3,"modes":"bus","arr":["66"],"off":[0,-0.8]}},{"type":"Feature","geometry":{"type":"Point","coordinates":[8.541631,47.317882]},"properties":{"line":"66","mode":"bus","color":"#0059a9","colorDark":"#00294f","band":3,"off":[0,1.1]}},{"type":"Feature","geometry":{"type":"Point","coordinates":[8.540385,47.324202]},"properties":{"name":"Kilchberg ZH, Stockengut","band":3,"modes":"bus","arr":["163"],"off":[0,-0.8]}},{"type":"Feature","geometry":{"type":"Point","coordinates":[8.540385,47.324202]},"properties":{"line":"163","mode":"bus","color":"#0059a9","colorDark":"#00294f","band":3,"off":[0,1.1]}},{"type":"Feature","geometry":{"type":"Point","coordinates":[8.523724,47.371641]},"properties":{"name":"Bahnhof Wiedikon","band":3,"modes":"bus","arr":["67","215","220","235","236","245"],"off":[0,-0.8]}},{"type":"Feature","geometry":{"type":"Point","coordinates":[8.523724,47.371641]},"properties":{"line":"67","mode":"bus","color":"#0059a9","colorDark":"#00294f","band":3,"off":[-6.8,1.1]}},{"type":"Feature","geometry":{"type":"Point","coordinates":[8.523724,47.371641]},"properties":{"line":"215","mode":"bus","color":"#0059a9","colorDark":"#00294f","band":3,"off":[-3.4,1.1]}},{"type":"Feature","geometry":{"type":"Point","coordinates":[8.523724,47.371641]},"properties":{"line":"220","mode":"bus","color":"#0059a9","colorDark":"#00294f","band":3,"off":[0,1.1]}},{"type":"Feature","geometry":{"type":"Point","coordinates":[8.523724,47.371641]},"properties":{"line":"235","mode":"bus","color":"#0059a9","colorDark":"#00294f","band":3,"off":[3.4,1.1]}},{"type":"Feature","geometry":{"type":"Point","coordinates":[8.523724,47.371641]},"properties":{"line":"236","mode":"bus","color":"#0059a9","colorDark":"#00294f","band":3,"off":[6.8,1.1]}},{"type":"Feature","geometry":{"type":"Point","coordinates":[8.523724,47.371641]},"properties":{"line":"245","mode":"bus","color":"#0059a9","colorDark":"#00294f","band":3,"off":[0,3.1]}},{"type":"Feature","geometry":{"type":"Point","coordinates":[8.533204,47.34825]},"properties":{"name":"Bahnhof Wollishofen","band":3,"modes":"bus","arr":["70","184","185"],"off":[0,-0.8]}},{"type":"Feature","geometry":{"type":"Point","coordinates":[8.533204,47.34825]},"properties":{"line":"70","mode":"bus","color":"#0059a9","colorDark":"#00294f","band":3,"off":[-3.4,1.1]}},{"type":"Feature","geometry":{"type":"Point","coordinates":[8.533204,47.34825]},"properties":{"line":"184","mode":"bus","color":"#0059a9","colorDark":"#00294f","band":3,"off":[0,1.1]}},{"type":"Feature","geometry":{"type":"Point","coordinates":[8.533204,47.34825]},"properties":{"line":"185","mode":"bus","color":"#0059a9","colorDark":"#00294f","band":3,"off":[3.4,1.1]}},{"type":"Feature","geometry":{"type":"Point","coordinates":[8.514429,47.323162]},"properties":{"name":"Mittelleimbach","band":3,"modes":"bus","arr":["70","151"],"off":[0,-0.8]}},{"type":"Feature","geometry":{"type":"Point","coordinates":[8.514429,47.323162]},"properties":{"line":"70","mode":"bus","color":"#0059a9","colorDark":"#00294f","band":3,"off":[-1.7,1.1]}},{"type":"Feature","geometry":{"type":"Point","coordinates":[8.514429,47.323162]},"properties":{"line":"151","mode":"bus","color":"#0059a9","colorDark":"#00294f","band":3,"off":[1.7,1.1]}},{"type":"Feature","geometry":{"type":"Point","coordinates":[8.497573,47.358736]},"properties":{"name":"Zielweg","band":3,"modes":"bus","arr":["73"],"off":[0,-0.8]}},{"type":"Feature","geometry":{"type":"Point","coordinates":[8.497573,47.358736]},"properties":{"line":"73","mode":"bus","color":"#0059a9","colorDark":"#00294f","band":3,"off":[0,1.1]}},{"type":"Feature","geometry":{"type":"Point","coordinates":[8.548221,47.419653]},"properties":{"name":"Seebacherplatz","band":3,"modes":"bus","arr":["75"],"off":[0,-0.8]}},{"type":"Feature","geometry":{"type":"Point","coordinates":[8.548221,47.419653]},"properties":{"line":"75","mode":"bus","color":"#0059a9","colorDark":"#00294f","band":3,"off":[0,1.1]}},{"type":"Feature","geometry":{"type":"Point","coordinates":[8.571975,47.41342]},"properties":{"name":"Auzelg Ost","band":3,"modes":"bus","arr":["75"],"off":[0,-0.8]}},{"type":"Feature","geometry":{"type":"Point","coordinates":[8.571975,47.41342]},"properties":{"line":"75","mode":"bus","color":"#0059a9","colorDark":"#00294f","band":3,"off":[0,1.1]}},{"type":"Feature","geometry":{"type":"Point","coordinates":[8.518468,47.362945]},"properties":{"name":"Binz","band":3,"modes":"bus","arr":["76","EV1","EV3"],"off":[0,-0.8]}},{"type":"Feature","geometry":{"type":"Point","coordinates":[8.518468,47.362945]},"properties":{"line":"76","mode":"bus","color":"#0059a9","colorDark":"#00294f","band":3,"off":[-3.4,1.1]}},{"type":"Feature","geometry":{"type":"Point","coordinates":[8.518468,47.362945]},"properties":{"line":"EV1","mode":"bus","color":"#0059a9","colorDark":"#00294f","band":3,"off":[0,1.1]}},{"type":"Feature","geometry":{"type":"Point","coordinates":[8.518468,47.362945]},"properties":{"line":"EV3","mode":"bus","color":"#0059a9","colorDark":"#00294f","band":3,"off":[3.4,1.1]}},{"type":"Feature","geometry":{"type":"Point","coordinates":[8.469843,47.358388]},"properties":{"name":"Ringlikon, Dorf","band":3,"modes":"bus","arr":["76","EV1","EV3"],"off":[0,-0.8]}},{"type":"Feature","geometry":{"type":"Point","coordinates":[8.469843,47.358388]},"properties":{"line":"76","mode":"bus","color":"#0059a9","colorDark":"#00294f","band":3,"off":[-3.4,1.1]}},{"type":"Feature","geometry":{"type":"Point","coordinates":[8.469843,47.358388]},"properties":{"line":"EV1","mode":"bus","color":"#0059a9","colorDark":"#00294f","band":3,"off":[0,1.1]}},{"type":"Feature","geometry":{"type":"Point","coordinates":[8.469843,47.358388]},"properties":{"line":"EV3","mode":"bus","color":"#0059a9","colorDark":"#00294f","band":3,"off":[3.4,1.1]}},{"type":"Feature","geometry":{"type":"Point","coordinates":[8.560497,47.361916]},"properties":{"name":"Hegibachplatz D","band":3,"modes":"bus","arr":["77"],"off":[0,-0.8]}},{"type":"Feature","geometry":{"type":"Point","coordinates":[8.560497,47.361916]},"properties":{"line":"77","mode":"bus","color":"#0059a9","colorDark":"#00294f","band":3,"off":[0,1.1]}},{"type":"Feature","geometry":{"type":"Point","coordinates":[8.575663,47.353923]},"properties":{"name":"Balgrist","band":3,"modes":"bus","arr":["77","99"],"off":[0,-0.8]}},{"type":"Feature","geometry":{"type":"Point","coordinates":[8.575663,47.353923]},"properties":{"line":"77","mode":"bus","color":"#0059a9","colorDark":"#00294f","band":3,"off":[-1.7,1.1]}},{"type":"Feature","geometry":{"type":"Point","coordinates":[8.575663,47.353923]},"properties":{"line":"99","mode":"bus","color":"#0059a9","colorDark":"#00294f","band":3,"off":[1.7,1.1]}},{"type":"Feature","geometry":{"type":"Point","coordinates":[8.483817,47.412146]},"properties":{"name":"Heizenholz","band":3,"modes":"bus","arr":["78"],"off":[0,-0.8]}},{"type":"Feature","geometry":{"type":"Point","coordinates":[8.483817,47.412146]},"properties":{"line":"78","mode":"bus","color":"#0059a9","colorDark":"#00294f","band":3,"off":[0,1.1]}},{"type":"Feature","geometry":{"type":"Point","coordinates":[8.496866,47.366095]},"properties":{"name":"Triemlispital","band":3,"modes":"bus","arr":["80"],"off":[0,-0.8]}},{"type":"Feature","geometry":{"type":"Point","coordinates":[8.496866,47.366095]},"properties":{"line":"80","mode":"bus","color":"#0059a9","colorDark":"#00294f","band":3,"off":[0,1.1]}},{"type":"Feature","geometry":{"type":"Point","coordinates":[8.449013,47.413369]},"properties":{"name":"Unterengstringen, Sennenbüel N","band":3,"modes":"bus","arr":["89","N13"],"off":[0,-0.8]}},{"type":"Feature","geometry":{"type":"Point","coordinates":[8.449013,47.413369]},"properties":{"name":"Unterengstringen, Sennenbüel","band":3,"modes":"bus","arr":["89","N13"],"off":[0,-3]}},{"type":"Feature","geometry":{"type":"Point","coordinates":[8.449013,47.413369]},"properties":{"line":"89","mode":"bus","color":"#0059a9","colorDark":"#00294f","band":3,"off":[-1.7,1.1]}},{"type":"Feature","geometry":{"type":"Point","coordinates":[8.449013,47.413369]},"properties":{"line":"N13","mode":"bus","color":"#000000","colorDark":"#000000","band":3,"off":[1.7,1.1]}},{"type":"Feature","geometry":{"type":"Point","coordinates":[8.523036,47.358219]},"properties":{"name":"Sihlcity","band":3,"modes":"bus","arr":["89","N2","N5"],"off":[0,-0.8]}},{"type":"Feature","geometry":{"type":"Point","coordinates":[8.523036,47.358219]},"properties":{"line":"89","mode":"bus","color":"#0059a9","colorDark":"#00294f","band":3,"off":[-3.4,1.1]}},{"type":"Feature","geometry":{"type":"Point","coordinates":[8.523036,47.358219]},"properties":{"line":"N2","mode":"bus","color":"#000000","colorDark":"#000000","band":3,"off":[0,1.1]}},{"type":"Feature","geometry":{"type":"Point","coordinates":[8.523036,47.358219]},"properties":{"line":"N5","mode":"bus","color":"#000000","colorDark":"#000000","band":3,"off":[3.4,1.1]}},{"type":"Feature","geometry":{"type":"Point","coordinates":[8.588668,47.360917]},"properties":{"name":"Buchholz","band":3,"modes":"bus","arr":["91"],"off":[0,-0.8]}},{"type":"Feature","geometry":{"type":"Point","coordinates":[8.588668,47.360917]},"properties":{"line":"91","mode":"bus","color":"#0059a9","colorDark":"#00294f","band":3,"off":[0,1.1]}},{"type":"Feature","geometry":{"type":"Point","coordinates":[8.602179,47.34599]},"properties":{"name":"Zollikerberg, Station","band":3,"modes":"bus","arr":["91"],"off":[0,-0.8]}},{"type":"Feature","geometry":{"type":"Point","coordinates":[8.602179,47.34599]},"properties":{"line":"91","mode":"bus","color":"#0059a9","colorDark":"#00294f","band":3,"off":[0,1.1]}},{"type":"Feature","geometry":{"type":"Point","coordinates":[8.569851,47.337681]},"properties":{"name":"Zollikon, Bahnhof","band":3,"modes":"bus","arr":["99","910","N4"],"off":[0,-0.8]}},{"type":"Feature","geometry":{"type":"Point","coordinates":[8.569851,47.337681]},"properties":{"line":"99","mode":"bus","color":"#0059a9","colorDark":"#00294f","band":3,"off":[-3.4,1.1]}},{"type":"Feature","geometry":{"type":"Point","coordinates":[8.569851,47.337681]},"properties":{"line":"910","mode":"bus","color":"#0059a9","colorDark":"#00294f","band":3,"off":[0,1.1]}},{"type":"Feature","geometry":{"type":"Point","coordinates":[8.569851,47.337681]},"properties":{"line":"N4","mode":"bus","color":"#000000","colorDark":"#000000","band":3,"off":[3.4,1.1]}},{"type":"Feature","geometry":{"type":"Point","coordinates":[8.577259,47.334843]},"properties":{"name":"Zollikon, Goldhaldenplatz","band":3,"modes":"bus","arr":["99","910"],"off":[0,-0.8]}},{"type":"Feature","geometry":{"type":"Point","coordinates":[8.577259,47.334843]},"properties":{"line":"99","mode":"bus","color":"#0059a9","colorDark":"#00294f","band":3,"off":[-1.7,1.1]}},{"type":"Feature","geometry":{"type":"Point","coordinates":[8.577259,47.334843]},"properties":{"line":"910","mode":"bus","color":"#0059a9","colorDark":"#00294f","band":3,"off":[1.7,1.1]}},{"type":"Feature","geometry":{"type":"Point","coordinates":[8.59608,47.261233]},"properties":{"name":"Horgen, Bahnhof F","band":3,"modes":"bus","arr":["131","132","134","136","N25"],"off":[0,-0.8]}},{"type":"Feature","geometry":{"type":"Point","coordinates":[8.59608,47.261233]},"properties":{"name":"Horgen, Bahnhof D","band":3,"modes":"bus","arr":["131","132","134","136","N25"],"off":[0,-1.9]}},{"type":"Feature","geometry":{"type":"Point","coordinates":[8.59608,47.261233]},"properties":{"name":"Horgen, Bahnhof C","band":3,"modes":"bus","arr":["131","132","134","136","N25"],"off":[0,-3]}},{"type":"Feature","geometry":{"type":"Point","coordinates":[8.59608,47.261233]},"properties":{"line":"131","mode":"bus","color":"#0059a9","colorDark":"#00294f","band":3,"off":[-6.8,1.1]}},{"type":"Feature","geometry":{"type":"Point","coordinates":[8.59608,47.261233]},"properties":{"line":"132","mode":"bus","color":"#0059a9","colorDark":"#00294f","band":3,"off":[-3.4,1.1]}},{"type":"Feature","geometry":{"type":"Point","coordinates":[8.59608,47.261233]},"properties":{"line":"134","mode":"bus","color":"#0059a9","colorDark":"#00294f","band":3,"off":[0,1.1]}},{"type":"Feature","geometry":{"type":"Point","coordinates":[8.59608,47.261233]},"properties":{"line":"136","mode":"bus","color":"#0059a9","colorDark":"#00294f","band":3,"off":[3.4,1.1]}},{"type":"Feature","geometry":{"type":"Point","coordinates":[8.59608,47.261233]},"properties":{"line":"N25","mode":"bus","color":"#000000","colorDark":"#000000","band":3,"off":[6.8,1.1]}},{"type":"Feature","geometry":{"type":"Point","coordinates":[8.59593,47.261895]},"properties":{"name":"Horgen, Bahnhof E","band":3,"modes":"bus","arr":["133","134","137","145"],"off":[0,-0.8]}},{"type":"Feature","geometry":{"type":"Point","coordinates":[8.59593,47.261895]},"properties":{"name":"Horgen, Bahnhof B","band":3,"modes":"bus","arr":["133","134","137","145"],"off":[0,-1.9]}},{"type":"Feature","geometry":{"type":"Point","coordinates":[8.59593,47.261895]},"properties":{"name":"Horgen, Bahnhof A","band":3,"modes":"bus","arr":["133","134","137","145"],"off":[0,-3]}},{"type":"Feature","geometry":{"type":"Point","coordinates":[8.59593,47.261895]},"properties":{"line":"133","mode":"bus","color":"#0059a9","colorDark":"#00294f","band":3,"off":[-5.1,1.1]}},{"type":"Feature","geometry":{"type":"Point","coordinates":[8.59593,47.261895]},"properties":{"line":"134","mode":"bus","color":"#0059a9","colorDark":"#00294f","band":3,"off":[-1.7,1.1]}},{"type":"Feature","geometry":{"type":"Point","coordinates":[8.59593,47.261895]},"properties":{"line":"137","mode":"bus","color":"#0059a9","colorDark":"#00294f","band":3,"off":[1.7,1.1]}},{"type":"Feature","geometry":{"type":"Point","coordinates":[8.59593,47.261895]},"properties":{"line":"145","mode":"bus","color":"#0059a9","colorDark":"#00294f","band":3,"off":[5.1,1.1]}},{"type":"Feature","geometry":{"type":"Point","coordinates":[8.586765,47.25837]},"properties":{"name":"Horgen, Panorama","band":3,"modes":"bus","arr":["133"],"off":[0,-0.8]}},{"type":"Feature","geometry":{"type":"Point","coordinates":[8.586765,47.25837]},"properties":{"line":"133","mode":"bus","color":"#0059a9","colorDark":"#00294f","band":3,"off":[0,1.1]}},{"type":"Feature","geometry":{"type":"Point","coordinates":[8.626031,47.251366]},"properties":{"name":"Horgen, Meilibach","band":3,"modes":"bus","arr":["134"],"off":[0,-0.8]}},{"type":"Feature","geometry":{"type":"Point","coordinates":[8.626031,47.251366]},"properties":{"line":"134","mode":"bus","color":"#0059a9","colorDark":"#00294f","band":3,"off":[0,1.1]}},{"type":"Feature","geometry":{"type":"Point","coordinates":[8.579312,47.279204]},"properties":{"name":"Oberrieden, Bahnhof","band":3,"modes":"bus","arr":["136","N25"],"off":[0,-0.8]}},{"type":"Feature","geometry":{"type":"Point","coordinates":[8.579312,47.279204]},"properties":{"line":"136","mode":"bus","color":"#0059a9","colorDark":"#00294f","band":3,"off":[-1.7,1.1]}},{"type":"Feature","geometry":{"type":"Point","coordinates":[8.579312,47.279204]},"properties":{"line":"N25","mode":"bus","color":"#000000","colorDark":"#000000","band":3,"off":[1.7,1.1]}},{"type":"Feature","geometry":{"type":"Point","coordinates":[8.557413,47.268398]},"properties":{"name":"Sihlwald, Bahnhof","band":3,"modes":"bus,metro","arr":["EV","S4"],"off":[0,-0.8]}},{"type":"Feature","geometry":{"type":"Point","coordinates":[8.557413,47.268398]},"properties":{"name":"Sihlwald","band":3,"modes":"bus,metro","arr":["EV","S4"],"off":[0,-1.9]}},{"type":"Feature","geometry":{"type":"Point","coordinates":[8.557413,47.268398]},"properties":{"line":"EV","mode":"bus","color":"#0059a9","colorDark":"#00294f","band":3,"off":[-1.7,1.1]}},{"type":"Feature","geometry":{"type":"Point","coordinates":[8.557413,47.268398]},"properties":{"line":"S4","mode":"tram","color":"#0A4595","colorDark":"#062652","band":3,"metro":1,"off":[1.7,1.1]}},{"type":"Feature","geometry":{"type":"Point","coordinates":[8.56472,47.294707]},"properties":{"name":"Thalwil, Zentrum A","band":3,"modes":"bus","arr":["140","142","145","156","N16"],"off":[0,-0.8]}},{"type":"Feature","geometry":{"type":"Point","coordinates":[8.56472,47.294707]},"properties":{"line":"140","mode":"bus","color":"#0059a9","colorDark":"#00294f","band":3,"off":[-6.8,1.1]}},{"type":"Feature","geometry":{"type":"Point","coordinates":[8.56472,47.294707]},"properties":{"line":"142","mode":"bus","color":"#0059a9","colorDark":"#00294f","band":3,"off":[-3.4,1.1]}},{"type":"Feature","geometry":{"type":"Point","coordinates":[8.56472,47.294707]},"properties":{"line":"145","mode":"bus","color":"#0059a9","colorDark":"#00294f","band":3,"off":[0,1.1]}},{"type":"Feature","geometry":{"type":"Point","coordinates":[8.56472,47.294707]},"properties":{"line":"156","mode":"bus","color":"#0059a9","colorDark":"#00294f","band":3,"off":[3.4,1.1]}},{"type":"Feature","geometry":{"type":"Point","coordinates":[8.56472,47.294707]},"properties":{"line":"N16","mode":"bus","color":"#000000","colorDark":"#000000","band":3,"off":[6.8,1.1]}},{"type":"Feature","geometry":{"type":"Point","coordinates":[8.543792,47.287348]},"properties":{"name":"Langnau-Gattikon, Bahnhof","band":3,"modes":"bus,metro","arr":["153","EV","SN4"],"off":[0,-0.8]}},{"type":"Feature","geometry":{"type":"Point","coordinates":[8.543792,47.287348]},"properties":{"name":"Langnau-Gattikon","band":3,"modes":"bus,metro","arr":["153","EV","SN4"],"off":[0,-3]}},{"type":"Feature","geometry":{"type":"Point","coordinates":[8.543792,47.287348]},"properties":{"line":"153","mode":"bus","color":"#0059a9","colorDark":"#00294f","band":3,"off":[-3.4,1.1]}},{"type":"Feature","geometry":{"type":"Point","coordinates":[8.543792,47.287348]},"properties":{"line":"EV","mode":"bus","color":"#0059a9","colorDark":"#00294f","band":3,"off":[0,1.1]}},{"type":"Feature","geometry":{"type":"Point","coordinates":[8.543792,47.287348]},"properties":{"line":"SN4","mode":"tram","color":"#000000","colorDark":"#000000","band":3,"metro":1,"off":[3.4,1.1]}},{"type":"Feature","geometry":{"type":"Point","coordinates":[8.537431,47.28096]},"properties":{"name":"Langnau am Albis, Unterrengg","band":3,"modes":"bus","arr":["140","153"],"off":[0,-0.8]}},{"type":"Feature","geometry":{"type":"Point","coordinates":[8.537431,47.28096]},"properties":{"line":"140","mode":"bus","color":"#0059a9","colorDark":"#00294f","band":3,"off":[-1.7,1.1]}},{"type":"Feature","geometry":{"type":"Point","coordinates":[8.537431,47.28096]},"properties":{"line":"153","mode":"bus","color":"#0059a9","colorDark":"#00294f","band":3,"off":[1.7,1.1]}},{"type":"Feature","geometry":{"type":"Point","coordinates":[8.565376,47.284734]},"properties":{"name":"Thalwil, Böni","band":3,"modes":"bus","arr":["142"],"off":[0,-0.8]}},{"type":"Feature","geometry":{"type":"Point","coordinates":[8.565376,47.284734]},"properties":{"line":"142","mode":"bus","color":"#0059a9","colorDark":"#00294f","band":3,"off":[0,1.1]}},{"type":"Feature","geometry":{"type":"Point","coordinates":[8.52436,47.311539]},"properties":{"name":"Adliswil, Bahnhof C","band":3,"modes":"bus","arr":["151","152","153","156","184","185","N15","N18"],"off":[0,-0.8]}},{"type":"Feature","geometry":{"type":"Point","coordinates":[8.52436,47.311539]},"properties":{"name":"Adliswil, Bahnhof B","band":3,"modes":"bus","arr":["151","152","153","156","184","185","N15","N18"],"off":[0,-3]}},{"type":"Feature","geometry":{"type":"Point","coordinates":[8.52436,47.311539]},"properties":{"name":"Adliswil, Bahnhof A","band":3,"modes":"bus","arr":["151","152","153","156","184","185","N15","N18"],"off":[0,-5.2]}},{"type":"Feature","geometry":{"type":"Point","coordinates":[8.52436,47.311539]},"properties":{"line":"151","mode":"bus","color":"#0059a9","colorDark":"#00294f","band":3,"off":[-6.8,1.1]}},{"type":"Feature","geometry":{"type":"Point","coordinates":[8.52436,47.311539]},"properties":{"line":"152","mode":"bus","color":"#0059a9","colorDark":"#00294f","band":3,"off":[-3.4,1.1]}},{"type":"Feature","geometry":{"type":"Point","coordinates":[8.52436,47.311539]},"properties":{"line":"153","mode":"bus","color":"#0059a9","colorDark":"#00294f","band":3,"off":[0,1.1]}},{"type":"Feature","geometry":{"type":"Point","coordinates":[8.52436,47.311539]},"properties":{"line":"156","mode":"bus","color":"#0059a9","colorDark":"#00294f","band":3,"off":[3.4,1.1]}},{"type":"Feature","geometry":{"type":"Point","coordinates":[8.52436,47.311539]},"properties":{"line":"184","mode":"bus","color":"#0059a9","colorDark":"#00294f","band":3,"off":[6.8,1.1]}},{"type":"Feature","geometry":{"type":"Point","coordinates":[8.52436,47.311539]},"properties":{"line":"185","mode":"bus","color":"#0059a9","colorDark":"#00294f","band":3,"off":[-3.4,3.1]}},{"type":"Feature","geometry":{"type":"Point","coordinates":[8.52436,47.311539]},"properties":{"line":"N15","mode":"bus","color":"#000000","colorDark":"#000000","band":3,"off":[0,3.1]}},{"type":"Feature","geometry":{"type":"Point","coordinates":[8.52436,47.311539]},"properties":{"line":"N18","mode":"bus","color":"#000000","colorDark":"#000000","band":3,"off":[3.4,3.1]}},{"type":"Feature","geometry":{"type":"Point","coordinates":[8.522094,47.301137]},"properties":{"name":"Adliswil, Büchel","band":3,"modes":"bus","arr":["N18"],"off":[0,-0.8]}},{"type":"Feature","geometry":{"type":"Point","coordinates":[8.522094,47.301137]},"properties":{"line":"N18","mode":"bus","color":"#000000","colorDark":"#000000","band":3,"off":[0,1.1]}},{"type":"Feature","geometry":{"type":"Point","coordinates":[8.535037,47.3087]},"properties":{"name":"Adliswil, Schulhaus Kopfholz","band":3,"modes":"bus","arr":["N15"],"off":[0,-0.8]}},{"type":"Feature","geometry":{"type":"Point","coordinates":[8.535037,47.3087]},"properties":{"line":"N15","mode":"bus","color":"#000000","colorDark":"#000000","band":3,"off":[0,1.1]}},{"type":"Feature","geometry":{"type":"Point","coordinates":[8.540238,47.367178]},"properties":{"name":"Bürkliplatz","band":3,"modes":"bus","arr":["161","165"],"off":[0,-0.8]}},{"type":"Feature","geometry":{"type":"Point","coordinates":[8.540238,47.367178]},"properties":{"line":"161","mode":"bus","color":"#0059a9","colorDark":"#00294f","band":3,"off":[-1.7,1.1]}},{"type":"Feature","geometry":{"type":"Point","coordinates":[8.540238,47.367178]},"properties":{"line":"165","mode":"bus","color":"#0059a9","colorDark":"#00294f","band":3,"off":[1.7,1.1]}},{"type":"Feature","geometry":{"type":"Point","coordinates":[8.539035,47.316957]},"properties":{"name":"Kilchberg ZH, Neuweid","band":3,"modes":"bus","arr":["161"],"off":[0,-0.8]}},{"type":"Feature","geometry":{"type":"Point","coordinates":[8.539035,47.316957]},"properties":{"line":"161","mode":"bus","color":"#0059a9","colorDark":"#00294f","band":3,"off":[0,1.1]}},{"type":"Feature","geometry":{"type":"Point","coordinates":[8.535262,47.321866]},"properties":{"name":"Kilchberg ZH, Asp","band":3,"modes":"bus","arr":["162"],"off":[0,-0.8]}},{"type":"Feature","geometry":{"type":"Point","coordinates":[8.535262,47.321866]},"properties":{"line":"162","mode":"bus","color":"#0059a9","colorDark":"#00294f","band":3,"off":[0,1.1]}},{"type":"Feature","geometry":{"type":"Point","coordinates":[8.548151,47.324656]},"properties":{"name":"Kilchberg ZH, Bahnhof","band":3,"modes":"bus","arr":["162","163"],"off":[0,-0.8]}},{"type":"Feature","geometry":{"type":"Point","coordinates":[8.548151,47.324656]},"properties":{"line":"162","mode":"bus","color":"#0059a9","colorDark":"#00294f","band":3,"off":[-1.7,1.1]}},{"type":"Feature","geometry":{"type":"Point","coordinates":[8.548151,47.324656]},"properties":{"line":"163","mode":"bus","color":"#0059a9","colorDark":"#00294f","band":3,"off":[1.7,1.1]}},{"type":"Feature","geometry":{"type":"Point","coordinates":[8.542971,47.324678]},"properties":{"name":"Kilchberg ZH, Schlimbergstr.","band":3,"modes":"bus","arr":["163"],"off":[0,-0.8]}},{"type":"Feature","geometry":{"type":"Point","coordinates":[8.542971,47.324678]},"properties":{"line":"163","mode":"bus","color":"#0059a9","colorDark":"#00294f","band":3,"off":[0,1.1]}},{"type":"Feature","geometry":{"type":"Point","coordinates":[8.548877,47.301407]},"properties":{"name":"Rüschlikon, Park im Grüene","band":3,"modes":"bus","arr":["165"],"off":[0,-0.8]}},{"type":"Feature","geometry":{"type":"Point","coordinates":[8.548877,47.301407]},"properties":{"line":"165","mode":"bus","color":"#0059a9","colorDark":"#00294f","band":3,"off":[0,1.1]}},{"type":"Feature","geometry":{"type":"Point","coordinates":[8.446721,47.276251]},"properties":{"name":"Affoltern a.A., Bahnhof C","band":3,"modes":"bus","arr":["200","214","215","223","225","N24"],"off":[0,-0.8]}},{"type":"Feature","geometry":{"type":"Point","coordinates":[8.446721,47.276251]},"properties":{"name":"Affoltern a.A., Bahnhof B","band":3,"modes":"bus","arr":["200","214","215","223","225","N24"],"off":[0,-3]}},{"type":"Feature","geometry":{"type":"Point","coordinates":[8.446721,47.276251]},"properties":{"name":"Affoltern a.A., Bahnhof A","band":3,"modes":"bus","arr":["200","214","215","223","225","N24"],"off":[0,-5.2]}},{"type":"Feature","geometry":{"type":"Point","coordinates":[8.446721,47.276251]},"properties":{"line":"200","mode":"bus","color":"#0059a9","colorDark":"#00294f","band":3,"off":[-6.8,1.1]}},{"type":"Feature","geometry":{"type":"Point","coordinates":[8.446721,47.276251]},"properties":{"line":"214","mode":"bus","color":"#0059a9","colorDark":"#00294f","band":3,"off":[-3.4,1.1]}},{"type":"Feature","geometry":{"type":"Point","coordinates":[8.446721,47.276251]},"properties":{"line":"215","mode":"bus","color":"#0059a9","colorDark":"#00294f","band":3,"off":[0,1.1]}},{"type":"Feature","geometry":{"type":"Point","coordinates":[8.446721,47.276251]},"properties":{"line":"223","mode":"bus","color":"#0059a9","colorDark":"#00294f","band":3,"off":[3.4,1.1]}},{"type":"Feature","geometry":{"type":"Point","coordinates":[8.446721,47.276251]},"properties":{"line":"225","mode":"bus","color":"#0059a9","colorDark":"#00294f","band":3,"off":[6.8,1.1]}},{"type":"Feature","geometry":{"type":"Point","coordinates":[8.446721,47.276251]},"properties":{"line":"N24","mode":"bus","color":"#000000","colorDark":"#000000","band":3,"off":[0,3.1]}},{"type":"Feature","geometry":{"type":"Point","coordinates":[8.463515,47.317135]},"properties":{"name":"Bonstetten, Dorfstrasse","band":3,"modes":"bus","arr":["228"],"off":[0,-0.8]}},{"type":"Feature","geometry":{"type":"Point","coordinates":[8.463515,47.317135]},"properties":{"line":"228","mode":"bus","color":"#0059a9","colorDark":"#00294f","band":3,"off":[0,1.1]}},{"type":"Feature","geometry":{"type":"Point","coordinates":[8.465263,47.366327]},"properties":{"name":"Uitikon Waldegg, Bahnhof","band":3,"modes":"bus","arr":["201"],"off":[0,-0.8]}},{"type":"Feature","geometry":{"type":"Point","coordinates":[8.465263,47.366327]},"properties":{"line":"201","mode":"bus","color":"#0059a9","colorDark":"#00294f","band":3,"off":[0,1.1]}},{"type":"Feature","geometry":{"type":"Point","coordinates":[8.448757,47.397601]},"properties":{"name":"Schlieren, Zentrum/Bahnhof","band":3,"modes":"bus","arr":["201","307","317","EV2","N30","N36"],"off":[0,-0.8]}},{"type":"Feature","geometry":{"type":"Point","coordinates":[8.448757,47.397601]},"properties":{"line":"201","mode":"bus","color":"#0059a9","colorDark":"#00294f","band":3,"off":[-6.8,1.1]}},{"type":"Feature","geometry":{"type":"Point","coordinates":[8.448757,47.397601]},"properties":{"line":"307","mode":"bus","color":"#0059a9","colorDark":"#00294f","band":3,"off":[-3.4,1.1]}},{"type":"Feature","geometry":{"type":"Point","coordinates":[8.448757,47.397601]},"properties":{"line":"317","mode":"bus","color":"#0059a9","colorDark":"#00294f","band":3,"off":[0,1.1]}},{"type":"Feature","geometry":{"type":"Point","coordinates":[8.448757,47.397601]},"properties":{"line":"EV2","mode":"bus","color":"#0059a9","colorDark":"#00294f","band":3,"off":[3.4,1.1]}},{"type":"Feature","geometry":{"type":"Point","coordinates":[8.448757,47.397601]},"properties":{"line":"N30","mode":"bus","color":"#000000","colorDark":"#000000","band":3,"off":[6.8,1.1]}},{"type":"Feature","geometry":{"type":"Point","coordinates":[8.448757,47.397601]},"properties":{"line":"N36","mode":"bus","color":"#000000","colorDark":"#000000","band":3,"off":[0,3.1]}},{"type":"Feature","geometry":{"type":"Point","coordinates":[8.454475,47.370444]},"properties":{"name":"Uitikon, Dorf","band":3,"modes":"bus","arr":["N14"],"off":[0,-0.8]}},{"type":"Feature","geometry":{"type":"Point","coordinates":[8.454475,47.370444]},"properties":{"line":"N14","mode":"bus","color":"#000000","colorDark":"#000000","band":3,"off":[0,1.1]}},{"type":"Feature","geometry":{"type":"Point","coordinates":[8.468452,47.326342]},"properties":{"name":"Bonstetten-Wettswil, Bahnhof D","band":3,"modes":"bus","arr":["205","220","221","227","228","229","EV2","N23"],"off":[0,-0.8]}},{"type":"Feature","geometry":{"type":"Point","coordinates":[8.468452,47.326342]},"properties":{"name":"Bonstetten-Wettswil, Bahnhof A","band":3,"modes":"bus","arr":["205","220","221","227","228","229","EV2","N23"],"off":[0,-3]}},{"type":"Feature","geometry":{"type":"Point","coordinates":[8.468452,47.326342]},"properties":{"line":"205","mode":"bus","color":"#0059a9","colorDark":"#00294f","band":3,"off":[-6.8,1.1]}},{"type":"Feature","geometry":{"type":"Point","coordinates":[8.468452,47.326342]},"properties":{"line":"220","mode":"bus","color":"#0059a9","colorDark":"#00294f","band":3,"off":[-3.4,1.1]}},{"type":"Feature","geometry":{"type":"Point","coordinates":[8.468452,47.326342]},"properties":{"line":"221","mode":"bus","color":"#0059a9","colorDark":"#00294f","band":3,"off":[0,1.1]}},{"type":"Feature","geometry":{"type":"Point","coordinates":[8.468452,47.326342]},"properties":{"line":"227","mode":"bus","color":"#0059a9","colorDark":"#00294f","band":3,"off":[3.4,1.1]}},{"type":"Feature","geometry":{"type":"Point","coordinates":[8.468452,47.326342]},"properties":{"line":"228","mode":"bus","color":"#0059a9","colorDark":"#00294f","band":3,"off":[6.8,1.1]}},{"type":"Feature","geometry":{"type":"Point","coordinates":[8.468452,47.326342]},"properties":{"line":"229","mode":"bus","color":"#0059a9","colorDark":"#00294f","band":3,"off":[-3.4,3.1]}},{"type":"Feature","geometry":{"type":"Point","coordinates":[8.468452,47.326342]},"properties":{"line":"EV2","mode":"bus","color":"#0059a9","colorDark":"#00294f","band":3,"off":[0,3.1]}},{"type":"Feature","geometry":{"type":"Point","coordinates":[8.468452,47.326342]},"properties":{"line":"N23","mode":"bus","color":"#000000","colorDark":"#000000","band":3,"off":[3.4,3.1]}},{"type":"Feature","geometry":{"type":"Point","coordinates":[8.424853,47.320359]},"properties":{"name":"Arni AG, Stockacker C","band":3,"modes":"bus","arr":["205"],"off":[0,-0.8]}},{"type":"Feature","geometry":{"type":"Point","coordinates":[8.424853,47.320359]},"properties":{"line":"205","mode":"bus","color":"#0059a9","colorDark":"#00294f","band":3,"off":[0,1.1]}},{"type":"Feature","geometry":{"type":"Point","coordinates":[8.46741,47.315003]},"properties":{"name":"Bonstetten, Dorfplatz","band":3,"modes":"bus","arr":["210","228"],"off":[0,-0.8]}},{"type":"Feature","geometry":{"type":"Point","coordinates":[8.46741,47.315003]},"properties":{"line":"210","mode":"bus","color":"#0059a9","colorDark":"#00294f","band":3,"off":[-1.7,1.1]}},{"type":"Feature","geometry":{"type":"Point","coordinates":[8.46741,47.315003]},"properties":{"line":"228","mode":"bus","color":"#0059a9","colorDark":"#00294f","band":3,"off":[1.7,1.1]}},{"type":"Feature","geometry":{"type":"Point","coordinates":[8.40505,47.281506]},"properties":{"name":"Ottenbach, Engelwiese","band":3,"modes":"bus","arr":["214"],"off":[0,-0.8]}},{"type":"Feature","geometry":{"type":"Point","coordinates":[8.40505,47.281506]},"properties":{"line":"214","mode":"bus","color":"#0059a9","colorDark":"#00294f","band":3,"off":[0,1.1]}},{"type":"Feature","geometry":{"type":"Point","coordinates":[8.466962,47.345371]},"properties":{"name":"Wettswil a.A., Heidenchilen","band":3,"modes":"bus","arr":["229"],"off":[0,-0.8]}},{"type":"Feature","geometry":{"type":"Point","coordinates":[8.466962,47.345371]},"properties":{"line":"229","mode":"bus","color":"#0059a9","colorDark":"#00294f","band":3,"off":[0,1.1]}},{"type":"Feature","geometry":{"type":"Point","coordinates":[8.446372,47.275404]},"properties":{"name":"Affoltern am Albis","band":3,"modes":"bus,metro","arr":["223","225","S14"],"off":[0,-0.8]}},{"type":"Feature","geometry":{"type":"Point","coordinates":[8.446372,47.275404]},"properties":{"name":"Affoltern a.A., Bahnhof D","band":3,"modes":"bus,metro","arr":["223","225","S14"],"off":[0,-1.9]}},{"type":"Feature","geometry":{"type":"Point","coordinates":[8.446372,47.275404]},"properties":{"line":"223","mode":"bus","color":"#0059a9","colorDark":"#00294f","band":3,"off":[-3.4,1.1]}},{"type":"Feature","geometry":{"type":"Point","coordinates":[8.446372,47.275404]},"properties":{"line":"225","mode":"bus","color":"#0059a9","colorDark":"#00294f","band":3,"off":[0,1.1]}},{"type":"Feature","geometry":{"type":"Point","coordinates":[8.446372,47.275404]},"properties":{"line":"S14","mode":"tram","color":"#0A4595","colorDark":"#062652","band":3,"metro":1,"off":[3.4,1.1]}},{"type":"Feature","geometry":{"type":"Point","coordinates":[8.490834,47.266261]},"properties":{"name":"Aeugst a.A., Grossacher","band":3,"modes":"bus","arr":["225","235"],"off":[0,-0.8]}},{"type":"Feature","geometry":{"type":"Point","coordinates":[8.490834,47.266261]},"properties":{"line":"225","mode":"bus","color":"#0059a9","colorDark":"#00294f","band":3,"off":[-1.7,1.1]}},{"type":"Feature","geometry":{"type":"Point","coordinates":[8.490834,47.266261]},"properties":{"line":"235","mode":"bus","color":"#0059a9","colorDark":"#00294f","band":3,"off":[1.7,1.1]}},{"type":"Feature","geometry":{"type":"Point","coordinates":[8.439009,47.356885]},"properties":{"name":"Birmensdorf ZH, Bahnhof C","band":3,"modes":"bus","arr":["227","314","N22"],"off":[0,-0.8]}},{"type":"Feature","geometry":{"type":"Point","coordinates":[8.439009,47.356885]},"properties":{"name":"Birmensdorf ZH, Bahnhof B","band":3,"modes":"bus","arr":["227","314","N22"],"off":[0,-3]}},{"type":"Feature","geometry":{"type":"Point","coordinates":[8.439009,47.356885]},"properties":{"name":"Birmensdorf ZH, Bahnhof A","band":3,"modes":"bus","arr":["227","314","N22"],"off":[0,-5.2]}},{"type":"Feature","geometry":{"type":"Point","coordinates":[8.439009,47.356885]},"properties":{"line":"227","mode":"bus","color":"#0059a9","colorDark":"#00294f","band":3,"off":[-3.4,1.1]}},{"type":"Feature","geometry":{"type":"Point","coordinates":[8.439009,47.356885]},"properties":{"line":"314","mode":"bus","color":"#0059a9","colorDark":"#00294f","band":3,"off":[0,1.1]}},{"type":"Feature","geometry":{"type":"Point","coordinates":[8.439009,47.356885]},"properties":{"line":"N22","mode":"bus","color":"#000000","colorDark":"#000000","band":3,"off":[3.4,1.1]}},{"type":"Feature","geometry":{"type":"Point","coordinates":[8.48592,47.302158]},"properties":{"name":"Stallikon, Aumüli","band":3,"modes":"bus","arr":["N23"],"off":[0,-0.8]}},{"type":"Feature","geometry":{"type":"Point","coordinates":[8.48592,47.302158]},"properties":{"line":"N23","mode":"bus","color":"#000000","colorDark":"#000000","band":3,"off":[0,1.1]}},{"type":"Feature","geometry":{"type":"Point","coordinates":[8.565212,47.295888]},"properties":{"name":"Thalwil, Bahnhof C","band":3,"modes":"bus","arr":["240"],"off":[0,-0.8]}},{"type":"Feature","geometry":{"type":"Point","coordinates":[8.565212,47.295888]},"properties":{"line":"240","mode":"bus","color":"#0059a9","colorDark":"#00294f","band":3,"off":[0,1.1]}},{"type":"Feature","geometry":{"type":"Point","coordinates":[8.409447,47.42145]},"properties":{"name":"Geroldswil, Zentrum","band":3,"modes":"bus","arr":["301","302","309","N30"],"off":[0,-0.8]}},{"type":"Feature","geometry":{"type":"Point","coordinates":[8.409447,47.42145]},"properties":{"line":"301","mode":"bus","color":"#0059a9","colorDark":"#00294f","band":3,"off":[-5.1,1.1]}},{"type":"Feature","geometry":{"type":"Point","coordinates":[8.409447,47.42145]},"properties":{"line":"302","mode":"bus","color":"#0059a9","colorDark":"#00294f","band":3,"off":[-1.7,1.1]}},{"type":"Feature","geometry":{"type":"Point","coordinates":[8.409447,47.42145]},"properties":{"line":"309","mode":"bus","color":"#0059a9","colorDark":"#00294f","band":3,"off":[1.7,1.1]}},{"type":"Feature","geometry":{"type":"Point","coordinates":[8.409447,47.42145]},"properties":{"line":"N30","mode":"bus","color":"#000000","colorDark":"#000000","band":3,"off":[5.1,1.1]}},{"type":"Feature","geometry":{"type":"Point","coordinates":[8.404385,47.406251]},"properties":{"name":"Dietikon, Bahnhof G","band":3,"modes":"bus","arr":["301","305","314","N34","N36"],"off":[0,-0.8]}},{"type":"Feature","geometry":{"type":"Point","coordinates":[8.404385,47.406251]},"properties":{"name":"Dietikon, Bahnhof C","band":3,"modes":"bus","arr":["301","305","314","N34","N36"],"off":[0,-3]}},{"type":"Feature","geometry":{"type":"Point","coordinates":[8.404385,47.406251]},"properties":{"name":"Dietikon, Bahnhof B","band":3,"modes":"bus","arr":["301","305","314","N34","N36"],"off":[0,-5.2]}},{"type":"Feature","geometry":{"type":"Point","coordinates":[8.404385,47.406251]},"properties":{"line":"301","mode":"bus","color":"#0059a9","colorDark":"#00294f","band":3,"off":[-6.8,1.1]}},{"type":"Feature","geometry":{"type":"Point","coordinates":[8.404385,47.406251]},"properties":{"line":"305","mode":"bus","color":"#0059a9","colorDark":"#00294f","band":3,"off":[-3.4,1.1]}},{"type":"Feature","geometry":{"type":"Point","coordinates":[8.404385,47.406251]},"properties":{"line":"314","mode":"bus","color":"#0059a9","colorDark":"#00294f","band":3,"off":[0,1.1]}},{"type":"Feature","geometry":{"type":"Point","coordinates":[8.404385,47.406251]},"properties":{"line":"N34","mode":"bus","color":"#000000","colorDark":"#000000","band":3,"off":[3.4,1.1]}},{"type":"Feature","geometry":{"type":"Point","coordinates":[8.404385,47.406251]},"properties":{"line":"N36","mode":"bus","color":"#000000","colorDark":"#000000","band":3,"off":[6.8,1.1]}},{"type":"Feature","geometry":{"type":"Point","coordinates":[8.448564,47.399461]},"properties":{"name":"Schlieren, Bahnhof","band":3,"modes":"bus","arr":["N34"],"off":[0,-0.8]}},{"type":"Feature","geometry":{"type":"Point","coordinates":[8.448564,47.399461]},"properties":{"line":"N34","mode":"bus","color":"#000000","colorDark":"#000000","band":3,"off":[0,1.1]}},{"type":"Feature","geometry":{"type":"Point","coordinates":[8.429723,47.38016]},"properties":{"name":"Urdorf Weihermatt, Bahnhof","band":3,"modes":"bus","arr":["302"],"off":[0,-0.8]}},{"type":"Feature","geometry":{"type":"Point","coordinates":[8.429723,47.38016]},"properties":{"line":"302","mode":"bus","color":"#0059a9","colorDark":"#00294f","band":3,"off":[0,1.1]}},{"type":"Feature","geometry":{"type":"Point","coordinates":[8.376038,47.394098]},"properties":{"name":"Kindhausen AG","band":3,"modes":"bus","arr":["305","315"],"off":[0,-0.8]}},{"type":"Feature","geometry":{"type":"Point","coordinates":[8.376038,47.394098]},"properties":{"line":"305","mode":"bus","color":"#0059a9","colorDark":"#00294f","band":3,"off":[-1.7,1.1]}},{"type":"Feature","geometry":{"type":"Point","coordinates":[8.376038,47.394098]},"properties":{"line":"315","mode":"bus","color":"#0059a9","colorDark":"#00294f","band":3,"off":[1.7,1.1]}},{"type":"Feature","geometry":{"type":"Point","coordinates":[8.404357,47.405476]},"properties":{"name":"Dietikon, Bahnhof F","band":3,"modes":"bus","arr":["306","309","325"],"off":[0,-0.8]}},{"type":"Feature","geometry":{"type":"Point","coordinates":[8.404357,47.405476]},"properties":{"name":"Dietikon, Bahnhof D","band":3,"modes":"bus","arr":["306","309","325"],"off":[0,-3]}},{"type":"Feature","geometry":{"type":"Point","coordinates":[8.404357,47.405476]},"properties":{"line":"306","mode":"bus","color":"#0059a9","colorDark":"#00294f","band":3,"off":[-3.4,1.1]}},{"type":"Feature","geometry":{"type":"Point","coordinates":[8.404357,47.405476]},"properties":{"line":"309","mode":"bus","color":"#0059a9","colorDark":"#00294f","band":3,"off":[0,1.1]}},{"type":"Feature","geometry":{"type":"Point","coordinates":[8.404357,47.405476]},"properties":{"line":"325","mode":"bus","color":"#0059a9","colorDark":"#00294f","band":3,"off":[3.4,1.1]}},{"type":"Feature","geometry":{"type":"Point","coordinates":[8.390279,47.405558]},"properties":{"name":"Dietikon, Stadthalle Ost","band":3,"modes":"bus","arr":["306"],"off":[0,-0.8]}},{"type":"Feature","geometry":{"type":"Point","coordinates":[8.390279,47.405558]},"properties":{"line":"306","mode":"bus","color":"#0059a9","colorDark":"#00294f","band":3,"off":[0,1.1]}},{"type":"Feature","geometry":{"type":"Point","coordinates":[8.490095,47.392228]},"properties":{"name":"Bahnhof Altstetten N M","band":3,"modes":"tram,bus","arr":["51","307","485"],"off":[0,-0.8]}},{"type":"Feature","geometry":{"type":"Point","coordinates":[8.490095,47.392228]},"properties":{"name":"Bahnhof Altstetten N K","band":3,"modes":"tram,bus","arr":["51","307","485"],"off":[0,-3]}},{"type":"Feature","geometry":{"type":"Point","coordinates":[8.490095,47.392228]},"properties":{"line":"51","mode":"tram","color":"#d6212b","colorDark":"#7c1116","band":3,"off":[-3.4,1.1]}},{"type":"Feature","geometry":{"type":"Point","coordinates":[8.490095,47.392228]},"properties":{"line":"307","mode":"bus","color":"#0059a9","colorDark":"#00294f","band":3,"off":[0,1.1]}},{"type":"Feature","geometry":{"type":"Point","coordinates":[8.490095,47.392228]},"properties":{"line":"485","mode":"bus","color":"#0059a9","colorDark":"#00294f","band":3,"off":[3.4,1.1]}},{"type":"Feature","geometry":{"type":"Point","coordinates":[8.394386,47.427666]},"properties":{"name":"Oetwil an der Limmat, Zentrum","band":3,"modes":"bus","arr":["N34"],"off":[0,-0.8]}},{"type":"Feature","geometry":{"type":"Point","coordinates":[8.394386,47.427666]},"properties":{"line":"N34","mode":"bus","color":"#000000","colorDark":"#000000","band":3,"off":[0,1.1]}},{"type":"Feature","geometry":{"type":"Point","coordinates":[8.42283,47.377758]},"properties":{"name":"Urdorf, Oberurdorf","band":3,"modes":"bus","arr":["317"],"off":[0,-0.8]}},{"type":"Feature","geometry":{"type":"Point","coordinates":[8.42283,47.377758]},"properties":{"line":"317","mode":"bus","color":"#0059a9","colorDark":"#00294f","band":3,"off":[0,1.1]}},{"type":"Feature","geometry":{"type":"Point","coordinates":[8.437362,47.357157]},"properties":{"name":"Birmensdorf ZH, Bahnhof D","band":3,"modes":"bus","arr":["314"],"off":[0,-0.8]}},{"type":"Feature","geometry":{"type":"Point","coordinates":[8.437362,47.357157]},"properties":{"line":"314","mode":"bus","color":"#0059a9","colorDark":"#00294f","band":3,"off":[0,1.1]}},{"type":"Feature","geometry":{"type":"Point","coordinates":[8.362951,47.420837]},"properties":{"name":"Spreitenbach, Glattler","band":3,"modes":"bus","arr":["315"],"off":[0,-0.8]}},{"type":"Feature","geometry":{"type":"Point","coordinates":[8.362951,47.420837]},"properties":{"line":"315","mode":"bus","color":"#0059a9","colorDark":"#00294f","band":3,"off":[0,1.1]}},{"type":"Feature","geometry":{"type":"Point","coordinates":[8.381485,47.402031]},"properties":{"name":"Dietikon, Weinberg","band":3,"modes":"bus","arr":["325"],"off":[0,-0.8]}},{"type":"Feature","geometry":{"type":"Point","coordinates":[8.381485,47.402031]},"properties":{"line":"325","mode":"bus","color":"#0059a9","colorDark":"#00294f","band":3,"off":[0,1.1]}},{"type":"Feature","geometry":{"type":"Point","coordinates":[8.438642,47.440022]},"properties":{"name":"Dällikon, Dorf","band":3,"modes":"bus","arr":["449"],"off":[0,-0.8]}},{"type":"Feature","geometry":{"type":"Point","coordinates":[8.438642,47.440022]},"properties":{"line":"449","mode":"bus","color":"#0059a9","colorDark":"#00294f","band":3,"off":[0,1.1]}},{"type":"Feature","geometry":{"type":"Point","coordinates":[8.437496,47.453047]},"properties":{"name":"Buchs-Dällikon, Bahnhof","band":3,"modes":"bus","arr":["449","455"],"off":[0,-0.8]}},{"type":"Feature","geometry":{"type":"Point","coordinates":[8.437496,47.453047]},"properties":{"line":"449","mode":"bus","color":"#0059a9","colorDark":"#00294f","band":3,"off":[-1.7,1.1]}},{"type":"Feature","geometry":{"type":"Point","coordinates":[8.437496,47.453047]},"properties":{"line":"455","mode":"bus","color":"#0059a9","colorDark":"#00294f","band":3,"off":[1.7,1.1]}},{"type":"Feature","geometry":{"type":"Point","coordinates":[8.407196,47.46874]},"properties":{"name":"Boppelsen, Hand","band":3,"modes":"bus","arr":["450","N45"],"off":[0,-0.8]}},{"type":"Feature","geometry":{"type":"Point","coordinates":[8.407196,47.46874]},"properties":{"line":"450","mode":"bus","color":"#0059a9","colorDark":"#00294f","band":3,"off":[-1.7,1.1]}},{"type":"Feature","geometry":{"type":"Point","coordinates":[8.407196,47.46874]},"properties":{"line":"N45","mode":"bus","color":"#000000","colorDark":"#000000","band":3,"off":[1.7,1.1]}},{"type":"Feature","geometry":{"type":"Point","coordinates":[8.388315,47.455183]},"properties":{"name":"Otelfingen, Bahnhof","band":3,"modes":"bus","arr":["450"],"off":[0,-0.8]}},{"type":"Feature","geometry":{"type":"Point","coordinates":[8.388315,47.455183]},"properties":{"line":"450","mode":"bus","color":"#0059a9","colorDark":"#00294f","band":3,"off":[0,1.1]}},{"type":"Feature","geometry":{"type":"Point","coordinates":[8.386675,47.459504]},"properties":{"name":"Otelfingen, Landstrasse","band":3,"modes":"bus","arr":["N45"],"off":[0,-0.8]}},{"type":"Feature","geometry":{"type":"Point","coordinates":[8.386675,47.459504]},"properties":{"line":"N45","mode":"bus","color":"#000000","colorDark":"#000000","band":3,"off":[0,1.1]}},{"type":"Feature","geometry":{"type":"Point","coordinates":[8.467062,47.452598]},"properties":{"name":"Adlikon b. R., Leematten","band":3,"modes":"bus","arr":["451"],"off":[0,-0.8]}},{"type":"Feature","geometry":{"type":"Point","coordinates":[8.467062,47.452598]},"properties":{"line":"451","mode":"bus","color":"#0059a9","colorDark":"#00294f","band":3,"off":[0,1.1]}},{"type":"Feature","geometry":{"type":"Point","coordinates":[8.466567,47.431834]},"properties":{"name":"Regensdorf, Zentrum","band":3,"modes":"bus","arr":["451","452","492"],"off":[0,-0.8]}},{"type":"Feature","geometry":{"type":"Point","coordinates":[8.466567,47.431834]},"properties":{"line":"451","mode":"bus","color":"#0059a9","colorDark":"#00294f","band":3,"off":[-3.4,1.1]}},{"type":"Feature","geometry":{"type":"Point","coordinates":[8.466567,47.431834]},"properties":{"line":"452","mode":"bus","color":"#0059a9","colorDark":"#00294f","band":3,"off":[0,1.1]}},{"type":"Feature","geometry":{"type":"Point","coordinates":[8.466567,47.431834]},"properties":{"line":"492","mode":"bus","color":"#0059a9","colorDark":"#00294f","band":3,"off":[3.4,1.1]}},{"type":"Feature","geometry":{"type":"Point","coordinates":[8.472035,47.436904]},"properties":{"name":"Regensdorf-Watt, Bahnhof C","band":3,"modes":"bus,metro","arr":["453","454","456","S6","S21","N45"],"off":[0,-0.8]}},{"type":"Feature","geometry":{"type":"Point","coordinates":[8.472035,47.436904]},"properties":{"name":"Regensdorf-Watt","band":3,"modes":"bus,metro","arr":["453","454","456","S6","S21","N45"],"off":[0,-3]}},{"type":"Feature","geometry":{"type":"Point","coordinates":[8.472035,47.436904]},"properties":{"line":"453","mode":"bus","color":"#0059a9","colorDark":"#00294f","band":3,"off":[-6.8,1.1]}},{"type":"Feature","geometry":{"type":"Point","coordinates":[8.472035,47.436904]},"properties":{"line":"454","mode":"bus","color":"#0059a9","colorDark":"#00294f","band":3,"off":[-3.4,1.1]}},{"type":"Feature","geometry":{"type":"Point","coordinates":[8.472035,47.436904]},"properties":{"line":"456","mode":"bus","color":"#0059a9","colorDark":"#00294f","band":3,"off":[0,1.1]}},{"type":"Feature","geometry":{"type":"Point","coordinates":[8.472035,47.436904]},"properties":{"line":"S6","mode":"tram","color":"#0A4595","colorDark":"#062652","band":3,"metro":1,"off":[3.4,1.1]}},{"type":"Feature","geometry":{"type":"Point","coordinates":[8.472035,47.436904]},"properties":{"line":"S21","mode":"tram","color":"#0A4595","colorDark":"#062652","band":3,"metro":1,"off":[6.8,1.1]}},{"type":"Feature","geometry":{"type":"Point","coordinates":[8.472035,47.436904]},"properties":{"line":"N45","mode":"bus","color":"#000000","colorDark":"#000000","band":3,"off":[0,3.1]}},{"type":"Feature","geometry":{"type":"Point","coordinates":[8.456741,47.439887]},"properties":{"name":"Regensdorf, Moosächer","band":3,"modes":"bus","arr":["452"],"off":[0,-0.8]}},{"type":"Feature","geometry":{"type":"Point","coordinates":[8.456741,47.439887]},"properties":{"line":"452","mode":"bus","color":"#0059a9","colorDark":"#00294f","band":3,"off":[0,1.1]}},{"type":"Feature","geometry":{"type":"Point","coordinates":[8.459015,47.453195]},"properties":{"name":"Adlikon b. R., Sonnhalde West","band":3,"modes":"bus","arr":["453"],"off":[0,-0.8]}},{"type":"Feature","geometry":{"type":"Point","coordinates":[8.459015,47.453195]},"properties":{"line":"453","mode":"bus","color":"#0059a9","colorDark":"#00294f","band":3,"off":[0,1.1]}},{"type":"Feature","geometry":{"type":"Point","coordinates":[8.470325,47.438081]},"properties":{"name":"Regensdorf, Althard/Bahnhof","band":3,"modes":"bus","arr":["453"],"off":[0,-0.8]}},{"type":"Feature","geometry":{"type":"Point","coordinates":[8.470325,47.438081]},"properties":{"line":"453","mode":"bus","color":"#0059a9","colorDark":"#00294f","band":3,"off":[0,1.1]}},{"type":"Feature","geometry":{"type":"Point","coordinates":[8.458129,47.447311]},"properties":{"name":"Regensdorf, Allmend","band":3,"modes":"bus","arr":["454"],"off":[0,-0.8]}},{"type":"Feature","geometry":{"type":"Point","coordinates":[8.458129,47.447311]},"properties":{"line":"454","mode":"bus","color":"#0059a9","colorDark":"#00294f","band":3,"off":[0,1.1]}},{"type":"Feature","geometry":{"type":"Point","coordinates":[8.437582,47.456632]},"properties":{"name":"Buchs ZH, Post","band":3,"modes":"bus","arr":["455"],"off":[0,-0.8]}},{"type":"Feature","geometry":{"type":"Point","coordinates":[8.437582,47.456632]},"properties":{"line":"455","mode":"bus","color":"#0059a9","colorDark":"#00294f","band":3,"off":[0,1.1]}},{"type":"Feature","geometry":{"type":"Point","coordinates":[8.458959,47.482882]},"properties":{"name":"Dielsdorf, Bahnhof","band":3,"modes":"bus","arr":["456","593"],"off":[0,-0.8]}},{"type":"Feature","geometry":{"type":"Point","coordinates":[8.458959,47.482882]},"properties":{"line":"456","mode":"bus","color":"#0059a9","colorDark":"#00294f","band":3,"off":[-1.7,1.1]}},{"type":"Feature","geometry":{"type":"Point","coordinates":[8.458959,47.482882]},"properties":{"line":"593","mode":"bus","color":"#0059a9","colorDark":"#00294f","band":3,"off":[1.7,1.1]}},{"type":"Feature","geometry":{"type":"Point","coordinates":[8.440491,47.458477]},"properties":{"name":"Buchs ZH, Linde","band":3,"modes":"bus","arr":["485"],"off":[0,-0.8]}},{"type":"Feature","geometry":{"type":"Point","coordinates":[8.440491,47.458477]},"properties":{"line":"485","mode":"bus","color":"#0059a9","colorDark":"#00294f","band":3,"off":[0,1.1]}},{"type":"Feature","geometry":{"type":"Point","coordinates":[8.481594,47.40552]},"properties":{"name":"Frankental","band":3,"modes":"tram,bus","arr":["50","485"],"off":[0,-0.8]}},{"type":"Feature","geometry":{"type":"Point","coordinates":[8.481594,47.40552]},"properties":{"line":"50","mode":"tram","color":"#d6212b","colorDark":"#7c1116","band":3,"off":[-1.7,1.1]}},{"type":"Feature","geometry":{"type":"Point","coordinates":[8.481594,47.40552]},"properties":{"line":"485","mode":"bus","color":"#0059a9","colorDark":"#00294f","band":3,"off":[1.7,1.1]}},{"type":"Feature","geometry":{"type":"Point","coordinates":[8.403522,47.469985]},"properties":{"name":"Boppelsen, Dorf","band":3,"modes":"bus","arr":["485"],"off":[0,-0.8]}},{"type":"Feature","geometry":{"type":"Point","coordinates":[8.403522,47.469985]},"properties":{"line":"485","mode":"bus","color":"#0059a9","colorDark":"#00294f","band":3,"off":[0,1.1]}},{"type":"Feature","geometry":{"type":"Point","coordinates":[8.386887,47.446101]},"properties":{"name":"Hüttikon","band":3,"modes":"bus","arr":["491"],"off":[0,-0.8]}},{"type":"Feature","geometry":{"type":"Point","coordinates":[8.386887,47.446101]},"properties":{"line":"491","mode":"bus","color":"#0059a9","colorDark":"#00294f","band":3,"off":[0,1.1]}},{"type":"Feature","geometry":{"type":"Point","coordinates":[8.472556,47.436186]},"properties":{"name":"Regensdorf-Watt, Bahnhof D","band":3,"modes":"bus","arr":["491"],"off":[0,-0.8]}},{"type":"Feature","geometry":{"type":"Point","coordinates":[8.472556,47.436186]},"properties":{"line":"491","mode":"bus","color":"#0059a9","colorDark":"#00294f","band":3,"off":[0,1.1]}},{"type":"Feature","geometry":{"type":"Point","coordinates":[8.537892,47.522817]},"properties":{"name":"Bülach, Bahnhof D","band":3,"modes":"bus","arr":["504","525","530","531"],"off":[0,-0.8]}},{"type":"Feature","geometry":{"type":"Point","coordinates":[8.537892,47.522817]},"properties":{"name":"Bülach, Bahnhof C","band":3,"modes":"bus","arr":["504","525","530","531"],"off":[0,-1.9]}},{"type":"Feature","geometry":{"type":"Point","coordinates":[8.537892,47.522817]},"properties":{"name":"Bülach, Bahnhof B","band":3,"modes":"bus","arr":["504","525","530","531"],"off":[0,-3]}},{"type":"Feature","geometry":{"type":"Point","coordinates":[8.537892,47.522817]},"properties":{"line":"504","mode":"bus","color":"#0059a9","colorDark":"#00294f","band":3,"off":[-5.1,1.1]}},{"type":"Feature","geometry":{"type":"Point","coordinates":[8.537892,47.522817]},"properties":{"line":"525","mode":"bus","color":"#0059a9","colorDark":"#00294f","band":3,"off":[-1.7,1.1]}},{"type":"Feature","geometry":{"type":"Point","coordinates":[8.537892,47.522817]},"properties":{"line":"530","mode":"bus","color":"#0059a9","colorDark":"#00294f","band":3,"off":[1.7,1.1]}},{"type":"Feature","geometry":{"type":"Point","coordinates":[8.537892,47.522817]},"properties":{"line":"531","mode":"bus","color":"#0059a9","colorDark":"#00294f","band":3,"off":[5.1,1.1]}},{"type":"Feature","geometry":{"type":"Point","coordinates":[8.510701,47.47046]},"properties":{"name":"Oberglatt ZH, Bahnhof","band":3,"modes":"bus","arr":["504","525","N51"],"off":[0,-0.8]}},{"type":"Feature","geometry":{"type":"Point","coordinates":[8.510701,47.47046]},"properties":{"line":"504","mode":"bus","color":"#0059a9","colorDark":"#00294f","band":3,"off":[-3.4,1.1]}},{"type":"Feature","geometry":{"type":"Point","coordinates":[8.510701,47.47046]},"properties":{"line":"525","mode":"bus","color":"#0059a9","colorDark":"#00294f","band":3,"off":[0,1.1]}},{"type":"Feature","geometry":{"type":"Point","coordinates":[8.510701,47.47046]},"properties":{"line":"N51","mode":"bus","color":"#000000","colorDark":"#000000","band":3,"off":[3.4,1.1]}},{"type":"Feature","geometry":{"type":"Point","coordinates":[8.563863,47.448476]},"properties":{"name":"Zürich Flughafen, Bahnhof Q","band":3,"modes":"bus","arr":["510","520","521","524","530"],"off":[0,-0.8]}},{"type":"Feature","geometry":{"type":"Point","coordinates":[8.563863,47.448476]},"properties":{"name":"Zürich Flughafen, Bahnhof P","band":3,"modes":"bus","arr":["510","520","521","524","530"],"off":[0,-3]}},{"type":"Feature","geometry":{"type":"Point","coordinates":[8.563863,47.448476]},"properties":{"name":"Zürich Flughafen, Bahnhof N","band":3,"modes":"bus","arr":["510","520","521","524","530"],"off":[0,-5.2]}},{"type":"Feature","geometry":{"type":"Point","coordinates":[8.563863,47.448476]},"properties":{"line":"510","mode":"bus","color":"#0059a9","colorDark":"#00294f","band":3,"off":[-6.8,1.1]}},{"type":"Feature","geometry":{"type":"Point","coordinates":[8.563863,47.448476]},"properties":{"line":"520","mode":"bus","color":"#0059a9","colorDark":"#00294f","band":3,"off":[-3.4,1.1]}},{"type":"Feature","geometry":{"type":"Point","coordinates":[8.563863,47.448476]},"properties":{"line":"521","mode":"bus","color":"#0059a9","colorDark":"#00294f","band":3,"off":[0,1.1]}},{"type":"Feature","geometry":{"type":"Point","coordinates":[8.563863,47.448476]},"properties":{"line":"524","mode":"bus","color":"#0059a9","colorDark":"#00294f","band":3,"off":[3.4,1.1]}},{"type":"Feature","geometry":{"type":"Point","coordinates":[8.563863,47.448476]},"properties":{"line":"530","mode":"bus","color":"#0059a9","colorDark":"#00294f","band":3,"off":[6.8,1.1]}},{"type":"Feature","geometry":{"type":"Point","coordinates":[8.53259,47.453995]},"properties":{"name":"Rümlang, Bahnhof","band":3,"modes":"bus","arr":["742","797"],"off":[0,-0.8]}},{"type":"Feature","geometry":{"type":"Point","coordinates":[8.53259,47.453995]},"properties":{"line":"742","mode":"bus","color":"#0059a9","colorDark":"#00294f","band":3,"off":[-1.7,1.1]}},{"type":"Feature","geometry":{"type":"Point","coordinates":[8.53259,47.453995]},"properties":{"line":"797","mode":"bus","color":"#0059a9","colorDark":"#00294f","band":3,"off":[1.7,1.1]}},{"type":"Feature","geometry":{"type":"Point","coordinates":[8.586829,47.52041]},"properties":{"name":"Embrach-Rorbas, Bahnhof","band":3,"modes":"bus","arr":["520"],"off":[0,-0.8]}},{"type":"Feature","geometry":{"type":"Point","coordinates":[8.586829,47.52041]},"properties":{"line":"520","mode":"bus","color":"#0059a9","colorDark":"#00294f","band":3,"off":[0,1.1]}},{"type":"Feature","geometry":{"type":"Point","coordinates":[8.58077,47.530385]},"properties":{"name":"Freienstein, Alte Brücke","band":3,"modes":"bus","arr":["521","N52"],"off":[0,-0.8]}},{"type":"Feature","geometry":{"type":"Point","coordinates":[8.58077,47.530385]},"properties":{"line":"521","mode":"bus","color":"#0059a9","colorDark":"#00294f","band":3,"off":[-1.7,1.1]}},{"type":"Feature","geometry":{"type":"Point","coordinates":[8.58077,47.530385]},"properties":{"line":"N52","mode":"bus","color":"#000000","colorDark":"#000000","band":3,"off":[1.7,1.1]}},{"type":"Feature","geometry":{"type":"Point","coordinates":[8.593825,47.517758]},"properties":{"name":"Embrach, Embraport","band":3,"modes":"bus","arr":["N52"],"off":[0,-0.8]}},{"type":"Feature","geometry":{"type":"Point","coordinates":[8.593825,47.517758]},"properties":{"line":"N52","mode":"bus","color":"#000000","colorDark":"#000000","band":3,"off":[0,1.1]}},{"type":"Feature","geometry":{"type":"Point","coordinates":[8.619272,47.487104]},"properties":{"name":"Oberembrach, Dorf","band":3,"modes":"bus","arr":["524"],"off":[0,-0.8]}},{"type":"Feature","geometry":{"type":"Point","coordinates":[8.619272,47.487104]},"properties":{"line":"524","mode":"bus","color":"#0059a9","colorDark":"#00294f","band":3,"off":[0,1.1]}},{"type":"Feature","geometry":{"type":"Point","coordinates":[8.500385,47.503983]},"properties":{"name":"Höri, Oberhöri","band":3,"modes":"bus","arr":["N54"],"off":[0,-0.8]}},{"type":"Feature","geometry":{"type":"Point","coordinates":[8.500385,47.503983]},"properties":{"line":"N54","mode":"bus","color":"#000000","colorDark":"#000000","band":3,"off":[0,1.1]}},{"type":"Feature","geometry":{"type":"Point","coordinates":[8.563774,47.45159]},"properties":{"name":"Zürich Flughafen, Bahnhof O","band":3,"modes":"bus","arr":["530","531","731","732","734","736"],"off":[0,-0.8]}},{"type":"Feature","geometry":{"type":"Point","coordinates":[8.563774,47.45159]},"properties":{"name":"Zürich Flughafen, Bahnhof M","band":3,"modes":"bus","arr":["530","531","731","732","734","736"],"off":[0,-3]}},{"type":"Feature","geometry":{"type":"Point","coordinates":[8.563774,47.45159]},"properties":{"name":"Zürich Flughafen, Bahnhof E","band":3,"modes":"bus","arr":["530","531","731","732","734","736"],"off":[0,-5.2]}},{"type":"Feature","geometry":{"type":"Point","coordinates":[8.563774,47.45159]},"properties":{"line":"530","mode":"bus","color":"#0059a9","colorDark":"#00294f","band":3,"off":[-6.8,1.1]}},{"type":"Feature","geometry":{"type":"Point","coordinates":[8.563774,47.45159]},"properties":{"line":"531","mode":"bus","color":"#0059a9","colorDark":"#00294f","band":3,"off":[-3.4,1.1]}},{"type":"Feature","geometry":{"type":"Point","coordinates":[8.563774,47.45159]},"properties":{"line":"731","mode":"bus","color":"#0059a9","colorDark":"#00294f","band":3,"off":[0,1.1]}},{"type":"Feature","geometry":{"type":"Point","coordinates":[8.563774,47.45159]},"properties":{"line":"732","mode":"bus","color":"#0059a9","colorDark":"#00294f","band":3,"off":[3.4,1.1]}},{"type":"Feature","geometry":{"type":"Point","coordinates":[8.563774,47.45159]},"properties":{"line":"734","mode":"bus","color":"#0059a9","colorDark":"#00294f","band":3,"off":[6.8,1.1]}},{"type":"Feature","geometry":{"type":"Point","coordinates":[8.563774,47.45159]},"properties":{"line":"736","mode":"bus","color":"#0059a9","colorDark":"#00294f","band":3,"off":[0,3.1]}},{"type":"Feature","geometry":{"type":"Point","coordinates":[8.488479,47.478474]},"properties":{"name":"Niederhasli, Bahnhof","band":3,"modes":"bus","arr":["533","534"],"off":[0,-0.8]}},{"type":"Feature","geometry":{"type":"Point","coordinates":[8.488479,47.478474]},"properties":{"line":"533","mode":"bus","color":"#0059a9","colorDark":"#00294f","band":3,"off":[-1.7,1.1]}},{"type":"Feature","geometry":{"type":"Point","coordinates":[8.488479,47.478474]},"properties":{"line":"534","mode":"bus","color":"#0059a9","colorDark":"#00294f","band":3,"off":[1.7,1.1]}},{"type":"Feature","geometry":{"type":"Point","coordinates":[8.471525,47.465722]},"properties":{"name":"Niederhasli, Nassenwil","band":3,"modes":"bus","arr":["533"],"off":[0,-0.8]}},{"type":"Feature","geometry":{"type":"Point","coordinates":[8.471525,47.465722]},"properties":{"line":"533","mode":"bus","color":"#0059a9","colorDark":"#00294f","band":3,"off":[0,1.1]}},{"type":"Feature","geometry":{"type":"Point","coordinates":[8.490069,47.459133]},"properties":{"name":"Oberhasli, Industrie","band":3,"modes":"bus","arr":["534"],"off":[0,-0.8]}},{"type":"Feature","geometry":{"type":"Point","coordinates":[8.490069,47.459133]},"properties":{"line":"534","mode":"bus","color":"#0059a9","colorDark":"#00294f","band":3,"off":[0,1.1]}},{"type":"Feature","geometry":{"type":"Point","coordinates":[8.436245,47.482957]},"properties":{"name":"Regensberg, Dorf","band":3,"modes":"bus","arr":["593"],"off":[0,-0.8]}},{"type":"Feature","geometry":{"type":"Point","coordinates":[8.436245,47.482957]},"properties":{"line":"593","mode":"bus","color":"#0059a9","colorDark":"#00294f","band":3,"off":[0,1.1]}},{"type":"Feature","geometry":{"type":"Point","coordinates":[8.696216,47.454757]},"properties":{"name":"Winterberg ZH, Wältiwis","band":3,"modes":"bus","arr":["650","657"],"off":[0,-0.8]}},{"type":"Feature","geometry":{"type":"Point","coordinates":[8.696216,47.454757]},"properties":{"line":"650","mode":"bus","color":"#0059a9","colorDark":"#00294f","band":3,"off":[-1.7,1.1]}},{"type":"Feature","geometry":{"type":"Point","coordinates":[8.696216,47.454757]},"properties":{"line":"657","mode":"bus","color":"#0059a9","colorDark":"#00294f","band":3,"off":[1.7,1.1]}},{"type":"Feature","geometry":{"type":"Point","coordinates":[8.686252,47.424821]},"properties":{"name":"Effretikon, Bahnhof E","band":3,"modes":"bus","arr":["650","652","655","656","657","658","659","662"],"off":[0,-0.8]}},{"type":"Feature","geometry":{"type":"Point","coordinates":[8.686252,47.424821]},"properties":{"name":"Effretikon, Bahnhof D","band":3,"modes":"bus","arr":["650","652","655","656","657","658","659","662"],"off":[0,-3]}},{"type":"Feature","geometry":{"type":"Point","coordinates":[8.686252,47.424821]},"properties":{"name":"Effretikon, Bahnhof A","band":3,"modes":"bus","arr":["650","652","655","656","657","658","659","662"],"off":[0,-5.2]}},{"type":"Feature","geometry":{"type":"Point","coordinates":[8.686252,47.424821]},"properties":{"line":"650","mode":"bus","color":"#0059a9","colorDark":"#00294f","band":3,"off":[-6.8,1.1]}},{"type":"Feature","geometry":{"type":"Point","coordinates":[8.686252,47.424821]},"properties":{"line":"652","mode":"bus","color":"#0059a9","colorDark":"#00294f","band":3,"off":[-3.4,1.1]}},{"type":"Feature","geometry":{"type":"Point","coordinates":[8.686252,47.424821]},"properties":{"line":"655","mode":"bus","color":"#0059a9","colorDark":"#00294f","band":3,"off":[0,1.1]}},{"type":"Feature","geometry":{"type":"Point","coordinates":[8.686252,47.424821]},"properties":{"line":"656","mode":"bus","color":"#0059a9","colorDark":"#00294f","band":3,"off":[3.4,1.1]}},{"type":"Feature","geometry":{"type":"Point","coordinates":[8.686252,47.424821]},"properties":{"line":"657","mode":"bus","color":"#0059a9","colorDark":"#00294f","band":3,"off":[6.8,1.1]}},{"type":"Feature","geometry":{"type":"Point","coordinates":[8.686252,47.424821]},"properties":{"line":"658","mode":"bus","color":"#0059a9","colorDark":"#00294f","band":3,"off":[-3.4,3.1]}},{"type":"Feature","geometry":{"type":"Point","coordinates":[8.686252,47.424821]},"properties":{"line":"659","mode":"bus","color":"#0059a9","colorDark":"#00294f","band":3,"off":[0,3.1]}},{"type":"Feature","geometry":{"type":"Point","coordinates":[8.686252,47.424821]},"properties":{"line":"662","mode":"bus","color":"#0059a9","colorDark":"#00294f","band":3,"off":[3.4,3.1]}},{"type":"Feature","geometry":{"type":"Point","coordinates":[8.722896,47.40856]},"properties":{"name":"Illnau, Bahnhof","band":3,"modes":"bus","arr":["652"],"off":[0,-0.8]}},{"type":"Feature","geometry":{"type":"Point","coordinates":[8.722896,47.40856]},"properties":{"line":"652","mode":"bus","color":"#0059a9","colorDark":"#00294f","band":3,"off":[0,1.1]}},{"type":"Feature","geometry":{"type":"Point","coordinates":[8.744477,47.457194]},"properties":{"name":"Kyburg, Dorf","band":3,"modes":"bus","arr":["655"],"off":[0,-0.8]}},{"type":"Feature","geometry":{"type":"Point","coordinates":[8.744477,47.457194]},"properties":{"line":"655","mode":"bus","color":"#0059a9","colorDark":"#00294f","band":3,"off":[0,1.1]}},{"type":"Feature","geometry":{"type":"Point","coordinates":[8.700393,47.44215]},"properties":{"name":"Grafstal, Engelacher","band":3,"modes":"bus","arr":["N70"],"off":[0,-0.8]}},{"type":"Feature","geometry":{"type":"Point","coordinates":[8.700393,47.44215]},"properties":{"line":"N70","mode":"bus","color":"#000000","colorDark":"#000000","band":3,"off":[0,1.1]}},{"type":"Feature","geometry":{"type":"Point","coordinates":[8.659928,47.460889]},"properties":{"name":"Breite b. N., Sternen","band":3,"modes":"bus","arr":["656","658","659","769"],"off":[0,-0.8]}},{"type":"Feature","geometry":{"type":"Point","coordinates":[8.659928,47.460889]},"properties":{"line":"656","mode":"bus","color":"#0059a9","colorDark":"#00294f","band":3,"off":[-5.1,1.1]}},{"type":"Feature","geometry":{"type":"Point","coordinates":[8.659928,47.460889]},"properties":{"line":"658","mode":"bus","color":"#0059a9","colorDark":"#00294f","band":3,"off":[-1.7,1.1]}},{"type":"Feature","geometry":{"type":"Point","coordinates":[8.659928,47.460889]},"properties":{"line":"659","mode":"bus","color":"#0059a9","colorDark":"#00294f","band":3,"off":[1.7,1.1]}},{"type":"Feature","geometry":{"type":"Point","coordinates":[8.659928,47.460889]},"properties":{"line":"769","mode":"bus","color":"#0059a9","colorDark":"#00294f","band":3,"off":[5.1,1.1]}},{"type":"Feature","geometry":{"type":"Point","coordinates":[8.660899,47.461472]},"properties":{"name":"Breite b. N., Winterthurerstr.","band":3,"modes":"bus","arr":["656","659","769"],"off":[0,-0.8]}},{"type":"Feature","geometry":{"type":"Point","coordinates":[8.660899,47.461472]},"properties":{"line":"656","mode":"bus","color":"#0059a9","colorDark":"#00294f","band":3,"off":[-3.4,1.1]}},{"type":"Feature","geometry":{"type":"Point","coordinates":[8.660899,47.461472]},"properties":{"line":"659","mode":"bus","color":"#0059a9","colorDark":"#00294f","band":3,"off":[0,1.1]}},{"type":"Feature","geometry":{"type":"Point","coordinates":[8.660899,47.461472]},"properties":{"line":"769","mode":"bus","color":"#0059a9","colorDark":"#00294f","band":3,"off":[3.4,1.1]}},{"type":"Feature","geometry":{"type":"Point","coordinates":[8.648218,47.4467]},"properties":{"name":"Nürensdorf, Zentrum","band":3,"modes":"bus","arr":["N78"],"off":[0,-0.8]}},{"type":"Feature","geometry":{"type":"Point","coordinates":[8.648218,47.4467]},"properties":{"line":"N78","mode":"bus","color":"#000000","colorDark":"#000000","band":3,"off":[0,1.1]}},{"type":"Feature","geometry":{"type":"Point","coordinates":[8.686533,47.426008]},"properties":{"name":"Effretikon, Bahnhof C","band":3,"modes":"bus,metro","arr":["658","662","720","S8","N62","N70"],"off":[0,-0.8]}},{"type":"Feature","geometry":{"type":"Point","coordinates":[8.686533,47.426008]},"properties":{"name":"Effretikon, Bahnhof B","band":3,"modes":"bus,metro","arr":["658","662","720","S8","N62","N70"],"off":[0,-3]}},{"type":"Feature","geometry":{"type":"Point","coordinates":[8.686533,47.426008]},"properties":{"name":"Effretikon","band":3,"modes":"bus,metro","arr":["658","662","720","S8","N62","N70"],"off":[0,-5.2]}},{"type":"Feature","geometry":{"type":"Point","coordinates":[8.686533,47.426008]},"properties":{"line":"658","mode":"bus","color":"#0059a9","colorDark":"#00294f","band":3,"off":[-6.8,1.1]}},{"type":"Feature","geometry":{"type":"Point","coordinates":[8.686533,47.426008]},"properties":{"line":"662","mode":"bus","color":"#0059a9","colorDark":"#00294f","band":3,"off":[-3.4,1.1]}},{"type":"Feature","geometry":{"type":"Point","coordinates":[8.686533,47.426008]},"properties":{"line":"720","mode":"bus","color":"#0059a9","colorDark":"#00294f","band":3,"off":[0,1.1]}},{"type":"Feature","geometry":{"type":"Point","coordinates":[8.686533,47.426008]},"properties":{"line":"S8","mode":"tram","color":"#0A4595","colorDark":"#062652","band":3,"metro":1,"off":[3.4,1.1]}},{"type":"Feature","geometry":{"type":"Point","coordinates":[8.686533,47.426008]},"properties":{"line":"N62","mode":"bus","color":"#000000","colorDark":"#000000","band":3,"off":[6.8,1.1]}},{"type":"Feature","geometry":{"type":"Point","coordinates":[8.686533,47.426008]},"properties":{"line":"N70","mode":"bus","color":"#000000","colorDark":"#000000","band":3,"off":[0,3.1]}},{"type":"Feature","geometry":{"type":"Point","coordinates":[8.723807,47.498465]},"properties":{"name":"Winterthur, Archstrasse/HB A","band":3,"modes":"bus","arr":["660"],"off":[0,-0.8]}},{"type":"Feature","geometry":{"type":"Point","coordinates":[8.723807,47.498465]},"properties":{"line":"660","mode":"bus","color":"#0059a9","colorDark":"#00294f","band":3,"off":[0,1.1]}},{"type":"Feature","geometry":{"type":"Point","coordinates":[8.682984,47.471385]},"properties":{"name":"Brütten, Harossen","band":3,"modes":"bus","arr":["662"],"off":[0,-0.8]}},{"type":"Feature","geometry":{"type":"Point","coordinates":[8.682984,47.471385]},"properties":{"line":"662","mode":"bus","color":"#0059a9","colorDark":"#00294f","band":3,"off":[0,1.1]}},{"type":"Feature","geometry":{"type":"Point","coordinates":[8.626204,47.438611]},"properties":{"name":"Bassersdorf, Bahnhof","band":3,"modes":"bus,metro","arr":["660","766","769","SN7"],"off":[0,-0.8]}},{"type":"Feature","geometry":{"type":"Point","coordinates":[8.626204,47.438611]},"properties":{"name":"Bassersdorf","band":3,"modes":"bus,metro","arr":["660","766","769","SN7"],"off":[0,-3]}},{"type":"Feature","geometry":{"type":"Point","coordinates":[8.626204,47.438611]},"properties":{"line":"660","mode":"bus","color":"#0059a9","colorDark":"#00294f","band":3,"off":[-5.1,1.1]}},{"type":"Feature","geometry":{"type":"Point","coordinates":[8.626204,47.438611]},"properties":{"line":"766","mode":"bus","color":"#0059a9","colorDark":"#00294f","band":3,"off":[-1.7,1.1]}},{"type":"Feature","geometry":{"type":"Point","coordinates":[8.626204,47.438611]},"properties":{"line":"769","mode":"bus","color":"#0059a9","colorDark":"#00294f","band":3,"off":[1.7,1.1]}},{"type":"Feature","geometry":{"type":"Point","coordinates":[8.626204,47.438611]},"properties":{"line":"SN7","mode":"tram","color":"#000000","colorDark":"#000000","band":3,"metro":1,"off":[5.1,1.1]}},{"type":"Feature","geometry":{"type":"Point","coordinates":[8.56648,47.363736]},"properties":{"name":"Klusplatz D","band":3,"modes":"tram,bus","arr":["3","701","703","704"],"off":[0,-0.8]}},{"type":"Feature","geometry":{"type":"Point","coordinates":[8.56648,47.363736]},"properties":{"name":"Klusplatz C","band":3,"modes":"tram,bus","arr":["3","701","703","704"],"off":[0,-1.9]}},{"type":"Feature","geometry":{"type":"Point","coordinates":[8.56648,47.363736]},"properties":{"name":"Klusplatz A","band":3,"modes":"tram,bus","arr":["3","701","703","704"],"off":[0,-3]}},{"type":"Feature","geometry":{"type":"Point","coordinates":[8.56648,47.363736]},"properties":{"line":"3","mode":"tram","color":"#d6212b","colorDark":"#7c1116","band":3,"off":[-5.1,1.1]}},{"type":"Feature","geometry":{"type":"Point","coordinates":[8.56648,47.363736]},"properties":{"line":"701","mode":"bus","color":"#0059a9","colorDark":"#00294f","band":3,"off":[-1.7,1.1]}},{"type":"Feature","geometry":{"type":"Point","coordinates":[8.56648,47.363736]},"properties":{"line":"703","mode":"bus","color":"#0059a9","colorDark":"#00294f","band":3,"off":[1.7,1.1]}},{"type":"Feature","geometry":{"type":"Point","coordinates":[8.56648,47.363736]},"properties":{"line":"704","mode":"bus","color":"#0059a9","colorDark":"#00294f","band":3,"off":[5.1,1.1]}},{"type":"Feature","geometry":{"type":"Point","coordinates":[8.677969,47.33993]},"properties":{"name":"Maur, See","band":3,"modes":"bus","arr":["701","743","N71"],"off":[0,-0.8]}},{"type":"Feature","geometry":{"type":"Point","coordinates":[8.677969,47.33993]},"properties":{"line":"701","mode":"bus","color":"#0059a9","colorDark":"#00294f","band":3,"off":[-3.4,1.1]}},{"type":"Feature","geometry":{"type":"Point","coordinates":[8.677969,47.33993]},"properties":{"line":"743","mode":"bus","color":"#0059a9","colorDark":"#00294f","band":3,"off":[0,1.1]}},{"type":"Feature","geometry":{"type":"Point","coordinates":[8.677969,47.33993]},"properties":{"line":"N71","mode":"bus","color":"#000000","colorDark":"#000000","band":3,"off":[3.4,1.1]}},{"type":"Feature","geometry":{"type":"Point","coordinates":[8.668459,47.340316]},"properties":{"name":"Maur, Dorf","band":3,"modes":"bus","arr":["910"],"off":[0,-0.8]}},{"type":"Feature","geometry":{"type":"Point","coordinates":[8.668459,47.340316]},"properties":{"line":"910","mode":"bus","color":"#0059a9","colorDark":"#00294f","band":3,"off":[0,1.1]}},{"type":"Feature","geometry":{"type":"Point","coordinates":[8.638505,47.361201]},"properties":{"name":"Benglen, Bodenacher","band":3,"modes":"bus","arr":["703","705"],"off":[0,-0.8]}},{"type":"Feature","geometry":{"type":"Point","coordinates":[8.638505,47.361201]},"properties":{"line":"703","mode":"bus","color":"#0059a9","colorDark":"#00294f","band":3,"off":[-1.7,1.1]}},{"type":"Feature","geometry":{"type":"Point","coordinates":[8.638505,47.361201]},"properties":{"line":"705","mode":"bus","color":"#0059a9","colorDark":"#00294f","band":3,"off":[1.7,1.1]}},{"type":"Feature","geometry":{"type":"Point","coordinates":[8.659721,47.384632]},"properties":{"name":"Schwerzenbach ZH, Bahnhof E","band":3,"modes":"bus","arr":["704","705","706","720","N74"],"off":[0,-0.8]}},{"type":"Feature","geometry":{"type":"Point","coordinates":[8.659721,47.384632]},"properties":{"name":"Schwerzenbach ZH, Bahnhof D","band":3,"modes":"bus","arr":["704","705","706","720","N74"],"off":[0,-3]}},{"type":"Feature","geometry":{"type":"Point","coordinates":[8.659721,47.384632]},"properties":{"name":"Schwerzenbach ZH, Bahnhof B","band":3,"modes":"bus","arr":["704","705","706","720","N74"],"off":[0,-5.2]}},{"type":"Feature","geometry":{"type":"Point","coordinates":[8.659721,47.384632]},"properties":{"line":"704","mode":"bus","color":"#0059a9","colorDark":"#00294f","band":3,"off":[-6.8,1.1]}},{"type":"Feature","geometry":{"type":"Point","coordinates":[8.659721,47.384632]},"properties":{"line":"705","mode":"bus","color":"#0059a9","colorDark":"#00294f","band":3,"off":[-3.4,1.1]}},{"type":"Feature","geometry":{"type":"Point","coordinates":[8.659721,47.384632]},"properties":{"line":"706","mode":"bus","color":"#0059a9","colorDark":"#00294f","band":3,"off":[0,1.1]}},{"type":"Feature","geometry":{"type":"Point","coordinates":[8.659721,47.384632]},"properties":{"line":"720","mode":"bus","color":"#0059a9","colorDark":"#00294f","band":3,"off":[3.4,1.1]}},{"type":"Feature","geometry":{"type":"Point","coordinates":[8.659721,47.384632]},"properties":{"line":"N74","mode":"bus","color":"#000000","colorDark":"#000000","band":3,"off":[6.8,1.1]}},{"type":"Feature","geometry":{"type":"Point","coordinates":[8.647989,47.32499]},"properties":{"name":"Forch, Bahnhof","band":3,"modes":"bus","arr":["706","905"],"off":[0,-0.8]}},{"type":"Feature","geometry":{"type":"Point","coordinates":[8.647989,47.32499]},"properties":{"line":"706","mode":"bus","color":"#0059a9","colorDark":"#00294f","band":3,"off":[-1.7,1.1]}},{"type":"Feature","geometry":{"type":"Point","coordinates":[8.647989,47.32499]},"properties":{"line":"905","mode":"bus","color":"#0059a9","colorDark":"#00294f","band":3,"off":[1.7,1.1]}},{"type":"Feature","geometry":{"type":"Point","coordinates":[8.681435,47.395304]},"properties":{"name":"Volketswil, Eichstrasse","band":3,"modes":"bus","arr":["721"],"off":[0,-0.8]}},{"type":"Feature","geometry":{"type":"Point","coordinates":[8.681435,47.395304]},"properties":{"line":"721","mode":"bus","color":"#0059a9","colorDark":"#00294f","band":3,"off":[0,1.1]}},{"type":"Feature","geometry":{"type":"Point","coordinates":[8.659579,47.38363]},"properties":{"name":"Schwerzenbach ZH, Bahnhof F","band":3,"modes":"bus","arr":["721","725","726","727"],"off":[0,-0.8]}},{"type":"Feature","geometry":{"type":"Point","coordinates":[8.659579,47.38363]},"properties":{"name":"Schwerzenbach ZH, Bahnhof C","band":3,"modes":"bus","arr":["721","725","726","727"],"off":[0,-3]}},{"type":"Feature","geometry":{"type":"Point","coordinates":[8.659579,47.38363]},"properties":{"name":"Schwerzenbach ZH, Bahnhof A","band":3,"modes":"bus","arr":["721","725","726","727"],"off":[0,-5.2]}},{"type":"Feature","geometry":{"type":"Point","coordinates":[8.659579,47.38363]},"properties":{"line":"721","mode":"bus","color":"#0059a9","colorDark":"#00294f","band":3,"off":[-5.1,1.1]}},{"type":"Feature","geometry":{"type":"Point","coordinates":[8.659579,47.38363]},"properties":{"line":"725","mode":"bus","color":"#0059a9","colorDark":"#00294f","band":3,"off":[-1.7,1.1]}},{"type":"Feature","geometry":{"type":"Point","coordinates":[8.659579,47.38363]},"properties":{"line":"726","mode":"bus","color":"#0059a9","colorDark":"#00294f","band":3,"off":[1.7,1.1]}},{"type":"Feature","geometry":{"type":"Point","coordinates":[8.659579,47.38363]},"properties":{"line":"727","mode":"bus","color":"#0059a9","colorDark":"#00294f","band":3,"off":[5.1,1.1]}},{"type":"Feature","geometry":{"type":"Point","coordinates":[8.717385,47.351054]},"properties":{"name":"Uster, Bahnhof","band":3,"modes":"bus,metro","arr":["725","811","812","813","816","817","818","827","846","S9","N81","SN9"],"off":[0,-0.8]}},{"type":"Feature","geometry":{"type":"Point","coordinates":[8.717385,47.351054]},"properties":{"name":"Uster","band":3,"modes":"bus,metro","arr":["725","811","812","813","816","817","818","827","846","S9","N81","SN9"],"off":[0,-1.9]}},{"type":"Feature","geometry":{"type":"Point","coordinates":[8.717385,47.351054]},"properties":{"line":"725","mode":"bus","color":"#0059a9","colorDark":"#00294f","band":3,"off":[-6.8,1.1]}},{"type":"Feature","geometry":{"type":"Point","coordinates":[8.717385,47.351054]},"properties":{"line":"811","mode":"bus","color":"#0059a9","colorDark":"#00294f","band":3,"off":[-3.4,1.1]}},{"type":"Feature","geometry":{"type":"Point","coordinates":[8.717385,47.351054]},"properties":{"line":"812","mode":"bus","color":"#0059a9","colorDark":"#00294f","band":3,"off":[0,1.1]}},{"type":"Feature","geometry":{"type":"Point","coordinates":[8.717385,47.351054]},"properties":{"line":"813","mode":"bus","color":"#0059a9","colorDark":"#00294f","band":3,"off":[3.4,1.1]}},{"type":"Feature","geometry":{"type":"Point","coordinates":[8.717385,47.351054]},"properties":{"line":"816","mode":"bus","color":"#0059a9","colorDark":"#00294f","band":3,"off":[6.8,1.1]}},{"type":"Feature","geometry":{"type":"Point","coordinates":[8.717385,47.351054]},"properties":{"line":"817","mode":"bus","color":"#0059a9","colorDark":"#00294f","band":3,"off":[-6.8,3.1]}},{"type":"Feature","geometry":{"type":"Point","coordinates":[8.717385,47.351054]},"properties":{"line":"818","mode":"bus","color":"#0059a9","colorDark":"#00294f","band":3,"off":[-3.4,3.1]}},{"type":"Feature","geometry":{"type":"Point","coordinates":[8.717385,47.351054]},"properties":{"line":"827","mode":"bus","color":"#0059a9","colorDark":"#00294f","band":3,"off":[0,3.1]}},{"type":"Feature","geometry":{"type":"Point","coordinates":[8.717385,47.351054]},"properties":{"line":"846","mode":"bus","color":"#0059a9","colorDark":"#00294f","band":3,"off":[3.4,3.1]}},{"type":"Feature","geometry":{"type":"Point","coordinates":[8.717385,47.351054]},"properties":{"line":"S9","mode":"tram","color":"#0A4595","colorDark":"#062652","band":3,"metro":1,"off":[6.8,3.1]}},{"type":"Feature","geometry":{"type":"Point","coordinates":[8.717385,47.351054]},"properties":{"line":"N81","mode":"bus","color":"#000000","colorDark":"#000000","band":3,"off":[-1.7,5.1]}},{"type":"Feature","geometry":{"type":"Point","coordinates":[8.717385,47.351054]},"properties":{"line":"SN9","mode":"tram","color":"#000000","colorDark":"#000000","band":3,"metro":1,"off":[1.7,5.1]}},{"type":"Feature","geometry":{"type":"Point","coordinates":[8.692841,47.389605]},"properties":{"name":"Volketswil, Dorf","band":3,"modes":"bus","arr":["726"],"off":[0,-0.8]}},{"type":"Feature","geometry":{"type":"Point","coordinates":[8.692841,47.389605]},"properties":{"line":"726","mode":"bus","color":"#0059a9","colorDark":"#00294f","band":3,"off":[0,1.1]}},{"type":"Feature","geometry":{"type":"Point","coordinates":[8.690648,47.364436]},"properties":{"name":"Greifensee, Pfisterhölzli","band":3,"modes":"bus","arr":["727"],"off":[0,-0.8]}},{"type":"Feature","geometry":{"type":"Point","coordinates":[8.690648,47.364436]},"properties":{"line":"727","mode":"bus","color":"#0059a9","colorDark":"#00294f","band":3,"off":[0,1.1]}},{"type":"Feature","geometry":{"type":"Point","coordinates":[8.595339,47.444445]},"properties":{"name":"Kloten, Buchhalden","band":3,"modes":"bus","arr":["731","736"],"off":[0,-0.8]}},{"type":"Feature","geometry":{"type":"Point","coordinates":[8.595339,47.444445]},"properties":{"line":"731","mode":"bus","color":"#0059a9","colorDark":"#00294f","band":3,"off":[-1.7,1.1]}},{"type":"Feature","geometry":{"type":"Point","coordinates":[8.595339,47.444445]},"properties":{"line":"736","mode":"bus","color":"#0059a9","colorDark":"#00294f","band":3,"off":[1.7,1.1]}},{"type":"Feature","geometry":{"type":"Point","coordinates":[8.582353,47.471909]},"properties":{"name":"Egetswil, Dorf","band":3,"modes":"bus","arr":["732","734"],"off":[0,-0.8]}},{"type":"Feature","geometry":{"type":"Point","coordinates":[8.582353,47.471909]},"properties":{"line":"732","mode":"bus","color":"#0059a9","colorDark":"#00294f","band":3,"off":[-1.7,1.1]}},{"type":"Feature","geometry":{"type":"Point","coordinates":[8.582353,47.471909]},"properties":{"line":"734","mode":"bus","color":"#0059a9","colorDark":"#00294f","band":3,"off":[1.7,1.1]}},{"type":"Feature","geometry":{"type":"Point","coordinates":[8.582812,47.448379]},"properties":{"name":"Kloten, Bahnhof","band":3,"modes":"bus","arr":["766","N10","N52","N54"],"off":[0,-0.8]}},{"type":"Feature","geometry":{"type":"Point","coordinates":[8.582812,47.448379]},"properties":{"line":"766","mode":"bus","color":"#0059a9","colorDark":"#00294f","band":3,"off":[-5.1,1.1]}},{"type":"Feature","geometry":{"type":"Point","coordinates":[8.582812,47.448379]},"properties":{"line":"N10","mode":"bus","color":"#000000","colorDark":"#000000","band":3,"off":[-1.7,1.1]}},{"type":"Feature","geometry":{"type":"Point","coordinates":[8.582812,47.448379]},"properties":{"line":"N52","mode":"bus","color":"#000000","colorDark":"#000000","band":3,"off":[1.7,1.1]}},{"type":"Feature","geometry":{"type":"Point","coordinates":[8.582812,47.448379]},"properties":{"line":"N54","mode":"bus","color":"#000000","colorDark":"#000000","band":3,"off":[5.1,1.1]}},{"type":"Feature","geometry":{"type":"Point","coordinates":[8.595971,47.450913]},"properties":{"name":"Kloten, Graswinkel","band":3,"modes":"bus","arr":["733"],"off":[0,-0.8]}},{"type":"Feature","geometry":{"type":"Point","coordinates":[8.595971,47.450913]},"properties":{"line":"733","mode":"bus","color":"#0059a9","colorDark":"#00294f","band":3,"off":[0,1.1]}},{"type":"Feature","geometry":{"type":"Point","coordinates":[8.563736,47.44944]},"properties":{"name":"Zürich Flughafen, Bahnhof L","band":3,"modes":"bus","arr":["733","735","739"],"off":[0,-0.8]}},{"type":"Feature","geometry":{"type":"Point","coordinates":[8.563736,47.44944]},"properties":{"name":"Zürich Flughafen, Bahnhof H","band":3,"modes":"bus","arr":["733","735","739"],"off":[0,-3]}},{"type":"Feature","geometry":{"type":"Point","coordinates":[8.563736,47.44944]},"properties":{"name":"Zürich Flughafen, Bahnhof G","band":3,"modes":"bus","arr":["733","735","739"],"off":[0,-5.2]}},{"type":"Feature","geometry":{"type":"Point","coordinates":[8.563736,47.44944]},"properties":{"line":"733","mode":"bus","color":"#0059a9","colorDark":"#00294f","band":3,"off":[-3.4,1.1]}},{"type":"Feature","geometry":{"type":"Point","coordinates":[8.563736,47.44944]},"properties":{"line":"735","mode":"bus","color":"#0059a9","colorDark":"#00294f","band":3,"off":[0,1.1]}},{"type":"Feature","geometry":{"type":"Point","coordinates":[8.563736,47.44944]},"properties":{"line":"739","mode":"bus","color":"#0059a9","colorDark":"#00294f","band":3,"off":[3.4,1.1]}},{"type":"Feature","geometry":{"type":"Point","coordinates":[8.590305,47.455572]},"properties":{"name":"Kloten, Härdlen","band":3,"modes":"bus","arr":["735"],"off":[0,-0.8]}},{"type":"Feature","geometry":{"type":"Point","coordinates":[8.590305,47.455572]},"properties":{"line":"735","mode":"bus","color":"#0059a9","colorDark":"#00294f","band":3,"off":[0,1.1]}},{"type":"Feature","geometry":{"type":"Point","coordinates":[8.572811,47.458496]},"properties":{"name":"Zürich Flughafen, Rega","band":3,"modes":"bus","arr":["739"],"off":[0,-0.8]}},{"type":"Feature","geometry":{"type":"Point","coordinates":[8.572811,47.458496]},"properties":{"line":"739","mode":"bus","color":"#0059a9","colorDark":"#00294f","band":3,"off":[0,1.1]}},{"type":"Feature","geometry":{"type":"Point","coordinates":[8.595558,47.397334]},"properties":{"name":"Bahnhof Stettbach D","band":3,"modes":"bus","arr":["743","745","751","752","760","N6","N7","N76","N77"],"off":[0,-0.8]}},{"type":"Feature","geometry":{"type":"Point","coordinates":[8.595558,47.397334]},"properties":{"name":"Bahnhof Stettbach C","band":3,"modes":"bus","arr":["743","745","751","752","760","N6","N7","N76","N77"],"off":[0,-3]}},{"type":"Feature","geometry":{"type":"Point","coordinates":[8.595558,47.397334]},"properties":{"name":"Bahnhof Stettbach A","band":3,"modes":"bus","arr":["743","745","751","752","760","N6","N7","N76","N77"],"off":[0,-5.2]}},{"type":"Feature","geometry":{"type":"Point","coordinates":[8.595558,47.397334]},"properties":{"line":"743","mode":"bus","color":"#0059a9","colorDark":"#00294f","band":3,"off":[-6.8,1.1]}},{"type":"Feature","geometry":{"type":"Point","coordinates":[8.595558,47.397334]},"properties":{"line":"745","mode":"bus","color":"#0059a9","colorDark":"#00294f","band":3,"off":[-3.4,1.1]}},{"type":"Feature","geometry":{"type":"Point","coordinates":[8.595558,47.397334]},"properties":{"line":"751","mode":"bus","color":"#0059a9","colorDark":"#00294f","band":3,"off":[0,1.1]}},{"type":"Feature","geometry":{"type":"Point","coordinates":[8.595558,47.397334]},"properties":{"line":"752","mode":"bus","color":"#0059a9","colorDark":"#00294f","band":3,"off":[3.4,1.1]}},{"type":"Feature","geometry":{"type":"Point","coordinates":[8.595558,47.397334]},"properties":{"line":"760","mode":"bus","color":"#0059a9","colorDark":"#00294f","band":3,"off":[6.8,1.1]}},{"type":"Feature","geometry":{"type":"Point","coordinates":[8.595558,47.397334]},"properties":{"line":"N6","mode":"bus","color":"#000000","colorDark":"#000000","band":3,"off":[-5.1,3.1]}},{"type":"Feature","geometry":{"type":"Point","coordinates":[8.595558,47.397334]},"properties":{"line":"N7","mode":"bus","color":"#000000","colorDark":"#000000","band":3,"off":[-1.7,3.1]}},{"type":"Feature","geometry":{"type":"Point","coordinates":[8.595558,47.397334]},"properties":{"line":"N76","mode":"bus","color":"#000000","colorDark":"#000000","band":3,"off":[1.7,3.1]}},{"type":"Feature","geometry":{"type":"Point","coordinates":[8.595558,47.397334]},"properties":{"line":"N77","mode":"bus","color":"#000000","colorDark":"#000000","band":3,"off":[5.1,3.1]}},{"type":"Feature","geometry":{"type":"Point","coordinates":[8.642302,47.370634]},"properties":{"name":"Fällanden, Wigarten","band":3,"modes":"bus","arr":["745"],"off":[0,-0.8]}},{"type":"Feature","geometry":{"type":"Point","coordinates":[8.642302,47.370634]},"properties":{"line":"745","mode":"bus","color":"#0059a9","colorDark":"#00294f","band":3,"off":[0,1.1]}},{"type":"Feature","geometry":{"type":"Point","coordinates":[8.618635,47.426361]},"properties":{"name":"Dietlikon, Hofwiesen","band":3,"modes":"bus","arr":["748"],"off":[0,-0.8]}},{"type":"Feature","geometry":{"type":"Point","coordinates":[8.618635,47.426361]},"properties":{"line":"748","mode":"bus","color":"#0059a9","colorDark":"#00294f","band":3,"off":[0,1.1]}},{"type":"Feature","geometry":{"type":"Point","coordinates":[8.623226,47.399974]},"properties":{"name":"Dübendorf, Bahnhof","band":3,"modes":"bus","arr":["748","754","756","760"],"off":[0,-0.8]}},{"type":"Feature","geometry":{"type":"Point","coordinates":[8.623226,47.399974]},"properties":{"line":"748","mode":"bus","color":"#0059a9","colorDark":"#00294f","band":3,"off":[-5.1,1.1]}},{"type":"Feature","geometry":{"type":"Point","coordinates":[8.623226,47.399974]},"properties":{"line":"754","mode":"bus","color":"#0059a9","colorDark":"#00294f","band":3,"off":[-1.7,1.1]}},{"type":"Feature","geometry":{"type":"Point","coordinates":[8.623226,47.399974]},"properties":{"line":"756","mode":"bus","color":"#0059a9","colorDark":"#00294f","band":3,"off":[1.7,1.1]}},{"type":"Feature","geometry":{"type":"Point","coordinates":[8.623226,47.399974]},"properties":{"line":"760","mode":"bus","color":"#0059a9","colorDark":"#00294f","band":3,"off":[5.1,1.1]}},{"type":"Feature","geometry":{"type":"Point","coordinates":[8.627057,47.437974]},"properties":{"name":"Bassersdorf, Bahnhof Süd","band":3,"modes":"bus","arr":["749"],"off":[0,-0.8]}},{"type":"Feature","geometry":{"type":"Point","coordinates":[8.627057,47.437974]},"properties":{"line":"749","mode":"bus","color":"#0059a9","colorDark":"#00294f","band":3,"off":[0,1.1]}},{"type":"Feature","geometry":{"type":"Point","coordinates":[8.608177,47.425451]},"properties":{"name":"Dietlikon, Hinentalstrasse","band":3,"modes":"bus","arr":["749"],"off":[0,-0.8]}},{"type":"Feature","geometry":{"type":"Point","coordinates":[8.608177,47.425451]},"properties":{"line":"749","mode":"bus","color":"#0059a9","colorDark":"#00294f","band":3,"off":[0,1.1]}},{"type":"Feature","geometry":{"type":"Point","coordinates":[8.559761,47.376454]},"properties":{"name":"Kirche Fluntern","band":3,"modes":"tram,bus","arr":["10","751"],"off":[0,-0.8]}},{"type":"Feature","geometry":{"type":"Point","coordinates":[8.559761,47.376454]},"properties":{"line":"10","mode":"tram","color":"#d6212b","colorDark":"#7c1116","band":3,"off":[-1.7,1.1]}},{"type":"Feature","geometry":{"type":"Point","coordinates":[8.559761,47.376454]},"properties":{"line":"751","mode":"bus","color":"#0059a9","colorDark":"#00294f","band":3,"off":[1.7,1.1]}},{"type":"Feature","geometry":{"type":"Point","coordinates":[8.628994,47.389187]},"properties":{"name":"Dübendorf, Kunsteisbahn","band":3,"modes":"bus","arr":["752","N77"],"off":[0,-0.8]}},{"type":"Feature","geometry":{"type":"Point","coordinates":[8.628994,47.389187]},"properties":{"line":"752","mode":"bus","color":"#0059a9","colorDark":"#00294f","band":3,"off":[-1.7,1.1]}},{"type":"Feature","geometry":{"type":"Point","coordinates":[8.628994,47.389187]},"properties":{"line":"N77","mode":"bus","color":"#000000","colorDark":"#000000","band":3,"off":[1.7,1.1]}},{"type":"Feature","geometry":{"type":"Point","coordinates":[8.595555,47.396261]},"properties":{"name":"Bahnhof Stettbach E","band":3,"modes":"tram,bus","arr":["7","12","754","760","E","N76","N78"],"off":[0,-0.8]}},{"type":"Feature","geometry":{"type":"Point","coordinates":[8.595555,47.396261]},"properties":{"name":"Bahnhof Stettbach B","band":3,"modes":"tram,bus","arr":["7","12","754","760","E","N76","N78"],"off":[0,-3]}},{"type":"Feature","geometry":{"type":"Point","coordinates":[8.595555,47.396261]},"properties":{"name":"Bahnhof Stettbach","band":3,"modes":"tram,bus","arr":["7","12","754","760","E","N76","N78"],"off":[0,-5.2]}},{"type":"Feature","geometry":{"type":"Point","coordinates":[8.595555,47.396261]},"properties":{"line":"7","mode":"tram","color":"#d6212b","colorDark":"#7c1116","band":3,"off":[-6.8,1.1]}},{"type":"Feature","geometry":{"type":"Point","coordinates":[8.595555,47.396261]},"properties":{"line":"12","mode":"tram","color":"#d6212b","colorDark":"#7c1116","band":3,"off":[-3.4,1.1]}},{"type":"Feature","geometry":{"type":"Point","coordinates":[8.595555,47.396261]},"properties":{"line":"754","mode":"bus","color":"#0059a9","colorDark":"#00294f","band":3,"off":[0,1.1]}},{"type":"Feature","geometry":{"type":"Point","coordinates":[8.595555,47.396261]},"properties":{"line":"760","mode":"bus","color":"#0059a9","colorDark":"#00294f","band":3,"off":[3.4,1.1]}},{"type":"Feature","geometry":{"type":"Point","coordinates":[8.595555,47.396261]},"properties":{"line":"E","mode":"bus","color":"#0059a9","colorDark":"#00294f","band":3,"off":[6.8,1.1]}},{"type":"Feature","geometry":{"type":"Point","coordinates":[8.595555,47.396261]},"properties":{"line":"N76","mode":"bus","color":"#000000","colorDark":"#000000","band":3,"off":[-1.7,3.1]}},{"type":"Feature","geometry":{"type":"Point","coordinates":[8.595555,47.396261]},"properties":{"line":"N78","mode":"bus","color":"#000000","colorDark":"#000000","band":3,"off":[1.7,3.1]}},{"type":"Feature","geometry":{"type":"Point","coordinates":[8.647381,47.392969]},"properties":{"name":"Dübendorf, Gfenn","band":3,"modes":"bus","arr":["756","N76"],"off":[0,-0.8]}},{"type":"Feature","geometry":{"type":"Point","coordinates":[8.647381,47.392969]},"properties":{"line":"756","mode":"bus","color":"#0059a9","colorDark":"#00294f","band":3,"off":[-1.7,1.1]}},{"type":"Feature","geometry":{"type":"Point","coordinates":[8.647381,47.392969]},"properties":{"line":"N76","mode":"bus","color":"#000000","colorDark":"#000000","band":3,"off":[1.7,1.1]}},{"type":"Feature","geometry":{"type":"Point","coordinates":[8.645765,47.410556]},"properties":{"name":"Wangen, Dorfplatz","band":3,"modes":"bus","arr":["759"],"off":[0,-0.8]}},{"type":"Feature","geometry":{"type":"Point","coordinates":[8.645765,47.410556]},"properties":{"line":"759","mode":"bus","color":"#0059a9","colorDark":"#00294f","band":3,"off":[0,1.1]}},{"type":"Feature","geometry":{"type":"Point","coordinates":[8.567559,47.434598]},"properties":{"name":"Glattbrugg, Glatthof","band":3,"modes":"bus","arr":["N79"],"off":[0,-0.8]}},{"type":"Feature","geometry":{"type":"Point","coordinates":[8.567559,47.434598]},"properties":{"line":"N79","mode":"bus","color":"#000000","colorDark":"#000000","band":3,"off":[0,1.1]}},{"type":"Feature","geometry":{"type":"Point","coordinates":[8.563736,47.450442]},"properties":{"name":"Zürich Flughafen, Bahnhof K","band":3,"modes":"bus","arr":["759","765","768"],"off":[0,-0.8]}},{"type":"Feature","geometry":{"type":"Point","coordinates":[8.563736,47.450442]},"properties":{"name":"Zürich Flughafen, Bahnhof J","band":3,"modes":"bus","arr":["759","765","768"],"off":[0,-3]}},{"type":"Feature","geometry":{"type":"Point","coordinates":[8.563736,47.450442]},"properties":{"name":"Zürich Flughafen, Bahnhof F","band":3,"modes":"bus","arr":["759","765","768"],"off":[0,-5.2]}},{"type":"Feature","geometry":{"type":"Point","coordinates":[8.563736,47.450442]},"properties":{"line":"759","mode":"bus","color":"#0059a9","colorDark":"#00294f","band":3,"off":[-3.4,1.1]}},{"type":"Feature","geometry":{"type":"Point","coordinates":[8.563736,47.450442]},"properties":{"line":"765","mode":"bus","color":"#0059a9","colorDark":"#00294f","band":3,"off":[0,1.1]}},{"type":"Feature","geometry":{"type":"Point","coordinates":[8.563736,47.450442]},"properties":{"line":"768","mode":"bus","color":"#0059a9","colorDark":"#00294f","band":3,"off":[3.4,1.1]}},{"type":"Feature","geometry":{"type":"Point","coordinates":[8.593177,47.413037]},"properties":{"name":"Wallisellen, Bahnhof E","band":3,"modes":"bus","arr":["761","771","772","773"],"off":[0,-0.8]}},{"type":"Feature","geometry":{"type":"Point","coordinates":[8.593177,47.413037]},"properties":{"name":"Wallisellen, Bahnhof C","band":3,"modes":"bus","arr":["761","771","772","773"],"off":[0,-3]}},{"type":"Feature","geometry":{"type":"Point","coordinates":[8.593177,47.413037]},"properties":{"name":"Wallisellen, Bahnhof A","band":3,"modes":"bus","arr":["761","771","772","773"],"off":[0,-5.2]}},{"type":"Feature","geometry":{"type":"Point","coordinates":[8.593177,47.413037]},"properties":{"line":"761","mode":"bus","color":"#0059a9","colorDark":"#00294f","band":3,"off":[-5.1,1.1]}},{"type":"Feature","geometry":{"type":"Point","coordinates":[8.593177,47.413037]},"properties":{"line":"771","mode":"bus","color":"#0059a9","colorDark":"#00294f","band":3,"off":[-1.7,1.1]}},{"type":"Feature","geometry":{"type":"Point","coordinates":[8.593177,47.413037]},"properties":{"line":"772","mode":"bus","color":"#0059a9","colorDark":"#00294f","band":3,"off":[1.7,1.1]}},{"type":"Feature","geometry":{"type":"Point","coordinates":[8.593177,47.413037]},"properties":{"line":"773","mode":"bus","color":"#0059a9","colorDark":"#00294f","band":3,"off":[5.1,1.1]}},{"type":"Feature","geometry":{"type":"Point","coordinates":[8.564208,47.428595]},"properties":{"name":"Glattbrugg, Giebeleichstrasse","band":3,"modes":"bus","arr":["781"],"off":[0,-0.8]}},{"type":"Feature","geometry":{"type":"Point","coordinates":[8.564208,47.428595]},"properties":{"line":"781","mode":"bus","color":"#0059a9","colorDark":"#00294f","band":3,"off":[0,1.1]}},{"type":"Feature","geometry":{"type":"Point","coordinates":[8.559539,47.43063]},"properties":{"name":"Glattbrugg, Bahnhof","band":3,"modes":"bus","arr":["761","762"],"off":[0,-0.8]}},{"type":"Feature","geometry":{"type":"Point","coordinates":[8.559539,47.43063]},"properties":{"line":"761","mode":"bus","color":"#0059a9","colorDark":"#00294f","band":3,"off":[-1.7,1.1]}},{"type":"Feature","geometry":{"type":"Point","coordinates":[8.559539,47.43063]},"properties":{"line":"762","mode":"bus","color":"#0059a9","colorDark":"#00294f","band":3,"off":[1.7,1.1]}},{"type":"Feature","geometry":{"type":"Point","coordinates":[8.577371,47.424799]},"properties":{"name":"Opfikon, Aublick","band":3,"modes":"bus","arr":["762"],"off":[0,-0.8]}},{"type":"Feature","geometry":{"type":"Point","coordinates":[8.577371,47.424799]},"properties":{"line":"762","mode":"bus","color":"#0059a9","colorDark":"#00294f","band":3,"off":[0,1.1]}},{"type":"Feature","geometry":{"type":"Point","coordinates":[8.581694,47.424587]},"properties":{"name":"Opfikon, Grätzli","band":3,"modes":"bus","arr":["762"],"off":[0,-0.8]}},{"type":"Feature","geometry":{"type":"Point","coordinates":[8.581694,47.424587]},"properties":{"line":"762","mode":"bus","color":"#0059a9","colorDark":"#00294f","band":3,"off":[0,1.1]}},{"type":"Feature","geometry":{"type":"Point","coordinates":[8.621506,47.421384]},"properties":{"name":"Dietlikon, Schwimmbad","band":3,"modes":"bus","arr":["765","796"],"off":[0,-0.8]}},{"type":"Feature","geometry":{"type":"Point","coordinates":[8.621506,47.421384]},"properties":{"line":"765","mode":"bus","color":"#0059a9","colorDark":"#00294f","band":3,"off":[-1.7,1.1]}},{"type":"Feature","geometry":{"type":"Point","coordinates":[8.621506,47.421384]},"properties":{"line":"796","mode":"bus","color":"#0059a9","colorDark":"#00294f","band":3,"off":[1.7,1.1]}},{"type":"Feature","geometry":{"type":"Point","coordinates":[8.545519,47.411884]},"properties":{"name":"Bahnhof Oerlikon","band":3,"modes":"bus","arr":["768","781","787","N75","N79"],"off":[0,-0.8]}},{"type":"Feature","geometry":{"type":"Point","coordinates":[8.545519,47.411884]},"properties":{"line":"768","mode":"bus","color":"#0059a9","colorDark":"#00294f","band":3,"off":[-6.8,1.1]}},{"type":"Feature","geometry":{"type":"Point","coordinates":[8.545519,47.411884]},"properties":{"line":"781","mode":"bus","color":"#0059a9","colorDark":"#00294f","band":3,"off":[-3.4,1.1]}},{"type":"Feature","geometry":{"type":"Point","coordinates":[8.545519,47.411884]},"properties":{"line":"787","mode":"bus","color":"#0059a9","colorDark":"#00294f","band":3,"off":[0,1.1]}},{"type":"Feature","geometry":{"type":"Point","coordinates":[8.545519,47.411884]},"properties":{"line":"N75","mode":"bus","color":"#000000","colorDark":"#000000","band":3,"off":[3.4,1.1]}},{"type":"Feature","geometry":{"type":"Point","coordinates":[8.545519,47.411884]},"properties":{"line":"N79","mode":"bus","color":"#000000","colorDark":"#000000","band":3,"off":[6.8,1.1]}},{"type":"Feature","geometry":{"type":"Point","coordinates":[8.598945,47.423711]},"properties":{"name":"Wallisellen, Schäfligraben","band":3,"modes":"bus","arr":["771"],"off":[0,-0.8]}},{"type":"Feature","geometry":{"type":"Point","coordinates":[8.598945,47.423711]},"properties":{"line":"771","mode":"bus","color":"#0059a9","colorDark":"#00294f","band":3,"off":[0,1.1]}},{"type":"Feature","geometry":{"type":"Point","coordinates":[8.606965,47.414867]},"properties":{"name":"Wallisellen, Sportzentrum","band":3,"modes":"bus","arr":["772"],"off":[0,-0.8]}},{"type":"Feature","geometry":{"type":"Point","coordinates":[8.606965,47.414867]},"properties":{"line":"772","mode":"bus","color":"#0059a9","colorDark":"#00294f","band":3,"off":[0,1.1]}},{"type":"Feature","geometry":{"type":"Point","coordinates":[8.588932,47.419466]},"properties":{"name":"Wallisellen, Frohheimstrasse","band":3,"modes":"bus","arr":["773"],"off":[0,-0.8]}},{"type":"Feature","geometry":{"type":"Point","coordinates":[8.588932,47.419466]},"properties":{"line":"773","mode":"bus","color":"#0059a9","colorDark":"#00294f","band":3,"off":[0,1.1]}},{"type":"Feature","geometry":{"type":"Point","coordinates":[8.592939,47.412261]},"properties":{"name":"Wallisellen, Bahnhof F","band":3,"modes":"bus","arr":["773","774"],"off":[0,-0.8]}},{"type":"Feature","geometry":{"type":"Point","coordinates":[8.592939,47.412261]},"properties":{"name":"Wallisellen, Bahnhof B","band":3,"modes":"bus","arr":["773","774"],"off":[0,-3]}},{"type":"Feature","geometry":{"type":"Point","coordinates":[8.592939,47.412261]},"properties":{"line":"773","mode":"bus","color":"#0059a9","colorDark":"#00294f","band":3,"off":[-1.7,1.1]}},{"type":"Feature","geometry":{"type":"Point","coordinates":[8.592939,47.412261]},"properties":{"line":"774","mode":"bus","color":"#0059a9","colorDark":"#00294f","band":3,"off":[1.7,1.1]}},{"type":"Feature","geometry":{"type":"Point","coordinates":[8.599115,47.415525]},"properties":{"name":"Wallisellen, Schulhaus Bürgli","band":3,"modes":"bus","arr":["774"],"off":[0,-0.8]}},{"type":"Feature","geometry":{"type":"Point","coordinates":[8.599115,47.415525]},"properties":{"line":"774","mode":"bus","color":"#0059a9","colorDark":"#00294f","band":3,"off":[0,1.1]}},{"type":"Feature","geometry":{"type":"Point","coordinates":[8.635262,47.425809]},"properties":{"name":"Brüttisellen, Obere Wangenstr.","band":3,"modes":"bus","arr":["787"],"off":[0,-0.8]}},{"type":"Feature","geometry":{"type":"Point","coordinates":[8.635262,47.425809]},"properties":{"line":"787","mode":"bus","color":"#0059a9","colorDark":"#00294f","band":3,"off":[0,1.1]}},{"type":"Feature","geometry":{"type":"Point","coordinates":[8.525738,47.446869]},"properties":{"name":"Rümlang, Chilestieg","band":3,"modes":"bus","arr":["795"],"off":[0,-0.8]}},{"type":"Feature","geometry":{"type":"Point","coordinates":[8.525738,47.446869]},"properties":{"line":"795","mode":"bus","color":"#0059a9","colorDark":"#00294f","band":3,"off":[0,1.1]}},{"type":"Feature","geometry":{"type":"Point","coordinates":[8.535857,47.448233]},"properties":{"name":"Rümlang, Ifangstrasse","band":3,"modes":"bus","arr":["795"],"off":[0,-0.8]}},{"type":"Feature","geometry":{"type":"Point","coordinates":[8.535857,47.448233]},"properties":{"line":"795","mode":"bus","color":"#0059a9","colorDark":"#00294f","band":3,"off":[0,1.1]}},{"type":"Feature","geometry":{"type":"Point","coordinates":[8.63915,47.40768]},"properties":{"name":"Wangen, Flugsicherung","band":3,"modes":"bus","arr":["796"],"off":[0,-0.8]}},{"type":"Feature","geometry":{"type":"Point","coordinates":[8.63915,47.40768]},"properties":{"line":"796","mode":"bus","color":"#0059a9","colorDark":"#00294f","band":3,"off":[0,1.1]}},{"type":"Feature","geometry":{"type":"Point","coordinates":[8.500245,47.465421]},"properties":{"name":"Oberhasli, Dorf","band":3,"modes":"bus","arr":["797"],"off":[0,-0.8]}},{"type":"Feature","geometry":{"type":"Point","coordinates":[8.500245,47.465421]},"properties":{"line":"797","mode":"bus","color":"#0059a9","colorDark":"#00294f","band":3,"off":[0,1.1]}},{"type":"Feature","geometry":{"type":"Point","coordinates":[8.727058,47.351909]},"properties":{"name":"Uster, Wageren","band":3,"modes":"bus","arr":["N81"],"off":[0,-0.8]}},{"type":"Feature","geometry":{"type":"Point","coordinates":[8.727058,47.351909]},"properties":{"line":"N81","mode":"bus","color":"#000000","colorDark":"#000000","band":3,"off":[0,1.1]}},{"type":"Feature","geometry":{"type":"Point","coordinates":[8.729735,47.340181]},"properties":{"name":"Uster, Nossikon","band":3,"modes":"bus","arr":["813"],"off":[0,-0.8]}},{"type":"Feature","geometry":{"type":"Point","coordinates":[8.729735,47.340181]},"properties":{"line":"813","mode":"bus","color":"#0059a9","colorDark":"#00294f","band":3,"off":[0,1.1]}},{"type":"Feature","geometry":{"type":"Point","coordinates":[8.701536,47.346924]},"properties":{"name":"Uster, Pfannenstielstrasse","band":3,"modes":"bus","arr":["816"],"off":[0,-0.8]}},{"type":"Feature","geometry":{"type":"Point","coordinates":[8.701536,47.346924]},"properties":{"line":"816","mode":"bus","color":"#0059a9","colorDark":"#00294f","band":3,"off":[0,1.1]}},{"type":"Feature","geometry":{"type":"Point","coordinates":[8.692707,47.344044]},"properties":{"name":"Uster, See","band":3,"modes":"bus","arr":["817"],"off":[0,-0.8]}},{"type":"Feature","geometry":{"type":"Point","coordinates":[8.692707,47.344044]},"properties":{"line":"817","mode":"bus","color":"#0059a9","colorDark":"#00294f","band":3,"off":[0,1.1]}},{"type":"Feature","geometry":{"type":"Point","coordinates":[8.727161,47.361015]},"properties":{"name":"Uster, Sportanlage","band":3,"modes":"bus","arr":["818"],"off":[0,-0.8]}},{"type":"Feature","geometry":{"type":"Point","coordinates":[8.727161,47.361015]},"properties":{"line":"818","mode":"bus","color":"#0059a9","colorDark":"#00294f","band":3,"off":[0,1.1]}},{"type":"Feature","geometry":{"type":"Point","coordinates":[8.736395,47.395394]},"properties":{"name":"Fehraltorf, Schrännenbrunnen","band":3,"modes":"bus","arr":["827"],"off":[0,-0.8]}},{"type":"Feature","geometry":{"type":"Point","coordinates":[8.736395,47.395394]},"properties":{"line":"827","mode":"bus","color":"#0059a9","colorDark":"#00294f","band":3,"off":[0,1.1]}},{"type":"Feature","geometry":{"type":"Point","coordinates":[8.769476,47.343628]},"properties":{"name":"Seegräben, Gemeindehaus","band":3,"modes":"bus","arr":["846"],"off":[0,-0.8]}},{"type":"Feature","geometry":{"type":"Point","coordinates":[8.769476,47.343628]},"properties":{"line":"846","mode":"bus","color":"#0059a9","colorDark":"#00294f","band":3,"off":[0,1.1]}},{"type":"Feature","geometry":{"type":"Point","coordinates":[8.710148,47.287802]},"properties":{"name":"Esslingen, Bahnhof","band":3,"modes":"bus","arr":["905"],"off":[0,-0.8]}},{"type":"Feature","geometry":{"type":"Point","coordinates":[8.710148,47.287802]},"properties":{"line":"905","mode":"bus","color":"#0059a9","colorDark":"#00294f","band":3,"off":[0,1.1]}},{"type":"Feature","geometry":{"type":"Point","coordinates":[8.545385,47.366602]},"properties":{"name":"Bellevue H","band":3,"modes":"bus","arr":["912","916","N9"],"off":[0,-0.8]}},{"type":"Feature","geometry":{"type":"Point","coordinates":[8.545385,47.366602]},"properties":{"name":"Bellevue G","band":3,"modes":"bus","arr":["912","916","N9"],"off":[0,-1.9]}},{"type":"Feature","geometry":{"type":"Point","coordinates":[8.545385,47.366602]},"properties":{"name":"Bellevue","band":3,"modes":"bus","arr":["912","916","N9"],"off":[0,-3]}},{"type":"Feature","geometry":{"type":"Point","coordinates":[8.545385,47.366602]},"properties":{"line":"912","mode":"bus","color":"#0059a9","colorDark":"#00294f","band":3,"off":[-3.4,1.1]}},{"type":"Feature","geometry":{"type":"Point","coordinates":[8.545385,47.366602]},"properties":{"line":"916","mode":"bus","color":"#0059a9","colorDark":"#00294f","band":3,"off":[0,1.1]}},{"type":"Feature","geometry":{"type":"Point","coordinates":[8.545385,47.366602]},"properties":{"line":"N9","mode":"bus","color":"#000000","colorDark":"#000000","band":3,"off":[3.4,1.1]}},{"type":"Feature","geometry":{"type":"Point","coordinates":[8.606202,47.329104]},"properties":{"name":"Itschnach, Fallacher","band":3,"modes":"bus","arr":["912","N91"],"off":[0,-0.8]}},{"type":"Feature","geometry":{"type":"Point","coordinates":[8.606202,47.329104]},"properties":{"line":"912","mode":"bus","color":"#0059a9","colorDark":"#00294f","band":3,"off":[-1.7,1.1]}},{"type":"Feature","geometry":{"type":"Point","coordinates":[8.606202,47.329104]},"properties":{"line":"N91","mode":"bus","color":"#000000","colorDark":"#000000","band":3,"off":[1.7,1.1]}},{"type":"Feature","geometry":{"type":"Point","coordinates":[8.597192,47.315845]},"properties":{"name":"Küsnacht ZH, Allmend","band":3,"modes":"bus","arr":["916"],"off":[0,-0.8]}},{"type":"Feature","geometry":{"type":"Point","coordinates":[8.597192,47.315845]},"properties":{"line":"916","mode":"bus","color":"#0059a9","colorDark":"#00294f","band":3,"off":[0,1.1]}},{"type":"Feature","geometry":{"type":"Point","coordinates":[8.580303,47.319142]},"properties":{"name":"Küsnacht ZH, Bahnhof","band":3,"modes":"bus","arr":["918","919"],"off":[0,-0.8]}},{"type":"Feature","geometry":{"type":"Point","coordinates":[8.580303,47.319142]},"properties":{"line":"918","mode":"bus","color":"#0059a9","colorDark":"#00294f","band":3,"off":[-1.7,1.1]}},{"type":"Feature","geometry":{"type":"Point","coordinates":[8.580303,47.319142]},"properties":{"line":"919","mode":"bus","color":"#0059a9","colorDark":"#00294f","band":3,"off":[1.7,1.1]}},{"type":"Feature","geometry":{"type":"Point","coordinates":[8.587492,47.311514]},"properties":{"name":"Küsnacht ZH, Gartenstrasse","band":3,"modes":"bus","arr":["918"],"off":[0,-0.8]}},{"type":"Feature","geometry":{"type":"Point","coordinates":[8.587492,47.311514]},"properties":{"line":"918","mode":"bus","color":"#0059a9","colorDark":"#00294f","band":3,"off":[0,1.1]}},{"type":"Feature","geometry":{"type":"Point","coordinates":[8.623003,47.332912]},"properties":{"name":"Zumikon, Dorfzentrum","band":3,"modes":"bus","arr":["919"],"off":[0,-0.8]}},{"type":"Feature","geometry":{"type":"Point","coordinates":[8.623003,47.332912]},"properties":{"line":"919","mode":"bus","color":"#0059a9","colorDark":"#00294f","band":3,"off":[0,1.1]}},{"type":"Feature","geometry":{"type":"Point","coordinates":[8.644594,47.269396]},"properties":{"name":"Meilen, Bahnhof","band":3,"modes":"bus","arr":["921","922"],"off":[0,-0.8]}},{"type":"Feature","geometry":{"type":"Point","coordinates":[8.644594,47.269396]},"properties":{"line":"921","mode":"bus","color":"#0059a9","colorDark":"#00294f","band":3,"off":[-1.7,1.1]}},{"type":"Feature","geometry":{"type":"Point","coordinates":[8.644594,47.269396]},"properties":{"line":"922","mode":"bus","color":"#0059a9","colorDark":"#00294f","band":3,"off":[1.7,1.1]}},{"type":"Feature","geometry":{"type":"Point","coordinates":[8.62411,47.28211]},"properties":{"name":"Meilen, Eichholz","band":3,"modes":"bus","arr":["921"],"off":[0,-0.8]}},{"type":"Feature","geometry":{"type":"Point","coordinates":[8.62411,47.28211]},"properties":{"line":"921","mode":"bus","color":"#0059a9","colorDark":"#00294f","band":3,"off":[0,1.1]}},{"type":"Feature","geometry":{"type":"Point","coordinates":[8.612803,47.281727]},"properties":{"name":"Herrliberg-Feldmeilen, Bahnhof","band":3,"modes":"bus,metro","arr":["972","974","S16"],"off":[0,-0.8]}},{"type":"Feature","geometry":{"type":"Point","coordinates":[8.612803,47.281727]},"properties":{"name":"Herrliberg-Feldmeilen","band":3,"modes":"bus,metro","arr":["972","974","S16"],"off":[0,-3]}},{"type":"Feature","geometry":{"type":"Point","coordinates":[8.612803,47.281727]},"properties":{"line":"972","mode":"bus","color":"#0059a9","colorDark":"#00294f","band":3,"off":[-3.4,1.1]}},{"type":"Feature","geometry":{"type":"Point","coordinates":[8.612803,47.281727]},"properties":{"line":"974","mode":"bus","color":"#0059a9","colorDark":"#00294f","band":3,"off":[0,1.1]}},{"type":"Feature","geometry":{"type":"Point","coordinates":[8.612803,47.281727]},"properties":{"line":"S16","mode":"tram","color":"#0A4595","colorDark":"#062652","band":3,"metro":1,"off":[3.4,1.1]}},{"type":"Feature","geometry":{"type":"Point","coordinates":[8.679852,47.28567]},"properties":{"name":"Meilen, Vorderer Pfannenstiel","band":3,"modes":"bus","arr":["922"],"off":[0,-0.8]}},{"type":"Feature","geometry":{"type":"Point","coordinates":[8.679852,47.28567]},"properties":{"line":"922","mode":"bus","color":"#0059a9","colorDark":"#00294f","band":3,"off":[0,1.1]}},{"type":"Feature","geometry":{"type":"Point","coordinates":[8.591227,47.305795]},"properties":{"name":"Erlenbach ZH, Bahnhof","band":3,"modes":"bus","arr":["961","962"],"off":[0,-0.8]}},{"type":"Feature","geometry":{"type":"Point","coordinates":[8.591227,47.305795]},"properties":{"line":"961","mode":"bus","color":"#0059a9","colorDark":"#00294f","band":3,"off":[-1.7,1.1]}},{"type":"Feature","geometry":{"type":"Point","coordinates":[8.591227,47.305795]},"properties":{"line":"962","mode":"bus","color":"#0059a9","colorDark":"#00294f","band":3,"off":[1.7,1.1]}},{"type":"Feature","geometry":{"type":"Point","coordinates":[8.613315,47.306998]},"properties":{"name":"Erlenbach ZH, Trottgatter","band":3,"modes":"bus","arr":["961"],"off":[0,-0.8]}},{"type":"Feature","geometry":{"type":"Point","coordinates":[8.613315,47.306998]},"properties":{"line":"961","mode":"bus","color":"#0059a9","colorDark":"#00294f","band":3,"off":[0,1.1]}},{"type":"Feature","geometry":{"type":"Point","coordinates":[8.606367,47.297173]},"properties":{"name":"Erlenbach ZH, Im Streuli","band":3,"modes":"bus","arr":["962"],"off":[0,-0.8]}},{"type":"Feature","geometry":{"type":"Point","coordinates":[8.606367,47.297173]},"properties":{"line":"962","mode":"bus","color":"#0059a9","colorDark":"#00294f","band":3,"off":[0,1.1]}},{"type":"Feature","geometry":{"type":"Point","coordinates":[8.608971,47.29346]},"properties":{"name":"Herrliberg, Holzwies","band":3,"modes":"bus","arr":["962"],"off":[0,-0.8]}},{"type":"Feature","geometry":{"type":"Point","coordinates":[8.608971,47.29346]},"properties":{"line":"962","mode":"bus","color":"#0059a9","colorDark":"#00294f","band":3,"off":[0,1.1]}},{"type":"Feature","geometry":{"type":"Point","coordinates":[8.61112,47.282828]},"properties":{"name":"Herrliberg-Feldmeilen, Bhf West","band":3,"modes":"bus","arr":["972","973","974"],"off":[0,-0.8]}},{"type":"Feature","geometry":{"type":"Point","coordinates":[8.61112,47.282828]},"properties":{"line":"972","mode":"bus","color":"#0059a9","colorDark":"#00294f","band":3,"off":[-3.4,1.1]}},{"type":"Feature","geometry":{"type":"Point","coordinates":[8.61112,47.282828]},"properties":{"line":"973","mode":"bus","color":"#0059a9","colorDark":"#00294f","band":3,"off":[0,1.1]}},{"type":"Feature","geometry":{"type":"Point","coordinates":[8.61112,47.282828]},"properties":{"line":"974","mode":"bus","color":"#0059a9","colorDark":"#00294f","band":3,"off":[3.4,1.1]}},{"type":"Feature","geometry":{"type":"Point","coordinates":[8.625259,47.29668]},"properties":{"name":"Herrliberg, Kirche Wetzwil","band":3,"modes":"bus","arr":["974"],"off":[0,-0.8]}},{"type":"Feature","geometry":{"type":"Point","coordinates":[8.625259,47.29668]},"properties":{"line":"974","mode":"bus","color":"#0059a9","colorDark":"#00294f","band":3,"off":[0,1.1]}},{"type":"Feature","geometry":{"type":"Point","coordinates":[8.569233,47.4169]},"properties":{"name":"Auzelg","band":3,"modes":"bus","arr":["E"],"off":[0,-0.8]}},{"type":"Feature","geometry":{"type":"Point","coordinates":[8.569233,47.4169]},"properties":{"line":"E","mode":"bus","color":"#0059a9","colorDark":"#00294f","band":3,"off":[0,1.1]}},{"type":"Feature","geometry":{"type":"Point","coordinates":[8.485044,47.374359]},"properties":{"name":"Albisrieden","band":3,"modes":"tram,bus","arr":["3","N3"],"off":[0,-0.8]}},{"type":"Feature","geometry":{"type":"Point","coordinates":[8.485044,47.374359]},"properties":{"line":"3","mode":"tram","color":"#d6212b","colorDark":"#7c1116","band":3,"off":[-1.7,1.1]}},{"type":"Feature","geometry":{"type":"Point","coordinates":[8.485044,47.374359]},"properties":{"line":"N3","mode":"bus","color":"#000000","colorDark":"#000000","band":3,"off":[1.7,1.1]}},{"type":"Feature","geometry":{"type":"Point","coordinates":[8.409533,47.263254]},"properties":{"name":"Obfelden, Unterlunnern","band":3,"modes":"bus","arr":["N22"],"off":[0,-0.8]}},{"type":"Feature","geometry":{"type":"Point","coordinates":[8.409533,47.263254]},"properties":{"line":"N22","mode":"bus","color":"#000000","colorDark":"#000000","band":3,"off":[0,1.1]}},{"type":"Feature","geometry":{"type":"Point","coordinates":[8.36368,47.519457]},"properties":{"name":"Schneisingen, Mitteldorf","band":3,"modes":"bus","arr":["N51"],"off":[0,-0.8]}},{"type":"Feature","geometry":{"type":"Point","coordinates":[8.36368,47.519457]},"properties":{"line":"N51","mode":"bus","color":"#000000","colorDark":"#000000","band":3,"off":[0,1.1]}},{"type":"Feature","geometry":{"type":"Point","coordinates":[8.369891,47.511059]},"properties":{"name":"Niederweningen, Bahnhof B","band":3,"modes":"metro,bus","arr":["S15","N51"],"off":[0,-0.8]}},{"type":"Feature","geometry":{"type":"Point","coordinates":[8.369891,47.511059]},"properties":{"name":"Niederweningen","band":3,"modes":"metro,bus","arr":["S15","N51"],"off":[0,-3]}},{"type":"Feature","geometry":{"type":"Point","coordinates":[8.369891,47.511059]},"properties":{"line":"S15","mode":"tram","color":"#0A4595","colorDark":"#062652","band":3,"metro":1,"off":[-1.7,1.1]}},{"type":"Feature","geometry":{"type":"Point","coordinates":[8.369891,47.511059]},"properties":{"line":"N51","mode":"bus","color":"#000000","colorDark":"#000000","band":3,"off":[1.7,1.1]}},{"type":"Feature","geometry":{"type":"Point","coordinates":[8.744285,47.425174]},"properties":{"name":"Agasul","band":3,"modes":"bus","arr":["N62"],"off":[0,-0.8]}},{"type":"Feature","geometry":{"type":"Point","coordinates":[8.744285,47.425174]},"properties":{"line":"N62","mode":"bus","color":"#000000","colorDark":"#000000","band":3,"off":[0,1.1]}},{"type":"Feature","geometry":{"type":"Point","coordinates":[8.58302,47.350909]},"properties":{"name":"Rehalp","band":3,"modes":"tram","arr":["2","4"],"off":[0,-0.8]}},{"type":"Feature","geometry":{"type":"Point","coordinates":[8.58302,47.350909]},"properties":{"line":"2","mode":"tram","color":"#d6212b","colorDark":"#7c1116","band":3,"off":[-1.7,1.1]}},{"type":"Feature","geometry":{"type":"Point","coordinates":[8.58302,47.350909]},"properties":{"line":"4","mode":"tram","color":"#d6212b","colorDark":"#7c1116","band":3,"off":[1.7,1.1]}},{"type":"Feature","geometry":{"type":"Point","coordinates":[8.548034,47.366306]},"properties":{"name":"Bahnhof Stadelhofen D","band":3,"modes":"tram,metro","arr":["5","S18","SN18"],"off":[0,-0.8]}},{"type":"Feature","geometry":{"type":"Point","coordinates":[8.548034,47.366306]},"properties":{"name":"Bahnhof Stadelhofen C","band":3,"modes":"tram,metro","arr":["5","S18","SN18"],"off":[0,-3]}},{"type":"Feature","geometry":{"type":"Point","coordinates":[8.548034,47.366306]},"properties":{"name":"Bahnhof Stadelhofen A","band":3,"modes":"tram,metro","arr":["5","S18","SN18"],"off":[0,-5.2]}},{"type":"Feature","geometry":{"type":"Point","coordinates":[8.548034,47.366306]},"properties":{"line":"5","mode":"tram","color":"#d6212b","colorDark":"#7c1116","band":3,"off":[-3.88,1.1]}},{"type":"Feature","geometry":{"type":"Point","coordinates":[8.548034,47.366306]},"properties":{"line":"S18","mode":"tram","color":"#0A4595","colorDark":"#062652","band":3,"metro":1,"off":[0,1.1]}},{"type":"Feature","geometry":{"type":"Point","coordinates":[8.548034,47.366306]},"properties":{"line":"SN18","mode":"tram","color":"#000000","colorDark":"#000000","band":3,"metro":1,"off":[3.88,1.1]}},{"type":"Feature","geometry":{"type":"Point","coordinates":[8.54352,47.376727]},"properties":{"name":"Central F","band":3,"modes":"tram","arr":["11","15"],"off":[0,-0.8]}},{"type":"Feature","geometry":{"type":"Point","coordinates":[8.54352,47.376727]},"properties":{"line":"11","mode":"tram","color":"#d6212b","colorDark":"#7c1116","band":3,"off":[-1.7,1.1]}},{"type":"Feature","geometry":{"type":"Point","coordinates":[8.54352,47.376727]},"properties":{"line":"15","mode":"tram","color":"#d6212b","colorDark":"#7c1116","band":3,"off":[1.7,1.1]}},{"type":"Feature","geometry":{"type":"Point","coordinates":[8.539362,47.375911]},"properties":{"name":"Bahnhofstrasse/HB","band":3,"modes":"tram","arr":["4","11","13","15"],"off":[0,-0.8]}},{"type":"Feature","geometry":{"type":"Point","coordinates":[8.539362,47.375911]},"properties":{"line":"4","mode":"tram","color":"#d6212b","colorDark":"#7c1116","band":3,"off":[-5.1,1.1]}},{"type":"Feature","geometry":{"type":"Point","coordinates":[8.539362,47.375911]},"properties":{"line":"11","mode":"tram","color":"#d6212b","colorDark":"#7c1116","band":3,"off":[-1.7,1.1]}},{"type":"Feature","geometry":{"type":"Point","coordinates":[8.539362,47.375911]},"properties":{"line":"13","mode":"tram","color":"#d6212b","colorDark":"#7c1116","band":3,"off":[1.7,1.1]}},{"type":"Feature","geometry":{"type":"Point","coordinates":[8.539362,47.375911]},"properties":{"line":"15","mode":"tram","color":"#d6212b","colorDark":"#7c1116","band":3,"off":[5.1,1.1]}},{"type":"Feature","geometry":{"type":"Point","coordinates":[8.507379,47.351989]},"properties":{"name":"Albisgütli","band":3,"modes":"tram","arr":["5","13","16"],"off":[0,-0.8]}},{"type":"Feature","geometry":{"type":"Point","coordinates":[8.507379,47.351989]},"properties":{"line":"5","mode":"tram","color":"#d6212b","colorDark":"#7c1116","band":3,"off":[-3.4,1.1]}},{"type":"Feature","geometry":{"type":"Point","coordinates":[8.507379,47.351989]},"properties":{"line":"13","mode":"tram","color":"#d6212b","colorDark":"#7c1116","band":3,"off":[0,1.1]}},{"type":"Feature","geometry":{"type":"Point","coordinates":[8.507379,47.351989]},"properties":{"line":"16","mode":"tram","color":"#d6212b","colorDark":"#7c1116","band":3,"off":[3.4,1.1]}},{"type":"Feature","geometry":{"type":"Point","coordinates":[8.517745,47.358599]},"properties":{"name":"Laubegg","band":3,"modes":"tram","arr":["16"],"off":[0,-0.8]}},{"type":"Feature","geometry":{"type":"Point","coordinates":[8.517745,47.358599]},"properties":{"line":"16","mode":"tram","color":"#d6212b","colorDark":"#7c1116","band":3,"off":[0,1.1]}},{"type":"Feature","geometry":{"type":"Point","coordinates":[8.571627,47.381675]},"properties":{"name":"Zoo","band":3,"modes":"tram","arr":["6","8"],"off":[0,-0.8]}},{"type":"Feature","geometry":{"type":"Point","coordinates":[8.571627,47.381675]},"properties":{"line":"6","mode":"tram","color":"#d6212b","colorDark":"#7c1116","band":3,"off":[-1.7,1.1]}},{"type":"Feature","geometry":{"type":"Point","coordinates":[8.571627,47.381675]},"properties":{"line":"8","mode":"tram","color":"#d6212b","colorDark":"#7c1116","band":3,"off":[1.7,1.1]}},{"type":"Feature","geometry":{"type":"Point","coordinates":[8.530799,47.338315]},"properties":{"name":"Wollishoferplatz","band":3,"modes":"tram","arr":["7"],"off":[0,-0.8]}},{"type":"Feature","geometry":{"type":"Point","coordinates":[8.530799,47.338315]},"properties":{"line":"7","mode":"tram","color":"#d6212b","colorDark":"#7c1116","band":3,"off":[0,1.1]}},{"type":"Feature","geometry":{"type":"Point","coordinates":[8.542168,47.398168]},"properties":{"name":"Milchbuck","band":3,"modes":"tram","arr":["16"],"off":[0,-0.8]}},{"type":"Feature","geometry":{"type":"Point","coordinates":[8.542168,47.398168]},"properties":{"line":"16","mode":"tram","color":"#d6212b","colorDark":"#7c1116","band":3,"off":[0,1.1]}},{"type":"Feature","geometry":{"type":"Point","coordinates":[8.504549,47.394145]},"properties":{"name":"Hardturm","band":3,"modes":"tram","arr":["8"],"off":[0,-0.8]}},{"type":"Feature","geometry":{"type":"Point","coordinates":[8.504549,47.394145]},"properties":{"line":"8","mode":"tram","color":"#d6212b","colorDark":"#7c1116","band":3,"off":[0,1.1]}},{"type":"Feature","geometry":{"type":"Point","coordinates":[8.591051,47.403119]},"properties":{"name":"Hirzenbach","band":3,"modes":"tram","arr":["9"],"off":[0,-0.8]}},{"type":"Feature","geometry":{"type":"Point","coordinates":[8.591051,47.403119]},"properties":{"line":"9","mode":"tram","color":"#d6212b","colorDark":"#7c1116","band":3,"off":[0,1.1]}},{"type":"Feature","geometry":{"type":"Point","coordinates":[8.570725,47.452138]},"properties":{"name":"Zürich Flughafen, Fracht","band":3,"modes":"tram","arr":["10","12"],"off":[0,-0.8]}},{"type":"Feature","geometry":{"type":"Point","coordinates":[8.570725,47.452138]},"properties":{"line":"10","mode":"tram","color":"#d6212b","colorDark":"#7c1116","band":3,"off":[-1.7,1.1]}},{"type":"Feature","geometry":{"type":"Point","coordinates":[8.570725,47.452138]},"properties":{"line":"12","mode":"tram","color":"#d6212b","colorDark":"#7c1116","band":3,"off":[1.7,1.1]}},{"type":"Feature","geometry":{"type":"Point","coordinates":[8.568535,47.41713]},"properties":{"name":"Auzelg","band":3,"modes":"tram","arr":["50"],"off":[0,-0.8]}},{"type":"Feature","geometry":{"type":"Point","coordinates":[8.568535,47.41713]},"properties":{"line":"50","mode":"tram","color":"#d6212b","colorDark":"#7c1116","band":3,"off":[0,1.1]}},{"type":"Feature","geometry":{"type":"Point","coordinates":[8.566459,47.364398]},"properties":{"name":"Klusplatz B","band":3,"modes":"tram","arr":["16"],"off":[0,-0.8]}},{"type":"Feature","geometry":{"type":"Point","coordinates":[8.566459,47.364398]},"properties":{"line":"16","mode":"tram","color":"#d6212b","colorDark":"#7c1116","band":3,"off":[0,1.1]}},{"type":"Feature","geometry":{"type":"Point","coordinates":[8.533402,47.398061]},"properties":{"name":"Bucheggplatz D","band":3,"modes":"tram","arr":["17"],"off":[0,-0.8]}},{"type":"Feature","geometry":{"type":"Point","coordinates":[8.533402,47.398061]},"properties":{"line":"17","mode":"tram","color":"#d6212b","colorDark":"#7c1116","band":3,"off":[0,1.1]}},{"type":"Feature","geometry":{"type":"Point","coordinates":[9.059981,47.136619]},"properties":{"name":"Ziegelbrücke","band":3,"modes":"metro","arr":["S2","S8"],"off":[0,-0.8]}},{"type":"Feature","geometry":{"type":"Point","coordinates":[9.059981,47.136619]},"properties":{"line":"S2","mode":"tram","color":"#0A4595","colorDark":"#062652","band":3,"metro":1,"off":[-1.7,1.1]}},{"type":"Feature","geometry":{"type":"Point","coordinates":[9.059981,47.136619]},"properties":{"line":"S8","mode":"tram","color":"#0A4595","colorDark":"#062652","band":3,"metro":1,"off":[1.7,1.1]}},{"type":"Feature","geometry":{"type":"Point","coordinates":[8.852678,47.189831]},"properties":{"name":"Lachen SZ","band":3,"modes":"metro","arr":["SN8"],"off":[0,-0.8]}},{"type":"Feature","geometry":{"type":"Point","coordinates":[8.852678,47.189831]},"properties":{"line":"SN8","mode":"tram","color":"#000000","colorDark":"#000000","band":3,"metro":1,"off":[0,1.1]}},{"type":"Feature","geometry":{"type":"Point","coordinates":[8.779044,47.203217]},"properties":{"name":"Pfäffikon SZ","band":3,"modes":"metro","arr":["S8","SN5"],"off":[0,-0.8]}},{"type":"Feature","geometry":{"type":"Point","coordinates":[8.779044,47.203217]},"properties":{"line":"S8","mode":"tram","color":"#0A4595","colorDark":"#062652","band":3,"metro":1,"off":[-1.7,1.1]}},{"type":"Feature","geometry":{"type":"Point","coordinates":[8.779044,47.203217]},"properties":{"line":"SN5","mode":"tram","color":"#000000","colorDark":"#000000","band":3,"metro":1,"off":[1.7,1.1]}},{"type":"Feature","geometry":{"type":"Point","coordinates":[8.536853,47.378685]},"properties":{"name":"Zürich HB","band":3,"modes":"metro","arr":["S3","S4","S10","S11","S21","S24","S42","SN4","SN11"],"off":[0,-0.8]}},{"type":"Feature","geometry":{"type":"Point","coordinates":[8.536853,47.378685]},"properties":{"line":"S3","mode":"tram","color":"#0A4595","colorDark":"#062652","band":3,"metro":1,"off":[-5.82,1.1]}},{"type":"Feature","geometry":{"type":"Point","coordinates":[8.536853,47.378685]},"properties":{"line":"S4","mode":"tram","color":"#0A4595","colorDark":"#062652","band":3,"metro":1,"off":[-1.94,1.1]}},{"type":"Feature","geometry":{"type":"Point","coordinates":[8.536853,47.378685]},"properties":{"line":"S10","mode":"tram","color":"#0A4595","colorDark":"#062652","band":3,"metro":1,"off":[1.94,1.1]}},{"type":"Feature","geometry":{"type":"Point","coordinates":[8.536853,47.378685]},"properties":{"line":"S11","mode":"tram","color":"#0A4595","colorDark":"#062652","band":3,"metro":1,"off":[5.82,1.1]}},{"type":"Feature","geometry":{"type":"Point","coordinates":[8.536853,47.378685]},"properties":{"line":"S21","mode":"tram","color":"#0A4595","colorDark":"#062652","band":3,"metro":1,"off":[-5.82,3.1]}},{"type":"Feature","geometry":{"type":"Point","coordinates":[8.536853,47.378685]},"properties":{"line":"S24","mode":"tram","color":"#0A4595","colorDark":"#062652","band":3,"metro":1,"off":[-1.94,3.1]}},{"type":"Feature","geometry":{"type":"Point","coordinates":[8.536853,47.378685]},"properties":{"line":"S42","mode":"tram","color":"#0A4595","colorDark":"#062652","band":3,"metro":1,"off":[1.94,3.1]}},{"type":"Feature","geometry":{"type":"Point","coordinates":[8.536853,47.378685]},"properties":{"line":"SN4","mode":"tram","color":"#000000","colorDark":"#000000","band":3,"metro":1,"off":[5.82,3.1]}},{"type":"Feature","geometry":{"type":"Point","coordinates":[8.536853,47.378685]},"properties":{"line":"SN11","mode":"tram","color":"#000000","colorDark":"#000000","band":3,"metro":1,"off":[0,5.1]}},{"type":"Feature","geometry":{"type":"Point","coordinates":[8.56145,47.449832]},"properties":{"name":"Zürich Flughafen","band":3,"modes":"metro","arr":["S2","S16"],"off":[0,-0.8]}},{"type":"Feature","geometry":{"type":"Point","coordinates":[8.56145,47.449832]},"properties":{"line":"S2","mode":"tram","color":"#0A4595","colorDark":"#062652","band":3,"metro":1,"off":[-1.7,1.1]}},{"type":"Feature","geometry":{"type":"Point","coordinates":[8.56145,47.449832]},"properties":{"line":"S16","mode":"tram","color":"#0A4595","colorDark":"#062652","band":3,"metro":1,"off":[1.7,1.1]}},{"type":"Feature","geometry":{"type":"Point","coordinates":[8.517248,47.385146]},"properties":{"name":"Zürich Hardbrücke","band":3,"modes":"metro","arr":["S3","S20"],"off":[0,-0.8]}},{"type":"Feature","geometry":{"type":"Point","coordinates":[8.517248,47.385146]},"properties":{"line":"S3","mode":"tram","color":"#0A4595","colorDark":"#062652","band":3,"metro":1,"off":[-1.7,1.1]}},{"type":"Feature","geometry":{"type":"Point","coordinates":[8.517248,47.385146]},"properties":{"line":"S20","mode":"tram","color":"#0A4595","colorDark":"#062652","band":3,"metro":1,"off":[1.7,1.1]}},{"type":"Feature","geometry":{"type":"Point","coordinates":[8.785375,47.366758]},"properties":{"name":"Pfäffikon ZH","band":3,"modes":"metro","arr":["S19","SN8"],"off":[0,-0.8]}},{"type":"Feature","geometry":{"type":"Point","coordinates":[8.785375,47.366758]},"properties":{"line":"S19","mode":"tram","color":"#0A4595","colorDark":"#062652","band":3,"metro":1,"off":[-1.7,1.1]}},{"type":"Feature","geometry":{"type":"Point","coordinates":[8.785375,47.366758]},"properties":{"line":"SN8","mode":"tram","color":"#000000","colorDark":"#000000","band":3,"metro":1,"off":[1.7,1.1]}},{"type":"Feature","geometry":{"type":"Point","coordinates":[8.79237,47.31756]},"properties":{"name":"Wetzikon ZH","band":3,"modes":"metro","arr":["S3","S5"],"off":[0,-0.8]}},{"type":"Feature","geometry":{"type":"Point","coordinates":[8.79237,47.31756]},"properties":{"line":"S3","mode":"tram","color":"#0A4595","colorDark":"#062652","band":3,"metro":1,"off":[-1.7,1.1]}},{"type":"Feature","geometry":{"type":"Point","coordinates":[8.79237,47.31756]},"properties":{"line":"S5","mode":"tram","color":"#0A4595","colorDark":"#062652","band":3,"metro":1,"off":[1.7,1.1]}},{"type":"Feature","geometry":{"type":"Point","coordinates":[8.531794,47.372225]},"properties":{"name":"Zürich Selnau","band":3,"modes":"metro","arr":["S4","S10"],"off":[0,-0.8]}},{"type":"Feature","geometry":{"type":"Point","coordinates":[8.531794,47.372225]},"properties":{"line":"S4","mode":"tram","color":"#0A4595","colorDark":"#062652","band":3,"metro":1,"off":[-1.7,1.1]}},{"type":"Feature","geometry":{"type":"Point","coordinates":[8.531794,47.372225]},"properties":{"line":"S10","mode":"tram","color":"#0A4595","colorDark":"#062652","band":3,"metro":1,"off":[1.7,1.1]}},{"type":"Feature","geometry":{"type":"Point","coordinates":[8.437127,47.357688]},"properties":{"name":"Birmensdorf ZH","band":3,"modes":"metro","arr":["S5"],"off":[0,-0.8]}},{"type":"Feature","geometry":{"type":"Point","coordinates":[8.437127,47.357688]},"properties":{"line":"S5","mode":"tram","color":"#0A4595","colorDark":"#062652","band":3,"metro":1,"off":[0,1.1]}},{"type":"Feature","geometry":{"type":"Point","coordinates":[8.855017,47.260222]},"properties":{"name":"Rüti ZH","band":3,"modes":"metro","arr":["S26"],"off":[0,-0.8]}},{"type":"Feature","geometry":{"type":"Point","coordinates":[8.855017,47.260222]},"properties":{"line":"S26","mode":"tram","color":"#0A4595","colorDark":"#062652","band":3,"metro":1,"off":[0,1.1]}},{"type":"Feature","geometry":{"type":"Point","coordinates":[8.816868,47.224674]},"properties":{"name":"Rapperswil SG","band":3,"modes":"metro","arr":["S5","S7","S15"],"off":[0,-0.8]}},{"type":"Feature","geometry":{"type":"Point","coordinates":[8.816868,47.224674]},"properties":{"line":"S5","mode":"tram","color":"#0A4595","colorDark":"#062652","band":3,"metro":1,"off":[-3.4,1.1]}},{"type":"Feature","geometry":{"type":"Point","coordinates":[8.816868,47.224674]},"properties":{"line":"S7","mode":"tram","color":"#0A4595","colorDark":"#062652","band":3,"metro":1,"off":[0,1.1]}},{"type":"Feature","geometry":{"type":"Point","coordinates":[8.816868,47.224674]},"properties":{"line":"S15","mode":"tram","color":"#0A4595","colorDark":"#062652","band":3,"metro":1,"off":[3.4,1.1]}},{"type":"Feature","geometry":{"type":"Point","coordinates":[8.466728,47.220628]},"properties":{"name":"Knonau","band":3,"modes":"metro","arr":["SN5"],"off":[0,-0.8]}},{"type":"Feature","geometry":{"type":"Point","coordinates":[8.466728,47.220628]},"properties":{"line":"SN5","mode":"tram","color":"#000000","colorDark":"#000000","band":3,"metro":1,"off":[0,1.1]}},{"type":"Feature","geometry":{"type":"Point","coordinates":[8.515414,47.174494]},"properties":{"name":"Zug","band":3,"modes":"metro","arr":["S5","S24"],"off":[0,-0.8]}},{"type":"Feature","geometry":{"type":"Point","coordinates":[8.515414,47.174494]},"properties":{"line":"S5","mode":"tram","color":"#0A4595","colorDark":"#062652","band":3,"metro":1,"off":[-1.7,1.1]}},{"type":"Feature","geometry":{"type":"Point","coordinates":[8.515414,47.174494]},"properties":{"line":"S24","mode":"tram","color":"#0A4595","colorDark":"#062652","band":3,"metro":1,"off":[1.7,1.1]}},{"type":"Feature","geometry":{"type":"Point","coordinates":[8.307229,47.475973]},"properties":{"name":"Baden","band":3,"modes":"metro","arr":["S6"],"off":[0,-0.8]}},{"type":"Feature","geometry":{"type":"Point","coordinates":[8.307229,47.475973]},"properties":{"line":"S6","mode":"tram","color":"#0A4595","colorDark":"#062652","band":3,"metro":1,"off":[0,1.1]}},{"type":"Feature","geometry":{"type":"Point","coordinates":[8.357413,47.445834]},"properties":{"name":"Würenlos","band":3,"modes":"metro","arr":["SN6"],"off":[0,-0.8]}},{"type":"Feature","geometry":{"type":"Point","coordinates":[8.357413,47.445834]},"properties":{"line":"SN6","mode":"tram","color":"#000000","colorDark":"#000000","band":3,"metro":1,"off":[0,1.1]}},{"type":"Feature","geometry":{"type":"Point","coordinates":[8.751952,47.235761]},"properties":{"name":"Uerikon","band":3,"modes":"metro","arr":["S20"],"off":[0,-0.8]}},{"type":"Feature","geometry":{"type":"Point","coordinates":[8.751952,47.235761]},"properties":{"line":"S20","mode":"tram","color":"#0A4595","colorDark":"#062652","band":3,"metro":1,"off":[0,1.1]}},{"type":"Feature","geometry":{"type":"Point","coordinates":[8.722616,47.24049]},"properties":{"name":"Stäfa","band":3,"modes":"metro","arr":["S7","SN7"],"off":[0,-0.8]}},{"type":"Feature","geometry":{"type":"Point","coordinates":[8.722616,47.24049]},"properties":{"line":"S7","mode":"tram","color":"#0A4595","colorDark":"#062652","band":3,"metro":1,"off":[-1.7,1.1]}},{"type":"Feature","geometry":{"type":"Point","coordinates":[8.722616,47.24049]},"properties":{"line":"SN7","mode":"tram","color":"#000000","colorDark":"#000000","band":3,"metro":1,"off":[1.7,1.1]}},{"type":"Feature","geometry":{"type":"Point","coordinates":[8.723642,47.50072]},"properties":{"name":"Winterthur","band":3,"modes":"metro","arr":["S7","S8","S11","S12","S24","S26","S30","S41","SN1","SN6","SN11","SN41"],"off":[0,-0.8]}},{"type":"Feature","geometry":{"type":"Point","coordinates":[8.723642,47.50072]},"properties":{"line":"S7","mode":"tram","color":"#0A4595","colorDark":"#062652","band":3,"metro":1,"off":[-5.82,1.1]}},{"type":"Feature","geometry":{"type":"Point","coordinates":[8.723642,47.50072]},"properties":{"line":"S8","mode":"tram","color":"#0A4595","colorDark":"#062652","band":3,"metro":1,"off":[-1.94,1.1]}},{"type":"Feature","geometry":{"type":"Point","coordinates":[8.723642,47.50072]},"properties":{"line":"S11","mode":"tram","color":"#0A4595","colorDark":"#062652","band":3,"metro":1,"off":[1.94,1.1]}},{"type":"Feature","geometry":{"type":"Point","coordinates":[8.723642,47.50072]},"properties":{"line":"S12","mode":"tram","color":"#0A4595","colorDark":"#062652","band":3,"metro":1,"off":[5.82,1.1]}},{"type":"Feature","geometry":{"type":"Point","coordinates":[8.723642,47.50072]},"properties":{"line":"S24","mode":"tram","color":"#0A4595","colorDark":"#062652","band":3,"metro":1,"off":[-5.82,3.1]}},{"type":"Feature","geometry":{"type":"Point","coordinates":[8.723642,47.50072]},"properties":{"line":"S26","mode":"tram","color":"#0A4595","colorDark":"#062652","band":3,"metro":1,"off":[-1.94,3.1]}},{"type":"Feature","geometry":{"type":"Point","coordinates":[8.723642,47.50072]},"properties":{"line":"S30","mode":"tram","color":"#0A4595","colorDark":"#062652","band":3,"metro":1,"off":[1.94,3.1]}},{"type":"Feature","geometry":{"type":"Point","coordinates":[8.723642,47.50072]},"properties":{"line":"S41","mode":"tram","color":"#0A4595","colorDark":"#062652","band":3,"metro":1,"off":[5.82,3.1]}},{"type":"Feature","geometry":{"type":"Point","coordinates":[8.723642,47.50072]},"properties":{"line":"SN1","mode":"tram","color":"#000000","colorDark":"#000000","band":3,"metro":1,"off":[-5.82,5.1]}},{"type":"Feature","geometry":{"type":"Point","coordinates":[8.723642,47.50072]},"properties":{"line":"SN6","mode":"tram","color":"#000000","colorDark":"#000000","band":3,"metro":1,"off":[-1.94,5.1]}},{"type":"Feature","geometry":{"type":"Point","coordinates":[8.723642,47.50072]},"properties":{"line":"SN11","mode":"tram","color":"#000000","colorDark":"#000000","band":3,"metro":1,"off":[1.94,5.1]}},{"type":"Feature","geometry":{"type":"Point","coordinates":[8.723642,47.50072]},"properties":{"line":"SN41","mode":"tram","color":"#000000","colorDark":"#000000","band":3,"metro":1,"off":[5.82,5.1]}},{"type":"Feature","geometry":{"type":"Point","coordinates":[8.632071,47.697775]},"properties":{"name":"Schaffhausen","band":3,"modes":"metro","arr":["S9","S24"],"off":[0,-0.8]}},{"type":"Feature","geometry":{"type":"Point","coordinates":[8.632071,47.697775]},"properties":{"line":"S9","mode":"tram","color":"#0A4595","colorDark":"#062652","band":3,"metro":1,"off":[-1.7,1.1]}},{"type":"Feature","geometry":{"type":"Point","coordinates":[8.632071,47.697775]},"properties":{"line":"S24","mode":"tram","color":"#0A4595","colorDark":"#062652","band":3,"metro":1,"off":[1.7,1.1]}},{"type":"Feature","geometry":{"type":"Point","coordinates":[8.536232,47.52423]},"properties":{"name":"Bülach","band":3,"modes":"metro","arr":["S36","S41","SN9","SN41"],"off":[0,-0.8]}},{"type":"Feature","geometry":{"type":"Point","coordinates":[8.536232,47.52423]},"properties":{"line":"S36","mode":"tram","color":"#0A4595","colorDark":"#062652","band":3,"metro":1,"off":[-5.82,1.1]}},{"type":"Feature","geometry":{"type":"Point","coordinates":[8.536232,47.52423]},"properties":{"line":"S41","mode":"tram","color":"#0A4595","colorDark":"#062652","band":3,"metro":1,"off":[-1.94,1.1]}},{"type":"Feature","geometry":{"type":"Point","coordinates":[8.536232,47.52423]},"properties":{"line":"SN9","mode":"tram","color":"#000000","colorDark":"#000000","band":3,"metro":1,"off":[1.94,1.1]}},{"type":"Feature","geometry":{"type":"Point","coordinates":[8.536232,47.52423]},"properties":{"line":"SN41","mode":"tram","color":"#000000","colorDark":"#000000","band":3,"metro":1,"off":[5.82,1.1]}},{"type":"Feature","geometry":{"type":"Point","coordinates":[8.487477,47.35198]},"properties":{"name":"Uetliberg","band":3,"modes":"metro","arr":["S10"],"off":[0,-0.8]}},{"type":"Feature","geometry":{"type":"Point","coordinates":[8.487477,47.35198]},"properties":{"line":"S10","mode":"tram","color":"#0A4595","colorDark":"#062652","band":3,"metro":1,"off":[0,1.1]}},{"type":"Feature","geometry":{"type":"Point","coordinates":[8.848534,47.418059]},"properties":{"name":"Wila","band":3,"modes":"metro","arr":["S11"],"off":[0,-0.8]}},{"type":"Feature","geometry":{"type":"Point","coordinates":[8.848534,47.418059]},"properties":{"line":"S11","mode":"tram","color":"#0A4595","colorDark":"#062652","band":3,"metro":1,"off":[0,1.1]}},{"type":"Feature","geometry":{"type":"Point","coordinates":[8.405821,47.404607]},"properties":{"name":"Dietikon","band":3,"modes":"metro","arr":["S17"],"off":[0,-0.8]}},{"type":"Feature","geometry":{"type":"Point","coordinates":[8.405821,47.404607]},"properties":{"line":"S17","mode":"tram","color":"#0A4595","colorDark":"#062652","band":3,"metro":1,"off":[0,1.1]}},{"type":"Feature","geometry":{"type":"Point","coordinates":[8.209484,47.481151]},"properties":{"name":"Brugg AG","band":3,"modes":"metro","arr":["S12","S25"],"off":[0,-0.8]}},{"type":"Feature","geometry":{"type":"Point","coordinates":[8.209484,47.481151]},"properties":{"line":"S12","mode":"tram","color":"#0A4595","colorDark":"#062652","band":3,"metro":1,"off":[-1.7,1.1]}},{"type":"Feature","geometry":{"type":"Point","coordinates":[8.209484,47.481151]},"properties":{"line":"S25","mode":"tram","color":"#0A4595","colorDark":"#062652","band":3,"metro":1,"off":[1.7,1.1]}},{"type":"Feature","geometry":{"type":"Point","coordinates":[8.83949,47.300154]},"properties":{"name":"Hinwil","band":3,"modes":"metro","arr":["S14"],"off":[0,-0.8]}},{"type":"Feature","geometry":{"type":"Point","coordinates":[8.83949,47.300154]},"properties":{"line":"S14","mode":"tram","color":"#0A4595","colorDark":"#062652","band":3,"metro":1,"off":[0,1.1]}},{"type":"Feature","geometry":{"type":"Point","coordinates":[8.227405,47.60017]},"properties":{"name":"Koblenz","band":3,"modes":"metro","arr":["S19"],"off":[0,-0.8]}},{"type":"Feature","geometry":{"type":"Point","coordinates":[8.227405,47.60017]},"properties":{"line":"S19","mode":"tram","color":"#0A4595","colorDark":"#062652","band":3,"metro":1,"off":[0,1.1]}},{"type":"Feature","geometry":{"type":"Point","coordinates":[8.340004,47.276848]},"properties":{"name":"Muri AG","band":3,"modes":"metro","arr":["S25","S42"],"off":[0,-0.8]}},{"type":"Feature","geometry":{"type":"Point","coordinates":[8.340004,47.276848]},"properties":{"line":"S25","mode":"tram","color":"#0A4595","colorDark":"#062652","band":3,"metro":1,"off":[-1.7,1.1]}},{"type":"Feature","geometry":{"type":"Point","coordinates":[8.340004,47.276848]},"properties":{"line":"S42","mode":"tram","color":"#0A4595","colorDark":"#062652","band":3,"metro":1,"off":[1.7,1.1]}},{"type":"Feature","geometry":{"type":"Point","coordinates":[8.896757,47.558499]},"properties":{"name":"Frauenfeld","band":3,"modes":"metro","arr":["S30"],"off":[0,-0.8]}},{"type":"Feature","geometry":{"type":"Point","coordinates":[8.896757,47.558499]},"properties":{"line":"S30","mode":"tram","color":"#0A4595","colorDark":"#062652","band":3,"metro":1,"off":[0,1.1]}},{"type":"Feature","geometry":{"type":"Point","coordinates":[8.75993,47.507089]},"properties":{"name":"Oberwinterthur","band":3,"modes":"metro","arr":["SN1"],"off":[0,-0.8]}},{"type":"Feature","geometry":{"type":"Point","coordinates":[8.75993,47.507089]},"properties":{"line":"SN1","mode":"tram","color":"#000000","colorDark":"#000000","band":3,"metro":1,"off":[0,1.1]}},{"type":"Feature","geometry":{"type":"Point","coordinates":[8.473769,47.394064]},"properties":{"name":"Hermetschloo","band":4,"modes":"bus","arr":["31"],"off":[0,-0.8]}},{"type":"Feature","geometry":{"type":"Point","coordinates":[8.473769,47.394064]},"properties":{"line":"31","mode":"bus","color":"#149a3f","colorDark":"#0a5121","band":4,"off":[0,1.1]}},{"type":"Feature","geometry":{"type":"Point","coordinates":[8.54043,47.376916]},"properties":{"name":"Bahnhofplatz/HB","band":4,"modes":"bus","arr":["N1","N3","N4","N5","N6","N10","N13","N14","N46","N71","N74"],"off":[0,-0.8]}},{"type":"Feature","geometry":{"type":"Point","coordinates":[8.54043,47.376916]},"properties":{"line":"N1","mode":"bus","color":"#000000","colorDark":"#000000","band":4,"off":[-6.8,1.1]}},{"type":"Feature","geometry":{"type":"Point","coordinates":[8.54043,47.376916]},"properties":{"line":"N3","mode":"bus","color":"#000000","colorDark":"#000000","band":4,"off":[-3.4,1.1]}},{"type":"Feature","geometry":{"type":"Point","coordinates":[8.54043,47.376916]},"properties":{"line":"N4","mode":"bus","color":"#000000","colorDark":"#000000","band":4,"off":[0,1.1]}},{"type":"Feature","geometry":{"type":"Point","coordinates":[8.54043,47.376916]},"properties":{"line":"N5","mode":"bus","color":"#000000","colorDark":"#000000","band":4,"off":[3.4,1.1]}},{"type":"Feature","geometry":{"type":"Point","coordinates":[8.54043,47.376916]},"properties":{"line":"N6","mode":"bus","color":"#000000","colorDark":"#000000","band":4,"off":[6.8,1.1]}},{"type":"Feature","geometry":{"type":"Point","coordinates":[8.54043,47.376916]},"properties":{"line":"N10","mode":"bus","color":"#000000","colorDark":"#000000","band":4,"off":[-6.8,3.1]}},{"type":"Feature","geometry":{"type":"Point","coordinates":[8.54043,47.376916]},"properties":{"line":"N13","mode":"bus","color":"#000000","colorDark":"#000000","band":4,"off":[-3.4,3.1]}},{"type":"Feature","geometry":{"type":"Point","coordinates":[8.54043,47.376916]},"properties":{"line":"N14","mode":"bus","color":"#000000","colorDark":"#000000","band":4,"off":[0,3.1]}},{"type":"Feature","geometry":{"type":"Point","coordinates":[8.54043,47.376916]},"properties":{"line":"N46","mode":"bus","color":"#000000","colorDark":"#000000","band":4,"off":[3.4,3.1]}},{"type":"Feature","geometry":{"type":"Point","coordinates":[8.54043,47.376916]},"properties":{"line":"N71","mode":"bus","color":"#000000","colorDark":"#000000","band":4,"off":[6.8,3.1]}},{"type":"Feature","geometry":{"type":"Point","coordinates":[8.54043,47.376916]},"properties":{"line":"N74","mode":"bus","color":"#000000","colorDark":"#000000","band":4,"off":[0,5.1]}},{"type":"Feature","geometry":{"type":"Point","coordinates":[8.600756,47.355175]},"properties":{"name":"Kienastenwies","band":4,"modes":"bus","arr":["31"],"off":[0,-0.8]}},{"type":"Feature","geometry":{"type":"Point","coordinates":[8.600756,47.355175]},"properties":{"line":"31","mode":"bus","color":"#149a3f","colorDark":"#0a5121","band":4,"off":[0,1.1]}},{"type":"Feature","geometry":{"type":"Point","coordinates":[8.496649,47.423788]},"properties":{"name":"Holzerhurd","band":4,"modes":"bus","arr":["32"],"off":[0,-0.8]}},{"type":"Feature","geometry":{"type":"Point","coordinates":[8.496649,47.423788]},"properties":{"line":"32","mode":"bus","color":"#149a3f","colorDark":"#0a5121","band":4,"off":[0,1.1]}},{"type":"Feature","geometry":{"type":"Point","coordinates":[8.502826,47.364463]},"properties":{"name":"Schweighof","band":4,"modes":"bus","arr":["73"],"off":[0,-0.8]}},{"type":"Feature","geometry":{"type":"Point","coordinates":[8.502826,47.364463]},"properties":{"line":"73","mode":"bus","color":"#0059a9","colorDark":"#00294f","band":4,"off":[0,1.1]}},{"type":"Feature","geometry":{"type":"Point","coordinates":[8.51157,47.353177]},"properties":{"name":"Strassenverkehrsamt","band":4,"modes":"bus","arr":["32"],"off":[0,-0.8]}},{"type":"Feature","geometry":{"type":"Point","coordinates":[8.51157,47.353177]},"properties":{"line":"32","mode":"bus","color":"#149a3f","colorDark":"#0a5121","band":4,"off":[0,1.1]}},{"type":"Feature","geometry":{"type":"Point","coordinates":[8.505497,47.419449]},"properties":{"name":"Zehntenhausplatz","band":4,"modes":"bus","arr":["492"],"off":[0,-0.8]}},{"type":"Feature","geometry":{"type":"Point","coordinates":[8.505497,47.419449]},"properties":{"line":"492","mode":"bus","color":"#0059a9","colorDark":"#00294f","band":4,"off":[0,1.1]}},{"type":"Feature","geometry":{"type":"Point","coordinates":[8.560774,47.350225]},"properties":{"name":"Bahnhof Tiefenbrunnen","band":4,"modes":"bus","arr":["33","N33"],"off":[0,-0.8]}},{"type":"Feature","geometry":{"type":"Point","coordinates":[8.560774,47.350225]},"properties":{"line":"33","mode":"bus","color":"#149a3f","colorDark":"#0a5121","band":4,"off":[-1.7,1.1]}},{"type":"Feature","geometry":{"type":"Point","coordinates":[8.560774,47.350225]},"properties":{"line":"N33","mode":"bus","color":"#000000","colorDark":"#000000","band":4,"off":[1.7,1.1]}},{"type":"Feature","geometry":{"type":"Point","coordinates":[8.495658,47.368091]},"properties":{"name":"Triemli","band":4,"modes":"bus","arr":["33","N8","N33"],"off":[0,-0.8]}},{"type":"Feature","geometry":{"type":"Point","coordinates":[8.495658,47.368091]},"properties":{"line":"33","mode":"bus","color":"#149a3f","colorDark":"#0a5121","band":4,"off":[-3.4,1.1]}},{"type":"Feature","geometry":{"type":"Point","coordinates":[8.495658,47.368091]},"properties":{"line":"N8","mode":"bus","color":"#000000","colorDark":"#000000","band":4,"off":[0,1.1]}},{"type":"Feature","geometry":{"type":"Point","coordinates":[8.495658,47.368091]},"properties":{"line":"N33","mode":"bus","color":"#000000","colorDark":"#000000","band":4,"off":[3.4,1.1]}},{"type":"Feature","geometry":{"type":"Point","coordinates":[8.477304,47.413688]},"properties":{"name":"Rütihof","band":4,"modes":"bus","arr":["46","N46"],"off":[0,-0.8]}},{"type":"Feature","geometry":{"type":"Point","coordinates":[8.477304,47.413688]},"properties":{"line":"46","mode":"bus","color":"#149a3f","colorDark":"#0a5121","band":4,"off":[-1.7,1.1]}},{"type":"Feature","geometry":{"type":"Point","coordinates":[8.477304,47.413688]},"properties":{"line":"N46","mode":"bus","color":"#000000","colorDark":"#000000","band":4,"off":[1.7,1.1]}},{"type":"Feature","geometry":{"type":"Point","coordinates":[8.54199,47.377614]},"properties":{"name":"Bahnhofquai/HB","band":4,"modes":"bus","arr":["46"],"off":[0,-0.8]}},{"type":"Feature","geometry":{"type":"Point","coordinates":[8.54199,47.377614]},"properties":{"line":"46","mode":"bus","color":"#149a3f","colorDark":"#0a5121","band":4,"off":[0,1.1]}},{"type":"Feature","geometry":{"type":"Point","coordinates":[8.541594,47.397655]},"properties":{"name":"Milchbuck","band":4,"modes":"bus","arr":["72","83","69","N15","N18"],"off":[0,-0.8]}},{"type":"Feature","geometry":{"type":"Point","coordinates":[8.541594,47.397655]},"properties":{"line":"72","mode":"bus","color":"#149a3f","colorDark":"#0a5121","band":4,"off":[-6.8,1.1]}},{"type":"Feature","geometry":{"type":"Point","coordinates":[8.541594,47.397655]},"properties":{"line":"83","mode":"bus","color":"#149a3f","colorDark":"#0a5121","band":4,"off":[-3.4,1.1]}},{"type":"Feature","geometry":{"type":"Point","coordinates":[8.541594,47.397655]},"properties":{"line":"69","mode":"bus","color":"#0059a9","colorDark":"#00294f","band":4,"off":[0,1.1]}},{"type":"Feature","geometry":{"type":"Point","coordinates":[8.541594,47.397655]},"properties":{"line":"N15","mode":"bus","color":"#000000","colorDark":"#000000","band":4,"off":[3.4,1.1]}},{"type":"Feature","geometry":{"type":"Point","coordinates":[8.541594,47.397655]},"properties":{"line":"N18","mode":"bus","color":"#000000","colorDark":"#000000","band":4,"off":[6.8,1.1]}},{"type":"Feature","geometry":{"type":"Point","coordinates":[8.529616,47.344075]},"properties":{"name":"Morgental","band":4,"modes":"bus","arr":["72"],"off":[0,-0.8]}},{"type":"Feature","geometry":{"type":"Point","coordinates":[8.529616,47.344075]},"properties":{"line":"72","mode":"bus","color":"#149a3f","colorDark":"#0a5121","band":4,"off":[0,1.1]}},{"type":"Feature","geometry":{"type":"Point","coordinates":[8.533027,47.398377]},"properties":{"name":"Bucheggplatz G","band":4,"modes":"bus","arr":["40"],"off":[0,-0.8]}},{"type":"Feature","geometry":{"type":"Point","coordinates":[8.533027,47.398377]},"properties":{"line":"40","mode":"bus","color":"#0059a9","colorDark":"#00294f","band":4,"off":[0,1.1]}},{"type":"Feature","geometry":{"type":"Point","coordinates":[8.488858,47.390889]},"properties":{"name":"Bahnhof Altstetten B","band":4,"modes":"bus","arr":["83","N12"],"off":[0,-0.8]}},{"type":"Feature","geometry":{"type":"Point","coordinates":[8.488858,47.390889]},"properties":{"line":"83","mode":"bus","color":"#149a3f","colorDark":"#0a5121","band":4,"off":[-1.7,1.1]}},{"type":"Feature","geometry":{"type":"Point","coordinates":[8.488858,47.390889]},"properties":{"line":"N12","mode":"bus","color":"#000000","colorDark":"#000000","band":4,"off":[1.7,1.1]}},{"type":"Feature","geometry":{"type":"Point","coordinates":[8.353506,47.433264]},"properties":{"name":"Killwangen, Bahnhof A","band":4,"modes":"bus","arr":["20"],"off":[0,-0.8]}},{"type":"Feature","geometry":{"type":"Point","coordinates":[8.353506,47.433264]},"properties":{"line":"20","mode":"bus","color":"#0059a9","colorDark":"#00294f","band":4,"off":[0,1.1]}},{"type":"Feature","geometry":{"type":"Point","coordinates":[8.444818,47.397911]},"properties":{"name":"Schlieren, Geissweid","band":4,"modes":"tram,bus","arr":["2","N17"],"off":[0,-0.8]}},{"type":"Feature","geometry":{"type":"Point","coordinates":[8.444818,47.397911]},"properties":{"line":"2","mode":"tram","color":"#d6212b","colorDark":"#7c1116","band":4,"off":[-1.7,1.1]}},{"type":"Feature","geometry":{"type":"Point","coordinates":[8.444818,47.397911]},"properties":{"line":"N17","mode":"bus","color":"#000000","colorDark":"#000000","band":4,"off":[1.7,1.1]}},{"type":"Feature","geometry":{"type":"Point","coordinates":[8.488157,47.391109]},"properties":{"name":"Bahnhof Altstetten G","band":4,"modes":"bus","arr":["20"],"off":[0,-0.8]}},{"type":"Feature","geometry":{"type":"Point","coordinates":[8.488157,47.391109]},"properties":{"line":"20","mode":"bus","color":"#0059a9","colorDark":"#00294f","band":4,"off":[0,1.1]}},{"type":"Feature","geometry":{"type":"Point","coordinates":[8.574414,47.373187]},"properties":{"name":"Bergstation Dolderbahn","band":4,"modes":"bus","arr":["25"],"off":[0,-0.8]}},{"type":"Feature","geometry":{"type":"Point","coordinates":[8.574414,47.373187]},"properties":{"line":"25","mode":"bus","color":"#0059a9","colorDark":"#00294f","band":4,"off":[0,1.1]}},{"type":"Feature","geometry":{"type":"Point","coordinates":[8.561245,47.368498]},"properties":{"name":"Römerhof","band":4,"modes":"bus","arr":["25"],"off":[0,-0.8]}},{"type":"Feature","geometry":{"type":"Point","coordinates":[8.561245,47.368498]},"properties":{"line":"25","mode":"bus","color":"#0059a9","colorDark":"#00294f","band":4,"off":[0,1.1]}},{"type":"Feature","geometry":{"type":"Point","coordinates":[8.496252,47.425978]},"properties":{"name":"Mühlacker","band":4,"modes":"bus","arr":["37","61"],"off":[0,-0.8]}},{"type":"Feature","geometry":{"type":"Point","coordinates":[8.496252,47.425978]},"properties":{"line":"37","mode":"bus","color":"#0059a9","colorDark":"#00294f","band":4,"off":[-1.7,1.1]}},{"type":"Feature","geometry":{"type":"Point","coordinates":[8.496252,47.425978]},"properties":{"line":"61","mode":"bus","color":"#0059a9","colorDark":"#00294f","band":4,"off":[1.7,1.1]}},{"type":"Feature","geometry":{"type":"Point","coordinates":[8.508175,47.409048]},"properties":{"name":"ETH Hönggerberg","band":4,"modes":"bus","arr":["37","42","44","69"],"off":[0,-0.8]}},{"type":"Feature","geometry":{"type":"Point","coordinates":[8.508175,47.409048]},"properties":{"line":"37","mode":"bus","color":"#0059a9","colorDark":"#00294f","band":4,"off":[-5.1,1.1]}},{"type":"Feature","geometry":{"type":"Point","coordinates":[8.508175,47.409048]},"properties":{"line":"42","mode":"bus","color":"#0059a9","colorDark":"#00294f","band":4,"off":[-1.7,1.1]}},{"type":"Feature","geometry":{"type":"Point","coordinates":[8.508175,47.409048]},"properties":{"line":"44","mode":"bus","color":"#0059a9","colorDark":"#00294f","band":4,"off":[1.7,1.1]}},{"type":"Feature","geometry":{"type":"Point","coordinates":[8.508175,47.409048]},"properties":{"line":"69","mode":"bus","color":"#0059a9","colorDark":"#00294f","band":4,"off":[5.1,1.1]}},{"type":"Feature","geometry":{"type":"Point","coordinates":[8.496738,47.40948]},"properties":{"name":"Schützenhaus Höngg","band":4,"modes":"bus","arr":["38"],"off":[0,-0.8]}},{"type":"Feature","geometry":{"type":"Point","coordinates":[8.496738,47.40948]},"properties":{"line":"38","mode":"bus","color":"#0059a9","colorDark":"#00294f","band":4,"off":[0,1.1]}},{"type":"Feature","geometry":{"type":"Point","coordinates":[8.521876,47.399099]},"properties":{"name":"Waidspital","band":4,"modes":"bus","arr":["38"],"off":[0,-0.8]}},{"type":"Feature","geometry":{"type":"Point","coordinates":[8.521876,47.399099]},"properties":{"line":"38","mode":"bus","color":"#0059a9","colorDark":"#00294f","band":4,"off":[0,1.1]}},{"type":"Feature","geometry":{"type":"Point","coordinates":[8.54568,47.391195]},"properties":{"name":"Letzistrasse","band":4,"modes":"bus","arr":["39"],"off":[0,-0.8]}},{"type":"Feature","geometry":{"type":"Point","coordinates":[8.54568,47.391195]},"properties":{"line":"39","mode":"bus","color":"#0059a9","colorDark":"#00294f","band":4,"off":[0,1.1]}},{"type":"Feature","geometry":{"type":"Point","coordinates":[8.576916,47.384561]},"properties":{"name":"Im Klösterli","band":4,"modes":"bus","arr":["39"],"off":[0,-0.8]}},{"type":"Feature","geometry":{"type":"Point","coordinates":[8.576916,47.384561]},"properties":{"line":"39","mode":"bus","color":"#0059a9","colorDark":"#00294f","band":4,"off":[0,1.1]}},{"type":"Feature","geometry":{"type":"Point","coordinates":[8.549769,47.422062]},"properties":{"name":"Seebach","band":4,"modes":"bus","arr":["40","42","742","N75"],"off":[0,-0.8]}},{"type":"Feature","geometry":{"type":"Point","coordinates":[8.549769,47.422062]},"properties":{"line":"40","mode":"bus","color":"#0059a9","colorDark":"#00294f","band":4,"off":[-5.1,1.1]}},{"type":"Feature","geometry":{"type":"Point","coordinates":[8.549769,47.422062]},"properties":{"line":"42","mode":"bus","color":"#0059a9","colorDark":"#00294f","band":4,"off":[-1.7,1.1]}},{"type":"Feature","geometry":{"type":"Point","coordinates":[8.549769,47.422062]},"properties":{"line":"742","mode":"bus","color":"#0059a9","colorDark":"#00294f","band":4,"off":[1.7,1.1]}},{"type":"Feature","geometry":{"type":"Point","coordinates":[8.549769,47.422062]},"properties":{"line":"N75","mode":"bus","color":"#000000","colorDark":"#000000","band":4,"off":[5.1,1.1]}},{"type":"Feature","geometry":{"type":"Point","coordinates":[8.515203,47.428384]},"properties":{"name":"Reckenholz","band":4,"modes":"bus","arr":["44"],"off":[0,-0.8]}},{"type":"Feature","geometry":{"type":"Point","coordinates":[8.515203,47.428384]},"properties":{"line":"44","mode":"bus","color":"#0059a9","colorDark":"#00294f","band":4,"off":[0,1.1]}},{"type":"Feature","geometry":{"type":"Point","coordinates":[8.482047,47.398017]},"properties":{"name":"Werdhölzli","band":4,"modes":"bus","arr":["45"],"off":[0,-0.8]}},{"type":"Feature","geometry":{"type":"Point","coordinates":[8.482047,47.398017]},"properties":{"line":"45","mode":"bus","color":"#0059a9","colorDark":"#00294f","band":4,"off":[0,1.1]}},{"type":"Feature","geometry":{"type":"Point","coordinates":[8.470374,47.388572]},"properties":{"name":"Dunkelhölzli","band":4,"modes":"bus","arr":["67","78","N1"],"off":[0,-0.8]}},{"type":"Feature","geometry":{"type":"Point","coordinates":[8.470374,47.388572]},"properties":{"line":"67","mode":"bus","color":"#0059a9","colorDark":"#00294f","band":4,"off":[-3.4,1.1]}},{"type":"Feature","geometry":{"type":"Point","coordinates":[8.470374,47.388572]},"properties":{"line":"78","mode":"bus","color":"#0059a9","colorDark":"#00294f","band":4,"off":[0,1.1]}},{"type":"Feature","geometry":{"type":"Point","coordinates":[8.470374,47.388572]},"properties":{"line":"N1","mode":"bus","color":"#000000","colorDark":"#000000","band":4,"off":[3.4,1.1]}},{"type":"Feature","geometry":{"type":"Point","coordinates":[8.474863,47.383372]},"properties":{"name":"Friedhof Eichbühl","band":4,"modes":"bus","arr":["45"],"off":[0,-0.8]}},{"type":"Feature","geometry":{"type":"Point","coordinates":[8.474863,47.383372]},"properties":{"line":"45","mode":"bus","color":"#0059a9","colorDark":"#00294f","band":4,"off":[0,1.1]}},{"type":"Feature","geometry":{"type":"Point","coordinates":[8.594947,47.409121]},"properties":{"name":"Wallisellen, Glatt (Bus) A","band":4,"modes":"bus","arr":["61"],"off":[0,-0.8]}},{"type":"Feature","geometry":{"type":"Point","coordinates":[8.594947,47.409121]},"properties":{"line":"61","mode":"bus","color":"#0059a9","colorDark":"#00294f","band":4,"off":[0,1.1]}},{"type":"Feature","geometry":{"type":"Point","coordinates":[8.522848,47.423726]},"properties":{"name":"Waidhof","band":4,"modes":"bus","arr":["62","N2"],"off":[0,-0.8]}},{"type":"Feature","geometry":{"type":"Point","coordinates":[8.522848,47.423726]},"properties":{"line":"62","mode":"bus","color":"#0059a9","colorDark":"#00294f","band":4,"off":[-1.7,1.1]}},{"type":"Feature","geometry":{"type":"Point","coordinates":[8.522848,47.423726]},"properties":{"line":"N2","mode":"bus","color":"#000000","colorDark":"#000000","band":4,"off":[1.7,1.1]}},{"type":"Feature","geometry":{"type":"Point","coordinates":[8.571416,47.404771]},"properties":{"name":"Schwamendingerplatz","band":4,"modes":"bus","arr":["62","N12"],"off":[0,-0.8]}},{"type":"Feature","geometry":{"type":"Point","coordinates":[8.571416,47.404771]},"properties":{"line":"62","mode":"bus","color":"#0059a9","colorDark":"#00294f","band":4,"off":[-1.7,1.1]}},{"type":"Feature","geometry":{"type":"Point","coordinates":[8.571416,47.404771]},"properties":{"line":"N12","mode":"bus","color":"#000000","colorDark":"#000000","band":4,"off":[1.7,1.1]}},{"type":"Feature","geometry":{"type":"Point","coordinates":[8.54414,47.412458]},"properties":{"name":"Bahnhof Oerlikon Nord","band":4,"modes":"bus","arr":["64","80","N8"],"off":[0,-0.8]}},{"type":"Feature","geometry":{"type":"Point","coordinates":[8.54414,47.412458]},"properties":{"line":"64","mode":"bus","color":"#0059a9","colorDark":"#00294f","band":4,"off":[-3.4,1.1]}},{"type":"Feature","geometry":{"type":"Point","coordinates":[8.54414,47.412458]},"properties":{"line":"80","mode":"bus","color":"#0059a9","colorDark":"#00294f","band":4,"off":[0,1.1]}},{"type":"Feature","geometry":{"type":"Point","coordinates":[8.54414,47.412458]},"properties":{"line":"N8","mode":"bus","color":"#000000","colorDark":"#000000","band":4,"off":[3.4,1.1]}},{"type":"Feature","geometry":{"type":"Point","coordinates":[8.530275,47.364508]},"properties":{"name":"Bahnhof Enge/Bederstr.","band":4,"modes":"bus","arr":["66","200","210"],"off":[0,-0.8]}},{"type":"Feature","geometry":{"type":"Point","coordinates":[8.530275,47.364508]},"properties":{"line":"66","mode":"bus","color":"#0059a9","colorDark":"#00294f","band":4,"off":[-3.4,1.1]}},{"type":"Feature","geometry":{"type":"Point","coordinates":[8.530275,47.364508]},"properties":{"line":"200","mode":"bus","color":"#0059a9","colorDark":"#00294f","band":4,"off":[0,1.1]}},{"type":"Feature","geometry":{"type":"Point","coordinates":[8.530275,47.364508]},"properties":{"line":"210","mode":"bus","color":"#0059a9","colorDark":"#00294f","band":4,"off":[3.4,1.1]}},{"type":"Feature","geometry":{"type":"Point","coordinates":[8.541631,47.317882]},"properties":{"name":"Kilchberg ZH, Kirche","band":4,"modes":"bus","arr":["66"],"off":[0,-0.8]}},{"type":"Feature","geometry":{"type":"Point","coordinates":[8.541631,47.317882]},"properties":{"line":"66","mode":"bus","color":"#0059a9","colorDark":"#00294f","band":4,"off":[0,1.1]}},{"type":"Feature","geometry":{"type":"Point","coordinates":[8.540385,47.324202]},"properties":{"name":"Kilchberg ZH, Stockengut","band":4,"modes":"bus","arr":["163"],"off":[0,-0.8]}},{"type":"Feature","geometry":{"type":"Point","coordinates":[8.540385,47.324202]},"properties":{"line":"163","mode":"bus","color":"#0059a9","colorDark":"#00294f","band":4,"off":[0,1.1]}},{"type":"Feature","geometry":{"type":"Point","coordinates":[8.523724,47.371641]},"properties":{"name":"Bahnhof Wiedikon","band":4,"modes":"bus","arr":["67","215","220","235","236","245"],"off":[0,-0.8]}},{"type":"Feature","geometry":{"type":"Point","coordinates":[8.523724,47.371641]},"properties":{"line":"67","mode":"bus","color":"#0059a9","colorDark":"#00294f","band":4,"off":[-6.8,1.1]}},{"type":"Feature","geometry":{"type":"Point","coordinates":[8.523724,47.371641]},"properties":{"line":"215","mode":"bus","color":"#0059a9","colorDark":"#00294f","band":4,"off":[-3.4,1.1]}},{"type":"Feature","geometry":{"type":"Point","coordinates":[8.523724,47.371641]},"properties":{"line":"220","mode":"bus","color":"#0059a9","colorDark":"#00294f","band":4,"off":[0,1.1]}},{"type":"Feature","geometry":{"type":"Point","coordinates":[8.523724,47.371641]},"properties":{"line":"235","mode":"bus","color":"#0059a9","colorDark":"#00294f","band":4,"off":[3.4,1.1]}},{"type":"Feature","geometry":{"type":"Point","coordinates":[8.523724,47.371641]},"properties":{"line":"236","mode":"bus","color":"#0059a9","colorDark":"#00294f","band":4,"off":[6.8,1.1]}},{"type":"Feature","geometry":{"type":"Point","coordinates":[8.523724,47.371641]},"properties":{"line":"245","mode":"bus","color":"#0059a9","colorDark":"#00294f","band":4,"off":[0,3.1]}},{"type":"Feature","geometry":{"type":"Point","coordinates":[8.533204,47.34825]},"properties":{"name":"Bahnhof Wollishofen","band":4,"modes":"bus","arr":["70","184","185"],"off":[0,-0.8]}},{"type":"Feature","geometry":{"type":"Point","coordinates":[8.533204,47.34825]},"properties":{"line":"70","mode":"bus","color":"#0059a9","colorDark":"#00294f","band":4,"off":[-3.4,1.1]}},{"type":"Feature","geometry":{"type":"Point","coordinates":[8.533204,47.34825]},"properties":{"line":"184","mode":"bus","color":"#0059a9","colorDark":"#00294f","band":4,"off":[0,1.1]}},{"type":"Feature","geometry":{"type":"Point","coordinates":[8.533204,47.34825]},"properties":{"line":"185","mode":"bus","color":"#0059a9","colorDark":"#00294f","band":4,"off":[3.4,1.1]}},{"type":"Feature","geometry":{"type":"Point","coordinates":[8.514429,47.323162]},"properties":{"name":"Mittelleimbach","band":4,"modes":"bus","arr":["70","151"],"off":[0,-0.8]}},{"type":"Feature","geometry":{"type":"Point","coordinates":[8.514429,47.323162]},"properties":{"line":"70","mode":"bus","color":"#0059a9","colorDark":"#00294f","band":4,"off":[-1.7,1.1]}},{"type":"Feature","geometry":{"type":"Point","coordinates":[8.514429,47.323162]},"properties":{"line":"151","mode":"bus","color":"#0059a9","colorDark":"#00294f","band":4,"off":[1.7,1.1]}},{"type":"Feature","geometry":{"type":"Point","coordinates":[8.497573,47.358736]},"properties":{"name":"Zielweg","band":4,"modes":"bus","arr":["73"],"off":[0,-0.8]}},{"type":"Feature","geometry":{"type":"Point","coordinates":[8.497573,47.358736]},"properties":{"line":"73","mode":"bus","color":"#0059a9","colorDark":"#00294f","band":4,"off":[0,1.1]}},{"type":"Feature","geometry":{"type":"Point","coordinates":[8.548221,47.419653]},"properties":{"name":"Seebacherplatz","band":4,"modes":"bus","arr":["75"],"off":[0,-0.8]}},{"type":"Feature","geometry":{"type":"Point","coordinates":[8.548221,47.419653]},"properties":{"line":"75","mode":"bus","color":"#0059a9","colorDark":"#00294f","band":4,"off":[0,1.1]}},{"type":"Feature","geometry":{"type":"Point","coordinates":[8.571975,47.41342]},"properties":{"name":"Auzelg Ost","band":4,"modes":"bus","arr":["75"],"off":[0,-0.8]}},{"type":"Feature","geometry":{"type":"Point","coordinates":[8.571975,47.41342]},"properties":{"line":"75","mode":"bus","color":"#0059a9","colorDark":"#00294f","band":4,"off":[0,1.1]}},{"type":"Feature","geometry":{"type":"Point","coordinates":[8.518468,47.362945]},"properties":{"name":"Binz","band":4,"modes":"bus","arr":["76","EV1","EV3"],"off":[0,-0.8]}},{"type":"Feature","geometry":{"type":"Point","coordinates":[8.518468,47.362945]},"properties":{"line":"76","mode":"bus","color":"#0059a9","colorDark":"#00294f","band":4,"off":[-3.4,1.1]}},{"type":"Feature","geometry":{"type":"Point","coordinates":[8.518468,47.362945]},"properties":{"line":"EV1","mode":"bus","color":"#0059a9","colorDark":"#00294f","band":4,"off":[0,1.1]}},{"type":"Feature","geometry":{"type":"Point","coordinates":[8.518468,47.362945]},"properties":{"line":"EV3","mode":"bus","color":"#0059a9","colorDark":"#00294f","band":4,"off":[3.4,1.1]}},{"type":"Feature","geometry":{"type":"Point","coordinates":[8.469843,47.358388]},"properties":{"name":"Ringlikon, Dorf","band":4,"modes":"bus","arr":["76","EV1","EV3"],"off":[0,-0.8]}},{"type":"Feature","geometry":{"type":"Point","coordinates":[8.469843,47.358388]},"properties":{"line":"76","mode":"bus","color":"#0059a9","colorDark":"#00294f","band":4,"off":[-3.4,1.1]}},{"type":"Feature","geometry":{"type":"Point","coordinates":[8.469843,47.358388]},"properties":{"line":"EV1","mode":"bus","color":"#0059a9","colorDark":"#00294f","band":4,"off":[0,1.1]}},{"type":"Feature","geometry":{"type":"Point","coordinates":[8.469843,47.358388]},"properties":{"line":"EV3","mode":"bus","color":"#0059a9","colorDark":"#00294f","band":4,"off":[3.4,1.1]}},{"type":"Feature","geometry":{"type":"Point","coordinates":[8.560497,47.361916]},"properties":{"name":"Hegibachplatz D","band":4,"modes":"bus","arr":["77"],"off":[0,-0.8]}},{"type":"Feature","geometry":{"type":"Point","coordinates":[8.560497,47.361916]},"properties":{"line":"77","mode":"bus","color":"#0059a9","colorDark":"#00294f","band":4,"off":[0,1.1]}},{"type":"Feature","geometry":{"type":"Point","coordinates":[8.575663,47.353923]},"properties":{"name":"Balgrist","band":4,"modes":"bus","arr":["77","99"],"off":[0,-0.8]}},{"type":"Feature","geometry":{"type":"Point","coordinates":[8.575663,47.353923]},"properties":{"line":"77","mode":"bus","color":"#0059a9","colorDark":"#00294f","band":4,"off":[-1.7,1.1]}},{"type":"Feature","geometry":{"type":"Point","coordinates":[8.575663,47.353923]},"properties":{"line":"99","mode":"bus","color":"#0059a9","colorDark":"#00294f","band":4,"off":[1.7,1.1]}},{"type":"Feature","geometry":{"type":"Point","coordinates":[8.483817,47.412146]},"properties":{"name":"Heizenholz","band":4,"modes":"bus","arr":["78"],"off":[0,-0.8]}},{"type":"Feature","geometry":{"type":"Point","coordinates":[8.483817,47.412146]},"properties":{"line":"78","mode":"bus","color":"#0059a9","colorDark":"#00294f","band":4,"off":[0,1.1]}},{"type":"Feature","geometry":{"type":"Point","coordinates":[8.496866,47.366095]},"properties":{"name":"Triemlispital","band":4,"modes":"bus","arr":["80"],"off":[0,-0.8]}},{"type":"Feature","geometry":{"type":"Point","coordinates":[8.496866,47.366095]},"properties":{"line":"80","mode":"bus","color":"#0059a9","colorDark":"#00294f","band":4,"off":[0,1.1]}},{"type":"Feature","geometry":{"type":"Point","coordinates":[8.449013,47.413369]},"properties":{"name":"Unterengstringen, Sennenbüel N","band":4,"modes":"bus","arr":["89","N13"],"off":[0,-0.8]}},{"type":"Feature","geometry":{"type":"Point","coordinates":[8.449013,47.413369]},"properties":{"name":"Unterengstringen, Sennenbüel","band":4,"modes":"bus","arr":["89","N13"],"off":[0,-3]}},{"type":"Feature","geometry":{"type":"Point","coordinates":[8.449013,47.413369]},"properties":{"line":"89","mode":"bus","color":"#0059a9","colorDark":"#00294f","band":4,"off":[-1.7,1.1]}},{"type":"Feature","geometry":{"type":"Point","coordinates":[8.449013,47.413369]},"properties":{"line":"N13","mode":"bus","color":"#000000","colorDark":"#000000","band":4,"off":[1.7,1.1]}},{"type":"Feature","geometry":{"type":"Point","coordinates":[8.523036,47.358219]},"properties":{"name":"Sihlcity","band":4,"modes":"bus","arr":["89","N2","N5"],"off":[0,-0.8]}},{"type":"Feature","geometry":{"type":"Point","coordinates":[8.523036,47.358219]},"properties":{"line":"89","mode":"bus","color":"#0059a9","colorDark":"#00294f","band":4,"off":[-3.4,1.1]}},{"type":"Feature","geometry":{"type":"Point","coordinates":[8.523036,47.358219]},"properties":{"line":"N2","mode":"bus","color":"#000000","colorDark":"#000000","band":4,"off":[0,1.1]}},{"type":"Feature","geometry":{"type":"Point","coordinates":[8.523036,47.358219]},"properties":{"line":"N5","mode":"bus","color":"#000000","colorDark":"#000000","band":4,"off":[3.4,1.1]}},{"type":"Feature","geometry":{"type":"Point","coordinates":[8.588668,47.360917]},"properties":{"name":"Buchholz","band":4,"modes":"bus","arr":["91"],"off":[0,-0.8]}},{"type":"Feature","geometry":{"type":"Point","coordinates":[8.588668,47.360917]},"properties":{"line":"91","mode":"bus","color":"#0059a9","colorDark":"#00294f","band":4,"off":[0,1.1]}},{"type":"Feature","geometry":{"type":"Point","coordinates":[8.602179,47.34599]},"properties":{"name":"Zollikerberg, Station","band":4,"modes":"bus","arr":["91"],"off":[0,-0.8]}},{"type":"Feature","geometry":{"type":"Point","coordinates":[8.602179,47.34599]},"properties":{"line":"91","mode":"bus","color":"#0059a9","colorDark":"#00294f","band":4,"off":[0,1.1]}},{"type":"Feature","geometry":{"type":"Point","coordinates":[8.569851,47.337681]},"properties":{"name":"Zollikon, Bahnhof","band":4,"modes":"bus","arr":["99","910","N4"],"off":[0,-0.8]}},{"type":"Feature","geometry":{"type":"Point","coordinates":[8.569851,47.337681]},"properties":{"line":"99","mode":"bus","color":"#0059a9","colorDark":"#00294f","band":4,"off":[-3.4,1.1]}},{"type":"Feature","geometry":{"type":"Point","coordinates":[8.569851,47.337681]},"properties":{"line":"910","mode":"bus","color":"#0059a9","colorDark":"#00294f","band":4,"off":[0,1.1]}},{"type":"Feature","geometry":{"type":"Point","coordinates":[8.569851,47.337681]},"properties":{"line":"N4","mode":"bus","color":"#000000","colorDark":"#000000","band":4,"off":[3.4,1.1]}},{"type":"Feature","geometry":{"type":"Point","coordinates":[8.577259,47.334843]},"properties":{"name":"Zollikon, Goldhaldenplatz","band":4,"modes":"bus","arr":["99","910"],"off":[0,-0.8]}},{"type":"Feature","geometry":{"type":"Point","coordinates":[8.577259,47.334843]},"properties":{"line":"99","mode":"bus","color":"#0059a9","colorDark":"#00294f","band":4,"off":[-1.7,1.1]}},{"type":"Feature","geometry":{"type":"Point","coordinates":[8.577259,47.334843]},"properties":{"line":"910","mode":"bus","color":"#0059a9","colorDark":"#00294f","band":4,"off":[1.7,1.1]}},{"type":"Feature","geometry":{"type":"Point","coordinates":[8.595881,47.26143]},"properties":{"name":"Horgen, Bahnhof F","band":4,"modes":"bus","arr":["131","132","133","134","136","N25"],"off":[0,-0.8]}},{"type":"Feature","geometry":{"type":"Point","coordinates":[8.595881,47.26143]},"properties":{"name":"Horgen, Bahnhof D","band":4,"modes":"bus","arr":["131","132","133","134","136","N25"],"off":[0,-1.9]}},{"type":"Feature","geometry":{"type":"Point","coordinates":[8.595881,47.26143]},"properties":{"name":"Horgen, Bahnhof A","band":4,"modes":"bus","arr":["131","132","133","134","136","N25"],"off":[0,-3]}},{"type":"Feature","geometry":{"type":"Point","coordinates":[8.595881,47.26143]},"properties":{"line":"131","mode":"bus","color":"#0059a9","colorDark":"#00294f","band":4,"off":[-6.8,1.1]}},{"type":"Feature","geometry":{"type":"Point","coordinates":[8.595881,47.26143]},"properties":{"line":"132","mode":"bus","color":"#0059a9","colorDark":"#00294f","band":4,"off":[-3.4,1.1]}},{"type":"Feature","geometry":{"type":"Point","coordinates":[8.595881,47.26143]},"properties":{"line":"133","mode":"bus","color":"#0059a9","colorDark":"#00294f","band":4,"off":[0,1.1]}},{"type":"Feature","geometry":{"type":"Point","coordinates":[8.595881,47.26143]},"properties":{"line":"134","mode":"bus","color":"#0059a9","colorDark":"#00294f","band":4,"off":[3.4,1.1]}},{"type":"Feature","geometry":{"type":"Point","coordinates":[8.595881,47.26143]},"properties":{"line":"136","mode":"bus","color":"#0059a9","colorDark":"#00294f","band":4,"off":[6.8,1.1]}},{"type":"Feature","geometry":{"type":"Point","coordinates":[8.595881,47.26143]},"properties":{"line":"N25","mode":"bus","color":"#000000","colorDark":"#000000","band":4,"off":[0,3.1]}},{"type":"Feature","geometry":{"type":"Point","coordinates":[8.596128,47.261699]},"properties":{"name":"Horgen, Bahnhof E","band":4,"modes":"bus","arr":["131","134","136","137","145"],"off":[0,-0.8]}},{"type":"Feature","geometry":{"type":"Point","coordinates":[8.596128,47.261699]},"properties":{"name":"Horgen, Bahnhof C","band":4,"modes":"bus","arr":["131","134","136","137","145"],"off":[0,-1.9]}},{"type":"Feature","geometry":{"type":"Point","coordinates":[8.596128,47.261699]},"properties":{"name":"Horgen, Bahnhof B","band":4,"modes":"bus","arr":["131","134","136","137","145"],"off":[0,-3]}},{"type":"Feature","geometry":{"type":"Point","coordinates":[8.596128,47.261699]},"properties":{"line":"131","mode":"bus","color":"#0059a9","colorDark":"#00294f","band":4,"off":[-6.8,1.1]}},{"type":"Feature","geometry":{"type":"Point","coordinates":[8.596128,47.261699]},"properties":{"line":"134","mode":"bus","color":"#0059a9","colorDark":"#00294f","band":4,"off":[-3.4,1.1]}},{"type":"Feature","geometry":{"type":"Point","coordinates":[8.596128,47.261699]},"properties":{"line":"136","mode":"bus","color":"#0059a9","colorDark":"#00294f","band":4,"off":[0,1.1]}},{"type":"Feature","geometry":{"type":"Point","coordinates":[8.596128,47.261699]},"properties":{"line":"137","mode":"bus","color":"#0059a9","colorDark":"#00294f","band":4,"off":[3.4,1.1]}},{"type":"Feature","geometry":{"type":"Point","coordinates":[8.596128,47.261699]},"properties":{"line":"145","mode":"bus","color":"#0059a9","colorDark":"#00294f","band":4,"off":[6.8,1.1]}},{"type":"Feature","geometry":{"type":"Point","coordinates":[8.586765,47.25837]},"properties":{"name":"Horgen, Panorama","band":4,"modes":"bus","arr":["133"],"off":[0,-0.8]}},{"type":"Feature","geometry":{"type":"Point","coordinates":[8.586765,47.25837]},"properties":{"line":"133","mode":"bus","color":"#0059a9","colorDark":"#00294f","band":4,"off":[0,1.1]}},{"type":"Feature","geometry":{"type":"Point","coordinates":[8.626031,47.251366]},"properties":{"name":"Horgen, Meilibach","band":4,"modes":"bus","arr":["134"],"off":[0,-0.8]}},{"type":"Feature","geometry":{"type":"Point","coordinates":[8.626031,47.251366]},"properties":{"line":"134","mode":"bus","color":"#0059a9","colorDark":"#00294f","band":4,"off":[0,1.1]}},{"type":"Feature","geometry":{"type":"Point","coordinates":[8.579312,47.279204]},"properties":{"name":"Oberrieden, Bahnhof","band":4,"modes":"bus","arr":["136","N25"],"off":[0,-0.8]}},{"type":"Feature","geometry":{"type":"Point","coordinates":[8.579312,47.279204]},"properties":{"line":"136","mode":"bus","color":"#0059a9","colorDark":"#00294f","band":4,"off":[-1.7,1.1]}},{"type":"Feature","geometry":{"type":"Point","coordinates":[8.579312,47.279204]},"properties":{"line":"N25","mode":"bus","color":"#000000","colorDark":"#000000","band":4,"off":[1.7,1.1]}},{"type":"Feature","geometry":{"type":"Point","coordinates":[8.557413,47.268398]},"properties":{"name":"Sihlwald, Bahnhof","band":4,"modes":"bus,metro","arr":["EV","S4"],"off":[0,-0.8]}},{"type":"Feature","geometry":{"type":"Point","coordinates":[8.557413,47.268398]},"properties":{"name":"Sihlwald","band":4,"modes":"bus,metro","arr":["EV","S4"],"off":[0,-1.9]}},{"type":"Feature","geometry":{"type":"Point","coordinates":[8.557413,47.268398]},"properties":{"line":"EV","mode":"bus","color":"#0059a9","colorDark":"#00294f","band":4,"off":[-1.7,1.1]}},{"type":"Feature","geometry":{"type":"Point","coordinates":[8.557413,47.268398]},"properties":{"line":"S4","mode":"tram","color":"#0A4595","colorDark":"#062652","band":4,"metro":1,"off":[1.7,1.1]}},{"type":"Feature","geometry":{"type":"Point","coordinates":[8.56472,47.294707]},"properties":{"name":"Thalwil, Zentrum A","band":4,"modes":"bus","arr":["140","142","145","156","N16"],"off":[0,-0.8]}},{"type":"Feature","geometry":{"type":"Point","coordinates":[8.56472,47.294707]},"properties":{"line":"140","mode":"bus","color":"#0059a9","colorDark":"#00294f","band":4,"off":[-6.8,1.1]}},{"type":"Feature","geometry":{"type":"Point","coordinates":[8.56472,47.294707]},"properties":{"line":"142","mode":"bus","color":"#0059a9","colorDark":"#00294f","band":4,"off":[-3.4,1.1]}},{"type":"Feature","geometry":{"type":"Point","coordinates":[8.56472,47.294707]},"properties":{"line":"145","mode":"bus","color":"#0059a9","colorDark":"#00294f","band":4,"off":[0,1.1]}},{"type":"Feature","geometry":{"type":"Point","coordinates":[8.56472,47.294707]},"properties":{"line":"156","mode":"bus","color":"#0059a9","colorDark":"#00294f","band":4,"off":[3.4,1.1]}},{"type":"Feature","geometry":{"type":"Point","coordinates":[8.56472,47.294707]},"properties":{"line":"N16","mode":"bus","color":"#000000","colorDark":"#000000","band":4,"off":[6.8,1.1]}},{"type":"Feature","geometry":{"type":"Point","coordinates":[8.543792,47.287348]},"properties":{"name":"Langnau-Gattikon, Bahnhof","band":4,"modes":"bus,metro","arr":["153","EV","SN4"],"off":[0,-0.8]}},{"type":"Feature","geometry":{"type":"Point","coordinates":[8.543792,47.287348]},"properties":{"name":"Langnau-Gattikon","band":4,"modes":"bus,metro","arr":["153","EV","SN4"],"off":[0,-3]}},{"type":"Feature","geometry":{"type":"Point","coordinates":[8.543792,47.287348]},"properties":{"line":"153","mode":"bus","color":"#0059a9","colorDark":"#00294f","band":4,"off":[-3.4,1.1]}},{"type":"Feature","geometry":{"type":"Point","coordinates":[8.543792,47.287348]},"properties":{"line":"EV","mode":"bus","color":"#0059a9","colorDark":"#00294f","band":4,"off":[0,1.1]}},{"type":"Feature","geometry":{"type":"Point","coordinates":[8.543792,47.287348]},"properties":{"line":"SN4","mode":"tram","color":"#000000","colorDark":"#000000","band":4,"metro":1,"off":[3.4,1.1]}},{"type":"Feature","geometry":{"type":"Point","coordinates":[8.537431,47.28096]},"properties":{"name":"Langnau am Albis, Unterrengg","band":4,"modes":"bus","arr":["140","153"],"off":[0,-0.8]}},{"type":"Feature","geometry":{"type":"Point","coordinates":[8.537431,47.28096]},"properties":{"line":"140","mode":"bus","color":"#0059a9","colorDark":"#00294f","band":4,"off":[-1.7,1.1]}},{"type":"Feature","geometry":{"type":"Point","coordinates":[8.537431,47.28096]},"properties":{"line":"153","mode":"bus","color":"#0059a9","colorDark":"#00294f","band":4,"off":[1.7,1.1]}},{"type":"Feature","geometry":{"type":"Point","coordinates":[8.565376,47.284734]},"properties":{"name":"Thalwil, Böni","band":4,"modes":"bus","arr":["142"],"off":[0,-0.8]}},{"type":"Feature","geometry":{"type":"Point","coordinates":[8.565376,47.284734]},"properties":{"line":"142","mode":"bus","color":"#0059a9","colorDark":"#00294f","band":4,"off":[0,1.1]}},{"type":"Feature","geometry":{"type":"Point","coordinates":[8.524343,47.311638]},"properties":{"name":"Adliswil, Bahnhof C","band":4,"modes":"bus","arr":["151","152","153","156","184","185","N15","N18"],"off":[0,-0.8]}},{"type":"Feature","geometry":{"type":"Point","coordinates":[8.524343,47.311638]},"properties":{"name":"Adliswil, Bahnhof A","band":4,"modes":"bus","arr":["151","152","153","156","184","185","N15","N18"],"off":[0,-3]}},{"type":"Feature","geometry":{"type":"Point","coordinates":[8.524343,47.311638]},"properties":{"line":"151","mode":"bus","color":"#0059a9","colorDark":"#00294f","band":4,"off":[-6.8,1.1]}},{"type":"Feature","geometry":{"type":"Point","coordinates":[8.524343,47.311638]},"properties":{"line":"152","mode":"bus","color":"#0059a9","colorDark":"#00294f","band":4,"off":[-3.4,1.1]}},{"type":"Feature","geometry":{"type":"Point","coordinates":[8.524343,47.311638]},"properties":{"line":"153","mode":"bus","color":"#0059a9","colorDark":"#00294f","band":4,"off":[0,1.1]}},{"type":"Feature","geometry":{"type":"Point","coordinates":[8.524343,47.311638]},"properties":{"line":"156","mode":"bus","color":"#0059a9","colorDark":"#00294f","band":4,"off":[3.4,1.1]}},{"type":"Feature","geometry":{"type":"Point","coordinates":[8.524343,47.311638]},"properties":{"line":"184","mode":"bus","color":"#0059a9","colorDark":"#00294f","band":4,"off":[6.8,1.1]}},{"type":"Feature","geometry":{"type":"Point","coordinates":[8.524343,47.311638]},"properties":{"line":"185","mode":"bus","color":"#0059a9","colorDark":"#00294f","band":4,"off":[-3.4,3.1]}},{"type":"Feature","geometry":{"type":"Point","coordinates":[8.524343,47.311638]},"properties":{"line":"N15","mode":"bus","color":"#000000","colorDark":"#000000","band":4,"off":[0,3.1]}},{"type":"Feature","geometry":{"type":"Point","coordinates":[8.524343,47.311638]},"properties":{"line":"N18","mode":"bus","color":"#000000","colorDark":"#000000","band":4,"off":[3.4,3.1]}},{"type":"Feature","geometry":{"type":"Point","coordinates":[8.524395,47.311342]},"properties":{"name":"Adliswil, Bahnhof B","band":4,"modes":"bus","arr":["151","153"],"off":[0,-0.8]}},{"type":"Feature","geometry":{"type":"Point","coordinates":[8.524395,47.311342]},"properties":{"line":"151","mode":"bus","color":"#0059a9","colorDark":"#00294f","band":4,"off":[-1.7,1.1]}},{"type":"Feature","geometry":{"type":"Point","coordinates":[8.524395,47.311342]},"properties":{"line":"153","mode":"bus","color":"#0059a9","colorDark":"#00294f","band":4,"off":[1.7,1.1]}},{"type":"Feature","geometry":{"type":"Point","coordinates":[8.522094,47.301137]},"properties":{"name":"Adliswil, Büchel","band":4,"modes":"bus","arr":["N18"],"off":[0,-0.8]}},{"type":"Feature","geometry":{"type":"Point","coordinates":[8.522094,47.301137]},"properties":{"line":"N18","mode":"bus","color":"#000000","colorDark":"#000000","band":4,"off":[0,1.1]}},{"type":"Feature","geometry":{"type":"Point","coordinates":[8.535037,47.3087]},"properties":{"name":"Adliswil, Schulhaus Kopfholz","band":4,"modes":"bus","arr":["N15"],"off":[0,-0.8]}},{"type":"Feature","geometry":{"type":"Point","coordinates":[8.535037,47.3087]},"properties":{"line":"N15","mode":"bus","color":"#000000","colorDark":"#000000","band":4,"off":[0,1.1]}},{"type":"Feature","geometry":{"type":"Point","coordinates":[8.540238,47.367178]},"properties":{"name":"Bürkliplatz","band":4,"modes":"bus","arr":["161","165"],"off":[0,-0.8]}},{"type":"Feature","geometry":{"type":"Point","coordinates":[8.540238,47.367178]},"properties":{"line":"161","mode":"bus","color":"#0059a9","colorDark":"#00294f","band":4,"off":[-1.7,1.1]}},{"type":"Feature","geometry":{"type":"Point","coordinates":[8.540238,47.367178]},"properties":{"line":"165","mode":"bus","color":"#0059a9","colorDark":"#00294f","band":4,"off":[1.7,1.1]}},{"type":"Feature","geometry":{"type":"Point","coordinates":[8.539035,47.316957]},"properties":{"name":"Kilchberg ZH, Neuweid","band":4,"modes":"bus","arr":["161"],"off":[0,-0.8]}},{"type":"Feature","geometry":{"type":"Point","coordinates":[8.539035,47.316957]},"properties":{"line":"161","mode":"bus","color":"#0059a9","colorDark":"#00294f","band":4,"off":[0,1.1]}},{"type":"Feature","geometry":{"type":"Point","coordinates":[8.535262,47.321866]},"properties":{"name":"Kilchberg ZH, Asp","band":4,"modes":"bus","arr":["162"],"off":[0,-0.8]}},{"type":"Feature","geometry":{"type":"Point","coordinates":[8.535262,47.321866]},"properties":{"line":"162","mode":"bus","color":"#0059a9","colorDark":"#00294f","band":4,"off":[0,1.1]}},{"type":"Feature","geometry":{"type":"Point","coordinates":[8.548151,47.324656]},"properties":{"name":"Kilchberg ZH, Bahnhof","band":4,"modes":"bus","arr":["162","163"],"off":[0,-0.8]}},{"type":"Feature","geometry":{"type":"Point","coordinates":[8.548151,47.324656]},"properties":{"line":"162","mode":"bus","color":"#0059a9","colorDark":"#00294f","band":4,"off":[-1.7,1.1]}},{"type":"Feature","geometry":{"type":"Point","coordinates":[8.548151,47.324656]},"properties":{"line":"163","mode":"bus","color":"#0059a9","colorDark":"#00294f","band":4,"off":[1.7,1.1]}},{"type":"Feature","geometry":{"type":"Point","coordinates":[8.542971,47.324678]},"properties":{"name":"Kilchberg ZH, Schlimbergstr.","band":4,"modes":"bus","arr":["163"],"off":[0,-0.8]}},{"type":"Feature","geometry":{"type":"Point","coordinates":[8.542971,47.324678]},"properties":{"line":"163","mode":"bus","color":"#0059a9","colorDark":"#00294f","band":4,"off":[0,1.1]}},{"type":"Feature","geometry":{"type":"Point","coordinates":[8.548877,47.301407]},"properties":{"name":"Rüschlikon, Park im Grüene","band":4,"modes":"bus","arr":["165"],"off":[0,-0.8]}},{"type":"Feature","geometry":{"type":"Point","coordinates":[8.548877,47.301407]},"properties":{"line":"165","mode":"bus","color":"#0059a9","colorDark":"#00294f","band":4,"off":[0,1.1]}},{"type":"Feature","geometry":{"type":"Point","coordinates":[8.446636,47.276011]},"properties":{"name":"Affoltern am Albis","band":4,"modes":"bus,metro","arr":["200","214","215","223","225","S14"],"off":[0,-0.8]}},{"type":"Feature","geometry":{"type":"Point","coordinates":[8.446636,47.276011]},"properties":{"name":"Affoltern a.A., Bahnhof B","band":4,"modes":"bus,metro","arr":["200","214","215","223","225","S14"],"off":[0,-1.9]}},{"type":"Feature","geometry":{"type":"Point","coordinates":[8.446636,47.276011]},"properties":{"name":"Affoltern a.A., Bahnhof A","band":4,"modes":"bus,metro","arr":["200","214","215","223","225","S14"],"off":[0,-4.1]}},{"type":"Feature","geometry":{"type":"Point","coordinates":[8.446636,47.276011]},"properties":{"line":"200","mode":"bus","color":"#0059a9","colorDark":"#00294f","band":4,"off":[-6.8,1.1]}},{"type":"Feature","geometry":{"type":"Point","coordinates":[8.446636,47.276011]},"properties":{"line":"214","mode":"bus","color":"#0059a9","colorDark":"#00294f","band":4,"off":[-3.4,1.1]}},{"type":"Feature","geometry":{"type":"Point","coordinates":[8.446636,47.276011]},"properties":{"line":"215","mode":"bus","color":"#0059a9","colorDark":"#00294f","band":4,"off":[0,1.1]}},{"type":"Feature","geometry":{"type":"Point","coordinates":[8.446636,47.276011]},"properties":{"line":"223","mode":"bus","color":"#0059a9","colorDark":"#00294f","band":4,"off":[3.4,1.1]}},{"type":"Feature","geometry":{"type":"Point","coordinates":[8.446636,47.276011]},"properties":{"line":"225","mode":"bus","color":"#0059a9","colorDark":"#00294f","band":4,"off":[6.8,1.1]}},{"type":"Feature","geometry":{"type":"Point","coordinates":[8.446636,47.276011]},"properties":{"line":"S14","mode":"tram","color":"#0A4595","colorDark":"#062652","band":4,"metro":1,"off":[0,3.1]}},{"type":"Feature","geometry":{"type":"Point","coordinates":[8.463515,47.317135]},"properties":{"name":"Bonstetten, Dorfstrasse","band":4,"modes":"bus","arr":["228"],"off":[0,-0.8]}},{"type":"Feature","geometry":{"type":"Point","coordinates":[8.463515,47.317135]},"properties":{"line":"228","mode":"bus","color":"#0059a9","colorDark":"#00294f","band":4,"off":[0,1.1]}},{"type":"Feature","geometry":{"type":"Point","coordinates":[8.465263,47.366327]},"properties":{"name":"Uitikon Waldegg, Bahnhof","band":4,"modes":"bus","arr":["201"],"off":[0,-0.8]}},{"type":"Feature","geometry":{"type":"Point","coordinates":[8.465263,47.366327]},"properties":{"line":"201","mode":"bus","color":"#0059a9","colorDark":"#00294f","band":4,"off":[0,1.1]}},{"type":"Feature","geometry":{"type":"Point","coordinates":[8.448757,47.397601]},"properties":{"name":"Schlieren, Zentrum/Bahnhof","band":4,"modes":"bus","arr":["201","307","317","EV2","N30","N36"],"off":[0,-0.8]}},{"type":"Feature","geometry":{"type":"Point","coordinates":[8.448757,47.397601]},"properties":{"line":"201","mode":"bus","color":"#0059a9","colorDark":"#00294f","band":4,"off":[-6.8,1.1]}},{"type":"Feature","geometry":{"type":"Point","coordinates":[8.448757,47.397601]},"properties":{"line":"307","mode":"bus","color":"#0059a9","colorDark":"#00294f","band":4,"off":[-3.4,1.1]}},{"type":"Feature","geometry":{"type":"Point","coordinates":[8.448757,47.397601]},"properties":{"line":"317","mode":"bus","color":"#0059a9","colorDark":"#00294f","band":4,"off":[0,1.1]}},{"type":"Feature","geometry":{"type":"Point","coordinates":[8.448757,47.397601]},"properties":{"line":"EV2","mode":"bus","color":"#0059a9","colorDark":"#00294f","band":4,"off":[3.4,1.1]}},{"type":"Feature","geometry":{"type":"Point","coordinates":[8.448757,47.397601]},"properties":{"line":"N30","mode":"bus","color":"#000000","colorDark":"#000000","band":4,"off":[6.8,1.1]}},{"type":"Feature","geometry":{"type":"Point","coordinates":[8.448757,47.397601]},"properties":{"line":"N36","mode":"bus","color":"#000000","colorDark":"#000000","band":4,"off":[0,3.1]}},{"type":"Feature","geometry":{"type":"Point","coordinates":[8.454475,47.370444]},"properties":{"name":"Uitikon, Dorf","band":4,"modes":"bus","arr":["N14"],"off":[0,-0.8]}},{"type":"Feature","geometry":{"type":"Point","coordinates":[8.454475,47.370444]},"properties":{"line":"N14","mode":"bus","color":"#000000","colorDark":"#000000","band":4,"off":[0,1.1]}},{"type":"Feature","geometry":{"type":"Point","coordinates":[8.468536,47.326447]},"properties":{"name":"Bonstetten-Wettswil, Bahnhof D","band":4,"modes":"bus","arr":["205","221"],"off":[0,-0.8]}},{"type":"Feature","geometry":{"type":"Point","coordinates":[8.468536,47.326447]},"properties":{"line":"205","mode":"bus","color":"#0059a9","colorDark":"#00294f","band":4,"off":[-1.7,1.1]}},{"type":"Feature","geometry":{"type":"Point","coordinates":[8.468536,47.326447]},"properties":{"line":"221","mode":"bus","color":"#0059a9","colorDark":"#00294f","band":4,"off":[1.7,1.1]}},{"type":"Feature","geometry":{"type":"Point","coordinates":[8.424853,47.320359]},"properties":{"name":"Arni AG, Stockacker C","band":4,"modes":"bus","arr":["205"],"off":[0,-0.8]}},{"type":"Feature","geometry":{"type":"Point","coordinates":[8.424853,47.320359]},"properties":{"line":"205","mode":"bus","color":"#0059a9","colorDark":"#00294f","band":4,"off":[0,1.1]}},{"type":"Feature","geometry":{"type":"Point","coordinates":[8.468368,47.326238]},"properties":{"name":"Bonstetten-Wettswil, Bahnhof A","band":4,"modes":"bus","arr":["205","220","221","227","228","229","EV2","N23"],"off":[0,-0.8]}},{"type":"Feature","geometry":{"type":"Point","coordinates":[8.468368,47.326238]},"properties":{"line":"205","mode":"bus","color":"#0059a9","colorDark":"#00294f","band":4,"off":[-6.8,1.1]}},{"type":"Feature","geometry":{"type":"Point","coordinates":[8.468368,47.326238]},"properties":{"line":"220","mode":"bus","color":"#0059a9","colorDark":"#00294f","band":4,"off":[-3.4,1.1]}},{"type":"Feature","geometry":{"type":"Point","coordinates":[8.468368,47.326238]},"properties":{"line":"221","mode":"bus","color":"#0059a9","colorDark":"#00294f","band":4,"off":[0,1.1]}},{"type":"Feature","geometry":{"type":"Point","coordinates":[8.468368,47.326238]},"properties":{"line":"227","mode":"bus","color":"#0059a9","colorDark":"#00294f","band":4,"off":[3.4,1.1]}},{"type":"Feature","geometry":{"type":"Point","coordinates":[8.468368,47.326238]},"properties":{"line":"228","mode":"bus","color":"#0059a9","colorDark":"#00294f","band":4,"off":[6.8,1.1]}},{"type":"Feature","geometry":{"type":"Point","coordinates":[8.468368,47.326238]},"properties":{"line":"229","mode":"bus","color":"#0059a9","colorDark":"#00294f","band":4,"off":[-3.4,3.1]}},{"type":"Feature","geometry":{"type":"Point","coordinates":[8.468368,47.326238]},"properties":{"line":"EV2","mode":"bus","color":"#0059a9","colorDark":"#00294f","band":4,"off":[0,3.1]}},{"type":"Feature","geometry":{"type":"Point","coordinates":[8.468368,47.326238]},"properties":{"line":"N23","mode":"bus","color":"#000000","colorDark":"#000000","band":4,"off":[3.4,3.1]}},{"type":"Feature","geometry":{"type":"Point","coordinates":[8.46741,47.315003]},"properties":{"name":"Bonstetten, Dorfplatz","band":4,"modes":"bus","arr":["210","228"],"off":[0,-0.8]}},{"type":"Feature","geometry":{"type":"Point","coordinates":[8.46741,47.315003]},"properties":{"line":"210","mode":"bus","color":"#0059a9","colorDark":"#00294f","band":4,"off":[-1.7,1.1]}},{"type":"Feature","geometry":{"type":"Point","coordinates":[8.46741,47.315003]},"properties":{"line":"228","mode":"bus","color":"#0059a9","colorDark":"#00294f","band":4,"off":[1.7,1.1]}},{"type":"Feature","geometry":{"type":"Point","coordinates":[8.446499,47.275621]},"properties":{"name":"Affoltern a.A., Bahnhof D","band":4,"modes":"bus","arr":["214","223","225","N24"],"off":[0,-0.8]}},{"type":"Feature","geometry":{"type":"Point","coordinates":[8.446499,47.275621]},"properties":{"name":"Affoltern a.A., Bahnhof C","band":4,"modes":"bus","arr":["214","223","225","N24"],"off":[0,-3]}},{"type":"Feature","geometry":{"type":"Point","coordinates":[8.446499,47.275621]},"properties":{"line":"214","mode":"bus","color":"#0059a9","colorDark":"#00294f","band":4,"off":[-5.1,1.1]}},{"type":"Feature","geometry":{"type":"Point","coordinates":[8.446499,47.275621]},"properties":{"line":"223","mode":"bus","color":"#0059a9","colorDark":"#00294f","band":4,"off":[-1.7,1.1]}},{"type":"Feature","geometry":{"type":"Point","coordinates":[8.446499,47.275621]},"properties":{"line":"225","mode":"bus","color":"#0059a9","colorDark":"#00294f","band":4,"off":[1.7,1.1]}},{"type":"Feature","geometry":{"type":"Point","coordinates":[8.446499,47.275621]},"properties":{"line":"N24","mode":"bus","color":"#000000","colorDark":"#000000","band":4,"off":[5.1,1.1]}},{"type":"Feature","geometry":{"type":"Point","coordinates":[8.40505,47.281506]},"properties":{"name":"Ottenbach, Engelwiese","band":4,"modes":"bus","arr":["214"],"off":[0,-0.8]}},{"type":"Feature","geometry":{"type":"Point","coordinates":[8.40505,47.281506]},"properties":{"line":"214","mode":"bus","color":"#0059a9","colorDark":"#00294f","band":4,"off":[0,1.1]}},{"type":"Feature","geometry":{"type":"Point","coordinates":[8.466962,47.345371]},"properties":{"name":"Wettswil a.A., Heidenchilen","band":4,"modes":"bus","arr":["229"],"off":[0,-0.8]}},{"type":"Feature","geometry":{"type":"Point","coordinates":[8.466962,47.345371]},"properties":{"line":"229","mode":"bus","color":"#0059a9","colorDark":"#00294f","band":4,"off":[0,1.1]}},{"type":"Feature","geometry":{"type":"Point","coordinates":[8.490834,47.266261]},"properties":{"name":"Aeugst a.A., Grossacher","band":4,"modes":"bus","arr":["225","235"],"off":[0,-0.8]}},{"type":"Feature","geometry":{"type":"Point","coordinates":[8.490834,47.266261]},"properties":{"line":"225","mode":"bus","color":"#0059a9","colorDark":"#00294f","band":4,"off":[-1.7,1.1]}},{"type":"Feature","geometry":{"type":"Point","coordinates":[8.490834,47.266261]},"properties":{"line":"235","mode":"bus","color":"#0059a9","colorDark":"#00294f","band":4,"off":[1.7,1.1]}},{"type":"Feature","geometry":{"type":"Point","coordinates":[8.43875,47.356948]},"properties":{"name":"Birmensdorf ZH, Bahnhof C","band":4,"modes":"bus","arr":["227","314","N22"],"off":[0,-0.8]}},{"type":"Feature","geometry":{"type":"Point","coordinates":[8.43875,47.356948]},"properties":{"name":"Birmensdorf ZH, Bahnhof B","band":4,"modes":"bus","arr":["227","314","N22"],"off":[0,-3]}},{"type":"Feature","geometry":{"type":"Point","coordinates":[8.43875,47.356948]},"properties":{"line":"227","mode":"bus","color":"#0059a9","colorDark":"#00294f","band":4,"off":[-3.4,1.1]}},{"type":"Feature","geometry":{"type":"Point","coordinates":[8.43875,47.356948]},"properties":{"line":"314","mode":"bus","color":"#0059a9","colorDark":"#00294f","band":4,"off":[0,1.1]}},{"type":"Feature","geometry":{"type":"Point","coordinates":[8.43875,47.356948]},"properties":{"line":"N22","mode":"bus","color":"#000000","colorDark":"#000000","band":4,"off":[3.4,1.1]}},{"type":"Feature","geometry":{"type":"Point","coordinates":[8.439529,47.35676]},"properties":{"name":"Birmensdorf ZH, Bahnhof A","band":4,"modes":"bus","arr":["227"],"off":[0,-0.8]}},{"type":"Feature","geometry":{"type":"Point","coordinates":[8.439529,47.35676]},"properties":{"line":"227","mode":"bus","color":"#0059a9","colorDark":"#00294f","band":4,"off":[0,1.1]}},{"type":"Feature","geometry":{"type":"Point","coordinates":[8.48592,47.302158]},"properties":{"name":"Stallikon, Aumüli","band":4,"modes":"bus","arr":["N23"],"off":[0,-0.8]}},{"type":"Feature","geometry":{"type":"Point","coordinates":[8.48592,47.302158]},"properties":{"line":"N23","mode":"bus","color":"#000000","colorDark":"#000000","band":4,"off":[0,1.1]}},{"type":"Feature","geometry":{"type":"Point","coordinates":[8.565212,47.295888]},"properties":{"name":"Thalwil, Bahnhof C","band":4,"modes":"bus","arr":["240"],"off":[0,-0.8]}},{"type":"Feature","geometry":{"type":"Point","coordinates":[8.565212,47.295888]},"properties":{"line":"240","mode":"bus","color":"#0059a9","colorDark":"#00294f","band":4,"off":[0,1.1]}},{"type":"Feature","geometry":{"type":"Point","coordinates":[8.409447,47.42145]},"properties":{"name":"Geroldswil, Zentrum","band":4,"modes":"bus","arr":["301","302","309","N30"],"off":[0,-0.8]}},{"type":"Feature","geometry":{"type":"Point","coordinates":[8.409447,47.42145]},"properties":{"line":"301","mode":"bus","color":"#0059a9","colorDark":"#00294f","band":4,"off":[-5.1,1.1]}},{"type":"Feature","geometry":{"type":"Point","coordinates":[8.409447,47.42145]},"properties":{"line":"302","mode":"bus","color":"#0059a9","colorDark":"#00294f","band":4,"off":[-1.7,1.1]}},{"type":"Feature","geometry":{"type":"Point","coordinates":[8.409447,47.42145]},"properties":{"line":"309","mode":"bus","color":"#0059a9","colorDark":"#00294f","band":4,"off":[1.7,1.1]}},{"type":"Feature","geometry":{"type":"Point","coordinates":[8.409447,47.42145]},"properties":{"line":"N30","mode":"bus","color":"#000000","colorDark":"#000000","band":4,"off":[5.1,1.1]}},{"type":"Feature","geometry":{"type":"Point","coordinates":[8.404333,47.405998]},"properties":{"name":"Dietikon, Bahnhof G","band":4,"modes":"bus","arr":["301","306","309","325"],"off":[0,-0.8]}},{"type":"Feature","geometry":{"type":"Point","coordinates":[8.404333,47.405998]},"properties":{"name":"Dietikon, Bahnhof F","band":4,"modes":"bus","arr":["301","306","309","325"],"off":[0,-3]}},{"type":"Feature","geometry":{"type":"Point","coordinates":[8.404333,47.405998]},"properties":{"name":"Dietikon, Bahnhof D","band":4,"modes":"bus","arr":["301","306","309","325"],"off":[0,-5.2]}},{"type":"Feature","geometry":{"type":"Point","coordinates":[8.404333,47.405998]},"properties":{"line":"301","mode":"bus","color":"#0059a9","colorDark":"#00294f","band":4,"off":[-5.1,1.1]}},{"type":"Feature","geometry":{"type":"Point","coordinates":[8.404333,47.405998]},"properties":{"line":"306","mode":"bus","color":"#0059a9","colorDark":"#00294f","band":4,"off":[-1.7,1.1]}},{"type":"Feature","geometry":{"type":"Point","coordinates":[8.404333,47.405998]},"properties":{"line":"309","mode":"bus","color":"#0059a9","colorDark":"#00294f","band":4,"off":[1.7,1.1]}},{"type":"Feature","geometry":{"type":"Point","coordinates":[8.404333,47.405998]},"properties":{"line":"325","mode":"bus","color":"#0059a9","colorDark":"#00294f","band":4,"off":[5.1,1.1]}},{"type":"Feature","geometry":{"type":"Point","coordinates":[8.448564,47.399461]},"properties":{"name":"Schlieren, Bahnhof","band":4,"modes":"bus","arr":["N34"],"off":[0,-0.8]}},{"type":"Feature","geometry":{"type":"Point","coordinates":[8.448564,47.399461]},"properties":{"line":"N34","mode":"bus","color":"#000000","colorDark":"#000000","band":4,"off":[0,1.1]}},{"type":"Feature","geometry":{"type":"Point","coordinates":[8.429723,47.38016]},"properties":{"name":"Urdorf Weihermatt, Bahnhof","band":4,"modes":"bus","arr":["302"],"off":[0,-0.8]}},{"type":"Feature","geometry":{"type":"Point","coordinates":[8.429723,47.38016]},"properties":{"line":"302","mode":"bus","color":"#0059a9","colorDark":"#00294f","band":4,"off":[0,1.1]}},{"type":"Feature","geometry":{"type":"Point","coordinates":[8.404435,47.405683]},"properties":{"name":"Dietikon, Bahnhof C","band":4,"modes":"bus","arr":["305","314","N34","N36"],"off":[0,-0.8]}},{"type":"Feature","geometry":{"type":"Point","coordinates":[8.404435,47.405683]},"properties":{"name":"Dietikon, Bahnhof B","band":4,"modes":"bus","arr":["305","314","N34","N36"],"off":[0,-3]}},{"type":"Feature","geometry":{"type":"Point","coordinates":[8.404435,47.405683]},"properties":{"line":"305","mode":"bus","color":"#0059a9","colorDark":"#00294f","band":4,"off":[-5.1,1.1]}},{"type":"Feature","geometry":{"type":"Point","coordinates":[8.404435,47.405683]},"properties":{"line":"314","mode":"bus","color":"#0059a9","colorDark":"#00294f","band":4,"off":[-1.7,1.1]}},{"type":"Feature","geometry":{"type":"Point","coordinates":[8.404435,47.405683]},"properties":{"line":"N34","mode":"bus","color":"#000000","colorDark":"#000000","band":4,"off":[1.7,1.1]}},{"type":"Feature","geometry":{"type":"Point","coordinates":[8.404435,47.405683]},"properties":{"line":"N36","mode":"bus","color":"#000000","colorDark":"#000000","band":4,"off":[5.1,1.1]}},{"type":"Feature","geometry":{"type":"Point","coordinates":[8.376038,47.394098]},"properties":{"name":"Kindhausen AG","band":4,"modes":"bus","arr":["305","315"],"off":[0,-0.8]}},{"type":"Feature","geometry":{"type":"Point","coordinates":[8.376038,47.394098]},"properties":{"line":"305","mode":"bus","color":"#0059a9","colorDark":"#00294f","band":4,"off":[-1.7,1.1]}},{"type":"Feature","geometry":{"type":"Point","coordinates":[8.376038,47.394098]},"properties":{"line":"315","mode":"bus","color":"#0059a9","colorDark":"#00294f","band":4,"off":[1.7,1.1]}},{"type":"Feature","geometry":{"type":"Point","coordinates":[8.390279,47.405558]},"properties":{"name":"Dietikon, Stadthalle Ost","band":4,"modes":"bus","arr":["306"],"off":[0,-0.8]}},{"type":"Feature","geometry":{"type":"Point","coordinates":[8.390279,47.405558]},"properties":{"line":"306","mode":"bus","color":"#0059a9","colorDark":"#00294f","band":4,"off":[0,1.1]}},{"type":"Feature","geometry":{"type":"Point","coordinates":[8.489706,47.392422]},"properties":{"name":"Bahnhof Altstetten N M","band":4,"modes":"bus","arr":["307","485"],"off":[0,-0.8]}},{"type":"Feature","geometry":{"type":"Point","coordinates":[8.489706,47.392422]},"properties":{"line":"307","mode":"bus","color":"#0059a9","colorDark":"#00294f","band":4,"off":[-1.7,1.1]}},{"type":"Feature","geometry":{"type":"Point","coordinates":[8.489706,47.392422]},"properties":{"line":"485","mode":"bus","color":"#0059a9","colorDark":"#00294f","band":4,"off":[1.7,1.1]}},{"type":"Feature","geometry":{"type":"Point","coordinates":[8.394386,47.427666]},"properties":{"name":"Oetwil an der Limmat, Zentrum","band":4,"modes":"bus","arr":["N34"],"off":[0,-0.8]}},{"type":"Feature","geometry":{"type":"Point","coordinates":[8.394386,47.427666]},"properties":{"line":"N34","mode":"bus","color":"#000000","colorDark":"#000000","band":4,"off":[0,1.1]}},{"type":"Feature","geometry":{"type":"Point","coordinates":[8.42283,47.377758]},"properties":{"name":"Urdorf, Oberurdorf","band":4,"modes":"bus","arr":["317"],"off":[0,-0.8]}},{"type":"Feature","geometry":{"type":"Point","coordinates":[8.42283,47.377758]},"properties":{"line":"317","mode":"bus","color":"#0059a9","colorDark":"#00294f","band":4,"off":[0,1.1]}},{"type":"Feature","geometry":{"type":"Point","coordinates":[8.437362,47.357157]},"properties":{"name":"Birmensdorf ZH, Bahnhof D","band":4,"modes":"bus","arr":["314"],"off":[0,-0.8]}},{"type":"Feature","geometry":{"type":"Point","coordinates":[8.437362,47.357157]},"properties":{"line":"314","mode":"bus","color":"#0059a9","colorDark":"#00294f","band":4,"off":[0,1.1]}},{"type":"Feature","geometry":{"type":"Point","coordinates":[8.362951,47.420837]},"properties":{"name":"Spreitenbach, Glattler","band":4,"modes":"bus","arr":["315"],"off":[0,-0.8]}},{"type":"Feature","geometry":{"type":"Point","coordinates":[8.362951,47.420837]},"properties":{"line":"315","mode":"bus","color":"#0059a9","colorDark":"#00294f","band":4,"off":[0,1.1]}},{"type":"Feature","geometry":{"type":"Point","coordinates":[8.381485,47.402031]},"properties":{"name":"Dietikon, Weinberg","band":4,"modes":"bus","arr":["325"],"off":[0,-0.8]}},{"type":"Feature","geometry":{"type":"Point","coordinates":[8.381485,47.402031]},"properties":{"line":"325","mode":"bus","color":"#0059a9","colorDark":"#00294f","band":4,"off":[0,1.1]}},{"type":"Feature","geometry":{"type":"Point","coordinates":[8.438642,47.440022]},"properties":{"name":"Dällikon, Dorf","band":4,"modes":"bus","arr":["449"],"off":[0,-0.8]}},{"type":"Feature","geometry":{"type":"Point","coordinates":[8.438642,47.440022]},"properties":{"line":"449","mode":"bus","color":"#0059a9","colorDark":"#00294f","band":4,"off":[0,1.1]}},{"type":"Feature","geometry":{"type":"Point","coordinates":[8.437496,47.453047]},"properties":{"name":"Buchs-Dällikon, Bahnhof","band":4,"modes":"bus","arr":["449","455"],"off":[0,-0.8]}},{"type":"Feature","geometry":{"type":"Point","coordinates":[8.437496,47.453047]},"properties":{"line":"449","mode":"bus","color":"#0059a9","colorDark":"#00294f","band":4,"off":[-1.7,1.1]}},{"type":"Feature","geometry":{"type":"Point","coordinates":[8.437496,47.453047]},"properties":{"line":"455","mode":"bus","color":"#0059a9","colorDark":"#00294f","band":4,"off":[1.7,1.1]}},{"type":"Feature","geometry":{"type":"Point","coordinates":[8.407196,47.46874]},"properties":{"name":"Boppelsen, Hand","band":4,"modes":"bus","arr":["450","N45"],"off":[0,-0.8]}},{"type":"Feature","geometry":{"type":"Point","coordinates":[8.407196,47.46874]},"properties":{"line":"450","mode":"bus","color":"#0059a9","colorDark":"#00294f","band":4,"off":[-1.7,1.1]}},{"type":"Feature","geometry":{"type":"Point","coordinates":[8.407196,47.46874]},"properties":{"line":"N45","mode":"bus","color":"#000000","colorDark":"#000000","band":4,"off":[1.7,1.1]}},{"type":"Feature","geometry":{"type":"Point","coordinates":[8.388315,47.455183]},"properties":{"name":"Otelfingen, Bahnhof","band":4,"modes":"bus","arr":["450"],"off":[0,-0.8]}},{"type":"Feature","geometry":{"type":"Point","coordinates":[8.388315,47.455183]},"properties":{"line":"450","mode":"bus","color":"#0059a9","colorDark":"#00294f","band":4,"off":[0,1.1]}},{"type":"Feature","geometry":{"type":"Point","coordinates":[8.386675,47.459504]},"properties":{"name":"Otelfingen, Landstrasse","band":4,"modes":"bus","arr":["N45"],"off":[0,-0.8]}},{"type":"Feature","geometry":{"type":"Point","coordinates":[8.386675,47.459504]},"properties":{"line":"N45","mode":"bus","color":"#000000","colorDark":"#000000","band":4,"off":[0,1.1]}},{"type":"Feature","geometry":{"type":"Point","coordinates":[8.467062,47.452598]},"properties":{"name":"Adlikon b. R., Leematten","band":4,"modes":"bus","arr":["451"],"off":[0,-0.8]}},{"type":"Feature","geometry":{"type":"Point","coordinates":[8.467062,47.452598]},"properties":{"line":"451","mode":"bus","color":"#0059a9","colorDark":"#00294f","band":4,"off":[0,1.1]}},{"type":"Feature","geometry":{"type":"Point","coordinates":[8.466567,47.431834]},"properties":{"name":"Regensdorf, Zentrum","band":4,"modes":"bus","arr":["451","452","492"],"off":[0,-0.8]}},{"type":"Feature","geometry":{"type":"Point","coordinates":[8.466567,47.431834]},"properties":{"line":"451","mode":"bus","color":"#0059a9","colorDark":"#00294f","band":4,"off":[-3.4,1.1]}},{"type":"Feature","geometry":{"type":"Point","coordinates":[8.466567,47.431834]},"properties":{"line":"452","mode":"bus","color":"#0059a9","colorDark":"#00294f","band":4,"off":[0,1.1]}},{"type":"Feature","geometry":{"type":"Point","coordinates":[8.466567,47.431834]},"properties":{"line":"492","mode":"bus","color":"#0059a9","colorDark":"#00294f","band":4,"off":[3.4,1.1]}},{"type":"Feature","geometry":{"type":"Point","coordinates":[8.472745,47.4367]},"properties":{"name":"Regensdorf-Watt, Bahnhof C","band":4,"modes":"bus","arr":["453","454","456","N45"],"off":[0,-0.8]}},{"type":"Feature","geometry":{"type":"Point","coordinates":[8.472745,47.4367]},"properties":{"line":"453","mode":"bus","color":"#0059a9","colorDark":"#00294f","band":4,"off":[-5.1,1.1]}},{"type":"Feature","geometry":{"type":"Point","coordinates":[8.472745,47.4367]},"properties":{"line":"454","mode":"bus","color":"#0059a9","colorDark":"#00294f","band":4,"off":[-1.7,1.1]}},{"type":"Feature","geometry":{"type":"Point","coordinates":[8.472745,47.4367]},"properties":{"line":"456","mode":"bus","color":"#0059a9","colorDark":"#00294f","band":4,"off":[1.7,1.1]}},{"type":"Feature","geometry":{"type":"Point","coordinates":[8.472745,47.4367]},"properties":{"line":"N45","mode":"bus","color":"#000000","colorDark":"#000000","band":4,"off":[5.1,1.1]}},{"type":"Feature","geometry":{"type":"Point","coordinates":[8.456741,47.439887]},"properties":{"name":"Regensdorf, Moosächer","band":4,"modes":"bus","arr":["452"],"off":[0,-0.8]}},{"type":"Feature","geometry":{"type":"Point","coordinates":[8.456741,47.439887]},"properties":{"line":"452","mode":"bus","color":"#0059a9","colorDark":"#00294f","band":4,"off":[0,1.1]}},{"type":"Feature","geometry":{"type":"Point","coordinates":[8.459015,47.453195]},"properties":{"name":"Adlikon b. R., Sonnhalde West","band":4,"modes":"bus","arr":["453"],"off":[0,-0.8]}},{"type":"Feature","geometry":{"type":"Point","coordinates":[8.459015,47.453195]},"properties":{"line":"453","mode":"bus","color":"#0059a9","colorDark":"#00294f","band":4,"off":[0,1.1]}},{"type":"Feature","geometry":{"type":"Point","coordinates":[8.470325,47.438081]},"properties":{"name":"Regensdorf, Althard/Bahnhof","band":4,"modes":"bus","arr":["453"],"off":[0,-0.8]}},{"type":"Feature","geometry":{"type":"Point","coordinates":[8.470325,47.438081]},"properties":{"line":"453","mode":"bus","color":"#0059a9","colorDark":"#00294f","band":4,"off":[0,1.1]}},{"type":"Feature","geometry":{"type":"Point","coordinates":[8.458129,47.447311]},"properties":{"name":"Regensdorf, Allmend","band":4,"modes":"bus","arr":["454"],"off":[0,-0.8]}},{"type":"Feature","geometry":{"type":"Point","coordinates":[8.458129,47.447311]},"properties":{"line":"454","mode":"bus","color":"#0059a9","colorDark":"#00294f","band":4,"off":[0,1.1]}},{"type":"Feature","geometry":{"type":"Point","coordinates":[8.437582,47.456632]},"properties":{"name":"Buchs ZH, Post","band":4,"modes":"bus","arr":["455"],"off":[0,-0.8]}},{"type":"Feature","geometry":{"type":"Point","coordinates":[8.437582,47.456632]},"properties":{"line":"455","mode":"bus","color":"#0059a9","colorDark":"#00294f","band":4,"off":[0,1.1]}},{"type":"Feature","geometry":{"type":"Point","coordinates":[8.458959,47.482882]},"properties":{"name":"Dielsdorf, Bahnhof","band":4,"modes":"bus","arr":["456","593"],"off":[0,-0.8]}},{"type":"Feature","geometry":{"type":"Point","coordinates":[8.458959,47.482882]},"properties":{"line":"456","mode":"bus","color":"#0059a9","colorDark":"#00294f","band":4,"off":[-1.7,1.1]}},{"type":"Feature","geometry":{"type":"Point","coordinates":[8.458959,47.482882]},"properties":{"line":"593","mode":"bus","color":"#0059a9","colorDark":"#00294f","band":4,"off":[1.7,1.1]}},{"type":"Feature","geometry":{"type":"Point","coordinates":[8.440491,47.458477]},"properties":{"name":"Buchs ZH, Linde","band":4,"modes":"bus","arr":["485"],"off":[0,-0.8]}},{"type":"Feature","geometry":{"type":"Point","coordinates":[8.440491,47.458477]},"properties":{"line":"485","mode":"bus","color":"#0059a9","colorDark":"#00294f","band":4,"off":[0,1.1]}},{"type":"Feature","geometry":{"type":"Point","coordinates":[8.481775,47.405408]},"properties":{"name":"Frankental","band":4,"modes":"bus","arr":["485"],"off":[0,-0.8]}},{"type":"Feature","geometry":{"type":"Point","coordinates":[8.481775,47.405408]},"properties":{"line":"485","mode":"bus","color":"#0059a9","colorDark":"#00294f","band":4,"off":[0,1.1]}},{"type":"Feature","geometry":{"type":"Point","coordinates":[8.403522,47.469985]},"properties":{"name":"Boppelsen, Dorf","band":4,"modes":"bus","arr":["485"],"off":[0,-0.8]}},{"type":"Feature","geometry":{"type":"Point","coordinates":[8.403522,47.469985]},"properties":{"line":"485","mode":"bus","color":"#0059a9","colorDark":"#00294f","band":4,"off":[0,1.1]}},{"type":"Feature","geometry":{"type":"Point","coordinates":[8.386887,47.446101]},"properties":{"name":"Hüttikon","band":4,"modes":"bus","arr":["491"],"off":[0,-0.8]}},{"type":"Feature","geometry":{"type":"Point","coordinates":[8.386887,47.446101]},"properties":{"line":"491","mode":"bus","color":"#0059a9","colorDark":"#00294f","band":4,"off":[0,1.1]}},{"type":"Feature","geometry":{"type":"Point","coordinates":[8.472556,47.436186]},"properties":{"name":"Regensdorf-Watt, Bahnhof D","band":4,"modes":"bus","arr":["491"],"off":[0,-0.8]}},{"type":"Feature","geometry":{"type":"Point","coordinates":[8.472556,47.436186]},"properties":{"line":"491","mode":"bus","color":"#0059a9","colorDark":"#00294f","band":4,"off":[0,1.1]}},{"type":"Feature","geometry":{"type":"Point","coordinates":[8.537892,47.522817]},"properties":{"name":"Bülach, Bahnhof D","band":4,"modes":"bus","arr":["504","525","530","531"],"off":[0,-0.8]}},{"type":"Feature","geometry":{"type":"Point","coordinates":[8.537892,47.522817]},"properties":{"name":"Bülach, Bahnhof C","band":4,"modes":"bus","arr":["504","525","530","531"],"off":[0,-1.9]}},{"type":"Feature","geometry":{"type":"Point","coordinates":[8.537892,47.522817]},"properties":{"name":"Bülach, Bahnhof B","band":4,"modes":"bus","arr":["504","525","530","531"],"off":[0,-3]}},{"type":"Feature","geometry":{"type":"Point","coordinates":[8.537892,47.522817]},"properties":{"line":"504","mode":"bus","color":"#0059a9","colorDark":"#00294f","band":4,"off":[-5.1,1.1]}},{"type":"Feature","geometry":{"type":"Point","coordinates":[8.537892,47.522817]},"properties":{"line":"525","mode":"bus","color":"#0059a9","colorDark":"#00294f","band":4,"off":[-1.7,1.1]}},{"type":"Feature","geometry":{"type":"Point","coordinates":[8.537892,47.522817]},"properties":{"line":"530","mode":"bus","color":"#0059a9","colorDark":"#00294f","band":4,"off":[1.7,1.1]}},{"type":"Feature","geometry":{"type":"Point","coordinates":[8.537892,47.522817]},"properties":{"line":"531","mode":"bus","color":"#0059a9","colorDark":"#00294f","band":4,"off":[5.1,1.1]}},{"type":"Feature","geometry":{"type":"Point","coordinates":[8.510701,47.47046]},"properties":{"name":"Oberglatt ZH, Bahnhof","band":4,"modes":"bus","arr":["504","525","N51"],"off":[0,-0.8]}},{"type":"Feature","geometry":{"type":"Point","coordinates":[8.510701,47.47046]},"properties":{"line":"504","mode":"bus","color":"#0059a9","colorDark":"#00294f","band":4,"off":[-3.4,1.1]}},{"type":"Feature","geometry":{"type":"Point","coordinates":[8.510701,47.47046]},"properties":{"line":"525","mode":"bus","color":"#0059a9","colorDark":"#00294f","band":4,"off":[0,1.1]}},{"type":"Feature","geometry":{"type":"Point","coordinates":[8.510701,47.47046]},"properties":{"line":"N51","mode":"bus","color":"#000000","colorDark":"#000000","band":4,"off":[3.4,1.1]}},{"type":"Feature","geometry":{"type":"Point","coordinates":[8.563863,47.449261]},"properties":{"name":"Zürich Flughafen, Bahnhof Q","band":4,"modes":"bus","arr":["510","520","521","524","530"],"off":[0,-0.8]}},{"type":"Feature","geometry":{"type":"Point","coordinates":[8.563863,47.449261]},"properties":{"name":"Zürich Flughafen, Bahnhof P","band":4,"modes":"bus","arr":["510","520","521","524","530"],"off":[0,-3]}},{"type":"Feature","geometry":{"type":"Point","coordinates":[8.563863,47.449261]},"properties":{"name":"Zürich Flughafen, Bahnhof N","band":4,"modes":"bus","arr":["510","520","521","524","530"],"off":[0,-5.2]}},{"type":"Feature","geometry":{"type":"Point","coordinates":[8.563863,47.449261]},"properties":{"line":"510","mode":"bus","color":"#0059a9","colorDark":"#00294f","band":4,"off":[-6.8,1.1]}},{"type":"Feature","geometry":{"type":"Point","coordinates":[8.563863,47.449261]},"properties":{"line":"520","mode":"bus","color":"#0059a9","colorDark":"#00294f","band":4,"off":[-3.4,1.1]}},{"type":"Feature","geometry":{"type":"Point","coordinates":[8.563863,47.449261]},"properties":{"line":"521","mode":"bus","color":"#0059a9","colorDark":"#00294f","band":4,"off":[0,1.1]}},{"type":"Feature","geometry":{"type":"Point","coordinates":[8.563863,47.449261]},"properties":{"line":"524","mode":"bus","color":"#0059a9","colorDark":"#00294f","band":4,"off":[3.4,1.1]}},{"type":"Feature","geometry":{"type":"Point","coordinates":[8.563863,47.449261]},"properties":{"line":"530","mode":"bus","color":"#0059a9","colorDark":"#00294f","band":4,"off":[6.8,1.1]}},{"type":"Feature","geometry":{"type":"Point","coordinates":[8.53259,47.453995]},"properties":{"name":"Rümlang, Bahnhof","band":4,"modes":"bus","arr":["742","797"],"off":[0,-0.8]}},{"type":"Feature","geometry":{"type":"Point","coordinates":[8.53259,47.453995]},"properties":{"line":"742","mode":"bus","color":"#0059a9","colorDark":"#00294f","band":4,"off":[-1.7,1.1]}},{"type":"Feature","geometry":{"type":"Point","coordinates":[8.53259,47.453995]},"properties":{"line":"797","mode":"bus","color":"#0059a9","colorDark":"#00294f","band":4,"off":[1.7,1.1]}},{"type":"Feature","geometry":{"type":"Point","coordinates":[8.586829,47.52041]},"properties":{"name":"Embrach-Rorbas, Bahnhof","band":4,"modes":"bus","arr":["520"],"off":[0,-0.8]}},{"type":"Feature","geometry":{"type":"Point","coordinates":[8.586829,47.52041]},"properties":{"line":"520","mode":"bus","color":"#0059a9","colorDark":"#00294f","band":4,"off":[0,1.1]}},{"type":"Feature","geometry":{"type":"Point","coordinates":[8.58077,47.530385]},"properties":{"name":"Freienstein, Alte Brücke","band":4,"modes":"bus","arr":["521","N52"],"off":[0,-0.8]}},{"type":"Feature","geometry":{"type":"Point","coordinates":[8.58077,47.530385]},"properties":{"line":"521","mode":"bus","color":"#0059a9","colorDark":"#00294f","band":4,"off":[-1.7,1.1]}},{"type":"Feature","geometry":{"type":"Point","coordinates":[8.58077,47.530385]},"properties":{"line":"N52","mode":"bus","color":"#000000","colorDark":"#000000","band":4,"off":[1.7,1.1]}},{"type":"Feature","geometry":{"type":"Point","coordinates":[8.593825,47.517758]},"properties":{"name":"Embrach, Embraport","band":4,"modes":"bus","arr":["N52"],"off":[0,-0.8]}},{"type":"Feature","geometry":{"type":"Point","coordinates":[8.593825,47.517758]},"properties":{"line":"N52","mode":"bus","color":"#000000","colorDark":"#000000","band":4,"off":[0,1.1]}},{"type":"Feature","geometry":{"type":"Point","coordinates":[8.619272,47.487104]},"properties":{"name":"Oberembrach, Dorf","band":4,"modes":"bus","arr":["524"],"off":[0,-0.8]}},{"type":"Feature","geometry":{"type":"Point","coordinates":[8.619272,47.487104]},"properties":{"line":"524","mode":"bus","color":"#0059a9","colorDark":"#00294f","band":4,"off":[0,1.1]}},{"type":"Feature","geometry":{"type":"Point","coordinates":[8.500385,47.503983]},"properties":{"name":"Höri, Oberhöri","band":4,"modes":"bus","arr":["N54"],"off":[0,-0.8]}},{"type":"Feature","geometry":{"type":"Point","coordinates":[8.500385,47.503983]},"properties":{"line":"N54","mode":"bus","color":"#000000","colorDark":"#000000","band":4,"off":[0,1.1]}},{"type":"Feature","geometry":{"type":"Point","coordinates":[8.563796,47.45003]},"properties":{"name":"Zürich Flughafen, Bahnhof O","band":4,"modes":"bus","arr":["530","531","731","732","735","736"],"off":[0,-0.8]}},{"type":"Feature","geometry":{"type":"Point","coordinates":[8.563796,47.45003]},"properties":{"name":"Zürich Flughafen, Bahnhof M","band":4,"modes":"bus","arr":["530","531","731","732","735","736"],"off":[0,-3]}},{"type":"Feature","geometry":{"type":"Point","coordinates":[8.563796,47.45003]},"properties":{"name":"Zürich Flughafen, Bahnhof L","band":4,"modes":"bus","arr":["530","531","731","732","735","736"],"off":[0,-5.2]}},{"type":"Feature","geometry":{"type":"Point","coordinates":[8.563796,47.45003]},"properties":{"line":"530","mode":"bus","color":"#0059a9","colorDark":"#00294f","band":4,"off":[-6.8,1.1]}},{"type":"Feature","geometry":{"type":"Point","coordinates":[8.563796,47.45003]},"properties":{"line":"531","mode":"bus","color":"#0059a9","colorDark":"#00294f","band":4,"off":[-3.4,1.1]}},{"type":"Feature","geometry":{"type":"Point","coordinates":[8.563796,47.45003]},"properties":{"line":"731","mode":"bus","color":"#0059a9","colorDark":"#00294f","band":4,"off":[0,1.1]}},{"type":"Feature","geometry":{"type":"Point","coordinates":[8.563796,47.45003]},"properties":{"line":"732","mode":"bus","color":"#0059a9","colorDark":"#00294f","band":4,"off":[3.4,1.1]}},{"type":"Feature","geometry":{"type":"Point","coordinates":[8.563796,47.45003]},"properties":{"line":"735","mode":"bus","color":"#0059a9","colorDark":"#00294f","band":4,"off":[6.8,1.1]}},{"type":"Feature","geometry":{"type":"Point","coordinates":[8.563796,47.45003]},"properties":{"line":"736","mode":"bus","color":"#0059a9","colorDark":"#00294f","band":4,"off":[0,3.1]}},{"type":"Feature","geometry":{"type":"Point","coordinates":[8.488479,47.478474]},"properties":{"name":"Niederhasli, Bahnhof","band":4,"modes":"bus","arr":["533","534"],"off":[0,-0.8]}},{"type":"Feature","geometry":{"type":"Point","coordinates":[8.488479,47.478474]},"properties":{"line":"533","mode":"bus","color":"#0059a9","colorDark":"#00294f","band":4,"off":[-1.7,1.1]}},{"type":"Feature","geometry":{"type":"Point","coordinates":[8.488479,47.478474]},"properties":{"line":"534","mode":"bus","color":"#0059a9","colorDark":"#00294f","band":4,"off":[1.7,1.1]}},{"type":"Feature","geometry":{"type":"Point","coordinates":[8.471525,47.465722]},"properties":{"name":"Niederhasli, Nassenwil","band":4,"modes":"bus","arr":["533"],"off":[0,-0.8]}},{"type":"Feature","geometry":{"type":"Point","coordinates":[8.471525,47.465722]},"properties":{"line":"533","mode":"bus","color":"#0059a9","colorDark":"#00294f","band":4,"off":[0,1.1]}},{"type":"Feature","geometry":{"type":"Point","coordinates":[8.490069,47.459133]},"properties":{"name":"Oberhasli, Industrie","band":4,"modes":"bus","arr":["534"],"off":[0,-0.8]}},{"type":"Feature","geometry":{"type":"Point","coordinates":[8.490069,47.459133]},"properties":{"line":"534","mode":"bus","color":"#0059a9","colorDark":"#00294f","band":4,"off":[0,1.1]}},{"type":"Feature","geometry":{"type":"Point","coordinates":[8.436245,47.482957]},"properties":{"name":"Regensberg, Dorf","band":4,"modes":"bus","arr":["593"],"off":[0,-0.8]}},{"type":"Feature","geometry":{"type":"Point","coordinates":[8.436245,47.482957]},"properties":{"line":"593","mode":"bus","color":"#0059a9","colorDark":"#00294f","band":4,"off":[0,1.1]}},{"type":"Feature","geometry":{"type":"Point","coordinates":[8.696216,47.454757]},"properties":{"name":"Winterberg ZH, Wältiwis","band":4,"modes":"bus","arr":["650","657"],"off":[0,-0.8]}},{"type":"Feature","geometry":{"type":"Point","coordinates":[8.696216,47.454757]},"properties":{"line":"650","mode":"bus","color":"#0059a9","colorDark":"#00294f","band":4,"off":[-1.7,1.1]}},{"type":"Feature","geometry":{"type":"Point","coordinates":[8.696216,47.454757]},"properties":{"line":"657","mode":"bus","color":"#0059a9","colorDark":"#00294f","band":4,"off":[1.7,1.1]}},{"type":"Feature","geometry":{"type":"Point","coordinates":[8.686298,47.425296]},"properties":{"name":"Effretikon, Bahnhof D","band":4,"modes":"bus","arr":["650","652","655","657","658","662"],"off":[0,-0.8]}},{"type":"Feature","geometry":{"type":"Point","coordinates":[8.686298,47.425296]},"properties":{"name":"Effretikon, Bahnhof B","band":4,"modes":"bus","arr":["650","652","655","657","658","662"],"off":[0,-3]}},{"type":"Feature","geometry":{"type":"Point","coordinates":[8.686298,47.425296]},"properties":{"name":"Effretikon, Bahnhof A","band":4,"modes":"bus","arr":["650","652","655","657","658","662"],"off":[0,-5.2]}},{"type":"Feature","geometry":{"type":"Point","coordinates":[8.686298,47.425296]},"properties":{"line":"650","mode":"bus","color":"#0059a9","colorDark":"#00294f","band":4,"off":[-6.8,1.1]}},{"type":"Feature","geometry":{"type":"Point","coordinates":[8.686298,47.425296]},"properties":{"line":"652","mode":"bus","color":"#0059a9","colorDark":"#00294f","band":4,"off":[-3.4,1.1]}},{"type":"Feature","geometry":{"type":"Point","coordinates":[8.686298,47.425296]},"properties":{"line":"655","mode":"bus","color":"#0059a9","colorDark":"#00294f","band":4,"off":[0,1.1]}},{"type":"Feature","geometry":{"type":"Point","coordinates":[8.686298,47.425296]},"properties":{"line":"657","mode":"bus","color":"#0059a9","colorDark":"#00294f","band":4,"off":[3.4,1.1]}},{"type":"Feature","geometry":{"type":"Point","coordinates":[8.686298,47.425296]},"properties":{"line":"658","mode":"bus","color":"#0059a9","colorDark":"#00294f","band":4,"off":[6.8,1.1]}},{"type":"Feature","geometry":{"type":"Point","coordinates":[8.686298,47.425296]},"properties":{"line":"662","mode":"bus","color":"#0059a9","colorDark":"#00294f","band":4,"off":[0,3.1]}},{"type":"Feature","geometry":{"type":"Point","coordinates":[8.722896,47.40856]},"properties":{"name":"Illnau, Bahnhof","band":4,"modes":"bus","arr":["652"],"off":[0,-0.8]}},{"type":"Feature","geometry":{"type":"Point","coordinates":[8.722896,47.40856]},"properties":{"line":"652","mode":"bus","color":"#0059a9","colorDark":"#00294f","band":4,"off":[0,1.1]}},{"type":"Feature","geometry":{"type":"Point","coordinates":[8.744477,47.457194]},"properties":{"name":"Kyburg, Dorf","band":4,"modes":"bus","arr":["655"],"off":[0,-0.8]}},{"type":"Feature","geometry":{"type":"Point","coordinates":[8.744477,47.457194]},"properties":{"line":"655","mode":"bus","color":"#0059a9","colorDark":"#00294f","band":4,"off":[0,1.1]}},{"type":"Feature","geometry":{"type":"Point","coordinates":[8.700393,47.44215]},"properties":{"name":"Grafstal, Engelacher","band":4,"modes":"bus","arr":["N70"],"off":[0,-0.8]}},{"type":"Feature","geometry":{"type":"Point","coordinates":[8.700393,47.44215]},"properties":{"line":"N70","mode":"bus","color":"#000000","colorDark":"#000000","band":4,"off":[0,1.1]}},{"type":"Feature","geometry":{"type":"Point","coordinates":[8.659928,47.460889]},"properties":{"name":"Breite b. N., Sternen","band":4,"modes":"bus","arr":["656","658","659","769"],"off":[0,-0.8]}},{"type":"Feature","geometry":{"type":"Point","coordinates":[8.659928,47.460889]},"properties":{"line":"656","mode":"bus","color":"#0059a9","colorDark":"#00294f","band":4,"off":[-5.1,1.1]}},{"type":"Feature","geometry":{"type":"Point","coordinates":[8.659928,47.460889]},"properties":{"line":"658","mode":"bus","color":"#0059a9","colorDark":"#00294f","band":4,"off":[-1.7,1.1]}},{"type":"Feature","geometry":{"type":"Point","coordinates":[8.659928,47.460889]},"properties":{"line":"659","mode":"bus","color":"#0059a9","colorDark":"#00294f","band":4,"off":[1.7,1.1]}},{"type":"Feature","geometry":{"type":"Point","coordinates":[8.659928,47.460889]},"properties":{"line":"769","mode":"bus","color":"#0059a9","colorDark":"#00294f","band":4,"off":[5.1,1.1]}},{"type":"Feature","geometry":{"type":"Point","coordinates":[8.686173,47.424998]},"properties":{"name":"Effretikon, Bahnhof E","band":4,"modes":"bus","arr":["656","657","658","659","662"],"off":[0,-0.8]}},{"type":"Feature","geometry":{"type":"Point","coordinates":[8.686173,47.424998]},"properties":{"line":"656","mode":"bus","color":"#0059a9","colorDark":"#00294f","band":4,"off":[-6.8,1.1]}},{"type":"Feature","geometry":{"type":"Point","coordinates":[8.686173,47.424998]},"properties":{"line":"657","mode":"bus","color":"#0059a9","colorDark":"#00294f","band":4,"off":[-3.4,1.1]}},{"type":"Feature","geometry":{"type":"Point","coordinates":[8.686173,47.424998]},"properties":{"line":"658","mode":"bus","color":"#0059a9","colorDark":"#00294f","band":4,"off":[0,1.1]}},{"type":"Feature","geometry":{"type":"Point","coordinates":[8.686173,47.424998]},"properties":{"line":"659","mode":"bus","color":"#0059a9","colorDark":"#00294f","band":4,"off":[3.4,1.1]}},{"type":"Feature","geometry":{"type":"Point","coordinates":[8.686173,47.424998]},"properties":{"line":"662","mode":"bus","color":"#0059a9","colorDark":"#00294f","band":4,"off":[6.8,1.1]}},{"type":"Feature","geometry":{"type":"Point","coordinates":[8.660899,47.461472]},"properties":{"name":"Breite b. N., Winterthurerstr.","band":4,"modes":"bus","arr":["656","659","769"],"off":[0,-0.8]}},{"type":"Feature","geometry":{"type":"Point","coordinates":[8.660899,47.461472]},"properties":{"line":"656","mode":"bus","color":"#0059a9","colorDark":"#00294f","band":4,"off":[-3.4,1.1]}},{"type":"Feature","geometry":{"type":"Point","coordinates":[8.660899,47.461472]},"properties":{"line":"659","mode":"bus","color":"#0059a9","colorDark":"#00294f","band":4,"off":[0,1.1]}},{"type":"Feature","geometry":{"type":"Point","coordinates":[8.660899,47.461472]},"properties":{"line":"769","mode":"bus","color":"#0059a9","colorDark":"#00294f","band":4,"off":[3.4,1.1]}},{"type":"Feature","geometry":{"type":"Point","coordinates":[8.648218,47.4467]},"properties":{"name":"Nürensdorf, Zentrum","band":4,"modes":"bus","arr":["N78"],"off":[0,-0.8]}},{"type":"Feature","geometry":{"type":"Point","coordinates":[8.648218,47.4467]},"properties":{"line":"N78","mode":"bus","color":"#000000","colorDark":"#000000","band":4,"off":[0,1.1]}},{"type":"Feature","geometry":{"type":"Point","coordinates":[8.723807,47.498465]},"properties":{"name":"Winterthur, Archstrasse/HB A","band":4,"modes":"bus","arr":["660"],"off":[0,-0.8]}},{"type":"Feature","geometry":{"type":"Point","coordinates":[8.723807,47.498465]},"properties":{"line":"660","mode":"bus","color":"#0059a9","colorDark":"#00294f","band":4,"off":[0,1.1]}},{"type":"Feature","geometry":{"type":"Point","coordinates":[8.682984,47.471385]},"properties":{"name":"Brütten, Harossen","band":4,"modes":"bus","arr":["662"],"off":[0,-0.8]}},{"type":"Feature","geometry":{"type":"Point","coordinates":[8.682984,47.471385]},"properties":{"line":"662","mode":"bus","color":"#0059a9","colorDark":"#00294f","band":4,"off":[0,1.1]}},{"type":"Feature","geometry":{"type":"Point","coordinates":[8.626132,47.438748]},"properties":{"name":"Bassersdorf, Bahnhof","band":4,"modes":"bus","arr":["660","766","769"],"off":[0,-0.8]}},{"type":"Feature","geometry":{"type":"Point","coordinates":[8.626132,47.438748]},"properties":{"line":"660","mode":"bus","color":"#0059a9","colorDark":"#00294f","band":4,"off":[-3.4,1.1]}},{"type":"Feature","geometry":{"type":"Point","coordinates":[8.626132,47.438748]},"properties":{"line":"766","mode":"bus","color":"#0059a9","colorDark":"#00294f","band":4,"off":[0,1.1]}},{"type":"Feature","geometry":{"type":"Point","coordinates":[8.626132,47.438748]},"properties":{"line":"769","mode":"bus","color":"#0059a9","colorDark":"#00294f","band":4,"off":[3.4,1.1]}},{"type":"Feature","geometry":{"type":"Point","coordinates":[8.56648,47.363932]},"properties":{"name":"Klusplatz D","band":4,"modes":"tram,bus","arr":["3","701","703","704"],"off":[0,-0.8]}},{"type":"Feature","geometry":{"type":"Point","coordinates":[8.56648,47.363932]},"properties":{"name":"Klusplatz C","band":4,"modes":"tram,bus","arr":["3","701","703","704"],"off":[0,-1.9]}},{"type":"Feature","geometry":{"type":"Point","coordinates":[8.56648,47.363932]},"properties":{"name":"Klusplatz A","band":4,"modes":"tram,bus","arr":["3","701","703","704"],"off":[0,-3]}},{"type":"Feature","geometry":{"type":"Point","coordinates":[8.56648,47.363932]},"properties":{"line":"3","mode":"tram","color":"#d6212b","colorDark":"#7c1116","band":4,"off":[-5.1,1.1]}},{"type":"Feature","geometry":{"type":"Point","coordinates":[8.56648,47.363932]},"properties":{"line":"701","mode":"bus","color":"#0059a9","colorDark":"#00294f","band":4,"off":[-1.7,1.1]}},{"type":"Feature","geometry":{"type":"Point","coordinates":[8.56648,47.363932]},"properties":{"line":"703","mode":"bus","color":"#0059a9","colorDark":"#00294f","band":4,"off":[1.7,1.1]}},{"type":"Feature","geometry":{"type":"Point","coordinates":[8.56648,47.363932]},"properties":{"line":"704","mode":"bus","color":"#0059a9","colorDark":"#00294f","band":4,"off":[5.1,1.1]}},{"type":"Feature","geometry":{"type":"Point","coordinates":[8.677969,47.33993]},"properties":{"name":"Maur, See","band":4,"modes":"bus","arr":["701","743","N71"],"off":[0,-0.8]}},{"type":"Feature","geometry":{"type":"Point","coordinates":[8.677969,47.33993]},"properties":{"line":"701","mode":"bus","color":"#0059a9","colorDark":"#00294f","band":4,"off":[-3.4,1.1]}},{"type":"Feature","geometry":{"type":"Point","coordinates":[8.677969,47.33993]},"properties":{"line":"743","mode":"bus","color":"#0059a9","colorDark":"#00294f","band":4,"off":[0,1.1]}},{"type":"Feature","geometry":{"type":"Point","coordinates":[8.677969,47.33993]},"properties":{"line":"N71","mode":"bus","color":"#000000","colorDark":"#000000","band":4,"off":[3.4,1.1]}},{"type":"Feature","geometry":{"type":"Point","coordinates":[8.668459,47.340316]},"properties":{"name":"Maur, Dorf","band":4,"modes":"bus","arr":["910"],"off":[0,-0.8]}},{"type":"Feature","geometry":{"type":"Point","coordinates":[8.668459,47.340316]},"properties":{"line":"910","mode":"bus","color":"#0059a9","colorDark":"#00294f","band":4,"off":[0,1.1]}},{"type":"Feature","geometry":{"type":"Point","coordinates":[8.638505,47.361201]},"properties":{"name":"Benglen, Bodenacher","band":4,"modes":"bus","arr":["703","705"],"off":[0,-0.8]}},{"type":"Feature","geometry":{"type":"Point","coordinates":[8.638505,47.361201]},"properties":{"line":"703","mode":"bus","color":"#0059a9","colorDark":"#00294f","band":4,"off":[-1.7,1.1]}},{"type":"Feature","geometry":{"type":"Point","coordinates":[8.638505,47.361201]},"properties":{"line":"705","mode":"bus","color":"#0059a9","colorDark":"#00294f","band":4,"off":[1.7,1.1]}},{"type":"Feature","geometry":{"type":"Point","coordinates":[8.65952,47.384372]},"properties":{"name":"Schwerzenbach ZH, Bahnhof D","band":4,"modes":"bus","arr":["704","705","706","721","725","N74"],"off":[0,-0.8]}},{"type":"Feature","geometry":{"type":"Point","coordinates":[8.65952,47.384372]},"properties":{"name":"Schwerzenbach ZH, Bahnhof B","band":4,"modes":"bus","arr":["704","705","706","721","725","N74"],"off":[0,-3]}},{"type":"Feature","geometry":{"type":"Point","coordinates":[8.65952,47.384372]},"properties":{"name":"Schwerzenbach ZH, Bahnhof A","band":4,"modes":"bus","arr":["704","705","706","721","725","N74"],"off":[0,-5.2]}},{"type":"Feature","geometry":{"type":"Point","coordinates":[8.65952,47.384372]},"properties":{"line":"704","mode":"bus","color":"#0059a9","colorDark":"#00294f","band":4,"off":[-6.8,1.1]}},{"type":"Feature","geometry":{"type":"Point","coordinates":[8.65952,47.384372]},"properties":{"line":"705","mode":"bus","color":"#0059a9","colorDark":"#00294f","band":4,"off":[-3.4,1.1]}},{"type":"Feature","geometry":{"type":"Point","coordinates":[8.65952,47.384372]},"properties":{"line":"706","mode":"bus","color":"#0059a9","colorDark":"#00294f","band":4,"off":[0,1.1]}},{"type":"Feature","geometry":{"type":"Point","coordinates":[8.65952,47.384372]},"properties":{"line":"721","mode":"bus","color":"#0059a9","colorDark":"#00294f","band":4,"off":[3.4,1.1]}},{"type":"Feature","geometry":{"type":"Point","coordinates":[8.65952,47.384372]},"properties":{"line":"725","mode":"bus","color":"#0059a9","colorDark":"#00294f","band":4,"off":[6.8,1.1]}},{"type":"Feature","geometry":{"type":"Point","coordinates":[8.65952,47.384372]},"properties":{"line":"N74","mode":"bus","color":"#000000","colorDark":"#000000","band":4,"off":[0,3.1]}},{"type":"Feature","geometry":{"type":"Point","coordinates":[8.647989,47.32499]},"properties":{"name":"Forch, Bahnhof","band":4,"modes":"bus","arr":["706","905"],"off":[0,-0.8]}},{"type":"Feature","geometry":{"type":"Point","coordinates":[8.647989,47.32499]},"properties":{"line":"706","mode":"bus","color":"#0059a9","colorDark":"#00294f","band":4,"off":[-1.7,1.1]}},{"type":"Feature","geometry":{"type":"Point","coordinates":[8.647989,47.32499]},"properties":{"line":"905","mode":"bus","color":"#0059a9","colorDark":"#00294f","band":4,"off":[1.7,1.1]}},{"type":"Feature","geometry":{"type":"Point","coordinates":[8.686382,47.425687]},"properties":{"name":"Effretikon, Bahnhof C","band":4,"modes":"bus","arr":["720","N62","N70"],"off":[0,-0.8]}},{"type":"Feature","geometry":{"type":"Point","coordinates":[8.686382,47.425687]},"properties":{"line":"720","mode":"bus","color":"#0059a9","colorDark":"#00294f","band":4,"off":[-3.4,1.1]}},{"type":"Feature","geometry":{"type":"Point","coordinates":[8.686382,47.425687]},"properties":{"line":"N62","mode":"bus","color":"#000000","colorDark":"#000000","band":4,"off":[0,1.1]}},{"type":"Feature","geometry":{"type":"Point","coordinates":[8.686382,47.425687]},"properties":{"line":"N70","mode":"bus","color":"#000000","colorDark":"#000000","band":4,"off":[3.4,1.1]}},{"type":"Feature","geometry":{"type":"Point","coordinates":[8.681435,47.395304]},"properties":{"name":"Volketswil, Eichstrasse","band":4,"modes":"bus","arr":["721"],"off":[0,-0.8]}},{"type":"Feature","geometry":{"type":"Point","coordinates":[8.681435,47.395304]},"properties":{"line":"721","mode":"bus","color":"#0059a9","colorDark":"#00294f","band":4,"off":[0,1.1]}},{"type":"Feature","geometry":{"type":"Point","coordinates":[8.659779,47.38389]},"properties":{"name":"Schwerzenbach ZH, Bahnhof F","band":4,"modes":"bus","arr":["720","721","726","727"],"off":[0,-0.8]}},{"type":"Feature","geometry":{"type":"Point","coordinates":[8.659779,47.38389]},"properties":{"name":"Schwerzenbach ZH, Bahnhof E","band":4,"modes":"bus","arr":["720","721","726","727"],"off":[0,-3]}},{"type":"Feature","geometry":{"type":"Point","coordinates":[8.659779,47.38389]},"properties":{"name":"Schwerzenbach ZH, Bahnhof C","band":4,"modes":"bus","arr":["720","721","726","727"],"off":[0,-5.2]}},{"type":"Feature","geometry":{"type":"Point","coordinates":[8.659779,47.38389]},"properties":{"line":"720","mode":"bus","color":"#0059a9","colorDark":"#00294f","band":4,"off":[-5.1,1.1]}},{"type":"Feature","geometry":{"type":"Point","coordinates":[8.659779,47.38389]},"properties":{"line":"721","mode":"bus","color":"#0059a9","colorDark":"#00294f","band":4,"off":[-1.7,1.1]}},{"type":"Feature","geometry":{"type":"Point","coordinates":[8.659779,47.38389]},"properties":{"line":"726","mode":"bus","color":"#0059a9","colorDark":"#00294f","band":4,"off":[1.7,1.1]}},{"type":"Feature","geometry":{"type":"Point","coordinates":[8.659779,47.38389]},"properties":{"line":"727","mode":"bus","color":"#0059a9","colorDark":"#00294f","band":4,"off":[5.1,1.1]}},{"type":"Feature","geometry":{"type":"Point","coordinates":[8.716947,47.351099]},"properties":{"name":"Uster, Bahnhof","band":4,"modes":"bus","arr":["725","811","812","813","816","817","818","827","846","N81"],"off":[0,-0.8]}},{"type":"Feature","geometry":{"type":"Point","coordinates":[8.716947,47.351099]},"properties":{"line":"725","mode":"bus","color":"#0059a9","colorDark":"#00294f","band":4,"off":[-6.8,1.1]}},{"type":"Feature","geometry":{"type":"Point","coordinates":[8.716947,47.351099]},"properties":{"line":"811","mode":"bus","color":"#0059a9","colorDark":"#00294f","band":4,"off":[-3.4,1.1]}},{"type":"Feature","geometry":{"type":"Point","coordinates":[8.716947,47.351099]},"properties":{"line":"812","mode":"bus","color":"#0059a9","colorDark":"#00294f","band":4,"off":[0,1.1]}},{"type":"Feature","geometry":{"type":"Point","coordinates":[8.716947,47.351099]},"properties":{"line":"813","mode":"bus","color":"#0059a9","colorDark":"#00294f","band":4,"off":[3.4,1.1]}},{"type":"Feature","geometry":{"type":"Point","coordinates":[8.716947,47.351099]},"properties":{"line":"816","mode":"bus","color":"#0059a9","colorDark":"#00294f","band":4,"off":[6.8,1.1]}},{"type":"Feature","geometry":{"type":"Point","coordinates":[8.716947,47.351099]},"properties":{"line":"817","mode":"bus","color":"#0059a9","colorDark":"#00294f","band":4,"off":[-6.8,3.1]}},{"type":"Feature","geometry":{"type":"Point","coordinates":[8.716947,47.351099]},"properties":{"line":"818","mode":"bus","color":"#0059a9","colorDark":"#00294f","band":4,"off":[-3.4,3.1]}},{"type":"Feature","geometry":{"type":"Point","coordinates":[8.716947,47.351099]},"properties":{"line":"827","mode":"bus","color":"#0059a9","colorDark":"#00294f","band":4,"off":[0,3.1]}},{"type":"Feature","geometry":{"type":"Point","coordinates":[8.716947,47.351099]},"properties":{"line":"846","mode":"bus","color":"#0059a9","colorDark":"#00294f","band":4,"off":[3.4,3.1]}},{"type":"Feature","geometry":{"type":"Point","coordinates":[8.716947,47.351099]},"properties":{"line":"N81","mode":"bus","color":"#000000","colorDark":"#000000","band":4,"off":[6.8,3.1]}},{"type":"Feature","geometry":{"type":"Point","coordinates":[8.692841,47.389605]},"properties":{"name":"Volketswil, Dorf","band":4,"modes":"bus","arr":["726"],"off":[0,-0.8]}},{"type":"Feature","geometry":{"type":"Point","coordinates":[8.692841,47.389605]},"properties":{"line":"726","mode":"bus","color":"#0059a9","colorDark":"#00294f","band":4,"off":[0,1.1]}},{"type":"Feature","geometry":{"type":"Point","coordinates":[8.690648,47.364436]},"properties":{"name":"Greifensee, Pfisterhölzli","band":4,"modes":"bus","arr":["727"],"off":[0,-0.8]}},{"type":"Feature","geometry":{"type":"Point","coordinates":[8.690648,47.364436]},"properties":{"line":"727","mode":"bus","color":"#0059a9","colorDark":"#00294f","band":4,"off":[0,1.1]}},{"type":"Feature","geometry":{"type":"Point","coordinates":[8.595339,47.444445]},"properties":{"name":"Kloten, Buchhalden","band":4,"modes":"bus","arr":["731","736"],"off":[0,-0.8]}},{"type":"Feature","geometry":{"type":"Point","coordinates":[8.595339,47.444445]},"properties":{"line":"731","mode":"bus","color":"#0059a9","colorDark":"#00294f","band":4,"off":[-1.7,1.1]}},{"type":"Feature","geometry":{"type":"Point","coordinates":[8.595339,47.444445]},"properties":{"line":"736","mode":"bus","color":"#0059a9","colorDark":"#00294f","band":4,"off":[1.7,1.1]}},{"type":"Feature","geometry":{"type":"Point","coordinates":[8.563714,47.450437]},"properties":{"name":"Zürich Flughafen, Bahnhof H","band":4,"modes":"bus","arr":["731","732","733","734","739"],"off":[0,-0.8]}},{"type":"Feature","geometry":{"type":"Point","coordinates":[8.563714,47.450437]},"properties":{"name":"Zürich Flughafen, Bahnhof G","band":4,"modes":"bus","arr":["731","732","733","734","739"],"off":[0,-3]}},{"type":"Feature","geometry":{"type":"Point","coordinates":[8.563714,47.450437]},"properties":{"name":"Zürich Flughafen, Bahnhof E","band":4,"modes":"bus","arr":["731","732","733","734","739"],"off":[0,-5.2]}},{"type":"Feature","geometry":{"type":"Point","coordinates":[8.563714,47.450437]},"properties":{"line":"731","mode":"bus","color":"#0059a9","colorDark":"#00294f","band":4,"off":[-6.8,1.1]}},{"type":"Feature","geometry":{"type":"Point","coordinates":[8.563714,47.450437]},"properties":{"line":"732","mode":"bus","color":"#0059a9","colorDark":"#00294f","band":4,"off":[-3.4,1.1]}},{"type":"Feature","geometry":{"type":"Point","coordinates":[8.563714,47.450437]},"properties":{"line":"733","mode":"bus","color":"#0059a9","colorDark":"#00294f","band":4,"off":[0,1.1]}},{"type":"Feature","geometry":{"type":"Point","coordinates":[8.563714,47.450437]},"properties":{"line":"734","mode":"bus","color":"#0059a9","colorDark":"#00294f","band":4,"off":[3.4,1.1]}},{"type":"Feature","geometry":{"type":"Point","coordinates":[8.563714,47.450437]},"properties":{"line":"739","mode":"bus","color":"#0059a9","colorDark":"#00294f","band":4,"off":[6.8,1.1]}},{"type":"Feature","geometry":{"type":"Point","coordinates":[8.582353,47.471909]},"properties":{"name":"Egetswil, Dorf","band":4,"modes":"bus","arr":["732","734"],"off":[0,-0.8]}},{"type":"Feature","geometry":{"type":"Point","coordinates":[8.582353,47.471909]},"properties":{"line":"732","mode":"bus","color":"#0059a9","colorDark":"#00294f","band":4,"off":[-1.7,1.1]}},{"type":"Feature","geometry":{"type":"Point","coordinates":[8.582353,47.471909]},"properties":{"line":"734","mode":"bus","color":"#0059a9","colorDark":"#00294f","band":4,"off":[1.7,1.1]}},{"type":"Feature","geometry":{"type":"Point","coordinates":[8.582812,47.448379]},"properties":{"name":"Kloten, Bahnhof","band":4,"modes":"bus","arr":["766","N10","N52","N54"],"off":[0,-0.8]}},{"type":"Feature","geometry":{"type":"Point","coordinates":[8.582812,47.448379]},"properties":{"line":"766","mode":"bus","color":"#0059a9","colorDark":"#00294f","band":4,"off":[-5.1,1.1]}},{"type":"Feature","geometry":{"type":"Point","coordinates":[8.582812,47.448379]},"properties":{"line":"N10","mode":"bus","color":"#000000","colorDark":"#000000","band":4,"off":[-1.7,1.1]}},{"type":"Feature","geometry":{"type":"Point","coordinates":[8.582812,47.448379]},"properties":{"line":"N52","mode":"bus","color":"#000000","colorDark":"#000000","band":4,"off":[1.7,1.1]}},{"type":"Feature","geometry":{"type":"Point","coordinates":[8.582812,47.448379]},"properties":{"line":"N54","mode":"bus","color":"#000000","colorDark":"#000000","band":4,"off":[5.1,1.1]}},{"type":"Feature","geometry":{"type":"Point","coordinates":[8.595971,47.450913]},"properties":{"name":"Kloten, Graswinkel","band":4,"modes":"bus","arr":["733"],"off":[0,-0.8]}},{"type":"Feature","geometry":{"type":"Point","coordinates":[8.595971,47.450913]},"properties":{"line":"733","mode":"bus","color":"#0059a9","colorDark":"#00294f","band":4,"off":[0,1.1]}},{"type":"Feature","geometry":{"type":"Point","coordinates":[8.590305,47.455572]},"properties":{"name":"Kloten, Härdlen","band":4,"modes":"bus","arr":["735"],"off":[0,-0.8]}},{"type":"Feature","geometry":{"type":"Point","coordinates":[8.590305,47.455572]},"properties":{"line":"735","mode":"bus","color":"#0059a9","colorDark":"#00294f","band":4,"off":[0,1.1]}},{"type":"Feature","geometry":{"type":"Point","coordinates":[8.572811,47.458496]},"properties":{"name":"Zürich Flughafen, Rega","band":4,"modes":"bus","arr":["739"],"off":[0,-0.8]}},{"type":"Feature","geometry":{"type":"Point","coordinates":[8.572811,47.458496]},"properties":{"line":"739","mode":"bus","color":"#0059a9","colorDark":"#00294f","band":4,"off":[0,1.1]}},{"type":"Feature","geometry":{"type":"Point","coordinates":[8.595558,47.396654]},"properties":{"name":"Bahnhof Stettbach D","band":4,"modes":"bus","arr":["743","745","751","752","760","N6","N7","N76","N77"],"off":[0,-0.8]}},{"type":"Feature","geometry":{"type":"Point","coordinates":[8.595558,47.396654]},"properties":{"name":"Bahnhof Stettbach C","band":4,"modes":"bus","arr":["743","745","751","752","760","N6","N7","N76","N77"],"off":[0,-3]}},{"type":"Feature","geometry":{"type":"Point","coordinates":[8.595558,47.396654]},"properties":{"name":"Bahnhof Stettbach A","band":4,"modes":"bus","arr":["743","745","751","752","760","N6","N7","N76","N77"],"off":[0,-5.2]}},{"type":"Feature","geometry":{"type":"Point","coordinates":[8.595558,47.396654]},"properties":{"line":"743","mode":"bus","color":"#0059a9","colorDark":"#00294f","band":4,"off":[-6.8,1.1]}},{"type":"Feature","geometry":{"type":"Point","coordinates":[8.595558,47.396654]},"properties":{"line":"745","mode":"bus","color":"#0059a9","colorDark":"#00294f","band":4,"off":[-3.4,1.1]}},{"type":"Feature","geometry":{"type":"Point","coordinates":[8.595558,47.396654]},"properties":{"line":"751","mode":"bus","color":"#0059a9","colorDark":"#00294f","band":4,"off":[0,1.1]}},{"type":"Feature","geometry":{"type":"Point","coordinates":[8.595558,47.396654]},"properties":{"line":"752","mode":"bus","color":"#0059a9","colorDark":"#00294f","band":4,"off":[3.4,1.1]}},{"type":"Feature","geometry":{"type":"Point","coordinates":[8.595558,47.396654]},"properties":{"line":"760","mode":"bus","color":"#0059a9","colorDark":"#00294f","band":4,"off":[6.8,1.1]}},{"type":"Feature","geometry":{"type":"Point","coordinates":[8.595558,47.396654]},"properties":{"line":"N6","mode":"bus","color":"#000000","colorDark":"#000000","band":4,"off":[-5.1,3.1]}},{"type":"Feature","geometry":{"type":"Point","coordinates":[8.595558,47.396654]},"properties":{"line":"N7","mode":"bus","color":"#000000","colorDark":"#000000","band":4,"off":[-1.7,3.1]}},{"type":"Feature","geometry":{"type":"Point","coordinates":[8.595558,47.396654]},"properties":{"line":"N76","mode":"bus","color":"#000000","colorDark":"#000000","band":4,"off":[1.7,3.1]}},{"type":"Feature","geometry":{"type":"Point","coordinates":[8.595558,47.396654]},"properties":{"line":"N77","mode":"bus","color":"#000000","colorDark":"#000000","band":4,"off":[5.1,3.1]}},{"type":"Feature","geometry":{"type":"Point","coordinates":[8.642302,47.370634]},"properties":{"name":"Fällanden, Wigarten","band":4,"modes":"bus","arr":["745"],"off":[0,-0.8]}},{"type":"Feature","geometry":{"type":"Point","coordinates":[8.642302,47.370634]},"properties":{"line":"745","mode":"bus","color":"#0059a9","colorDark":"#00294f","band":4,"off":[0,1.1]}},{"type":"Feature","geometry":{"type":"Point","coordinates":[8.618635,47.426361]},"properties":{"name":"Dietlikon, Hofwiesen","band":4,"modes":"bus","arr":["748"],"off":[0,-0.8]}},{"type":"Feature","geometry":{"type":"Point","coordinates":[8.618635,47.426361]},"properties":{"line":"748","mode":"bus","color":"#0059a9","colorDark":"#00294f","band":4,"off":[0,1.1]}},{"type":"Feature","geometry":{"type":"Point","coordinates":[8.623226,47.399974]},"properties":{"name":"Dübendorf, Bahnhof","band":4,"modes":"bus","arr":["748","754","756","760"],"off":[0,-0.8]}},{"type":"Feature","geometry":{"type":"Point","coordinates":[8.623226,47.399974]},"properties":{"line":"748","mode":"bus","color":"#0059a9","colorDark":"#00294f","band":4,"off":[-5.1,1.1]}},{"type":"Feature","geometry":{"type":"Point","coordinates":[8.623226,47.399974]},"properties":{"line":"754","mode":"bus","color":"#0059a9","colorDark":"#00294f","band":4,"off":[-1.7,1.1]}},{"type":"Feature","geometry":{"type":"Point","coordinates":[8.623226,47.399974]},"properties":{"line":"756","mode":"bus","color":"#0059a9","colorDark":"#00294f","band":4,"off":[1.7,1.1]}},{"type":"Feature","geometry":{"type":"Point","coordinates":[8.623226,47.399974]},"properties":{"line":"760","mode":"bus","color":"#0059a9","colorDark":"#00294f","band":4,"off":[5.1,1.1]}},{"type":"Feature","geometry":{"type":"Point","coordinates":[8.627057,47.437974]},"properties":{"name":"Bassersdorf, Bahnhof Süd","band":4,"modes":"bus","arr":["749"],"off":[0,-0.8]}},{"type":"Feature","geometry":{"type":"Point","coordinates":[8.627057,47.437974]},"properties":{"line":"749","mode":"bus","color":"#0059a9","colorDark":"#00294f","band":4,"off":[0,1.1]}},{"type":"Feature","geometry":{"type":"Point","coordinates":[8.608177,47.425451]},"properties":{"name":"Dietlikon, Hinentalstrasse","band":4,"modes":"bus","arr":["749"],"off":[0,-0.8]}},{"type":"Feature","geometry":{"type":"Point","coordinates":[8.608177,47.425451]},"properties":{"line":"749","mode":"bus","color":"#0059a9","colorDark":"#00294f","band":4,"off":[0,1.1]}},{"type":"Feature","geometry":{"type":"Point","coordinates":[8.560216,47.376627]},"properties":{"name":"Kirche Fluntern","band":4,"modes":"bus","arr":["751"],"off":[0,-0.8]}},{"type":"Feature","geometry":{"type":"Point","coordinates":[8.560216,47.376627]},"properties":{"line":"751","mode":"bus","color":"#0059a9","colorDark":"#00294f","band":4,"off":[0,1.1]}},{"type":"Feature","geometry":{"type":"Point","coordinates":[8.628994,47.389187]},"properties":{"name":"Dübendorf, Kunsteisbahn","band":4,"modes":"bus","arr":["752","N77"],"off":[0,-0.8]}},{"type":"Feature","geometry":{"type":"Point","coordinates":[8.628994,47.389187]},"properties":{"line":"752","mode":"bus","color":"#0059a9","colorDark":"#00294f","band":4,"off":[-1.7,1.1]}},{"type":"Feature","geometry":{"type":"Point","coordinates":[8.628994,47.389187]},"properties":{"line":"N77","mode":"bus","color":"#000000","colorDark":"#000000","band":4,"off":[1.7,1.1]}},{"type":"Feature","geometry":{"type":"Point","coordinates":[8.595515,47.397136]},"properties":{"name":"Bahnhof Stettbach E","band":4,"modes":"tram,bus","arr":["7","12","754","760","E","N76","N78"],"off":[0,-0.8]}},{"type":"Feature","geometry":{"type":"Point","coordinates":[8.595515,47.397136]},"properties":{"name":"Bahnhof Stettbach B","band":4,"modes":"tram,bus","arr":["7","12","754","760","E","N76","N78"],"off":[0,-3]}},{"type":"Feature","geometry":{"type":"Point","coordinates":[8.595515,47.397136]},"properties":{"name":"Bahnhof Stettbach","band":4,"modes":"tram,bus","arr":["7","12","754","760","E","N76","N78"],"off":[0,-5.2]}},{"type":"Feature","geometry":{"type":"Point","coordinates":[8.595515,47.397136]},"properties":{"line":"7","mode":"tram","color":"#d6212b","colorDark":"#7c1116","band":4,"off":[-6.8,1.1]}},{"type":"Feature","geometry":{"type":"Point","coordinates":[8.595515,47.397136]},"properties":{"line":"12","mode":"tram","color":"#d6212b","colorDark":"#7c1116","band":4,"off":[-3.4,1.1]}},{"type":"Feature","geometry":{"type":"Point","coordinates":[8.595515,47.397136]},"properties":{"line":"754","mode":"bus","color":"#0059a9","colorDark":"#00294f","band":4,"off":[0,1.1]}},{"type":"Feature","geometry":{"type":"Point","coordinates":[8.595515,47.397136]},"properties":{"line":"760","mode":"bus","color":"#0059a9","colorDark":"#00294f","band":4,"off":[3.4,1.1]}},{"type":"Feature","geometry":{"type":"Point","coordinates":[8.595515,47.397136]},"properties":{"line":"E","mode":"bus","color":"#0059a9","colorDark":"#00294f","band":4,"off":[6.8,1.1]}},{"type":"Feature","geometry":{"type":"Point","coordinates":[8.595515,47.397136]},"properties":{"line":"N76","mode":"bus","color":"#000000","colorDark":"#000000","band":4,"off":[-1.7,3.1]}},{"type":"Feature","geometry":{"type":"Point","coordinates":[8.595515,47.397136]},"properties":{"line":"N78","mode":"bus","color":"#000000","colorDark":"#000000","band":4,"off":[1.7,3.1]}},{"type":"Feature","geometry":{"type":"Point","coordinates":[8.647381,47.392969]},"properties":{"name":"Dübendorf, Gfenn","band":4,"modes":"bus","arr":["756","N76"],"off":[0,-0.8]}},{"type":"Feature","geometry":{"type":"Point","coordinates":[8.647381,47.392969]},"properties":{"line":"756","mode":"bus","color":"#0059a9","colorDark":"#00294f","band":4,"off":[-1.7,1.1]}},{"type":"Feature","geometry":{"type":"Point","coordinates":[8.647381,47.392969]},"properties":{"line":"N76","mode":"bus","color":"#000000","colorDark":"#000000","band":4,"off":[1.7,1.1]}},{"type":"Feature","geometry":{"type":"Point","coordinates":[8.645765,47.410556]},"properties":{"name":"Wangen, Dorfplatz","band":4,"modes":"bus","arr":["759"],"off":[0,-0.8]}},{"type":"Feature","geometry":{"type":"Point","coordinates":[8.645765,47.410556]},"properties":{"line":"759","mode":"bus","color":"#0059a9","colorDark":"#00294f","band":4,"off":[0,1.1]}},{"type":"Feature","geometry":{"type":"Point","coordinates":[8.567559,47.434598]},"properties":{"name":"Glattbrugg, Glatthof","band":4,"modes":"bus","arr":["N79"],"off":[0,-0.8]}},{"type":"Feature","geometry":{"type":"Point","coordinates":[8.567559,47.434598]},"properties":{"line":"N79","mode":"bus","color":"#000000","colorDark":"#000000","band":4,"off":[0,1.1]}},{"type":"Feature","geometry":{"type":"Point","coordinates":[8.56374,47.449652]},"properties":{"name":"Zürich Flughafen, Bahnhof K","band":4,"modes":"bus","arr":["759","768"],"off":[0,-0.8]}},{"type":"Feature","geometry":{"type":"Point","coordinates":[8.56374,47.449652]},"properties":{"name":"Zürich Flughafen, Bahnhof J","band":4,"modes":"bus","arr":["759","768"],"off":[0,-3]}},{"type":"Feature","geometry":{"type":"Point","coordinates":[8.56374,47.449652]},"properties":{"line":"759","mode":"bus","color":"#0059a9","colorDark":"#00294f","band":4,"off":[-1.7,1.1]}},{"type":"Feature","geometry":{"type":"Point","coordinates":[8.56374,47.449652]},"properties":{"line":"768","mode":"bus","color":"#0059a9","colorDark":"#00294f","band":4,"off":[1.7,1.1]}},{"type":"Feature","geometry":{"type":"Point","coordinates":[8.59327,47.412734]},"properties":{"name":"Wallisellen, Bahnhof E","band":4,"modes":"bus","arr":["761","771","772","773"],"off":[0,-0.8]}},{"type":"Feature","geometry":{"type":"Point","coordinates":[8.59327,47.412734]},"properties":{"name":"Wallisellen, Bahnhof C","band":4,"modes":"bus","arr":["761","771","772","773"],"off":[0,-3]}},{"type":"Feature","geometry":{"type":"Point","coordinates":[8.59327,47.412734]},"properties":{"name":"Wallisellen, Bahnhof A","band":4,"modes":"bus","arr":["761","771","772","773"],"off":[0,-5.2]}},{"type":"Feature","geometry":{"type":"Point","coordinates":[8.59327,47.412734]},"properties":{"line":"761","mode":"bus","color":"#0059a9","colorDark":"#00294f","band":4,"off":[-5.1,1.1]}},{"type":"Feature","geometry":{"type":"Point","coordinates":[8.59327,47.412734]},"properties":{"line":"771","mode":"bus","color":"#0059a9","colorDark":"#00294f","band":4,"off":[-1.7,1.1]}},{"type":"Feature","geometry":{"type":"Point","coordinates":[8.59327,47.412734]},"properties":{"line":"772","mode":"bus","color":"#0059a9","colorDark":"#00294f","band":4,"off":[1.7,1.1]}},{"type":"Feature","geometry":{"type":"Point","coordinates":[8.59327,47.412734]},"properties":{"line":"773","mode":"bus","color":"#0059a9","colorDark":"#00294f","band":4,"off":[5.1,1.1]}},{"type":"Feature","geometry":{"type":"Point","coordinates":[8.564208,47.428595]},"properties":{"name":"Glattbrugg, Giebeleichstrasse","band":4,"modes":"bus","arr":["781"],"off":[0,-0.8]}},{"type":"Feature","geometry":{"type":"Point","coordinates":[8.564208,47.428595]},"properties":{"line":"781","mode":"bus","color":"#0059a9","colorDark":"#00294f","band":4,"off":[0,1.1]}},{"type":"Feature","geometry":{"type":"Point","coordinates":[8.559539,47.43063]},"properties":{"name":"Glattbrugg, Bahnhof","band":4,"modes":"bus","arr":["761","762"],"off":[0,-0.8]}},{"type":"Feature","geometry":{"type":"Point","coordinates":[8.559539,47.43063]},"properties":{"line":"761","mode":"bus","color":"#0059a9","colorDark":"#00294f","band":4,"off":[-1.7,1.1]}},{"type":"Feature","geometry":{"type":"Point","coordinates":[8.559539,47.43063]},"properties":{"line":"762","mode":"bus","color":"#0059a9","colorDark":"#00294f","band":4,"off":[1.7,1.1]}},{"type":"Feature","geometry":{"type":"Point","coordinates":[8.577371,47.424799]},"properties":{"name":"Opfikon, Aublick","band":4,"modes":"bus","arr":["762"],"off":[0,-0.8]}},{"type":"Feature","geometry":{"type":"Point","coordinates":[8.577371,47.424799]},"properties":{"line":"762","mode":"bus","color":"#0059a9","colorDark":"#00294f","band":4,"off":[0,1.1]}},{"type":"Feature","geometry":{"type":"Point","coordinates":[8.581694,47.424587]},"properties":{"name":"Opfikon, Grätzli","band":4,"modes":"bus","arr":["762"],"off":[0,-0.8]}},{"type":"Feature","geometry":{"type":"Point","coordinates":[8.581694,47.424587]},"properties":{"line":"762","mode":"bus","color":"#0059a9","colorDark":"#00294f","band":4,"off":[0,1.1]}},{"type":"Feature","geometry":{"type":"Point","coordinates":[8.563728,47.450831]},"properties":{"name":"Zürich Flughafen, Bahnhof F","band":4,"modes":"bus","arr":["765"],"off":[0,-0.8]}},{"type":"Feature","geometry":{"type":"Point","coordinates":[8.563728,47.450831]},"properties":{"line":"765","mode":"bus","color":"#0059a9","colorDark":"#00294f","band":4,"off":[0,1.1]}},{"type":"Feature","geometry":{"type":"Point","coordinates":[8.621506,47.421384]},"properties":{"name":"Dietlikon, Schwimmbad","band":4,"modes":"bus","arr":["765","796"],"off":[0,-0.8]}},{"type":"Feature","geometry":{"type":"Point","coordinates":[8.621506,47.421384]},"properties":{"line":"765","mode":"bus","color":"#0059a9","colorDark":"#00294f","band":4,"off":[-1.7,1.1]}},{"type":"Feature","geometry":{"type":"Point","coordinates":[8.621506,47.421384]},"properties":{"line":"796","mode":"bus","color":"#0059a9","colorDark":"#00294f","band":4,"off":[1.7,1.1]}},{"type":"Feature","geometry":{"type":"Point","coordinates":[8.545519,47.411884]},"properties":{"name":"Bahnhof Oerlikon","band":4,"modes":"bus","arr":["768","781","787","N75","N79"],"off":[0,-0.8]}},{"type":"Feature","geometry":{"type":"Point","coordinates":[8.545519,47.411884]},"properties":{"line":"768","mode":"bus","color":"#0059a9","colorDark":"#00294f","band":4,"off":[-6.8,1.1]}},{"type":"Feature","geometry":{"type":"Point","coordinates":[8.545519,47.411884]},"properties":{"line":"781","mode":"bus","color":"#0059a9","colorDark":"#00294f","band":4,"off":[-3.4,1.1]}},{"type":"Feature","geometry":{"type":"Point","coordinates":[8.545519,47.411884]},"properties":{"line":"787","mode":"bus","color":"#0059a9","colorDark":"#00294f","band":4,"off":[0,1.1]}},{"type":"Feature","geometry":{"type":"Point","coordinates":[8.545519,47.411884]},"properties":{"line":"N75","mode":"bus","color":"#000000","colorDark":"#000000","band":4,"off":[3.4,1.1]}},{"type":"Feature","geometry":{"type":"Point","coordinates":[8.545519,47.411884]},"properties":{"line":"N79","mode":"bus","color":"#000000","colorDark":"#000000","band":4,"off":[6.8,1.1]}},{"type":"Feature","geometry":{"type":"Point","coordinates":[8.598945,47.423711]},"properties":{"name":"Wallisellen, Schäfligraben","band":4,"modes":"bus","arr":["771"],"off":[0,-0.8]}},{"type":"Feature","geometry":{"type":"Point","coordinates":[8.598945,47.423711]},"properties":{"line":"771","mode":"bus","color":"#0059a9","colorDark":"#00294f","band":4,"off":[0,1.1]}},{"type":"Feature","geometry":{"type":"Point","coordinates":[8.606965,47.414867]},"properties":{"name":"Wallisellen, Sportzentrum","band":4,"modes":"bus","arr":["772"],"off":[0,-0.8]}},{"type":"Feature","geometry":{"type":"Point","coordinates":[8.606965,47.414867]},"properties":{"line":"772","mode":"bus","color":"#0059a9","colorDark":"#00294f","band":4,"off":[0,1.1]}},{"type":"Feature","geometry":{"type":"Point","coordinates":[8.588932,47.419466]},"properties":{"name":"Wallisellen, Frohheimstrasse","band":4,"modes":"bus","arr":["773"],"off":[0,-0.8]}},{"type":"Feature","geometry":{"type":"Point","coordinates":[8.588932,47.419466]},"properties":{"line":"773","mode":"bus","color":"#0059a9","colorDark":"#00294f","band":4,"off":[0,1.1]}},{"type":"Feature","geometry":{"type":"Point","coordinates":[8.593168,47.412511]},"properties":{"name":"Wallisellen, Bahnhof F","band":4,"modes":"bus","arr":["773"],"off":[0,-0.8]}},{"type":"Feature","geometry":{"type":"Point","coordinates":[8.593168,47.412511]},"properties":{"line":"773","mode":"bus","color":"#0059a9","colorDark":"#00294f","band":4,"off":[0,1.1]}},{"type":"Feature","geometry":{"type":"Point","coordinates":[8.599115,47.415525]},"properties":{"name":"Wallisellen, Schulhaus Bürgli","band":4,"modes":"bus","arr":["774"],"off":[0,-0.8]}},{"type":"Feature","geometry":{"type":"Point","coordinates":[8.599115,47.415525]},"properties":{"line":"774","mode":"bus","color":"#0059a9","colorDark":"#00294f","band":4,"off":[0,1.1]}},{"type":"Feature","geometry":{"type":"Point","coordinates":[8.592617,47.41273]},"properties":{"name":"Wallisellen, Bahnhof B","band":4,"modes":"bus","arr":["774"],"off":[0,-0.8]}},{"type":"Feature","geometry":{"type":"Point","coordinates":[8.592617,47.41273]},"properties":{"line":"774","mode":"bus","color":"#0059a9","colorDark":"#00294f","band":4,"off":[0,1.1]}},{"type":"Feature","geometry":{"type":"Point","coordinates":[8.635262,47.425809]},"properties":{"name":"Brüttisellen, Obere Wangenstr.","band":4,"modes":"bus","arr":["787"],"off":[0,-0.8]}},{"type":"Feature","geometry":{"type":"Point","coordinates":[8.635262,47.425809]},"properties":{"line":"787","mode":"bus","color":"#0059a9","colorDark":"#00294f","band":4,"off":[0,1.1]}},{"type":"Feature","geometry":{"type":"Point","coordinates":[8.595734,47.409096]},"properties":{"name":"Wallisellen, Glatt (Bus) C","band":4,"modes":"bus","arr":["N9"],"off":[0,-0.8]}},{"type":"Feature","geometry":{"type":"Point","coordinates":[8.595734,47.409096]},"properties":{"line":"N9","mode":"bus","color":"#000000","colorDark":"#000000","band":4,"off":[0,1.1]}},{"type":"Feature","geometry":{"type":"Point","coordinates":[8.525738,47.446869]},"properties":{"name":"Rümlang, Chilestieg","band":4,"modes":"bus","arr":["795"],"off":[0,-0.8]}},{"type":"Feature","geometry":{"type":"Point","coordinates":[8.525738,47.446869]},"properties":{"line":"795","mode":"bus","color":"#0059a9","colorDark":"#00294f","band":4,"off":[0,1.1]}},{"type":"Feature","geometry":{"type":"Point","coordinates":[8.535857,47.448233]},"properties":{"name":"Rümlang, Ifangstrasse","band":4,"modes":"bus","arr":["795"],"off":[0,-0.8]}},{"type":"Feature","geometry":{"type":"Point","coordinates":[8.535857,47.448233]},"properties":{"line":"795","mode":"bus","color":"#0059a9","colorDark":"#00294f","band":4,"off":[0,1.1]}},{"type":"Feature","geometry":{"type":"Point","coordinates":[8.63915,47.40768]},"properties":{"name":"Wangen, Flugsicherung","band":4,"modes":"bus","arr":["796"],"off":[0,-0.8]}},{"type":"Feature","geometry":{"type":"Point","coordinates":[8.63915,47.40768]},"properties":{"line":"796","mode":"bus","color":"#0059a9","colorDark":"#00294f","band":4,"off":[0,1.1]}},{"type":"Feature","geometry":{"type":"Point","coordinates":[8.500245,47.465421]},"properties":{"name":"Oberhasli, Dorf","band":4,"modes":"bus","arr":["797"],"off":[0,-0.8]}},{"type":"Feature","geometry":{"type":"Point","coordinates":[8.500245,47.465421]},"properties":{"line":"797","mode":"bus","color":"#0059a9","colorDark":"#00294f","band":4,"off":[0,1.1]}},{"type":"Feature","geometry":{"type":"Point","coordinates":[8.727058,47.351909]},"properties":{"name":"Uster, Wageren","band":4,"modes":"bus","arr":["N81"],"off":[0,-0.8]}},{"type":"Feature","geometry":{"type":"Point","coordinates":[8.727058,47.351909]},"properties":{"line":"N81","mode":"bus","color":"#000000","colorDark":"#000000","band":4,"off":[0,1.1]}},{"type":"Feature","geometry":{"type":"Point","coordinates":[8.729735,47.340181]},"properties":{"name":"Uster, Nossikon","band":4,"modes":"bus","arr":["813"],"off":[0,-0.8]}},{"type":"Feature","geometry":{"type":"Point","coordinates":[8.729735,47.340181]},"properties":{"line":"813","mode":"bus","color":"#0059a9","colorDark":"#00294f","band":4,"off":[0,1.1]}},{"type":"Feature","geometry":{"type":"Point","coordinates":[8.701536,47.346924]},"properties":{"name":"Uster, Pfannenstielstrasse","band":4,"modes":"bus","arr":["816"],"off":[0,-0.8]}},{"type":"Feature","geometry":{"type":"Point","coordinates":[8.701536,47.346924]},"properties":{"line":"816","mode":"bus","color":"#0059a9","colorDark":"#00294f","band":4,"off":[0,1.1]}},{"type":"Feature","geometry":{"type":"Point","coordinates":[8.692707,47.344044]},"properties":{"name":"Uster, See","band":4,"modes":"bus","arr":["817"],"off":[0,-0.8]}},{"type":"Feature","geometry":{"type":"Point","coordinates":[8.692707,47.344044]},"properties":{"line":"817","mode":"bus","color":"#0059a9","colorDark":"#00294f","band":4,"off":[0,1.1]}},{"type":"Feature","geometry":{"type":"Point","coordinates":[8.727161,47.361015]},"properties":{"name":"Uster, Sportanlage","band":4,"modes":"bus","arr":["818"],"off":[0,-0.8]}},{"type":"Feature","geometry":{"type":"Point","coordinates":[8.727161,47.361015]},"properties":{"line":"818","mode":"bus","color":"#0059a9","colorDark":"#00294f","band":4,"off":[0,1.1]}},{"type":"Feature","geometry":{"type":"Point","coordinates":[8.736395,47.395394]},"properties":{"name":"Fehraltorf, Schrännenbrunnen","band":4,"modes":"bus","arr":["827"],"off":[0,-0.8]}},{"type":"Feature","geometry":{"type":"Point","coordinates":[8.736395,47.395394]},"properties":{"line":"827","mode":"bus","color":"#0059a9","colorDark":"#00294f","band":4,"off":[0,1.1]}},{"type":"Feature","geometry":{"type":"Point","coordinates":[8.769476,47.343628]},"properties":{"name":"Seegräben, Gemeindehaus","band":4,"modes":"bus","arr":["846"],"off":[0,-0.8]}},{"type":"Feature","geometry":{"type":"Point","coordinates":[8.769476,47.343628]},"properties":{"line":"846","mode":"bus","color":"#0059a9","colorDark":"#00294f","band":4,"off":[0,1.1]}},{"type":"Feature","geometry":{"type":"Point","coordinates":[8.710148,47.287802]},"properties":{"name":"Esslingen, Bahnhof","band":4,"modes":"bus","arr":["905"],"off":[0,-0.8]}},{"type":"Feature","geometry":{"type":"Point","coordinates":[8.710148,47.287802]},"properties":{"line":"905","mode":"bus","color":"#0059a9","colorDark":"#00294f","band":4,"off":[0,1.1]}},{"type":"Feature","geometry":{"type":"Point","coordinates":[8.544866,47.36642]},"properties":{"name":"Bellevue H","band":4,"modes":"bus","arr":["912","916"],"off":[0,-0.8]}},{"type":"Feature","geometry":{"type":"Point","coordinates":[8.544866,47.36642]},"properties":{"line":"912","mode":"bus","color":"#0059a9","colorDark":"#00294f","band":4,"off":[-1.7,1.1]}},{"type":"Feature","geometry":{"type":"Point","coordinates":[8.544866,47.36642]},"properties":{"line":"916","mode":"bus","color":"#0059a9","colorDark":"#00294f","band":4,"off":[1.7,1.1]}},{"type":"Feature","geometry":{"type":"Point","coordinates":[8.606202,47.329104]},"properties":{"name":"Itschnach, Fallacher","band":4,"modes":"bus","arr":["912","N91"],"off":[0,-0.8]}},{"type":"Feature","geometry":{"type":"Point","coordinates":[8.606202,47.329104]},"properties":{"line":"912","mode":"bus","color":"#0059a9","colorDark":"#00294f","band":4,"off":[-1.7,1.1]}},{"type":"Feature","geometry":{"type":"Point","coordinates":[8.606202,47.329104]},"properties":{"line":"N91","mode":"bus","color":"#000000","colorDark":"#000000","band":4,"off":[1.7,1.1]}},{"type":"Feature","geometry":{"type":"Point","coordinates":[8.545919,47.366786]},"properties":{"name":"Bellevue","band":4,"modes":"bus","arr":["912","916"],"off":[0,-0.8]}},{"type":"Feature","geometry":{"type":"Point","coordinates":[8.545919,47.366786]},"properties":{"line":"912","mode":"bus","color":"#0059a9","colorDark":"#00294f","band":4,"off":[-1.7,1.1]}},{"type":"Feature","geometry":{"type":"Point","coordinates":[8.545919,47.366786]},"properties":{"line":"916","mode":"bus","color":"#0059a9","colorDark":"#00294f","band":4,"off":[1.7,1.1]}},{"type":"Feature","geometry":{"type":"Point","coordinates":[8.597192,47.315845]},"properties":{"name":"Küsnacht ZH, Allmend","band":4,"modes":"bus","arr":["916"],"off":[0,-0.8]}},{"type":"Feature","geometry":{"type":"Point","coordinates":[8.597192,47.315845]},"properties":{"line":"916","mode":"bus","color":"#0059a9","colorDark":"#00294f","band":4,"off":[0,1.1]}},{"type":"Feature","geometry":{"type":"Point","coordinates":[8.580303,47.319142]},"properties":{"name":"Küsnacht ZH, Bahnhof","band":4,"modes":"bus","arr":["918","919"],"off":[0,-0.8]}},{"type":"Feature","geometry":{"type":"Point","coordinates":[8.580303,47.319142]},"properties":{"line":"918","mode":"bus","color":"#0059a9","colorDark":"#00294f","band":4,"off":[-1.7,1.1]}},{"type":"Feature","geometry":{"type":"Point","coordinates":[8.580303,47.319142]},"properties":{"line":"919","mode":"bus","color":"#0059a9","colorDark":"#00294f","band":4,"off":[1.7,1.1]}},{"type":"Feature","geometry":{"type":"Point","coordinates":[8.587492,47.311514]},"properties":{"name":"Küsnacht ZH, Gartenstrasse","band":4,"modes":"bus","arr":["918"],"off":[0,-0.8]}},{"type":"Feature","geometry":{"type":"Point","coordinates":[8.587492,47.311514]},"properties":{"line":"918","mode":"bus","color":"#0059a9","colorDark":"#00294f","band":4,"off":[0,1.1]}},{"type":"Feature","geometry":{"type":"Point","coordinates":[8.623003,47.332912]},"properties":{"name":"Zumikon, Dorfzentrum","band":4,"modes":"bus","arr":["919"],"off":[0,-0.8]}},{"type":"Feature","geometry":{"type":"Point","coordinates":[8.623003,47.332912]},"properties":{"line":"919","mode":"bus","color":"#0059a9","colorDark":"#00294f","band":4,"off":[0,1.1]}},{"type":"Feature","geometry":{"type":"Point","coordinates":[8.644594,47.269396]},"properties":{"name":"Meilen, Bahnhof","band":4,"modes":"bus","arr":["921","922"],"off":[0,-0.8]}},{"type":"Feature","geometry":{"type":"Point","coordinates":[8.644594,47.269396]},"properties":{"line":"921","mode":"bus","color":"#0059a9","colorDark":"#00294f","band":4,"off":[-1.7,1.1]}},{"type":"Feature","geometry":{"type":"Point","coordinates":[8.644594,47.269396]},"properties":{"line":"922","mode":"bus","color":"#0059a9","colorDark":"#00294f","band":4,"off":[1.7,1.1]}},{"type":"Feature","geometry":{"type":"Point","coordinates":[8.62411,47.28211]},"properties":{"name":"Meilen, Eichholz","band":4,"modes":"bus","arr":["921"],"off":[0,-0.8]}},{"type":"Feature","geometry":{"type":"Point","coordinates":[8.62411,47.28211]},"properties":{"line":"921","mode":"bus","color":"#0059a9","colorDark":"#00294f","band":4,"off":[0,1.1]}},{"type":"Feature","geometry":{"type":"Point","coordinates":[8.612803,47.281727]},"properties":{"name":"Herrliberg-Feldmeilen, Bahnhof","band":4,"modes":"bus,metro","arr":["972","974","S16"],"off":[0,-0.8]}},{"type":"Feature","geometry":{"type":"Point","coordinates":[8.612803,47.281727]},"properties":{"name":"Herrliberg-Feldmeilen","band":4,"modes":"bus,metro","arr":["972","974","S16"],"off":[0,-3]}},{"type":"Feature","geometry":{"type":"Point","coordinates":[8.612803,47.281727]},"properties":{"line":"972","mode":"bus","color":"#0059a9","colorDark":"#00294f","band":4,"off":[-3.4,1.1]}},{"type":"Feature","geometry":{"type":"Point","coordinates":[8.612803,47.281727]},"properties":{"line":"974","mode":"bus","color":"#0059a9","colorDark":"#00294f","band":4,"off":[0,1.1]}},{"type":"Feature","geometry":{"type":"Point","coordinates":[8.612803,47.281727]},"properties":{"line":"S16","mode":"tram","color":"#0A4595","colorDark":"#062652","band":4,"metro":1,"off":[3.4,1.1]}},{"type":"Feature","geometry":{"type":"Point","coordinates":[8.679852,47.28567]},"properties":{"name":"Meilen, Vorderer Pfannenstiel","band":4,"modes":"bus","arr":["922"],"off":[0,-0.8]}},{"type":"Feature","geometry":{"type":"Point","coordinates":[8.679852,47.28567]},"properties":{"line":"922","mode":"bus","color":"#0059a9","colorDark":"#00294f","band":4,"off":[0,1.1]}},{"type":"Feature","geometry":{"type":"Point","coordinates":[8.591227,47.305795]},"properties":{"name":"Erlenbach ZH, Bahnhof","band":4,"modes":"bus","arr":["961","962"],"off":[0,-0.8]}},{"type":"Feature","geometry":{"type":"Point","coordinates":[8.591227,47.305795]},"properties":{"line":"961","mode":"bus","color":"#0059a9","colorDark":"#00294f","band":4,"off":[-1.7,1.1]}},{"type":"Feature","geometry":{"type":"Point","coordinates":[8.591227,47.305795]},"properties":{"line":"962","mode":"bus","color":"#0059a9","colorDark":"#00294f","band":4,"off":[1.7,1.1]}},{"type":"Feature","geometry":{"type":"Point","coordinates":[8.613315,47.306998]},"properties":{"name":"Erlenbach ZH, Trottgatter","band":4,"modes":"bus","arr":["961"],"off":[0,-0.8]}},{"type":"Feature","geometry":{"type":"Point","coordinates":[8.613315,47.306998]},"properties":{"line":"961","mode":"bus","color":"#0059a9","colorDark":"#00294f","band":4,"off":[0,1.1]}},{"type":"Feature","geometry":{"type":"Point","coordinates":[8.606367,47.297173]},"properties":{"name":"Erlenbach ZH, Im Streuli","band":4,"modes":"bus","arr":["962"],"off":[0,-0.8]}},{"type":"Feature","geometry":{"type":"Point","coordinates":[8.606367,47.297173]},"properties":{"line":"962","mode":"bus","color":"#0059a9","colorDark":"#00294f","band":4,"off":[0,1.1]}},{"type":"Feature","geometry":{"type":"Point","coordinates":[8.608971,47.29346]},"properties":{"name":"Herrliberg, Holzwies","band":4,"modes":"bus","arr":["962"],"off":[0,-0.8]}},{"type":"Feature","geometry":{"type":"Point","coordinates":[8.608971,47.29346]},"properties":{"line":"962","mode":"bus","color":"#0059a9","colorDark":"#00294f","band":4,"off":[0,1.1]}},{"type":"Feature","geometry":{"type":"Point","coordinates":[8.61112,47.282828]},"properties":{"name":"Herrliberg-Feldmeilen, Bhf West","band":4,"modes":"bus","arr":["972","973","974"],"off":[0,-0.8]}},{"type":"Feature","geometry":{"type":"Point","coordinates":[8.61112,47.282828]},"properties":{"line":"972","mode":"bus","color":"#0059a9","colorDark":"#00294f","band":4,"off":[-3.4,1.1]}},{"type":"Feature","geometry":{"type":"Point","coordinates":[8.61112,47.282828]},"properties":{"line":"973","mode":"bus","color":"#0059a9","colorDark":"#00294f","band":4,"off":[0,1.1]}},{"type":"Feature","geometry":{"type":"Point","coordinates":[8.61112,47.282828]},"properties":{"line":"974","mode":"bus","color":"#0059a9","colorDark":"#00294f","band":4,"off":[3.4,1.1]}},{"type":"Feature","geometry":{"type":"Point","coordinates":[8.625259,47.29668]},"properties":{"name":"Herrliberg, Kirche Wetzwil","band":4,"modes":"bus","arr":["974"],"off":[0,-0.8]}},{"type":"Feature","geometry":{"type":"Point","coordinates":[8.625259,47.29668]},"properties":{"line":"974","mode":"bus","color":"#0059a9","colorDark":"#00294f","band":4,"off":[0,1.1]}},{"type":"Feature","geometry":{"type":"Point","coordinates":[8.569233,47.4169]},"properties":{"name":"Auzelg","band":4,"modes":"bus","arr":["E"],"off":[0,-0.8]}},{"type":"Feature","geometry":{"type":"Point","coordinates":[8.569233,47.4169]},"properties":{"line":"E","mode":"bus","color":"#0059a9","colorDark":"#00294f","band":4,"off":[0,1.1]}},{"type":"Feature","geometry":{"type":"Point","coordinates":[8.595675,47.396413]},"properties":{"name":"Bahnhof Stettbach","band":4,"modes":"bus","arr":["E"],"off":[0,-0.8]}},{"type":"Feature","geometry":{"type":"Point","coordinates":[8.595675,47.396413]},"properties":{"line":"E","mode":"bus","color":"#0059a9","colorDark":"#00294f","band":4,"off":[0,1.1]}},{"type":"Feature","geometry":{"type":"Point","coordinates":[8.485044,47.374359]},"properties":{"name":"Albisrieden","band":4,"modes":"tram,bus","arr":["3","N3"],"off":[0,-0.8]}},{"type":"Feature","geometry":{"type":"Point","coordinates":[8.485044,47.374359]},"properties":{"line":"3","mode":"tram","color":"#d6212b","colorDark":"#7c1116","band":4,"off":[-1.7,1.1]}},{"type":"Feature","geometry":{"type":"Point","coordinates":[8.485044,47.374359]},"properties":{"line":"N3","mode":"bus","color":"#000000","colorDark":"#000000","band":4,"off":[1.7,1.1]}},{"type":"Feature","geometry":{"type":"Point","coordinates":[8.539666,47.37652]},"properties":{"name":"Bahnhofstrasse/HB","band":4,"modes":"bus","arr":["N7","N16","N17","N91"],"off":[0,-0.8]}},{"type":"Feature","geometry":{"type":"Point","coordinates":[8.539666,47.37652]},"properties":{"line":"N7","mode":"bus","color":"#000000","colorDark":"#000000","band":4,"off":[-5.1,1.1]}},{"type":"Feature","geometry":{"type":"Point","coordinates":[8.539666,47.37652]},"properties":{"line":"N16","mode":"bus","color":"#000000","colorDark":"#000000","band":4,"off":[-1.7,1.1]}},{"type":"Feature","geometry":{"type":"Point","coordinates":[8.539666,47.37652]},"properties":{"line":"N17","mode":"bus","color":"#000000","colorDark":"#000000","band":4,"off":[1.7,1.1]}},{"type":"Feature","geometry":{"type":"Point","coordinates":[8.539666,47.37652]},"properties":{"line":"N91","mode":"bus","color":"#000000","colorDark":"#000000","band":4,"off":[5.1,1.1]}},{"type":"Feature","geometry":{"type":"Point","coordinates":[8.545371,47.366599]},"properties":{"name":"Bellevue G","band":4,"modes":"bus","arr":["N9"],"off":[0,-0.8]}},{"type":"Feature","geometry":{"type":"Point","coordinates":[8.545371,47.366599]},"properties":{"line":"N9","mode":"bus","color":"#000000","colorDark":"#000000","band":4,"off":[0,1.1]}},{"type":"Feature","geometry":{"type":"Point","coordinates":[8.409533,47.263254]},"properties":{"name":"Obfelden, Unterlunnern","band":4,"modes":"bus","arr":["N22"],"off":[0,-0.8]}},{"type":"Feature","geometry":{"type":"Point","coordinates":[8.409533,47.263254]},"properties":{"line":"N22","mode":"bus","color":"#000000","colorDark":"#000000","band":4,"off":[0,1.1]}},{"type":"Feature","geometry":{"type":"Point","coordinates":[8.36368,47.519457]},"properties":{"name":"Schneisingen, Mitteldorf","band":4,"modes":"bus","arr":["N51"],"off":[0,-0.8]}},{"type":"Feature","geometry":{"type":"Point","coordinates":[8.36368,47.519457]},"properties":{"line":"N51","mode":"bus","color":"#000000","colorDark":"#000000","band":4,"off":[0,1.1]}},{"type":"Feature","geometry":{"type":"Point","coordinates":[8.369891,47.511059]},"properties":{"name":"Niederweningen, Bahnhof B","band":4,"modes":"metro,bus","arr":["S15","N51"],"off":[0,-0.8]}},{"type":"Feature","geometry":{"type":"Point","coordinates":[8.369891,47.511059]},"properties":{"name":"Niederweningen","band":4,"modes":"metro,bus","arr":["S15","N51"],"off":[0,-3]}},{"type":"Feature","geometry":{"type":"Point","coordinates":[8.369891,47.511059]},"properties":{"line":"S15","mode":"tram","color":"#0A4595","colorDark":"#062652","band":4,"metro":1,"off":[-1.7,1.1]}},{"type":"Feature","geometry":{"type":"Point","coordinates":[8.369891,47.511059]},"properties":{"line":"N51","mode":"bus","color":"#000000","colorDark":"#000000","band":4,"off":[1.7,1.1]}},{"type":"Feature","geometry":{"type":"Point","coordinates":[8.744285,47.425174]},"properties":{"name":"Agasul","band":4,"modes":"bus","arr":["N62"],"off":[0,-0.8]}},{"type":"Feature","geometry":{"type":"Point","coordinates":[8.744285,47.425174]},"properties":{"line":"N62","mode":"bus","color":"#000000","colorDark":"#000000","band":4,"off":[0,1.1]}},{"type":"Feature","geometry":{"type":"Point","coordinates":[8.58302,47.350909]},"properties":{"name":"Rehalp","band":4,"modes":"tram","arr":["2","4"],"off":[0,-0.8]}},{"type":"Feature","geometry":{"type":"Point","coordinates":[8.58302,47.350909]},"properties":{"line":"2","mode":"tram","color":"#d6212b","colorDark":"#7c1116","band":4,"off":[-1.7,1.1]}},{"type":"Feature","geometry":{"type":"Point","coordinates":[8.58302,47.350909]},"properties":{"line":"4","mode":"tram","color":"#d6212b","colorDark":"#7c1116","band":4,"off":[1.7,1.1]}},{"type":"Feature","geometry":{"type":"Point","coordinates":[8.539782,47.377098]},"properties":{"name":"Bahnhofplatz/HB","band":4,"modes":"tram","arr":["6","14"],"off":[0,-0.8]}},{"type":"Feature","geometry":{"type":"Point","coordinates":[8.539782,47.377098]},"properties":{"line":"6","mode":"tram","color":"#d6212b","colorDark":"#7c1116","band":4,"off":[-1.7,1.1]}},{"type":"Feature","geometry":{"type":"Point","coordinates":[8.539782,47.377098]},"properties":{"line":"14","mode":"tram","color":"#d6212b","colorDark":"#7c1116","band":4,"off":[1.7,1.1]}},{"type":"Feature","geometry":{"type":"Point","coordinates":[8.547288,47.366149]},"properties":{"name":"Bahnhof Stadelhofen A","band":4,"modes":"tram","arr":["5"],"off":[0,-0.8]}},{"type":"Feature","geometry":{"type":"Point","coordinates":[8.547288,47.366149]},"properties":{"line":"5","mode":"tram","color":"#d6212b","colorDark":"#7c1116","band":4,"off":[0,1.1]}},{"type":"Feature","geometry":{"type":"Point","coordinates":[8.54352,47.376727]},"properties":{"name":"Central F","band":4,"modes":"tram","arr":["11","15"],"off":[0,-0.8]}},{"type":"Feature","geometry":{"type":"Point","coordinates":[8.54352,47.376727]},"properties":{"line":"11","mode":"tram","color":"#d6212b","colorDark":"#7c1116","band":4,"off":[-1.7,1.1]}},{"type":"Feature","geometry":{"type":"Point","coordinates":[8.54352,47.376727]},"properties":{"line":"15","mode":"tram","color":"#d6212b","colorDark":"#7c1116","band":4,"off":[1.7,1.1]}},{"type":"Feature","geometry":{"type":"Point","coordinates":[8.539362,47.375969]},"properties":{"name":"Bahnhofstrasse/HB","band":4,"modes":"tram","arr":["4","11","13","15"],"off":[0,-0.8]}},{"type":"Feature","geometry":{"type":"Point","coordinates":[8.539362,47.375969]},"properties":{"line":"4","mode":"tram","color":"#d6212b","colorDark":"#7c1116","band":4,"off":[-5.1,1.1]}},{"type":"Feature","geometry":{"type":"Point","coordinates":[8.539362,47.375969]},"properties":{"line":"11","mode":"tram","color":"#d6212b","colorDark":"#7c1116","band":4,"off":[-1.7,1.1]}},{"type":"Feature","geometry":{"type":"Point","coordinates":[8.539362,47.375969]},"properties":{"line":"13","mode":"tram","color":"#d6212b","colorDark":"#7c1116","band":4,"off":[1.7,1.1]}},{"type":"Feature","geometry":{"type":"Point","coordinates":[8.539362,47.375969]},"properties":{"line":"15","mode":"tram","color":"#d6212b","colorDark":"#7c1116","band":4,"off":[5.1,1.1]}},{"type":"Feature","geometry":{"type":"Point","coordinates":[8.548126,47.36613]},"properties":{"name":"Bahnhof Stadelhofen D","band":4,"modes":"tram","arr":["5"],"off":[0,-0.8]}},{"type":"Feature","geometry":{"type":"Point","coordinates":[8.548126,47.36613]},"properties":{"line":"5","mode":"tram","color":"#d6212b","colorDark":"#7c1116","band":4,"off":[0,1.1]}},{"type":"Feature","geometry":{"type":"Point","coordinates":[8.507379,47.351989]},"properties":{"name":"Albisgütli","band":4,"modes":"tram","arr":["5","13","16"],"off":[0,-0.8]}},{"type":"Feature","geometry":{"type":"Point","coordinates":[8.507379,47.351989]},"properties":{"line":"5","mode":"tram","color":"#d6212b","colorDark":"#7c1116","band":4,"off":[-3.4,1.1]}},{"type":"Feature","geometry":{"type":"Point","coordinates":[8.507379,47.351989]},"properties":{"line":"13","mode":"tram","color":"#d6212b","colorDark":"#7c1116","band":4,"off":[0,1.1]}},{"type":"Feature","geometry":{"type":"Point","coordinates":[8.507379,47.351989]},"properties":{"line":"16","mode":"tram","color":"#d6212b","colorDark":"#7c1116","band":4,"off":[3.4,1.1]}},{"type":"Feature","geometry":{"type":"Point","coordinates":[8.517745,47.358599]},"properties":{"name":"Laubegg","band":4,"modes":"tram","arr":["16"],"off":[0,-0.8]}},{"type":"Feature","geometry":{"type":"Point","coordinates":[8.517745,47.358599]},"properties":{"line":"16","mode":"tram","color":"#d6212b","colorDark":"#7c1116","band":4,"off":[0,1.1]}},{"type":"Feature","geometry":{"type":"Point","coordinates":[8.571627,47.381675]},"properties":{"name":"Zoo","band":4,"modes":"tram","arr":["6","8"],"off":[0,-0.8]}},{"type":"Feature","geometry":{"type":"Point","coordinates":[8.571627,47.381675]},"properties":{"line":"6","mode":"tram","color":"#d6212b","colorDark":"#7c1116","band":4,"off":[-1.7,1.1]}},{"type":"Feature","geometry":{"type":"Point","coordinates":[8.571627,47.381675]},"properties":{"line":"8","mode":"tram","color":"#d6212b","colorDark":"#7c1116","band":4,"off":[1.7,1.1]}},{"type":"Feature","geometry":{"type":"Point","coordinates":[8.559306,47.37628]},"properties":{"name":"Kirche Fluntern","band":4,"modes":"tram","arr":["10"],"off":[0,-0.8]}},{"type":"Feature","geometry":{"type":"Point","coordinates":[8.559306,47.37628]},"properties":{"line":"10","mode":"tram","color":"#d6212b","colorDark":"#7c1116","band":4,"off":[0,1.1]}},{"type":"Feature","geometry":{"type":"Point","coordinates":[8.530799,47.338315]},"properties":{"name":"Wollishoferplatz","band":4,"modes":"tram","arr":["7"],"off":[0,-0.8]}},{"type":"Feature","geometry":{"type":"Point","coordinates":[8.530799,47.338315]},"properties":{"line":"7","mode":"tram","color":"#d6212b","colorDark":"#7c1116","band":4,"off":[0,1.1]}},{"type":"Feature","geometry":{"type":"Point","coordinates":[8.542168,47.398168]},"properties":{"name":"Milchbuck","band":4,"modes":"tram","arr":["16"],"off":[0,-0.8]}},{"type":"Feature","geometry":{"type":"Point","coordinates":[8.542168,47.398168]},"properties":{"line":"16","mode":"tram","color":"#d6212b","colorDark":"#7c1116","band":4,"off":[0,1.1]}},{"type":"Feature","geometry":{"type":"Point","coordinates":[8.504549,47.394145]},"properties":{"name":"Hardturm","band":4,"modes":"tram","arr":["8"],"off":[0,-0.8]}},{"type":"Feature","geometry":{"type":"Point","coordinates":[8.504549,47.394145]},"properties":{"line":"8","mode":"tram","color":"#d6212b","colorDark":"#7c1116","band":4,"off":[0,1.1]}},{"type":"Feature","geometry":{"type":"Point","coordinates":[8.591051,47.403119]},"properties":{"name":"Hirzenbach","band":4,"modes":"tram","arr":["9"],"off":[0,-0.8]}},{"type":"Feature","geometry":{"type":"Point","coordinates":[8.591051,47.403119]},"properties":{"line":"9","mode":"tram","color":"#d6212b","colorDark":"#7c1116","band":4,"off":[0,1.1]}},{"type":"Feature","geometry":{"type":"Point","coordinates":[8.495349,47.367748]},"properties":{"name":"Triemli","band":4,"modes":"tram","arr":["9","14"],"off":[0,-0.8]}},{"type":"Feature","geometry":{"type":"Point","coordinates":[8.495349,47.367748]},"properties":{"line":"9","mode":"tram","color":"#d6212b","colorDark":"#7c1116","band":4,"off":[-1.7,1.1]}},{"type":"Feature","geometry":{"type":"Point","coordinates":[8.495349,47.367748]},"properties":{"line":"14","mode":"tram","color":"#d6212b","colorDark":"#7c1116","band":4,"off":[1.7,1.1]}},{"type":"Feature","geometry":{"type":"Point","coordinates":[8.570725,47.452138]},"properties":{"name":"Zürich Flughafen, Fracht","band":4,"modes":"tram","arr":["10","12"],"off":[0,-0.8]}},{"type":"Feature","geometry":{"type":"Point","coordinates":[8.570725,47.452138]},"properties":{"line":"10","mode":"tram","color":"#d6212b","colorDark":"#7c1116","band":4,"off":[-1.7,1.1]}},{"type":"Feature","geometry":{"type":"Point","coordinates":[8.570725,47.452138]},"properties":{"line":"12","mode":"tram","color":"#d6212b","colorDark":"#7c1116","band":4,"off":[1.7,1.1]}},{"type":"Feature","geometry":{"type":"Point","coordinates":[8.560945,47.350616]},"properties":{"name":"Bahnhof Tiefenbrunnen","band":4,"modes":"tram","arr":["11","15"],"off":[0,-0.8]}},{"type":"Feature","geometry":{"type":"Point","coordinates":[8.560945,47.350616]},"properties":{"line":"11","mode":"tram","color":"#d6212b","colorDark":"#7c1116","band":4,"off":[-1.7,1.1]}},{"type":"Feature","geometry":{"type":"Point","coordinates":[8.560945,47.350616]},"properties":{"line":"15","mode":"tram","color":"#d6212b","colorDark":"#7c1116","band":4,"off":[1.7,1.1]}},{"type":"Feature","geometry":{"type":"Point","coordinates":[8.568535,47.41713]},"properties":{"name":"Auzelg","band":4,"modes":"tram","arr":["50"],"off":[0,-0.8]}},{"type":"Feature","geometry":{"type":"Point","coordinates":[8.568535,47.41713]},"properties":{"line":"50","mode":"tram","color":"#d6212b","colorDark":"#7c1116","band":4,"off":[0,1.1]}},{"type":"Feature","geometry":{"type":"Point","coordinates":[8.566459,47.364201]},"properties":{"name":"Klusplatz B","band":4,"modes":"tram","arr":["16"],"off":[0,-0.8]}},{"type":"Feature","geometry":{"type":"Point","coordinates":[8.566459,47.364201]},"properties":{"line":"16","mode":"tram","color":"#d6212b","colorDark":"#7c1116","band":4,"off":[0,1.1]}},{"type":"Feature","geometry":{"type":"Point","coordinates":[8.482071,47.397749]},"properties":{"name":"Werdhölzli","band":4,"modes":"tram","arr":["17"],"off":[0,-0.8]}},{"type":"Feature","geometry":{"type":"Point","coordinates":[8.482071,47.397749]},"properties":{"line":"17","mode":"tram","color":"#d6212b","colorDark":"#7c1116","band":4,"off":[0,1.1]}},{"type":"Feature","geometry":{"type":"Point","coordinates":[8.532871,47.398632]},"properties":{"name":"Bucheggplatz","band":4,"modes":"tram","arr":["17"],"off":[0,-0.8]}},{"type":"Feature","geometry":{"type":"Point","coordinates":[8.532871,47.398632]},"properties":{"line":"17","mode":"tram","color":"#d6212b","colorDark":"#7c1116","band":4,"off":[0,1.1]}},{"type":"Feature","geometry":{"type":"Point","coordinates":[8.533402,47.398061]},"properties":{"name":"Bucheggplatz D","band":4,"modes":"tram","arr":["17"],"off":[0,-0.8]}},{"type":"Feature","geometry":{"type":"Point","coordinates":[8.533402,47.398061]},"properties":{"line":"17","mode":"tram","color":"#d6212b","colorDark":"#7c1116","band":4,"off":[0,1.1]}},{"type":"Feature","geometry":{"type":"Point","coordinates":[8.481412,47.405632]},"properties":{"name":"Frankental","band":4,"modes":"tram","arr":["50"],"off":[0,-0.8]}},{"type":"Feature","geometry":{"type":"Point","coordinates":[8.481412,47.405632]},"properties":{"line":"50","mode":"tram","color":"#d6212b","colorDark":"#7c1116","band":4,"off":[0,1.1]}},{"type":"Feature","geometry":{"type":"Point","coordinates":[8.549961,47.421696]},"properties":{"name":"Seebach","band":4,"modes":"tram","arr":["51"],"off":[0,-0.8]}},{"type":"Feature","geometry":{"type":"Point","coordinates":[8.549961,47.421696]},"properties":{"line":"51","mode":"tram","color":"#d6212b","colorDark":"#7c1116","band":4,"off":[0,1.1]}},{"type":"Feature","geometry":{"type":"Point","coordinates":[8.490485,47.392033]},"properties":{"name":"Bahnhof Altstetten N K","band":4,"modes":"tram","arr":["51"],"off":[0,-0.8]}},{"type":"Feature","geometry":{"type":"Point","coordinates":[8.490485,47.392033]},"properties":{"line":"51","mode":"tram","color":"#d6212b","colorDark":"#7c1116","band":4,"off":[0,1.1]}},{"type":"Feature","geometry":{"type":"Point","coordinates":[9.059981,47.136619]},"properties":{"name":"Ziegelbrücke","band":4,"modes":"metro","arr":["S2","S8"],"off":[0,-0.8]}},{"type":"Feature","geometry":{"type":"Point","coordinates":[9.059981,47.136619]},"properties":{"line":"S2","mode":"tram","color":"#0A4595","colorDark":"#062652","band":4,"metro":1,"off":[-1.7,1.1]}},{"type":"Feature","geometry":{"type":"Point","coordinates":[9.059981,47.136619]},"properties":{"line":"S8","mode":"tram","color":"#0A4595","colorDark":"#062652","band":4,"metro":1,"off":[1.7,1.1]}},{"type":"Feature","geometry":{"type":"Point","coordinates":[8.852678,47.189831]},"properties":{"name":"Lachen SZ","band":4,"modes":"metro","arr":["SN8"],"off":[0,-0.8]}},{"type":"Feature","geometry":{"type":"Point","coordinates":[8.852678,47.189831]},"properties":{"line":"SN8","mode":"tram","color":"#000000","colorDark":"#000000","band":4,"metro":1,"off":[0,1.1]}},{"type":"Feature","geometry":{"type":"Point","coordinates":[8.779044,47.203217]},"properties":{"name":"Pfäffikon SZ","band":4,"modes":"metro","arr":["S8","SN5"],"off":[0,-0.8]}},{"type":"Feature","geometry":{"type":"Point","coordinates":[8.779044,47.203217]},"properties":{"line":"S8","mode":"tram","color":"#0A4595","colorDark":"#062652","band":4,"metro":1,"off":[-1.7,1.1]}},{"type":"Feature","geometry":{"type":"Point","coordinates":[8.779044,47.203217]},"properties":{"line":"SN5","mode":"tram","color":"#000000","colorDark":"#000000","band":4,"metro":1,"off":[1.7,1.1]}},{"type":"Feature","geometry":{"type":"Point","coordinates":[8.536853,47.378685]},"properties":{"name":"Zürich HB","band":4,"modes":"metro","arr":["S3","S4","S10","S11","S21","S24","S42","SN4","SN11"],"off":[0,-0.8]}},{"type":"Feature","geometry":{"type":"Point","coordinates":[8.536853,47.378685]},"properties":{"line":"S3","mode":"tram","color":"#0A4595","colorDark":"#062652","band":4,"metro":1,"off":[-5.82,1.1]}},{"type":"Feature","geometry":{"type":"Point","coordinates":[8.536853,47.378685]},"properties":{"line":"S4","mode":"tram","color":"#0A4595","colorDark":"#062652","band":4,"metro":1,"off":[-1.94,1.1]}},{"type":"Feature","geometry":{"type":"Point","coordinates":[8.536853,47.378685]},"properties":{"line":"S10","mode":"tram","color":"#0A4595","colorDark":"#062652","band":4,"metro":1,"off":[1.94,1.1]}},{"type":"Feature","geometry":{"type":"Point","coordinates":[8.536853,47.378685]},"properties":{"line":"S11","mode":"tram","color":"#0A4595","colorDark":"#062652","band":4,"metro":1,"off":[5.82,1.1]}},{"type":"Feature","geometry":{"type":"Point","coordinates":[8.536853,47.378685]},"properties":{"line":"S21","mode":"tram","color":"#0A4595","colorDark":"#062652","band":4,"metro":1,"off":[-5.82,3.1]}},{"type":"Feature","geometry":{"type":"Point","coordinates":[8.536853,47.378685]},"properties":{"line":"S24","mode":"tram","color":"#0A4595","colorDark":"#062652","band":4,"metro":1,"off":[-1.94,3.1]}},{"type":"Feature","geometry":{"type":"Point","coordinates":[8.536853,47.378685]},"properties":{"line":"S42","mode":"tram","color":"#0A4595","colorDark":"#062652","band":4,"metro":1,"off":[1.94,3.1]}},{"type":"Feature","geometry":{"type":"Point","coordinates":[8.536853,47.378685]},"properties":{"line":"SN4","mode":"tram","color":"#000000","colorDark":"#000000","band":4,"metro":1,"off":[5.82,3.1]}},{"type":"Feature","geometry":{"type":"Point","coordinates":[8.536853,47.378685]},"properties":{"line":"SN11","mode":"tram","color":"#000000","colorDark":"#000000","band":4,"metro":1,"off":[0,5.1]}},{"type":"Feature","geometry":{"type":"Point","coordinates":[8.56145,47.449832]},"properties":{"name":"Zürich Flughafen","band":4,"modes":"metro","arr":["S2","S16"],"off":[0,-0.8]}},{"type":"Feature","geometry":{"type":"Point","coordinates":[8.56145,47.449832]},"properties":{"line":"S2","mode":"tram","color":"#0A4595","colorDark":"#062652","band":4,"metro":1,"off":[-1.7,1.1]}},{"type":"Feature","geometry":{"type":"Point","coordinates":[8.56145,47.449832]},"properties":{"line":"S16","mode":"tram","color":"#0A4595","colorDark":"#062652","band":4,"metro":1,"off":[1.7,1.1]}},{"type":"Feature","geometry":{"type":"Point","coordinates":[8.517248,47.385146]},"properties":{"name":"Zürich Hardbrücke","band":4,"modes":"metro","arr":["S3","S20"],"off":[0,-0.8]}},{"type":"Feature","geometry":{"type":"Point","coordinates":[8.517248,47.385146]},"properties":{"line":"S3","mode":"tram","color":"#0A4595","colorDark":"#062652","band":4,"metro":1,"off":[-1.7,1.1]}},{"type":"Feature","geometry":{"type":"Point","coordinates":[8.517248,47.385146]},"properties":{"line":"S20","mode":"tram","color":"#0A4595","colorDark":"#062652","band":4,"metro":1,"off":[1.7,1.1]}},{"type":"Feature","geometry":{"type":"Point","coordinates":[8.686906,47.425715]},"properties":{"name":"Effretikon","band":4,"modes":"metro","arr":["S8"],"off":[0,-0.8]}},{"type":"Feature","geometry":{"type":"Point","coordinates":[8.686906,47.425715]},"properties":{"line":"S8","mode":"tram","color":"#0A4595","colorDark":"#062652","band":4,"metro":1,"off":[0,1.1]}},{"type":"Feature","geometry":{"type":"Point","coordinates":[8.785375,47.366758]},"properties":{"name":"Pfäffikon ZH","band":4,"modes":"metro","arr":["S19","SN8"],"off":[0,-0.8]}},{"type":"Feature","geometry":{"type":"Point","coordinates":[8.785375,47.366758]},"properties":{"line":"S19","mode":"tram","color":"#0A4595","colorDark":"#062652","band":4,"metro":1,"off":[-1.7,1.1]}},{"type":"Feature","geometry":{"type":"Point","coordinates":[8.785375,47.366758]},"properties":{"line":"SN8","mode":"tram","color":"#000000","colorDark":"#000000","band":4,"metro":1,"off":[1.7,1.1]}},{"type":"Feature","geometry":{"type":"Point","coordinates":[8.79237,47.31756]},"properties":{"name":"Wetzikon ZH","band":4,"modes":"metro","arr":["S3","S5"],"off":[0,-0.8]}},{"type":"Feature","geometry":{"type":"Point","coordinates":[8.79237,47.31756]},"properties":{"line":"S3","mode":"tram","color":"#0A4595","colorDark":"#062652","band":4,"metro":1,"off":[-1.7,1.1]}},{"type":"Feature","geometry":{"type":"Point","coordinates":[8.79237,47.31756]},"properties":{"line":"S5","mode":"tram","color":"#0A4595","colorDark":"#062652","band":4,"metro":1,"off":[1.7,1.1]}},{"type":"Feature","geometry":{"type":"Point","coordinates":[8.531794,47.372225]},"properties":{"name":"Zürich Selnau","band":4,"modes":"metro","arr":["S4","S10"],"off":[0,-0.8]}},{"type":"Feature","geometry":{"type":"Point","coordinates":[8.531794,47.372225]},"properties":{"line":"S4","mode":"tram","color":"#0A4595","colorDark":"#062652","band":4,"metro":1,"off":[-1.7,1.1]}},{"type":"Feature","geometry":{"type":"Point","coordinates":[8.531794,47.372225]},"properties":{"line":"S10","mode":"tram","color":"#0A4595","colorDark":"#062652","band":4,"metro":1,"off":[1.7,1.1]}},{"type":"Feature","geometry":{"type":"Point","coordinates":[8.437127,47.357688]},"properties":{"name":"Birmensdorf ZH","band":4,"modes":"metro","arr":["S5"],"off":[0,-0.8]}},{"type":"Feature","geometry":{"type":"Point","coordinates":[8.437127,47.357688]},"properties":{"line":"S5","mode":"tram","color":"#0A4595","colorDark":"#062652","band":4,"metro":1,"off":[0,1.1]}},{"type":"Feature","geometry":{"type":"Point","coordinates":[8.717822,47.351009]},"properties":{"name":"Uster","band":4,"modes":"metro","arr":["S9","SN9"],"off":[0,-0.8]}},{"type":"Feature","geometry":{"type":"Point","coordinates":[8.717822,47.351009]},"properties":{"line":"S9","mode":"tram","color":"#0A4595","colorDark":"#062652","band":4,"metro":1,"off":[-1.7,1.1]}},{"type":"Feature","geometry":{"type":"Point","coordinates":[8.717822,47.351009]},"properties":{"line":"SN9","mode":"tram","color":"#000000","colorDark":"#000000","band":4,"metro":1,"off":[1.7,1.1]}},{"type":"Feature","geometry":{"type":"Point","coordinates":[8.855017,47.260222]},"properties":{"name":"Rüti ZH","band":4,"modes":"metro","arr":["S26"],"off":[0,-0.8]}},{"type":"Feature","geometry":{"type":"Point","coordinates":[8.855017,47.260222]},"properties":{"line":"S26","mode":"tram","color":"#0A4595","colorDark":"#062652","band":4,"metro":1,"off":[0,1.1]}},{"type":"Feature","geometry":{"type":"Point","coordinates":[8.816868,47.224674]},"properties":{"name":"Rapperswil SG","band":4,"modes":"metro","arr":["S5","S7","S15"],"off":[0,-0.8]}},{"type":"Feature","geometry":{"type":"Point","coordinates":[8.816868,47.224674]},"properties":{"line":"S5","mode":"tram","color":"#0A4595","colorDark":"#062652","band":4,"metro":1,"off":[-3.4,1.1]}},{"type":"Feature","geometry":{"type":"Point","coordinates":[8.816868,47.224674]},"properties":{"line":"S7","mode":"tram","color":"#0A4595","colorDark":"#062652","band":4,"metro":1,"off":[0,1.1]}},{"type":"Feature","geometry":{"type":"Point","coordinates":[8.816868,47.224674]},"properties":{"line":"S15","mode":"tram","color":"#0A4595","colorDark":"#062652","band":4,"metro":1,"off":[3.4,1.1]}},{"type":"Feature","geometry":{"type":"Point","coordinates":[8.466728,47.220628]},"properties":{"name":"Knonau","band":4,"modes":"metro","arr":["SN5"],"off":[0,-0.8]}},{"type":"Feature","geometry":{"type":"Point","coordinates":[8.466728,47.220628]},"properties":{"line":"SN5","mode":"tram","color":"#000000","colorDark":"#000000","band":4,"metro":1,"off":[0,1.1]}},{"type":"Feature","geometry":{"type":"Point","coordinates":[8.515414,47.174494]},"properties":{"name":"Zug","band":4,"modes":"metro","arr":["S5","S24"],"off":[0,-0.8]}},{"type":"Feature","geometry":{"type":"Point","coordinates":[8.515414,47.174494]},"properties":{"line":"S5","mode":"tram","color":"#0A4595","colorDark":"#062652","band":4,"metro":1,"off":[-1.7,1.1]}},{"type":"Feature","geometry":{"type":"Point","coordinates":[8.515414,47.174494]},"properties":{"line":"S24","mode":"tram","color":"#0A4595","colorDark":"#062652","band":4,"metro":1,"off":[1.7,1.1]}},{"type":"Feature","geometry":{"type":"Point","coordinates":[8.307229,47.475973]},"properties":{"name":"Baden","band":4,"modes":"metro","arr":["S6"],"off":[0,-0.8]}},{"type":"Feature","geometry":{"type":"Point","coordinates":[8.307229,47.475973]},"properties":{"line":"S6","mode":"tram","color":"#0A4595","colorDark":"#062652","band":4,"metro":1,"off":[0,1.1]}},{"type":"Feature","geometry":{"type":"Point","coordinates":[8.357413,47.445834]},"properties":{"name":"Würenlos","band":4,"modes":"metro","arr":["SN6"],"off":[0,-0.8]}},{"type":"Feature","geometry":{"type":"Point","coordinates":[8.357413,47.445834]},"properties":{"line":"SN6","mode":"tram","color":"#000000","colorDark":"#000000","band":4,"metro":1,"off":[0,1.1]}},{"type":"Feature","geometry":{"type":"Point","coordinates":[8.471325,47.437108]},"properties":{"name":"Regensdorf-Watt","band":4,"modes":"metro","arr":["S6","S21"],"off":[0,-0.8]}},{"type":"Feature","geometry":{"type":"Point","coordinates":[8.471325,47.437108]},"properties":{"line":"S6","mode":"tram","color":"#0A4595","colorDark":"#062652","band":4,"metro":1,"off":[-1.7,1.1]}},{"type":"Feature","geometry":{"type":"Point","coordinates":[8.471325,47.437108]},"properties":{"line":"S21","mode":"tram","color":"#0A4595","colorDark":"#062652","band":4,"metro":1,"off":[1.7,1.1]}},{"type":"Feature","geometry":{"type":"Point","coordinates":[8.751952,47.235761]},"properties":{"name":"Uerikon","band":4,"modes":"metro","arr":["S20"],"off":[0,-0.8]}},{"type":"Feature","geometry":{"type":"Point","coordinates":[8.751952,47.235761]},"properties":{"line":"S20","mode":"tram","color":"#0A4595","colorDark":"#062652","band":4,"metro":1,"off":[0,1.1]}},{"type":"Feature","geometry":{"type":"Point","coordinates":[8.722616,47.24049]},"properties":{"name":"Stäfa","band":4,"modes":"metro","arr":["S7","SN7"],"off":[0,-0.8]}},{"type":"Feature","geometry":{"type":"Point","coordinates":[8.722616,47.24049]},"properties":{"line":"S7","mode":"tram","color":"#0A4595","colorDark":"#062652","band":4,"metro":1,"off":[-1.7,1.1]}},{"type":"Feature","geometry":{"type":"Point","coordinates":[8.722616,47.24049]},"properties":{"line":"SN7","mode":"tram","color":"#000000","colorDark":"#000000","band":4,"metro":1,"off":[1.7,1.1]}},{"type":"Feature","geometry":{"type":"Point","coordinates":[8.626276,47.438474]},"properties":{"name":"Bassersdorf","band":4,"modes":"metro","arr":["SN7"],"off":[0,-0.8]}},{"type":"Feature","geometry":{"type":"Point","coordinates":[8.626276,47.438474]},"properties":{"line":"SN7","mode":"tram","color":"#000000","colorDark":"#000000","band":4,"metro":1,"off":[0,1.1]}},{"type":"Feature","geometry":{"type":"Point","coordinates":[8.723642,47.50072]},"properties":{"name":"Winterthur","band":4,"modes":"metro","arr":["S7","S8","S11","S12","S24","S26","S30","S41","SN1","SN6","SN11","SN41"],"off":[0,-0.8]}},{"type":"Feature","geometry":{"type":"Point","coordinates":[8.723642,47.50072]},"properties":{"line":"S7","mode":"tram","color":"#0A4595","colorDark":"#062652","band":4,"metro":1,"off":[-5.82,1.1]}},{"type":"Feature","geometry":{"type":"Point","coordinates":[8.723642,47.50072]},"properties":{"line":"S8","mode":"tram","color":"#0A4595","colorDark":"#062652","band":4,"metro":1,"off":[-1.94,1.1]}},{"type":"Feature","geometry":{"type":"Point","coordinates":[8.723642,47.50072]},"properties":{"line":"S11","mode":"tram","color":"#0A4595","colorDark":"#062652","band":4,"metro":1,"off":[1.94,1.1]}},{"type":"Feature","geometry":{"type":"Point","coordinates":[8.723642,47.50072]},"properties":{"line":"S12","mode":"tram","color":"#0A4595","colorDark":"#062652","band":4,"metro":1,"off":[5.82,1.1]}},{"type":"Feature","geometry":{"type":"Point","coordinates":[8.723642,47.50072]},"properties":{"line":"S24","mode":"tram","color":"#0A4595","colorDark":"#062652","band":4,"metro":1,"off":[-5.82,3.1]}},{"type":"Feature","geometry":{"type":"Point","coordinates":[8.723642,47.50072]},"properties":{"line":"S26","mode":"tram","color":"#0A4595","colorDark":"#062652","band":4,"metro":1,"off":[-1.94,3.1]}},{"type":"Feature","geometry":{"type":"Point","coordinates":[8.723642,47.50072]},"properties":{"line":"S30","mode":"tram","color":"#0A4595","colorDark":"#062652","band":4,"metro":1,"off":[1.94,3.1]}},{"type":"Feature","geometry":{"type":"Point","coordinates":[8.723642,47.50072]},"properties":{"line":"S41","mode":"tram","color":"#0A4595","colorDark":"#062652","band":4,"metro":1,"off":[5.82,3.1]}},{"type":"Feature","geometry":{"type":"Point","coordinates":[8.723642,47.50072]},"properties":{"line":"SN1","mode":"tram","color":"#000000","colorDark":"#000000","band":4,"metro":1,"off":[-5.82,5.1]}},{"type":"Feature","geometry":{"type":"Point","coordinates":[8.723642,47.50072]},"properties":{"line":"SN6","mode":"tram","color":"#000000","colorDark":"#000000","band":4,"metro":1,"off":[-1.94,5.1]}},{"type":"Feature","geometry":{"type":"Point","coordinates":[8.723642,47.50072]},"properties":{"line":"SN11","mode":"tram","color":"#000000","colorDark":"#000000","band":4,"metro":1,"off":[1.94,5.1]}},{"type":"Feature","geometry":{"type":"Point","coordinates":[8.723642,47.50072]},"properties":{"line":"SN41","mode":"tram","color":"#000000","colorDark":"#000000","band":4,"metro":1,"off":[5.82,5.1]}},{"type":"Feature","geometry":{"type":"Point","coordinates":[8.632071,47.697775]},"properties":{"name":"Schaffhausen","band":4,"modes":"metro","arr":["S9","S24"],"off":[0,-0.8]}},{"type":"Feature","geometry":{"type":"Point","coordinates":[8.632071,47.697775]},"properties":{"line":"S9","mode":"tram","color":"#0A4595","colorDark":"#062652","band":4,"metro":1,"off":[-1.7,1.1]}},{"type":"Feature","geometry":{"type":"Point","coordinates":[8.632071,47.697775]},"properties":{"line":"S24","mode":"tram","color":"#0A4595","colorDark":"#062652","band":4,"metro":1,"off":[1.7,1.1]}},{"type":"Feature","geometry":{"type":"Point","coordinates":[8.536232,47.52423]},"properties":{"name":"Bülach","band":4,"modes":"metro","arr":["S36","S41","SN9","SN41"],"off":[0,-0.8]}},{"type":"Feature","geometry":{"type":"Point","coordinates":[8.536232,47.52423]},"properties":{"line":"S36","mode":"tram","color":"#0A4595","colorDark":"#062652","band":4,"metro":1,"off":[-5.82,1.1]}},{"type":"Feature","geometry":{"type":"Point","coordinates":[8.536232,47.52423]},"properties":{"line":"S41","mode":"tram","color":"#0A4595","colorDark":"#062652","band":4,"metro":1,"off":[-1.94,1.1]}},{"type":"Feature","geometry":{"type":"Point","coordinates":[8.536232,47.52423]},"properties":{"line":"SN9","mode":"tram","color":"#000000","colorDark":"#000000","band":4,"metro":1,"off":[1.94,1.1]}},{"type":"Feature","geometry":{"type":"Point","coordinates":[8.536232,47.52423]},"properties":{"line":"SN41","mode":"tram","color":"#000000","colorDark":"#000000","band":4,"metro":1,"off":[5.82,1.1]}},{"type":"Feature","geometry":{"type":"Point","coordinates":[8.487477,47.35198]},"properties":{"name":"Uetliberg","band":4,"modes":"metro","arr":["S10"],"off":[0,-0.8]}},{"type":"Feature","geometry":{"type":"Point","coordinates":[8.487477,47.35198]},"properties":{"line":"S10","mode":"tram","color":"#0A4595","colorDark":"#062652","band":4,"metro":1,"off":[0,1.1]}},{"type":"Feature","geometry":{"type":"Point","coordinates":[8.848534,47.418059]},"properties":{"name":"Wila","band":4,"modes":"metro","arr":["S11"],"off":[0,-0.8]}},{"type":"Feature","geometry":{"type":"Point","coordinates":[8.848534,47.418059]},"properties":{"line":"S11","mode":"tram","color":"#0A4595","colorDark":"#062652","band":4,"metro":1,"off":[0,1.1]}},{"type":"Feature","geometry":{"type":"Point","coordinates":[8.405821,47.404607]},"properties":{"name":"Dietikon","band":4,"modes":"metro","arr":["S17"],"off":[0,-0.8]}},{"type":"Feature","geometry":{"type":"Point","coordinates":[8.405821,47.404607]},"properties":{"line":"S17","mode":"tram","color":"#0A4595","colorDark":"#062652","band":4,"metro":1,"off":[0,1.1]}},{"type":"Feature","geometry":{"type":"Point","coordinates":[8.209484,47.481151]},"properties":{"name":"Brugg AG","band":4,"modes":"metro","arr":["S12","S25"],"off":[0,-0.8]}},{"type":"Feature","geometry":{"type":"Point","coordinates":[8.209484,47.481151]},"properties":{"line":"S12","mode":"tram","color":"#0A4595","colorDark":"#062652","band":4,"metro":1,"off":[-1.7,1.1]}},{"type":"Feature","geometry":{"type":"Point","coordinates":[8.209484,47.481151]},"properties":{"line":"S25","mode":"tram","color":"#0A4595","colorDark":"#062652","band":4,"metro":1,"off":[1.7,1.1]}},{"type":"Feature","geometry":{"type":"Point","coordinates":[8.83949,47.300154]},"properties":{"name":"Hinwil","band":4,"modes":"metro","arr":["S14"],"off":[0,-0.8]}},{"type":"Feature","geometry":{"type":"Point","coordinates":[8.83949,47.300154]},"properties":{"line":"S14","mode":"tram","color":"#0A4595","colorDark":"#062652","band":4,"metro":1,"off":[0,1.1]}},{"type":"Feature","geometry":{"type":"Point","coordinates":[8.227405,47.60017]},"properties":{"name":"Koblenz","band":4,"modes":"metro","arr":["S19"],"off":[0,-0.8]}},{"type":"Feature","geometry":{"type":"Point","coordinates":[8.227405,47.60017]},"properties":{"line":"S19","mode":"tram","color":"#0A4595","colorDark":"#062652","band":4,"metro":1,"off":[0,1.1]}},{"type":"Feature","geometry":{"type":"Point","coordinates":[8.340004,47.276848]},"properties":{"name":"Muri AG","band":4,"modes":"metro","arr":["S25","S42"],"off":[0,-0.8]}},{"type":"Feature","geometry":{"type":"Point","coordinates":[8.340004,47.276848]},"properties":{"line":"S25","mode":"tram","color":"#0A4595","colorDark":"#062652","band":4,"metro":1,"off":[-1.7,1.1]}},{"type":"Feature","geometry":{"type":"Point","coordinates":[8.340004,47.276848]},"properties":{"line":"S42","mode":"tram","color":"#0A4595","colorDark":"#062652","band":4,"metro":1,"off":[1.7,1.1]}},{"type":"Feature","geometry":{"type":"Point","coordinates":[8.896757,47.558499]},"properties":{"name":"Frauenfeld","band":4,"modes":"metro","arr":["S30"],"off":[0,-0.8]}},{"type":"Feature","geometry":{"type":"Point","coordinates":[8.896757,47.558499]},"properties":{"line":"S30","mode":"tram","color":"#0A4595","colorDark":"#062652","band":4,"metro":1,"off":[0,1.1]}},{"type":"Feature","geometry":{"type":"Point","coordinates":[8.75993,47.507089]},"properties":{"name":"Oberwinterthur","band":4,"modes":"metro","arr":["SN1"],"off":[0,-0.8]}},{"type":"Feature","geometry":{"type":"Point","coordinates":[8.75993,47.507089]},"properties":{"line":"SN1","mode":"tram","color":"#000000","colorDark":"#000000","band":4,"metro":1,"off":[0,1.1]}},{"type":"Feature","geometry":{"type":"Point","coordinates":[8.548687,47.36664]},"properties":{"name":"Bahnhof Stadelhofen C","band":4,"modes":"metro","arr":["S18","SN18"],"off":[0,-0.8]}},{"type":"Feature","geometry":{"type":"Point","coordinates":[8.548687,47.36664]},"properties":{"line":"S18","mode":"tram","color":"#0A4595","colorDark":"#062652","band":4,"metro":1,"off":[-1.94,1.1]}},{"type":"Feature","geometry":{"type":"Point","coordinates":[8.548687,47.36664]},"properties":{"line":"SN18","mode":"tram","color":"#000000","colorDark":"#000000","band":4,"metro":1,"off":[1.94,1.1]}}]}