{"type":"FeatureCollection","features":[{"type":"Feature","properties":{"mode":"bus","n":7,"arr":["33","72","83","N9","N15","N18","N33"],"lines":"33, 72, 83, N9, N15, N18, N33"},"geometry":{"type":"LineString","coordinates":[[8.509572,47.378164],[8.509921,47.37817],[8.510061,47.378103],[8.510394,47.37805],[8.510516,47.378052],[8.510612,47.378079],[8.51068,47.378129],[8.510698,47.378177],[8.510699,47.378202],[8.510685,47.378225],[8.510623,47.378289],[8.510612,47.378356],[8.510622,47.378459],[8.510666,47.378545],[8.510671,47.378556],[8.510671,47.378563],[8.510666,47.378566],[8.510656,47.378564],[8.510641,47.378558],[8.510517,47.378498],[8.510376,47.378459],[8.510236,47.378439],[8.510073,47.378448],[8.509999,47.378426],[8.509873,47.378305]]}},{"type":"Feature","properties":{"mode":"bus","n":7,"arr":["33","72","83","N9","N15","N18","N33"],"lines":"33, 72, 83, N9, N15, N18, N33"},"geometry":{"type":"LineString","coordinates":[[8.524668,47.393565],[8.524317,47.392829],[8.524139,47.39256],[8.523826,47.392174],[8.522821,47.3911],[8.515103,47.383195],[8.51454,47.382604],[8.514517,47.382552],[8.514513,47.382543],[8.514514,47.382537],[8.514518,47.382535],[8.514526,47.382537],[8.514537,47.382543],[8.514607,47.382581],[8.517353,47.385386],[8.517874,47.385873],[8.519955,47.388062],[8.523649,47.391839],[8.524032,47.392262],[8.524387,47.392743],[8.524519,47.392971],[8.524731,47.393476]]}},{"type":"Feature","properties":{"mode":"bus","n":7,"arr":["33","72","83","N9","N15","N18","N33"],"lines":"33, 72, 83, N9, N15, N18, N33"},"geometry":{"type":"LineString","coordinates":[[8.514504,47.382524],[8.510684,47.378579]]}},{"type":"Feature","properties":{"mode":"bus","n":5,"arr":["61","759","787","E","N9"],"lines":"61, 759, 787, E, N9"},"geometry":{"type":"LineString","coordinates":[[8.59465,47.409149],[8.594723,47.409255],[8.594702,47.409305],[8.594699,47.409317],[8.594703,47.409327],[8.594713,47.409334],[8.59473,47.409338],[8.594814,47.409352],[8.596173,47.409287],[8.596703,47.409306],[8.596803,47.409303],[8.596824,47.4093],[8.596837,47.409293],[8.596841,47.409283],[8.596835,47.409268],[8.596818,47.40924],[8.596808,47.409207],[8.596819,47.409175],[8.596854,47.409122],[8.59686,47.409107],[8.596857,47.409097],[8.596845,47.40909],[8.596823,47.409087],[8.596345,47.40907],[8.594777,47.40912],[8.59465,47.409149]]}},{"type":"Feature","properties":{"mode":"bus","n":8,"arr":["131","132","133","134","136","137","145","N25"],"lines":"131, 132, 133, 134, 136, 137, 145, N25"},"geometry":{"type":"LineString","coordinates":[[8.595442,47.261382],[8.595432,47.261439],[8.595377,47.261482],[8.595308,47.261496],[8.595213,47.261474]]}},{"type":"Feature","properties":{"mode":"bus","n":8,"arr":["131","132","133","134","136","137","145","N25"],"lines":"131, 132, 133, 134, 136, 137, 145, N25"},"geometry":{"type":"LineString","coordinates":[[8.595163,47.261384],[8.595209,47.26134],[8.595238,47.261322],[8.595276,47.261314],[8.595355,47.261311]]}},{"type":"Feature","properties":{"mode":"bus","n":8,"arr":["131","132","133","134","136","137","145","N25"],"lines":"131, 132, 133, 134, 136, 137, 145, N25"},"geometry":{"type":"LineString","coordinates":[[8.595581,47.261547],[8.595514,47.261544],[8.595377,47.261482]]}},{"type":"Feature","properties":{"mode":"bus","n":8,"arr":["131","132","133","134","136","137","145","N25"],"lines":"131, 132, 133, 134, 136, 137, 145, N25"},"geometry":{"type":"LineString","coordinates":[[8.595341,47.261492],[8.595362,47.261623],[8.595376,47.261652],[8.595408,47.261674],[8.595483,47.261708],[8.596432,47.26158]]}},{"type":"Feature","properties":{"mode":"bus","n":7,"arr":["131","132","133","134","137","145","N25"],"lines":"131, 132, 133, 134, 137, 145, N25"},"geometry":{"type":"LineString","coordinates":[[8.595213,47.261474],[8.595163,47.261384]]}},{"type":"Feature","properties":{"mode":"bus","n":7,"arr":["131","132","133","134","137","145","N25"],"lines":"131, 132, 133, 134, 137, 145, N25"},"geometry":{"type":"LineString","coordinates":[[8.595355,47.261311],[8.595428,47.261295],[8.596205,47.26087],[8.596223,47.260855],[8.596229,47.260837],[8.596232,47.2608],[8.596264,47.260771],[8.596272,47.26076],[8.596272,47.260749],[8.596265,47.260738],[8.595884,47.260332]]}},{"type":"Feature","properties":{"mode":"bus","n":7,"arr":["131","132","133","134","137","145","N25"],"lines":"131, 132, 133, 134, 137, 145, N25"},"geometry":{"type":"LineString","coordinates":[[8.596509,47.260861],[8.596455,47.260902],[8.596422,47.260918],[8.596382,47.260923],[8.596301,47.260921],[8.595988,47.261067],[8.595442,47.261382]]}},{"type":"Feature","properties":{"mode":"bus","n":5,"arr":["131","133","137","145","N25"],"lines":"131, 133, 137, 145, N25"},"geometry":{"type":"LineString","coordinates":[[8.596281,47.260755],[8.59636,47.260735],[8.596443,47.260748],[8.596501,47.26079],[8.596509,47.260861]]}},{"type":"Feature","properties":{"mode":"bus","n":5,"arr":["131","133","137","145","N25"],"lines":"131, 133, 137, 145, N25"},"geometry":{"type":"LineString","coordinates":[[8.589197,47.261452],[8.58915,47.261492],[8.589068,47.261504],[8.58902,47.261486],[8.588999,47.261475],[8.588987,47.261458],[8.588968,47.261406],[8.589005,47.261363],[8.589074,47.26135],[8.589107,47.261349],[8.589137,47.261358],[8.589162,47.261371],[8.589184,47.261387],[8.589192,47.261408],[8.589197,47.261452]]}},{"type":"Feature","properties":{"mode":"bus","n":5,"arr":["131","133","137","145","N25"],"lines":"131, 133, 137, 145, N25"},"geometry":{"type":"LineString","coordinates":[[8.595884,47.260332],[8.595707,47.260274],[8.595565,47.260281],[8.591027,47.261061],[8.589549,47.261488],[8.589181,47.261472]]}},{"type":"Feature","properties":{"mode":"bus","n":5,"arr":["131","133","137","145","N25"],"lines":"131, 133, 137, 145, N25"},"geometry":{"type":"LineString","coordinates":[[8.588688,47.261751],[8.58887,47.261542],[8.588994,47.261477]]}},{"type":"Feature","properties":{"mode":"bus","n":5,"arr":["151","184","185","N15","N18"],"lines":"151, 184, 185, N15, N18"},"geometry":{"type":"LineString","coordinates":[[8.525609,47.312547],[8.525524,47.312515],[8.525504,47.312475],[8.5255,47.312453],[8.52551,47.312433],[8.525556,47.312379],[8.525571,47.312229],[8.525573,47.312219],[8.525575,47.312213],[8.525578,47.312211],[8.525581,47.312212],[8.525585,47.312218],[8.52559,47.312228],[8.525649,47.312366],[8.52572,47.312408],[8.525739,47.312423],[8.525748,47.312441],[8.525746,47.31246],[8.525727,47.312518]]}},{"type":"Feature","properties":{"mode":"bus","n":5,"arr":["151","184","185","N15","N18"],"lines":"151, 184, 185, N15, N18"},"geometry":{"type":"LineString","coordinates":[[8.525575,47.312193],[8.525549,47.311741]]}},{"type":"Feature","properties":{"mode":"bus","n":5,"arr":["152","153","156","N15","N18"],"lines":"152, 153, 156, N15, N18"},"geometry":{"type":"LineString","coordinates":[[8.52552,47.310897],[8.525583,47.310377],[8.525562,47.310337],[8.525558,47.310316],[8.525567,47.310297],[8.525595,47.310261]]}},{"type":"Feature","properties":{"mode":"bus","n":5,"arr":["201","302","307","317","N30"],"lines":"201, 302, 307, 317, N30"},"geometry":{"type":"LineString","coordinates":[[8.449011,47.397672],[8.449028,47.39774],[8.448905,47.398023]]}},{"type":"Feature","properties":{"mode":"bus","n":5,"arr":["201","302","307","317","N30"],"lines":"201, 302, 307, 317, N30"},"geometry":{"type":"LineString","coordinates":[[8.447904,47.397982],[8.447893,47.397877]]}},{"type":"Feature","properties":{"mode":"bus","n":6,"arr":["201","302","307","317","N30","N36"],"lines":"201, 302, 307, 317, N30, N36"},"geometry":{"type":"LineString","coordinates":[[8.447893,47.397877],[8.447978,47.397581]]}},{"type":"Feature","properties":{"mode":"bus","n":5,"arr":["301","302","309","N30","N34"],"lines":"301, 302, 309, N30, N34"},"geometry":{"type":"LineString","coordinates":[[8.409382,47.421232],[8.409353,47.421153]]}},{"type":"Feature","properties":{"mode":"bus","n":5,"arr":["301","302","309","N30","N34"],"lines":"301, 302, 309, N30, N34"},"geometry":{"type":"LineString","coordinates":[[8.409305,47.421297],[8.409249,47.421301],[8.409221,47.421299],[8.409196,47.42129],[8.409123,47.421247]]}},{"type":"Feature","properties":{"mode":"bus","n":6,"arr":["451","454","456","485","492","N45"],"lines":"451, 454, 456, 485, 492, N45"},"geometry":{"type":"LineString","coordinates":[[8.473553,47.437485],[8.473561,47.437561]]}},{"type":"Feature","properties":{"mode":"bus","n":6,"arr":["451","454","456","485","492","N45"],"lines":"451, 454, 456, 485, 492, N45"},"geometry":{"type":"LineString","coordinates":[[8.473674,47.437414],[8.473743,47.437418],[8.474023,47.437299],[8.474246,47.437145],[8.47431,47.437056],[8.474512,47.436932],[8.474565,47.436928],[8.474577,47.436926],[8.474585,47.436922],[8.474589,47.436915],[8.474588,47.436907],[8.474527,47.436706],[8.473942,47.436206],[8.473767,47.436176],[8.473674,47.436198],[8.472556,47.436798]]}},{"type":"Feature","properties":{"mode":"bus","n":5,"arr":["454","456","485","492","N45"],"lines":"454, 456, 485, 492, N45"},"geometry":{"type":"LineString","coordinates":[[8.472657,47.438233],[8.472578,47.438227],[8.472539,47.43823],[8.472507,47.438246],[8.472482,47.438265],[8.472461,47.438276],[8.472439,47.438279],[8.472414,47.438275],[8.472291,47.438236],[8.472049,47.438109],[8.471126,47.437529]]}},{"type":"Feature","properties":{"mode":"bus","n":7,"arr":["510","732","735","736","759","768","N10"],"lines":"510, 732, 735, 736, 759, 768, N10"},"geometry":{"type":"LineString","coordinates":[[8.567864,47.447992],[8.568328,47.447747],[8.568888,47.447401],[8.569471,47.446915],[8.569879,47.446495],[8.570131,47.446144],[8.57031,47.445757],[8.57041,47.445216],[8.570386,47.445094],[8.570341,47.445048],[8.570327,47.445022],[8.570332,47.444995],[8.570368,47.444925]]}},{"type":"Feature","properties":{"mode":"bus","n":7,"arr":["510","732","735","736","759","768","N10"],"lines":"510, 732, 735, 736, 759, 768, N10"},"geometry":{"type":"LineString","coordinates":[[8.570522,47.444904],[8.570596,47.44494],[8.570627,47.445018],[8.570532,47.445142],[8.570395,47.445799],[8.57017,47.446274],[8.569914,47.446622],[8.569117,47.447353],[8.568394,47.447822],[8.567692,47.448156],[8.567441,47.448231],[8.567357,47.448222],[8.566382,47.448456]]}},{"type":"Feature","properties":{"mode":"bus","n":7,"arr":["510","732","735","736","759","768","N10"],"lines":"510, 732, 735, 736, 759, 768, N10"},"geometry":{"type":"LineString","coordinates":[[8.563446,47.449694],[8.56348,47.449628]]}},{"type":"Feature","properties":{"mode":"bus","n":7,"arr":["510","732","735","736","759","768","N10"],"lines":"510, 732, 735, 736, 759, 768, N10"},"geometry":{"type":"LineString","coordinates":[[8.563708,47.449237],[8.563816,47.449138],[8.563987,47.449046],[8.564346,47.448949]]}},{"type":"Feature","properties":{"mode":"bus","n":7,"arr":["510","732","735","736","759","768","N10"],"lines":"510, 732, 735, 736, 759, 768, N10"},"geometry":{"type":"LineString","coordinates":[[8.567357,47.448222],[8.567417,47.448177],[8.567653,47.448092]]}},{"type":"Feature","properties":{"mode":"bus","n":7,"arr":["510","732","735","736","759","768","N10"],"lines":"510, 732, 735, 736, 759, 768, N10"},"geometry":{"type":"LineString","coordinates":[[8.564346,47.448949],[8.564547,47.448882],[8.566065,47.448514],[8.566331,47.448465],[8.566345,47.448463],[8.566354,47.448462],[8.566358,47.448463],[8.566356,47.448465],[8.566349,47.448469],[8.566336,47.448475],[8.566024,47.448602],[8.565149,47.448815],[8.564924,47.448869],[8.564346,47.448949]]}},{"type":"Feature","properties":{"mode":"bus","n":7,"arr":["510","732","735","736","759","768","N10"],"lines":"510, 732, 735, 736, 759, 768, N10"},"geometry":{"type":"LineString","coordinates":[[8.564155,47.449389],[8.564248,47.449211],[8.564248,47.449065],[8.564213,47.448982]]}},{"type":"Feature","properties":{"mode":"bus","n":6,"arr":["732","735","736","759","768","N10"],"lines":"732, 735, 736, 759, 768, N10"},"geometry":{"type":"LineString","coordinates":[[8.570368,47.444925],[8.570425,47.444903],[8.570522,47.444904]]}},{"type":"Feature","properties":{"mode":"bus","n":6,"arr":["732","735","736","759","768","N10"],"lines":"732, 735, 736, 759, 768, N10"},"geometry":{"type":"LineString","coordinates":[[8.571364,47.444957],[8.571268,47.444893],[8.571176,47.44489],[8.571073,47.444946],[8.571057,47.445007],[8.571104,47.445071],[8.571201,47.445101],[8.571305,47.445083],[8.571367,47.445024]]}},{"type":"Feature","properties":{"mode":"bus","n":6,"arr":["732","735","736","759","768","N10"],"lines":"732, 735, 736, 759, 768, N10"},"geometry":{"type":"LineString","coordinates":[[8.571057,47.445007],[8.570628,47.444998]]}},{"type":"Feature","properties":{"mode":"bus","n":6,"arr":["732","735","736","759","768","N10"],"lines":"732, 735, 736, 759, 768, N10"},"geometry":{"type":"LineString","coordinates":[[8.563427,47.449761],[8.563446,47.449694]]}},{"type":"Feature","properties":{"mode":"bus","n":8,"arr":["650","652","655","656","657","658","659","662"],"lines":"650, 652, 655, 656, 657, 658, 659, 662"},"geometry":{"type":"LineString","coordinates":[[8.686415,47.428597],[8.68637,47.428633],[8.686353,47.428653],[8.68635,47.428677],[8.686358,47.428724]]}},{"type":"Feature","properties":{"mode":"bus","n":10,"arr":["650","652","655","656","657","658","659","662","N62","N70"],"lines":"650, 652, 655, 656, 657, 658, 659, 662, N62, N70"},"geometry":{"type":"LineString","coordinates":[[8.686177,47.425563],[8.686479,47.426133],[8.686702,47.426779],[8.686696,47.426984],[8.686486,47.427515],[8.6864,47.427911],[8.686385,47.428513],[8.686408,47.428579],[8.686415,47.428589],[8.686427,47.428594],[8.686443,47.428594],[8.686494,47.428589],[8.68659,47.428633]]}},{"type":"Feature","properties":{"mode":"bus","n":9,"arr":["650","652","655","656","657","658","659","662","N70"],"lines":"650, 652, 655, 656, 657, 658, 659, 662, N70"},"geometry":{"type":"LineString","coordinates":[[8.68659,47.428633],[8.686604,47.428701],[8.686564,47.428737],[8.686539,47.428753],[8.686507,47.428759],[8.686426,47.428763],[8.686358,47.428724]]}},{"type":"Feature","properties":{"mode":"bus","n":5,"arr":["658","659","660","769","N70"],"lines":"658, 659, 660, 769, N70"},"geometry":{"type":"LineString","coordinates":[[8.648924,47.446869],[8.648944,47.446926],[8.648945,47.446946],[8.648933,47.446965],[8.6489,47.446997],[8.648843,47.447012],[8.64877,47.446994],[8.648748,47.446986],[8.648732,47.446974],[8.648724,47.446957],[8.648707,47.446891]]}},{"type":"Feature","properties":{"mode":"bus","n":5,"arr":["660","765","766","769","N78"],"lines":"660, 765, 766, 769, N78"},"geometry":{"type":"LineString","coordinates":[[8.628747,47.44343],[8.628766,47.443363],[8.628765,47.443338],[8.62875,47.443316],[8.628729,47.443298],[8.628719,47.443284],[8.628718,47.443269],[8.628726,47.443255],[8.628832,47.443137],[8.628908,47.442912],[8.629111,47.442511],[8.629593,47.44191],[8.629622,47.441888],[8.629663,47.44188],[8.629719,47.441877],[8.629748,47.441871],[8.629772,47.441858],[8.629789,47.441844],[8.629804,47.441826],[8.629807,47.441805],[8.629801,47.441763],[8.62979,47.441739],[8.629764,47.441721],[8.629735,47.441707],[8.6297,47.441697],[8.629663,47.441698],[8.629629,47.441702],[8.629604,47.441703],[8.629584,47.441697],[8.629569,47.441684],[8.629445,47.441538],[8.627742,47.438965],[8.627643,47.438864],[8.627545,47.438816],[8.62738,47.438796],[8.626523,47.438916],[8.626493,47.438916],[8.626472,47.438907],[8.626459,47.438888],[8.626413,47.438745],[8.6264,47.438726],[8.626379,47.438717],[8.626349,47.438718],[8.625582,47.43883],[8.62556,47.438836],[8.625546,47.438845],[8.62554,47.438857],[8.625541,47.438873],[8.625602,47.43906]]}},{"type":"Feature","properties":{"mode":"bus","n":5,"arr":["701","703","704","N71","N74"],"lines":"701, 703, 704, N71, N74"},"geometry":{"type":"LineString","coordinates":[[8.618468,47.362806],[8.618411,47.362799],[8.618384,47.362792],[8.618364,47.362777],[8.618332,47.362745],[8.618319,47.362721],[8.618323,47.362696],[8.618334,47.362672],[8.618352,47.362651],[8.61838,47.362638],[8.618442,47.362618],[8.618506,47.362633],[8.618536,47.362645],[8.618557,47.362663],[8.618572,47.362685],[8.618581,47.362709],[8.618575,47.362734],[8.618548,47.36278],[8.618468,47.362806]]}},{"type":"Feature","properties":{"mode":"bus","n":5,"arr":["701","703","704","N71","N74"],"lines":"701, 703, 704, N71, N74"},"geometry":{"type":"LineString","coordinates":[[8.594504,47.359865],[8.596114,47.360189],[8.597475,47.360586],[8.59933,47.361005],[8.600445,47.36115],[8.602119,47.361301],[8.602975,47.361442],[8.604579,47.361771],[8.605226,47.361872],[8.607255,47.362103],[8.613479,47.36251],[8.6161,47.362804],[8.616422,47.362819],[8.616796,47.362806],[8.617104,47.362788],[8.617909,47.362675],[8.618171,47.362666],[8.618313,47.362691]]}},{"type":"Feature","properties":{"mode":"bus","n":5,"arr":["703","704","705","706","N74"],"lines":"703, 704, 705, 706, N74"},"geometry":{"type":"LineString","coordinates":[[8.630042,47.361646],[8.629987,47.361598],[8.62997,47.361572],[8.629975,47.361543],[8.630007,47.361487]]}},{"type":"Feature","properties":{"mode":"bus","n":5,"arr":["703","704","705","706","N74"],"lines":"703, 704, 705, 706, N74"},"geometry":{"type":"LineString","coordinates":[[8.630139,47.36147],[8.630215,47.361512]]}},{"type":"Feature","properties":{"mode":"bus","n":5,"arr":["703","704","705","706","N74"],"lines":"703, 704, 705, 706, N74"},"geometry":{"type":"LineString","coordinates":[[8.630139,47.361649],[8.630229,47.361586]]}},{"type":"Feature","properties":{"mode":"bus","n":6,"arr":["704","705","706","743","745","N74"],"lines":"704, 705, 706, 743, 745, N74"},"geometry":{"type":"LineString","coordinates":[[8.640424,47.372086],[8.639026,47.370816],[8.638953,47.370765],[8.638933,47.370756],[8.638909,47.370756],[8.638861,47.370763],[8.6388,47.370738],[8.638778,47.370723],[8.638766,47.370704],[8.638762,47.370686],[8.638762,47.370665],[8.638775,47.370646],[8.638811,47.370613],[8.6389,47.370603],[8.638974,47.370638]]}},{"type":"Feature","properties":{"mode":"bus","n":5,"arr":["704","705","706","743","N74"],"lines":"704, 705, 706, 743, N74"},"geometry":{"type":"LineString","coordinates":[[8.638974,47.370638],[8.638982,47.370695],[8.63898,47.370712],[8.638968,47.370727],[8.638935,47.370752]]}},{"type":"Feature","properties":{"mode":"bus","n":6,"arr":["725","811","812","818","827","N81"],"lines":"725, 811, 812, 818, 827, N81"},"geometry":{"type":"LineString","coordinates":[[8.716448,47.353921],[8.716375,47.353901],[8.716341,47.353897],[8.716308,47.353903],[8.716248,47.353924]]}},{"type":"Feature","properties":{"mode":"bus","n":6,"arr":["731","732","733","735","N10","N52"],"lines":"731, 732, 733, 735, N10, N52"},"geometry":{"type":"LineString","coordinates":[[8.581626,47.447973],[8.581675,47.448057]]}},{"type":"Feature","properties":{"mode":"bus","n":6,"arr":["731","732","733","735","N10","N52"],"lines":"731, 732, 733, 735, N10, N52"},"geometry":{"type":"LineString","coordinates":[[8.581728,47.447893],[8.581821,47.447898],[8.581894,47.447946]]}},{"type":"Feature","properties":{"mode":"bus","n":5,"arr":["731","732","733","735","N54"],"lines":"731, 732, 733, 735, N54"},"geometry":{"type":"LineString","coordinates":[[8.581878,47.448042],[8.581812,47.448074]]}},{"type":"Feature","properties":{"mode":"bus","n":7,"arr":["31","45","80","89","N1","N8","N17"],"lines":"31, 45, 80, 89, N1, N8, N17"},"geometry":{"type":"LineString","coordinates":[[8.48746,47.391143],[8.48854,47.390846],[8.488811,47.390801],[8.489406,47.390641],[8.489627,47.390611]]}},{"type":"Feature","properties":{"mode":"bus","n":5,"arr":["31","N3","N7","N14","N17"],"lines":"31, N3, N7, N14, N17"},"geometry":{"type":"LineString","coordinates":[[8.539939,47.376956],[8.540181,47.376922],[8.540494,47.376915]]}},{"type":"Feature","properties":{"mode":"bus","n":7,"arr":["31","N4","N5","N7","N17","N71","N74"],"lines":"31, N4, N5, N7, N17, N71, N74"},"geometry":{"type":"LineString","coordinates":[[8.540494,47.376915],[8.540665,47.376923]]}},{"type":"Feature","properties":{"mode":"bus","n":11,"arr":["31","N4","N5","N6","N7","N10","N13","N17","N46","N71","N74"],"lines":"31, N4, N5, N6, N7, N10, N13, N17, N46, N71, N74"},"geometry":{"type":"LineString","coordinates":[[8.540665,47.376923],[8.541061,47.376945],[8.54186,47.376887]]}},{"type":"Feature","properties":{"mode":"bus","n":8,"arr":["31","N4","N5","N6","N7","N10","N71","N74"],"lines":"31, N4, N5, N6, N7, N10, N71, N74"},"geometry":{"type":"LineString","coordinates":[[8.54186,47.376887],[8.542327,47.376887]]}},{"type":"Feature","properties":{"mode":"bus","n":8,"arr":["31","N4","N5","N6","N7","N10","N71","N74"],"lines":"31, N4, N5, N6, N7, N10, N71, N74"},"geometry":{"type":"LineString","coordinates":[[8.54105,47.377117],[8.541604,47.377125],[8.541939,47.377071]]}},{"type":"Feature","properties":{"mode":"bus","n":6,"arr":["31","701","703","704","N71","N74"],"lines":"31, 701, 703, 704, N71, N74"},"geometry":{"type":"LineString","coordinates":[[8.566866,47.363916],[8.567979,47.362767],[8.568814,47.362161],[8.569543,47.361679],[8.570877,47.361187],[8.571562,47.360959],[8.57188,47.360905],[8.573125,47.360829],[8.573248,47.360829],[8.573413,47.360866],[8.573556,47.360964],[8.574071,47.361707],[8.57423,47.362091],[8.574233,47.362662],[8.574607,47.363587],[8.574684,47.363668],[8.574807,47.363732],[8.574964,47.363761],[8.575151,47.363744],[8.575261,47.363698],[8.575358,47.363617],[8.575701,47.362772],[8.576323,47.361623],[8.576456,47.36149],[8.576641,47.361369],[8.578253,47.360645],[8.580974,47.359568],[8.582942,47.358651],[8.583263,47.358521],[8.583597,47.358426],[8.583991,47.358348],[8.58528,47.358302]]}},{"type":"Feature","properties":{"mode":"bus","n":6,"arr":["31","701","703","704","N71","N74"],"lines":"31, 701, 703, 704, N71, N74"},"geometry":{"type":"LineString","coordinates":[[8.587965,47.358255],[8.590679,47.358777],[8.591953,47.359055],[8.592305,47.359172],[8.59268,47.35935],[8.593015,47.359475],[8.593769,47.359697],[8.594504,47.359865]]}},{"type":"Feature","properties":{"mode":"bus","n":7,"arr":["31","91","701","703","704","N71","N74"],"lines":"31, 91, 701, 703, 704, N71, N74"},"geometry":{"type":"LineString","coordinates":[[8.58528,47.358302],[8.587635,47.358243],[8.587965,47.358255]]}},{"type":"Feature","properties":{"mode":"bus","n":5,"arr":["31","N6","N10","N71","N74"],"lines":"31, N6, N10, N71, N74"},"geometry":{"type":"LineString","coordinates":[[8.543328,47.376943],[8.543392,47.376915],[8.543707,47.376912],[8.544254,47.377022]]}},{"type":"Feature","properties":{"mode":"bus","n":6,"arr":["31","46","N6","N10","N71","N74"],"lines":"31, 46, N6, N10, N71, N74"},"geometry":{"type":"LineString","coordinates":[[8.542301,47.376989],[8.543013,47.376933],[8.543328,47.376943]]}},{"type":"Feature","properties":{"mode":"bus","n":9,"arr":["31","46","N4","N5","N6","N7","N10","N71","N74"],"lines":"31, 46, N4, N5, N6, N7, N10, N71, N74"},"geometry":{"type":"LineString","coordinates":[[8.541939,47.377071],[8.542301,47.376989]]}},{"type":"Feature","properties":{"mode":"bus","n":9,"arr":["31","N4","N5","N6","N10","N13","N46","N71","N74"],"lines":"31, N4, N5, N6, N10, N13, N46, N71, N74"},"geometry":{"type":"LineString","coordinates":[[8.539688,47.37727],[8.540336,47.377107],[8.54077,47.37709],[8.54105,47.377117]]}},{"type":"Feature","properties":{"mode":"bus","n":10,"arr":["31","45","78","80","83","89","N1","N8","N12","N17"],"lines":"31, 45, 78, 80, 83, 89, N1, N8, N12, N17"},"geometry":{"type":"LineString","coordinates":[[8.489627,47.390611],[8.489449,47.390721],[8.488938,47.39086],[8.488623,47.390991],[8.488108,47.391121]]}},{"type":"Feature","properties":{"mode":"bus","n":11,"arr":["20","31","45","78","80","83","89","N1","N8","N12","N17"],"lines":"20, 31, 45, 78, 80, 83, 89, N1, N8, N12, N17"},"geometry":{"type":"LineString","coordinates":[[8.488108,47.391121],[8.487527,47.391258]]}},{"type":"Feature","properties":{"mode":"bus","n":5,"arr":["32","40","61","62","N2"],"lines":"32, 40, 61, 62, N2"},"geometry":{"type":"LineString","coordinates":[[8.522619,47.412813],[8.520685,47.413627],[8.519617,47.413988],[8.518902,47.414169]]}},{"type":"Feature","properties":{"mode":"bus","n":5,"arr":["32","40","61","62","N2"],"lines":"32, 40, 61, 62, N2"},"geometry":{"type":"LineString","coordinates":[[8.534243,47.403767],[8.53361,47.404467]]}},{"type":"Feature","properties":{"mode":"bus","n":10,"arr":["32","40","69","72","83","N2","N9","N12","N15","N18"],"lines":"32, 40, 69, 72, 83, N2, N9, N12, N15, N18"},"geometry":{"type":"LineString","coordinates":[[8.53318,47.398807],[8.532865,47.398756],[8.532844,47.398751],[8.532833,47.398743],[8.532833,47.398732],[8.532843,47.398718],[8.532942,47.398621]]}},{"type":"Feature","properties":{"mode":"bus","n":5,"arr":["32","40","69","N2","N12"],"lines":"32, 40, 69, N2, N12"},"geometry":{"type":"LineString","coordinates":[[8.533216,47.39786],[8.533051,47.397776],[8.532893,47.397784],[8.532703,47.397881],[8.532622,47.397981]]}},{"type":"Feature","properties":{"mode":"bus","n":9,"arr":["32","69","72","83","N2","N9","N12","N15","N18"],"lines":"32, 69, 72, 83, N2, N9, N12, N15, N18"},"geometry":{"type":"LineString","coordinates":[[8.532813,47.398748],[8.532586,47.398645],[8.53248,47.398522],[8.532459,47.398379],[8.532497,47.39802]]}},{"type":"Feature","properties":{"mode":"bus","n":10,"arr":["32","67","215","220","235","236","245","N2","N12","N14"],"lines":"32, 67, 215, 220, 235, 236, 245, N2, N12, N14"},"geometry":{"type":"LineString","coordinates":[[8.513338,47.370236],[8.510737,47.369933],[8.510215,47.369892]]}},{"type":"Feature","properties":{"mode":"bus","n":8,"arr":["32","215","220","235","236","245","N2","N14"],"lines":"32, 215, 220, 235, 236, 245, N2, N14"},"geometry":{"type":"LineString","coordinates":[[8.508249,47.369668],[8.507064,47.369524]]}},{"type":"Feature","properties":{"mode":"bus","n":8,"arr":["32","215","220","235","236","245","N2","N14"],"lines":"32, 215, 220, 235, 236, 245, N2, N14"},"geometry":{"type":"LineString","coordinates":[[8.505065,47.369283],[8.502926,47.369027]]}},{"type":"Feature","properties":{"mode":"bus","n":7,"arr":["32","215","220","235","236","245","N14"],"lines":"32, 215, 220, 235, 236, 245, N14"},"geometry":{"type":"LineString","coordinates":[[8.502926,47.369027],[8.501283,47.36883]]}},{"type":"Feature","properties":{"mode":"bus","n":6,"arr":["32","76","89","EV1","EV3","N2"],"lines":"32, 76, 89, EV1, EV3, N2"},"geometry":{"type":"LineString","coordinates":[[8.502718,47.364789],[8.501275,47.36863],[8.501249,47.368752],[8.501283,47.36883]]}},{"type":"Feature","properties":{"mode":"bus","n":6,"arr":["32","76","89","EV1","EV3","N2"],"lines":"32, 76, 89, EV1, EV3, N2"},"geometry":{"type":"LineString","coordinates":[[8.507029,47.360033],[8.506017,47.361189]]}},{"type":"Feature","properties":{"mode":"bus","n":6,"arr":["32","76","89","EV1","EV3","N2"],"lines":"32, 76, 89, EV1, EV3, N2"},"geometry":{"type":"LineString","coordinates":[[8.511646,47.353698],[8.510137,47.356503],[8.509628,47.357027],[8.509084,47.35765],[8.508868,47.357943],[8.507614,47.359374]]}},{"type":"Feature","properties":{"mode":"bus","n":6,"arr":["32","76","89","EV1","EV3","N2"],"lines":"32, 76, 89, EV1, EV3, N2"},"geometry":{"type":"LineString","coordinates":[[8.507029,47.360033],[8.507219,47.359866],[8.507592,47.359433],[8.507606,47.359395],[8.507608,47.359388],[8.507607,47.359383],[8.507604,47.359382],[8.507597,47.359383],[8.507589,47.359387],[8.507537,47.359412],[8.507153,47.359841],[8.507029,47.360033]]}},{"type":"Feature","properties":{"mode":"bus","n":7,"arr":["32","73","76","89","EV1","EV3","N2"],"lines":"32, 73, 76, 89, EV1, EV3, N2"},"geometry":{"type":"LineString","coordinates":[[8.506017,47.361189],[8.504543,47.362569],[8.503543,47.363553],[8.502926,47.364286],[8.502822,47.364472],[8.502718,47.364789]]}},{"type":"Feature","properties":{"mode":"bus","n":8,"arr":["32","72","83","N2","N9","N12","N15","N18"],"lines":"32, 72, 83, N2, N9, N12, N15, N18"},"geometry":{"type":"LineString","coordinates":[[8.532517,47.397519],[8.532763,47.397615],[8.533028,47.397685],[8.533124,47.39774],[8.533216,47.39786]]}},{"type":"Feature","properties":{"mode":"bus","n":5,"arr":["33","912","916","N33","N91"],"lines":"33, 912, 916, N33, N91"},"geometry":{"type":"LineString","coordinates":[[8.560606,47.3503],[8.560097,47.350796],[8.560077,47.350827],[8.560076,47.350861],[8.560154,47.351153],[8.559845,47.351884],[8.559783,47.352095],[8.559649,47.352325],[8.554473,47.357776]]}},{"type":"Feature","properties":{"mode":"bus","n":5,"arr":["33","912","916","N33","N91"],"lines":"33, 912, 916, N33, N91"},"geometry":{"type":"LineString","coordinates":[[8.559852,47.350956],[8.561182,47.34965]]}},{"type":"Feature","properties":{"mode":"bus","n":5,"arr":["33","912","916","N33","N91"],"lines":"33, 912, 916, N33, N91"},"geometry":{"type":"LineString","coordinates":[[8.561357,47.349634],[8.561425,47.349673],[8.561443,47.349688],[8.561449,47.349705],[8.561442,47.349724],[8.561378,47.349821],[8.56109,47.350134]]}},{"type":"Feature","properties":{"mode":"bus","n":8,"arr":["33","72","83","N9","N15","N18","N33","N46"],"lines":"33, 72, 83, N9, N15, N18, N33, N46"},"geometry":{"type":"LineString","coordinates":[[8.525479,47.394659],[8.524668,47.393565]]}},{"type":"Feature","properties":{"mode":"bus","n":8,"arr":["33","72","83","N9","N15","N18","N33","N46"],"lines":"33, 72, 83, N9, N15, N18, N33, N46"},"geometry":{"type":"LineString","coordinates":[[8.524731,47.393476],[8.524866,47.393708],[8.525429,47.394462],[8.525511,47.394481],[8.525669,47.394652]]}},{"type":"Feature","properties":{"mode":"bus","n":8,"arr":["33","72","83","N3","N9","N15","N18","N33"],"lines":"33, 72, 83, N3, N9, N15, N18, N33"},"geometry":{"type":"LineString","coordinates":[[8.507784,47.377799],[8.509572,47.378164]]}},{"type":"Feature","properties":{"mode":"bus","n":13,"arr":["33","76","80","215","220","235","236","245","EV1","EV3","N8","N14","N33"],"lines":"33, 76, 80, 215, 220, 235, 236, 245, EV1, EV3, N8, N14, N33"},"geometry":{"type":"LineString","coordinates":[[8.495092,47.367872],[8.494977,47.367827]]}},{"type":"Feature","properties":{"mode":"bus","n":13,"arr":["33","76","80","215","220","235","236","245","EV1","EV3","N8","N14","N33"],"lines":"33, 76, 80, 215, 220, 235, 236, 245, EV1, EV3, N8, N14, N33"},"geometry":{"type":"LineString","coordinates":[[8.495697,47.36824],[8.495406,47.368261],[8.495176,47.368222]]}},{"type":"Feature","properties":{"mode":"bus","n":8,"arr":["33","215","220","235","236","245","N8","N14"],"lines":"33, 215, 220, 235, 236, 245, N8, N14"},"geometry":{"type":"LineString","coordinates":[[8.495673,47.368094],[8.495285,47.368017],[8.495116,47.367913],[8.495092,47.367872]]}},{"type":"Feature","properties":{"mode":"bus","n":7,"arr":["46","78","80","485","N8","N13","N46"],"lines":"46, 78, 80, 485, N8, N13, N46"},"geometry":{"type":"LineString","coordinates":[[8.483275,47.414344],[8.483202,47.414273],[8.48286,47.414064],[8.481096,47.413628]]}},{"type":"Feature","properties":{"mode":"bus","n":6,"arr":["46","78","80","N8","N13","N46"],"lines":"46, 78, 80, N8, N13, N46"},"geometry":{"type":"LineString","coordinates":[[8.48286,47.414064],[8.483225,47.414084],[8.483357,47.414061],[8.483454,47.413992],[8.483583,47.413836]]}},{"type":"Feature","properties":{"mode":"bus","n":6,"arr":["46","78","80","N8","N13","N46"],"lines":"46, 78, 80, N8, N13, N46"},"geometry":{"type":"LineString","coordinates":[[8.483974,47.412169],[8.483828,47.412352],[8.483748,47.412523],[8.483533,47.414319],[8.483525,47.414339],[8.483506,47.41435],[8.483476,47.414353],[8.483275,47.414344]]}},{"type":"Feature","properties":{"mode":"bus","n":5,"arr":["46","80","N8","N13","N46"],"lines":"46, 80, N8, N13, N46"},"geometry":{"type":"LineString","coordinates":[[8.496162,47.403999],[8.494977,47.404368],[8.491585,47.406006],[8.491415,47.406132],[8.48996,47.407423],[8.488383,47.409086],[8.488022,47.409342],[8.486826,47.409959],[8.486539,47.410146],[8.485429,47.411218],[8.4851,47.41143],[8.484354,47.411852],[8.484153,47.411991],[8.483974,47.412169]]}},{"type":"Feature","properties":{"mode":"bus","n":6,"arr":["38","46","80","N8","N13","N46"],"lines":"38, 46, 80, N8, N13, N46"},"geometry":{"type":"LineString","coordinates":[[8.499357,47.402324],[8.498526,47.402762],[8.498029,47.403138],[8.497799,47.403276],[8.496431,47.403908],[8.496162,47.403999]]}},{"type":"Feature","properties":{"mode":"bus","n":5,"arr":["72","83","N7","N9","N10"],"lines":"72, 83, N7, N9, N10"},"geometry":{"type":"LineString","coordinates":[[8.541899,47.398248],[8.541613,47.397776],[8.541612,47.397682],[8.541242,47.397111],[8.541126,47.397028]]}},{"type":"Feature","properties":{"mode":"bus","n":8,"arr":["69","72","83","N7","N9","N10","N15","N18"],"lines":"69, 72, 83, N7, N9, N10, N15, N18"},"geometry":{"type":"LineString","coordinates":[[8.54231,47.398906],[8.541899,47.398248]]}},{"type":"Feature","properties":{"mode":"bus","n":8,"arr":["69","72","83","N7","N9","N10","N15","N18"],"lines":"69, 72, 83, N7, N9, N10, N15, N18"},"geometry":{"type":"LineString","coordinates":[[8.541126,47.397028],[8.541016,47.396856]]}},{"type":"Feature","properties":{"mode":"bus","n":5,"arr":["69","72","83","N15","N18"],"lines":"69, 72, 83, N15, N18"},"geometry":{"type":"LineString","coordinates":[[8.539155,47.398676],[8.53944,47.398691],[8.540104,47.398778],[8.542,47.399083],[8.54212,47.399115],[8.54215,47.399119],[8.542177,47.399114],[8.5422,47.399099],[8.542271,47.399031],[8.54231,47.398906]]}},{"type":"Feature","properties":{"mode":"bus","n":6,"arr":["69","72","83","N9","N15","N18"],"lines":"69, 72, 83, N9, N15, N18"},"geometry":{"type":"LineString","coordinates":[[8.535613,47.398187],[8.536262,47.398199],[8.53744,47.398381],[8.537825,47.398472],[8.539155,47.398676]]}},{"type":"Feature","properties":{"mode":"bus","n":6,"arr":["69","72","83","N9","N15","N18"],"lines":"69, 72, 83, N9, N15, N18"},"geometry":{"type":"LineString","coordinates":[[8.540895,47.39691],[8.540744,47.396989],[8.539289,47.39853],[8.539267,47.398546],[8.53924,47.398553],[8.539208,47.398552],[8.536083,47.398082],[8.535715,47.398008],[8.534757,47.397969],[8.534252,47.397925],[8.533028,47.397685],[8.532743,47.397783],[8.532626,47.397865],[8.532497,47.39802]]}},{"type":"Feature","properties":{"mode":"bus","n":6,"arr":["69","72","83","N9","N15","N18"],"lines":"69, 72, 83, N9, N15, N18"},"geometry":{"type":"LineString","coordinates":[[8.533694,47.398778],[8.533449,47.398781],[8.533364,47.398737],[8.533337,47.398665],[8.533599,47.397944],[8.533697,47.397893],[8.533803,47.397885],[8.533974,47.39789],[8.534022,47.397899],[8.534061,47.39792],[8.534154,47.397997],[8.534218,47.398108],[8.534199,47.398304],[8.534041,47.398679],[8.533933,47.398778],[8.533747,47.398857],[8.53318,47.398807]]}},{"type":"Feature","properties":{"mode":"bus","n":5,"arr":["72","83","N9","N15","N18"],"lines":"72, 83, N9, N15, N18"},"geometry":{"type":"LineString","coordinates":[[8.532497,47.39802],[8.532365,47.397722],[8.532134,47.397611],[8.531206,47.397343],[8.530847,47.397188],[8.530326,47.397022],[8.528308,47.39645],[8.527279,47.396214],[8.527034,47.396131],[8.526346,47.395697],[8.52616,47.395549],[8.525974,47.395338],[8.525479,47.394659]]}},{"type":"Feature","properties":{"mode":"bus","n":5,"arr":["72","83","N9","N15","N18"],"lines":"72, 83, N9, N15, N18"},"geometry":{"type":"LineString","coordinates":[[8.525669,47.394652],[8.525729,47.39486],[8.526151,47.395442],[8.526437,47.395678],[8.527007,47.396051],[8.527147,47.396116],[8.528264,47.396367],[8.530318,47.39695],[8.530557,47.396966],[8.532517,47.397519]]}},{"type":"Feature","properties":{"mode":"bus","n":11,"arr":["67","72","215","220","235","236","245","N9","N14","N15","N18"],"lines":"67, 72, 215, 220, 235, 236, 245, N9, N14, N15, N18"},"geometry":{"type":"LineString","coordinates":[[8.520117,47.369855],[8.517324,47.370635],[8.517075,47.370669],[8.516782,47.370647]]}},{"type":"Feature","properties":{"mode":"bus","n":5,"arr":["72","76","EV1","EV3","N15"],"lines":"72, 76, EV1, EV3, N15"},"geometry":{"type":"LineString","coordinates":[[8.516408,47.358897],[8.516397,47.359118],[8.516568,47.360031],[8.516653,47.36033],[8.516855,47.360746],[8.51704,47.360952],[8.518159,47.361931],[8.519032,47.362749]]}},{"type":"Feature","properties":{"mode":"bus","n":5,"arr":["72","89","N2","N5","N15"],"lines":"72, 89, N2, N5, N15"},"geometry":{"type":"LineString","coordinates":[[8.52185,47.357775],[8.521754,47.357656]]}},{"type":"Feature","properties":{"mode":"bus","n":7,"arr":["72","89","200","210","N2","N5","N15"],"lines":"72, 89, 200, 210, N2, N5, N15"},"geometry":{"type":"LineString","coordinates":[[8.521899,47.3583],[8.52185,47.357775]]}},{"type":"Feature","properties":{"mode":"bus","n":5,"arr":["72","200","210","N5","N15"],"lines":"72, 200, 210, N5, N15"},"geometry":{"type":"LineString","coordinates":[[8.522357,47.359334],[8.521972,47.358846],[8.521929,47.358718],[8.521899,47.3583]]}},{"type":"Feature","properties":{"mode":"bus","n":6,"arr":["72","200","210","N5","N15","N18"],"lines":"72, 200, 210, N5, N15, N18"},"geometry":{"type":"LineString","coordinates":[[8.525504,47.36129],[8.524872,47.360909],[8.523774,47.360304],[8.523605,47.360235],[8.522978,47.360051]]}},{"type":"Feature","properties":{"mode":"bus","n":7,"arr":["66","72","200","210","N5","N15","N18"],"lines":"66, 72, 200, 210, N5, N15, N18"},"geometry":{"type":"LineString","coordinates":[[8.526231,47.361786],[8.525504,47.36129]]}},{"type":"Feature","properties":{"mode":"bus","n":7,"arr":["40","69","72","83","N9","N15","N18"],"lines":"40, 69, 72, 83, N9, N15, N18"},"geometry":{"type":"LineString","coordinates":[[8.532942,47.398621],[8.533216,47.39786]]}},{"type":"Feature","properties":{"mode":"bus","n":7,"arr":["69","72","83","N9","N10","N15","N18"],"lines":"69, 72, 83, N9, N10, N15, N18"},"geometry":{"type":"LineString","coordinates":[[8.541016,47.396856],[8.540895,47.39691]]}},{"type":"Feature","properties":{"mode":"bus","n":8,"arr":["45","78","80","83","89","N1","N8","N12"],"lines":"45, 78, 80, 83, 89, N1, N8, N12"},"geometry":{"type":"LineString","coordinates":[[8.487527,47.391258],[8.487407,47.39102],[8.487333,47.390487],[8.486839,47.389773]]}},{"type":"Feature","properties":{"mode":"bus","n":5,"arr":["45","78","83","89","N12"],"lines":"45, 78, 83, 89, N12"},"geometry":{"type":"LineString","coordinates":[[8.486839,47.389773],[8.488976,47.389002]]}},{"type":"Feature","properties":{"mode":"bus","n":5,"arr":["20","305","306","325","N36"],"lines":"20, 305, 306, 325, N36"},"geometry":{"type":"LineString","coordinates":[[8.404311,47.405519],[8.403936,47.405331],[8.403047,47.404726]]}},{"type":"Feature","properties":{"mode":"bus","n":9,"arr":["20","301","305","306","309","314","325","N34","N36"],"lines":"20, 301, 305, 306, 309, 314, 325, N34, N36"},"geometry":{"type":"LineString","coordinates":[[8.40469,47.405548],[8.404468,47.405552],[8.404311,47.405519]]}},{"type":"Feature","properties":{"mode":"bus","n":5,"arr":["20","314","317","N34","N36"],"lines":"20, 314, 317, N34, N36"},"geometry":{"type":"LineString","coordinates":[[8.41758,47.397706],[8.417767,47.396647],[8.417736,47.396232],[8.417575,47.395154],[8.417571,47.394719],[8.417653,47.394315],[8.417926,47.393322],[8.417999,47.393189],[8.418078,47.393132],[8.418114,47.393129],[8.418122,47.393128],[8.418127,47.393125],[8.41813,47.393121],[8.418129,47.393115],[8.418119,47.393082]]}},{"type":"Feature","properties":{"mode":"bus","n":8,"arr":["301","305","306","309","314","325","N34","N36"],"lines":"301, 305, 306, 309, 314, 325, N34, N36"},"geometry":{"type":"LineString","coordinates":[[8.404594,47.405814],[8.404709,47.405598],[8.40469,47.405548]]}},{"type":"Feature","properties":{"mode":"bus","n":5,"arr":["37","44","61","62","N2"],"lines":"37, 44, 61, 62, N2"},"geometry":{"type":"LineString","coordinates":[[8.507446,47.421296],[8.507342,47.421019],[8.506549,47.419781],[8.506508,47.419626],[8.506523,47.41953]]}},{"type":"Feature","properties":{"mode":"bus","n":5,"arr":["37","44","61","62","N2"],"lines":"37, 44, 61, 62, N2"},"geometry":{"type":"LineString","coordinates":[[8.507756,47.421837],[8.507718,47.421673],[8.507522,47.421355],[8.507473,47.421317],[8.507463,47.42131],[8.507455,47.421308],[8.50745,47.421309],[8.507446,47.421314],[8.507445,47.421323],[8.507442,47.421377],[8.507636,47.421696],[8.507756,47.421837]]}},{"type":"Feature","properties":{"mode":"bus","n":6,"arr":["37","44","61","62","492","N2"],"lines":"37, 44, 61, 62, 492, N2"},"geometry":{"type":"LineString","coordinates":[[8.506523,47.41953],[8.506514,47.419245],[8.506454,47.419116]]}},{"type":"Feature","properties":{"mode":"bus","n":5,"arr":["37","42","44","80","N8"],"lines":"37, 42, 44, 80, N8"},"geometry":{"type":"LineString","coordinates":[[8.509689,47.411649],[8.507964,47.411673],[8.507607,47.411504],[8.507135,47.411226],[8.507103,47.411108],[8.507126,47.411051],[8.507147,47.411026],[8.507183,47.41101],[8.507352,47.410967],[8.509068,47.410388],[8.509092,47.410376],[8.5091,47.410359],[8.509093,47.41034],[8.507926,47.408697]]}},{"type":"Feature","properties":{"mode":"bus","n":5,"arr":["37","42","44","80","N8"],"lines":"37, 42, 44, 80, N8"},"geometry":{"type":"LineString","coordinates":[[8.507733,47.408765],[8.508909,47.410441]]}},{"type":"Feature","properties":{"mode":"bus","n":5,"arr":["75","742","768","N10","N75"],"lines":"75, 742, 768, N10, N75"},"geometry":{"type":"LineString","coordinates":[[8.549771,47.422063],[8.549825,47.422076]]}},{"type":"Feature","properties":{"mode":"bus","n":5,"arr":["75","742","768","N10","N75"],"lines":"75, 742, 768, N10, N75"},"geometry":{"type":"LineString","coordinates":[[8.5508,47.422471],[8.550312,47.421854]]}},{"type":"Feature","properties":{"mode":"bus","n":7,"arr":["40","42","75","742","768","N10","N75"],"lines":"40, 42, 75, 742, 768, N10, N75"},"geometry":{"type":"LineString","coordinates":[[8.549825,47.422076],[8.549911,47.422056],[8.550269,47.421875],[8.550286,47.421864],[8.550292,47.421853],[8.550289,47.42184],[8.550276,47.421827],[8.550125,47.421714],[8.550045,47.421561],[8.550034,47.421547],[8.55002,47.42154],[8.550003,47.42154],[8.549981,47.421546],[8.549681,47.421668]]}},{"type":"Feature","properties":{"mode":"bus","n":7,"arr":["40","42","75","742","768","N10","N75"],"lines":"40, 42, 75, 742, 768, N10, N75"},"geometry":{"type":"LineString","coordinates":[[8.549589,47.421714],[8.549454,47.421835],[8.549441,47.421923],[8.549474,47.421953],[8.549771,47.422063]]}},{"type":"Feature","properties":{"mode":"bus","n":5,"arr":["40","42","75","768","N10"],"lines":"40, 42, 75, 768, N10"},"geometry":{"type":"LineString","coordinates":[[8.550027,47.421527],[8.548647,47.420178]]}},{"type":"Feature","properties":{"mode":"bus","n":5,"arr":["40","42","64","80","N8"],"lines":"40, 42, 64, 80, N8"},"geometry":{"type":"LineString","coordinates":[[8.530275,47.413466],[8.531832,47.413284]]}},{"type":"Feature","properties":{"mode":"bus","n":6,"arr":["40","42","75","742","768","N10"],"lines":"40, 42, 75, 742, 768, N10"},"geometry":{"type":"LineString","coordinates":[[8.549681,47.421668],[8.549589,47.421714]]}},{"type":"Feature","properties":{"mode":"bus","n":8,"arr":["45","78","80","89","307","485","N8","N17"],"lines":"45, 78, 80, 89, 307, 485, N8, N17"},"geometry":{"type":"LineString","coordinates":[[8.493234,47.394182],[8.492899,47.393274]]}},{"type":"Feature","properties":{"mode":"bus","n":6,"arr":["45","78","80","89","N8","N17"],"lines":"45, 78, 80, 89, N8, N17"},"geometry":{"type":"LineString","coordinates":[[8.492899,47.393274],[8.491925,47.390635]]}},{"type":"Feature","properties":{"mode":"bus","n":6,"arr":["45","78","80","89","N8","N17"],"lines":"45, 78, 80, 89, N8, N17"},"geometry":{"type":"LineString","coordinates":[[8.489627,47.390611],[8.489693,47.390817],[8.489709,47.39105],[8.489802,47.391123],[8.489952,47.391157],[8.490389,47.391069],[8.491979,47.390625],[8.492001,47.390621],[8.492019,47.390623],[8.492032,47.390632],[8.492041,47.390646],[8.492983,47.393204]]}},{"type":"Feature","properties":{"mode":"bus","n":5,"arr":["45","78","80","89","N8"],"lines":"45, 78, 80, 89, N8"},"geometry":{"type":"LineString","coordinates":[[8.492983,47.393204],[8.493054,47.393393]]}},{"type":"Feature","properties":{"mode":"bus","n":6,"arr":["45","78","80","89","307","N8"],"lines":"45, 78, 80, 89, 307, N8"},"geometry":{"type":"LineString","coordinates":[[8.493054,47.393393],[8.493336,47.394158]]}},{"type":"Feature","properties":{"mode":"bus","n":8,"arr":["61","62","768","781","787","N12","N75","N79"],"lines":"61, 62, 768, 781, 787, N12, N75, N79"},"geometry":{"type":"LineString","coordinates":[[8.545795,47.411116],[8.545621,47.411534]]}},{"type":"Feature","properties":{"mode":"bus","n":8,"arr":["61","62","75","768","781","787","N75","N79"],"lines":"61, 62, 75, 768, 781, 787, N75, N79"},"geometry":{"type":"LineString","coordinates":[[8.545795,47.411116],[8.546836,47.411256]]}},{"type":"Feature","properties":{"mode":"bus","n":5,"arr":["61","62","75","N9","N10"],"lines":"61, 62, 75, N9, N10"},"geometry":{"type":"LineString","coordinates":[[8.546836,47.411256],[8.546827,47.411067],[8.546769,47.410942],[8.546463,47.410539],[8.546107,47.410182]]}},{"type":"Feature","properties":{"mode":"bus","n":6,"arr":["61","62","75","787","N9","N12"],"lines":"61, 62, 75, 787, N9, N12"},"geometry":{"type":"LineString","coordinates":[[8.572245,47.410589],[8.57175,47.410722],[8.571482,47.410819],[8.571159,47.410977],[8.570951,47.411114]]}},{"type":"Feature","properties":{"mode":"bus","n":5,"arr":["64","75","80","N8","N75"],"lines":"64, 75, 80, N8, N75"},"geometry":{"type":"LineString","coordinates":[[8.537779,47.412935],[8.538093,47.412975],[8.538367,47.413058],[8.540124,47.413733],[8.540927,47.414016],[8.541247,47.414045],[8.544207,47.41392]]}},{"type":"Feature","properties":{"mode":"bus","n":6,"arr":["66","70","184","185","N15","N18"],"lines":"66, 70, 184, 185, N15, N18"},"geometry":{"type":"LineString","coordinates":[[8.530098,47.343646],[8.530063,47.343765],[8.530086,47.343859]]}},{"type":"Feature","properties":{"mode":"bus","n":6,"arr":["66","70","184","185","N15","N18"],"lines":"66, 70, 184, 185, N15, N18"},"geometry":{"type":"LineString","coordinates":[[8.530734,47.342979],[8.530887,47.342782],[8.530935,47.342594],[8.53067,47.341878]]}},{"type":"Feature","properties":{"mode":"bus","n":6,"arr":["66","70","184","185","N15","N18"],"lines":"66, 70, 184, 185, N15, N18"},"geometry":{"type":"LineString","coordinates":[[8.530098,47.343646],[8.530192,47.343518],[8.530704,47.343009],[8.530712,47.343],[8.530716,47.342995],[8.530717,47.342993],[8.530714,47.342993],[8.530707,47.342997],[8.530696,47.343004],[8.530583,47.343078],[8.530137,47.343511],[8.530098,47.343646]]}},{"type":"Feature","properties":{"mode":"bus","n":7,"arr":["67","215","220","235","236","245","N14"],"lines":"67, 215, 220, 235, 236, 245, N14"},"geometry":{"type":"LineString","coordinates":[[8.516782,47.370647],[8.513338,47.370236]]}},{"type":"Feature","properties":{"mode":"bus","n":8,"arr":["67","215","220","235","236","245","N9","N14"],"lines":"67, 215, 220, 235, 236, 245, N9, N14"},"geometry":{"type":"LineString","coordinates":[[8.524349,47.371354],[8.523524,47.371123],[8.521562,47.370427],[8.521243,47.370295],[8.520441,47.369889],[8.520257,47.369849],[8.520117,47.369855]]}},{"type":"Feature","properties":{"mode":"bus","n":6,"arr":["67","215","220","235","236","245"],"lines":"67, 215, 220, 235, 236, 245"},"geometry":{"type":"LineString","coordinates":[[8.524146,47.371452],[8.524349,47.371354]]}},{"type":"Feature","properties":{"mode":"bus","n":8,"arr":["67","215","220","235","236","245","N2","N12"],"lines":"67, 215, 220, 235, 236, 245, N2, N12"},"geometry":{"type":"LineString","coordinates":[[8.510215,47.369892],[8.510202,47.369978]]}},{"type":"Feature","properties":{"mode":"bus","n":6,"arr":["70","161","165","184","185","N16"],"lines":"70, 161, 165, 184, 185, N16"},"geometry":{"type":"LineString","coordinates":[[8.533478,47.344996],[8.533515,47.345136],[8.5335,47.345234],[8.533074,47.346329],[8.53283,47.347355]]}},{"type":"Feature","properties":{"mode":"bus","n":5,"arr":["70","184","185","N15","N18"],"lines":"70, 184, 185, N15, N18"},"geometry":{"type":"LineString","coordinates":[[8.530487,47.341414],[8.530454,47.341326]]}},{"type":"Feature","properties":{"mode":"bus","n":8,"arr":["75","768","781","787","N9","N10","N75","N79"],"lines":"75, 768, 781, 787, N9, N10, N75, N79"},"geometry":{"type":"LineString","coordinates":[[8.546179,47.413059],[8.546308,47.412827],[8.546836,47.411256]]}},{"type":"Feature","properties":{"mode":"bus","n":5,"arr":["76","89","EV1","EV3","N2"],"lines":"76, 89, EV1, EV3, N2"},"geometry":{"type":"LineString","coordinates":[[8.516408,47.358897],[8.516288,47.358874],[8.516175,47.358822],[8.514756,47.357949],[8.514578,47.357792],[8.514412,47.357592],[8.51416,47.357086]]}},{"type":"Feature","properties":{"mode":"bus","n":5,"arr":["76","89","EV1","EV3","N2"],"lines":"76, 89, EV1, EV3, N2"},"geometry":{"type":"LineString","coordinates":[[8.513815,47.356387],[8.512789,47.354301],[8.512581,47.354009],[8.512184,47.35364]]}},{"type":"Feature","properties":{"mode":"bus","n":9,"arr":["76","215","220","235","236","245","EV1","EV3","N14"],"lines":"76, 215, 220, 235, 236, 245, EV1, EV3, N14"},"geometry":{"type":"LineString","coordinates":[[8.501283,47.36883],[8.500308,47.368713],[8.496707,47.368212],[8.496583,47.368238],[8.496069,47.368202]]}},{"type":"Feature","properties":{"mode":"bus","n":9,"arr":["76","215","220","235","236","245","EV1","EV3","N14"],"lines":"76, 215, 220, 235, 236, 245, EV1, EV3, N14"},"geometry":{"type":"LineString","coordinates":[[8.49479,47.367907],[8.494497,47.367636],[8.493282,47.367108],[8.492944,47.366993],[8.492673,47.366949],[8.492283,47.366934],[8.491982,47.366949],[8.491475,47.367013],[8.490706,47.367166],[8.489365,47.367623],[8.488996,47.367709],[8.488464,47.367764],[8.487499,47.367756],[8.487002,47.367792],[8.483477,47.368547],[8.481805,47.369116],[8.481554,47.369222],[8.481315,47.369345],[8.480497,47.36988],[8.480181,47.37003],[8.479707,47.370179],[8.4791,47.370271],[8.477638,47.370287],[8.47684,47.37034],[8.475971,47.370497],[8.474526,47.370881],[8.473925,47.370965],[8.473444,47.37099],[8.472813,47.37096],[8.470313,47.370671],[8.46958,47.370537],[8.467093,47.369605],[8.464568,47.368943],[8.464166,47.368744],[8.462955,47.367952]]}},{"type":"Feature","properties":{"mode":"bus","n":9,"arr":["76","215","220","235","236","245","EV1","EV3","N14"],"lines":"76, 215, 220, 235, 236, 245, EV1, EV3, N14"},"geometry":{"type":"LineString","coordinates":[[8.494977,47.367827],[8.494497,47.367636]]}},{"type":"Feature","properties":{"mode":"bus","n":9,"arr":["76","215","220","235","236","245","EV1","EV3","N14"],"lines":"76, 215, 220, 235, 236, 245, EV1, EV3, N14"},"geometry":{"type":"LineString","coordinates":[[8.495802,47.368087],[8.495963,47.368077],[8.496707,47.368212]]}},{"type":"Feature","properties":{"mode":"bus","n":10,"arr":["76","80","215","220","235","236","245","EV1","EV3","N14"],"lines":"76, 80, 215, 220, 235, 236, 245, EV1, EV3, N14"},"geometry":{"type":"LineString","coordinates":[[8.496069,47.368202],[8.495697,47.36824]]}},{"type":"Feature","properties":{"mode":"bus","n":10,"arr":["76","80","215","220","235","236","245","EV1","EV3","N14"],"lines":"76, 80, 215, 220, 235, 236, 245, EV1, EV3, N14"},"geometry":{"type":"LineString","coordinates":[[8.495176,47.368222],[8.494934,47.368073],[8.49479,47.367907]]}},{"type":"Feature","properties":{"mode":"bus","n":8,"arr":["76","201","220","235","236","EV1","EV3","N14"],"lines":"76, 201, 220, 235, 236, EV1, EV3, N14"},"geometry":{"type":"LineString","coordinates":[[8.462955,47.367952],[8.4627,47.367756],[8.462575,47.367613],[8.462021,47.366739]]}},{"type":"Feature","properties":{"mode":"bus","n":6,"arr":["76","201","235","236","EV1","EV3"],"lines":"76, 201, 235, 236, EV1, EV3"},"geometry":{"type":"LineString","coordinates":[[8.462021,47.366739],[8.462189,47.36667],[8.462225,47.366595],[8.46223,47.366562],[8.462212,47.366531],[8.461868,47.36619],[8.461736,47.365946],[8.461715,47.365639],[8.461839,47.365354],[8.462005,47.365165],[8.462296,47.36494],[8.463319,47.364462],[8.463549,47.364309],[8.463726,47.364147],[8.463895,47.363942],[8.464082,47.363571],[8.464131,47.363185],[8.464067,47.362875],[8.463534,47.361898]]}},{"type":"Feature","properties":{"mode":"bus","n":5,"arr":["76","80","EV1","EV3","N33"],"lines":"76, 80, EV1, EV3, N33"},"geometry":{"type":"LineString","coordinates":[[8.495666,47.368036],[8.495397,47.367991],[8.495164,47.367879],[8.495092,47.367872]]}},{"type":"Feature","properties":{"mode":"bus","n":5,"arr":["76","80","EV1","EV3","N8"],"lines":"76, 80, EV1, EV3, N8"},"geometry":{"type":"LineString","coordinates":[[8.495666,47.368036],[8.495802,47.368087]]}},{"type":"Feature","properties":{"mode":"bus","n":6,"arr":["215","220","235","236","245","N14"],"lines":"215, 220, 235, 236, 245, N14"},"geometry":{"type":"LineString","coordinates":[[8.495802,47.368087],[8.495673,47.368094]]}},{"type":"Feature","properties":{"mode":"bus","n":5,"arr":["78","80","89","485","N8"],"lines":"78, 80, 89, 485, N8"},"geometry":{"type":"LineString","coordinates":[[8.481775,47.405147],[8.483077,47.404948],[8.483607,47.404818],[8.484878,47.404274],[8.485053,47.404157],[8.485444,47.403973],[8.486382,47.403098],[8.486882,47.402714],[8.48712,47.402573],[8.48765,47.402319],[8.488168,47.402111],[8.489551,47.401646],[8.490567,47.401242],[8.49103,47.401083],[8.493907,47.400302],[8.494146,47.400226],[8.494283,47.40012],[8.495061,47.399849],[8.49531,47.399792],[8.495327,47.399786],[8.495335,47.399778],[8.495335,47.399768],[8.495326,47.399757],[8.495276,47.39971],[8.495218,47.399589],[8.493234,47.394182]]}},{"type":"Feature","properties":{"mode":"bus","n":6,"arr":["78","80","89","485","N8","N13"],"lines":"78, 80, 89, 485, N8, N13"},"geometry":{"type":"LineString","coordinates":[[8.480986,47.405837],[8.480799,47.405511],[8.480757,47.405376],[8.480765,47.405268],[8.480773,47.405247],[8.480791,47.405234],[8.480821,47.405228],[8.481775,47.405147]]}},{"type":"Feature","properties":{"mode":"bus","n":5,"arr":["78","89","485","N8","N13"],"lines":"78, 89, 485, N8, N13"},"geometry":{"type":"LineString","coordinates":[[8.480986,47.405837],[8.481395,47.405717],[8.481629,47.405614],[8.481818,47.405359],[8.481775,47.405147]]}},{"type":"Feature","properties":{"mode":"bus","n":5,"arr":["78","80","485","N8","N13"],"lines":"78, 80, 485, N8, N13"},"geometry":{"type":"LineString","coordinates":[[8.480974,47.413598],[8.479941,47.413314],[8.478758,47.412962],[8.478538,47.412874],[8.478206,47.412671],[8.478069,47.412526],[8.477961,47.412339],[8.47792,47.412137],[8.477949,47.411932],[8.478018,47.411775],[8.478147,47.411612],[8.478417,47.411381],[8.479,47.411023],[8.479474,47.41065],[8.479636,47.410402],[8.479686,47.410183],[8.479679,47.410069],[8.479603,47.409856],[8.479442,47.409652],[8.479215,47.409471],[8.478414,47.40902],[8.478198,47.408851],[8.478086,47.4087],[8.477983,47.408403],[8.477986,47.408236],[8.478042,47.408056],[8.478118,47.40792],[8.478274,47.407765],[8.478417,47.407663],[8.478703,47.407523],[8.47915,47.407387],[8.480949,47.406922],[8.481107,47.406835],[8.481228,47.406733],[8.481299,47.406627],[8.481317,47.406418],[8.481295,47.40632],[8.480986,47.405837]]}},{"type":"Feature","properties":{"mode":"bus","n":5,"arr":["89","200","210","N2","N5"],"lines":"89, 200, 210, N2, N5"},"geometry":{"type":"LineString","coordinates":[[8.523221,47.358097],[8.522839,47.358361],[8.522798,47.358379],[8.522749,47.358382],[8.521899,47.3583]]}},{"type":"Feature","properties":{"mode":"bus","n":6,"arr":["99","910","912","916","N4","N91"],"lines":"99, 910, 912, 916, N4, N91"},"geometry":{"type":"LineString","coordinates":[[8.577265,47.334894],[8.577193,47.334639],[8.577049,47.334408],[8.576837,47.334179],[8.576683,47.334073],[8.575383,47.333438],[8.575089,47.333372],[8.574809,47.333402],[8.574579,47.333485],[8.573442,47.334443],[8.57304,47.334878],[8.572927,47.335066],[8.57261,47.336012],[8.572363,47.33651],[8.572333,47.336727],[8.572391,47.337137],[8.572357,47.33725],[8.572267,47.337348],[8.571985,47.337557],[8.571752,47.337793],[8.571577,47.338087],[8.571479,47.338532],[8.571391,47.338613],[8.571324,47.338658],[8.571306,47.338667],[8.571288,47.33867],[8.57127,47.338667],[8.571253,47.338657],[8.570989,47.338475],[8.570859,47.338319],[8.570967,47.337022],[8.570955,47.336949],[8.570863,47.336845],[8.570721,47.336795],[8.570638,47.336789],[8.570484,47.33682],[8.570415,47.336859],[8.569814,47.337735]]}},{"type":"Feature","properties":{"mode":"bus","n":7,"arr":["132","133","134","136","137","145","N25"],"lines":"132, 133, 134, 136, 137, 145, N25"},"geometry":{"type":"LineString","coordinates":[[8.596432,47.26158],[8.596571,47.261561],[8.596623,47.261526],[8.596626,47.261482],[8.596621,47.26146],[8.5966,47.261444],[8.596575,47.261431],[8.596545,47.261422],[8.596512,47.261422],[8.595581,47.261547]]}},{"type":"Feature","properties":{"mode":"bus","n":6,"arr":["140","142","145","156","240","N16"],"lines":"140, 142, 145, 156, 240, N16"},"geometry":{"type":"LineString","coordinates":[[8.566097,47.293093],[8.566016,47.29322],[8.564724,47.294703],[8.564177,47.295217],[8.562953,47.296495]]}},{"type":"Feature","properties":{"mode":"bus","n":5,"arr":["140","145","156","240","N16"],"lines":"140, 145, 156, 240, N16"},"geometry":{"type":"LineString","coordinates":[[8.565556,47.291416],[8.565641,47.291463],[8.565711,47.291566],[8.565819,47.292065],[8.565796,47.292339],[8.565677,47.292796],[8.565781,47.292943],[8.566097,47.293093]]}},{"type":"Feature","properties":{"mode":"bus","n":5,"arr":["151","152","153","N15","N18"],"lines":"151, 152, 153, N15, N18"},"geometry":{"type":"LineString","coordinates":[[8.524395,47.31131],[8.524394,47.311149]]}},{"type":"Feature","properties":{"mode":"bus","n":5,"arr":["151","152","153","N15","N18"],"lines":"151, 152, 153, N15, N18"},"geometry":{"type":"LineString","coordinates":[[8.524398,47.311528],[8.524405,47.311823]]}},{"type":"Feature","properties":{"mode":"bus","n":8,"arr":["151","152","153","156","184","185","N15","N18"],"lines":"151, 152, 153, 156, 184, 185, N15, N18"},"geometry":{"type":"LineString","coordinates":[[8.524394,47.311149],[8.524493,47.311006],[8.524629,47.310937],[8.524839,47.310912],[8.52552,47.310897]]}},{"type":"Feature","properties":{"mode":"bus","n":8,"arr":["151","152","153","156","184","185","N15","N18"],"lines":"151, 152, 153, 156, 184, 185, N15, N18"},"geometry":{"type":"LineString","coordinates":[[8.524405,47.311823],[8.524477,47.31188],[8.524561,47.311903],[8.524662,47.311892],[8.525005,47.311785],[8.525549,47.311741]]}},{"type":"Feature","properties":{"mode":"bus","n":7,"arr":["151","152","153","156","184","185","N15"],"lines":"151, 152, 153, 156, 184, 185, N15"},"geometry":{"type":"LineString","coordinates":[[8.525549,47.311741],[8.52552,47.310897]]}},{"type":"Feature","properties":{"mode":"bus","n":7,"arr":["200","210","220","221","229","EV2","N23"],"lines":"200, 210, 220, 221, 229, EV2, N23"},"geometry":{"type":"LineString","coordinates":[[8.474653,47.33476],[8.474706,47.334691],[8.474692,47.334535],[8.47433,47.333266],[8.474094,47.330535],[8.47399,47.330232],[8.473877,47.330075],[8.473597,47.329845],[8.472362,47.32914],[8.470082,47.327961],[8.469449,47.327586],[8.469042,47.327279],[8.468829,47.327027],[8.468701,47.326799]]}},{"type":"Feature","properties":{"mode":"bus","n":10,"arr":["200","205","210","220","221","227","228","229","EV2","N23"],"lines":"200, 205, 210, 220, 221, 227, 228, 229, EV2, N23"},"geometry":{"type":"LineString","coordinates":[[8.468644,47.326806],[8.468681,47.326801],[8.468692,47.326799],[8.468697,47.326793],[8.468698,47.326785],[8.46858,47.326232]]}},{"type":"Feature","properties":{"mode":"bus","n":8,"arr":["200","210","220","227","228","229","EV2","N23"],"lines":"200, 210, 220, 227, 228, 229, EV2, N23"},"geometry":{"type":"LineString","coordinates":[[8.468493,47.326153],[8.468554,47.326148]]}},{"type":"Feature","properties":{"mode":"bus","n":5,"arr":["200","205","210","228","N23"],"lines":"200, 205, 210, 228, N23"},"geometry":{"type":"LineString","coordinates":[[8.468554,47.326148],[8.468447,47.325518],[8.468046,47.324453],[8.467905,47.323942],[8.467711,47.322654],[8.467681,47.322255],[8.467713,47.321776],[8.468138,47.319462],[8.468161,47.318809],[8.468142,47.318678],[8.467997,47.318365],[8.467812,47.31813],[8.467577,47.317931],[8.466907,47.31756],[8.466584,47.317401],[8.466242,47.317266],[8.46589,47.317178],[8.46554,47.31712],[8.465168,47.317095],[8.464171,47.317151],[8.463507,47.317134],[8.462901,47.317052],[8.462418,47.316899]]}},{"type":"Feature","properties":{"mode":"bus","n":9,"arr":["200","205","210","220","227","228","229","EV2","N23"],"lines":"200, 205, 210, 220, 227, 228, 229, EV2, N23"},"geometry":{"type":"LineString","coordinates":[[8.468554,47.326148],[8.46858,47.326232]]}},{"type":"Feature","properties":{"mode":"bus","n":8,"arr":["205","220","221","227","228","229","EV2","N23"],"lines":"205, 220, 221, 227, 228, 229, EV2, N23"},"geometry":{"type":"LineString","coordinates":[[8.468363,47.326203],[8.468456,47.32673],[8.468524,47.326787],[8.468549,47.326801],[8.46858,47.326805],[8.468644,47.326806]]}},{"type":"Feature","properties":{"mode":"bus","n":5,"arr":["215","220","235","236","245"],"lines":"215, 220, 235, 236, 245"},"geometry":{"type":"LineString","coordinates":[[8.524072,47.371546],[8.524143,47.371499],[8.524146,47.371452]]}},{"type":"Feature","properties":{"mode":"bus","n":6,"arr":["215","220","235","236","245","N2"],"lines":"215, 220, 235, 236, 245, N2"},"geometry":{"type":"LineString","coordinates":[[8.510215,47.369892],[8.510008,47.369802],[8.508499,47.369628],[8.508301,47.36966],[8.508284,47.369663],[8.508275,47.369668],[8.508274,47.369673],[8.50828,47.36968],[8.508294,47.369687],[8.508478,47.369762],[8.508581,47.36978],[8.510202,47.369978]]}},{"type":"Feature","properties":{"mode":"bus","n":6,"arr":["215","220","235","236","245","N2"],"lines":"215, 220, 235, 236, 245, N2"},"geometry":{"type":"LineString","coordinates":[[8.507064,47.369524],[8.506815,47.36956],[8.506054,47.369472],[8.505388,47.369369],[8.505114,47.369296],[8.505101,47.369292],[8.505093,47.369289],[8.505091,47.369286],[8.505094,47.369283],[8.505103,47.369282],[8.505118,47.369281],[8.505415,47.369268],[8.506851,47.369424],[8.507064,47.369524]]}},{"type":"Feature","properties":{"mode":"bus","n":5,"arr":["215","245","314","EV2","N22"],"lines":"215, 245, 314, EV2, N22"},"geometry":{"type":"LineString","coordinates":[[8.437133,47.353722],[8.436815,47.353264]]}},{"type":"Feature","properties":{"mode":"bus","n":7,"arr":["215","220","235","236","245","N9","N14"],"lines":"215, 220, 235, 236, 245, N9, N14"},"geometry":{"type":"LineString","coordinates":[[8.524498,47.371401],[8.524349,47.371354]]}},{"type":"Feature","properties":{"mode":"bus","n":6,"arr":["220","227","228","229","EV2","N23"],"lines":"220, 227, 228, 229, EV2, N23"},"geometry":{"type":"LineString","coordinates":[[8.468363,47.326203],[8.46841,47.326166],[8.468493,47.326153]]}},{"type":"Feature","properties":{"mode":"bus","n":5,"arr":["301","306","309","325","N34"],"lines":"301, 306, 309, 325, N34"},"geometry":{"type":"LineString","coordinates":[[8.404534,47.405928],[8.404564,47.405871]]}},{"type":"Feature","properties":{"mode":"bus","n":5,"arr":["301","306","309","325","N34"],"lines":"301, 306, 309, 325, N34"},"geometry":{"type":"LineString","coordinates":[[8.404204,47.4057],[8.404238,47.405644]]}},{"type":"Feature","properties":{"mode":"bus","n":7,"arr":["301","305","306","309","325","N34","N36"],"lines":"301, 305, 306, 309, 325, N34, N36"},"geometry":{"type":"LineString","coordinates":[[8.404564,47.405871],[8.404594,47.405814]]}},{"type":"Feature","properties":{"mode":"bus","n":7,"arr":["301","305","306","309","314","325","N34"],"lines":"301, 305, 306, 309, 314, 325, N34"},"geometry":{"type":"LineString","coordinates":[[8.404272,47.405588],[8.404311,47.405519]]}},{"type":"Feature","properties":{"mode":"bus","n":6,"arr":["301","306","309","314","325","N34"],"lines":"301, 306, 309, 314, 325, N34"},"geometry":{"type":"LineString","coordinates":[[8.404238,47.405644],[8.404272,47.405588]]}},{"type":"Feature","properties":{"mode":"bus","n":5,"arr":["302","307","317","N30","N34"],"lines":"302, 307, 317, N30, N34"},"geometry":{"type":"LineString","coordinates":[[8.448587,47.399314],[8.448702,47.398608],[8.448766,47.398409],[8.448783,47.398205],[8.448711,47.398086]]}},{"type":"Feature","properties":{"mode":"bus","n":5,"arr":["302","307","317","EV2","N34"],"lines":"302, 307, 317, EV2, N34"},"geometry":{"type":"LineString","coordinates":[[8.448169,47.398013],[8.447904,47.397982]]}},{"type":"Feature","properties":{"mode":"bus","n":5,"arr":["451","452","485","491","492"],"lines":"451, 452, 485, 491, 492"},"geometry":{"type":"LineString","coordinates":[[8.469187,47.42913],[8.468402,47.429298],[8.467731,47.429393],[8.465811,47.42956],[8.465781,47.429567],[8.465764,47.42958],[8.465758,47.429601],[8.465753,47.429985],[8.465804,47.43028],[8.466261,47.43141],[8.46637,47.431602],[8.466538,47.431803]]}},{"type":"Feature","properties":{"mode":"bus","n":5,"arr":["451","452","485","491","492"],"lines":"451, 452, 485, 491, 492"},"geometry":{"type":"LineString","coordinates":[[8.466552,47.431819],[8.466822,47.432101],[8.467415,47.43264],[8.467438,47.432655],[8.467465,47.43266],[8.467496,47.432655],[8.468243,47.43245],[8.470879,47.431816]]}},{"type":"Feature","properties":{"mode":"bus","n":7,"arr":["451","453","454","456","485","492","N45"],"lines":"451, 453, 454, 456, 485, 492, N45"},"geometry":{"type":"LineString","coordinates":[[8.472556,47.436798],[8.471126,47.437529]]}},{"type":"Feature","properties":{"mode":"bus","n":9,"arr":["510","530","531","732","735","736","759","768","N10"],"lines":"510, 530, 531, 732, 735, 736, 759, 768, N10"},"geometry":{"type":"LineString","coordinates":[[8.56348,47.449628],[8.56351,47.449564]]}},{"type":"Feature","properties":{"mode":"bus","n":10,"arr":["510","524","530","531","732","735","736","759","768","N10"],"lines":"510, 524, 530, 531, 732, 735, 736, 759, 768, N10"},"geometry":{"type":"LineString","coordinates":[[8.56351,47.449564],[8.563537,47.449503]]}},{"type":"Feature","properties":{"mode":"bus","n":12,"arr":["510","520","521","524","530","531","732","735","736","759","768","N10"],"lines":"510, 520, 521, 524, 530, 531, 732, 735, 736, 759, 768, N10"},"geometry":{"type":"LineString","coordinates":[[8.563708,47.449237],[8.563537,47.449503]]}},{"type":"Feature","properties":{"mode":"bus","n":12,"arr":["510","520","521","524","530","531","732","735","736","759","768","N10"],"lines":"510, 520, 521, 524, 530, 531, 732, 735, 736, 759, 768, N10"},"geometry":{"type":"LineString","coordinates":[[8.563977,47.449787],[8.564155,47.449389]]}},{"type":"Feature","properties":{"mode":"bus","n":6,"arr":["520","521","524","732","734","N52"],"lines":"520, 521, 524, 732, 734, N52"},"geometry":{"type":"LineString","coordinates":[[8.583797,47.463234],[8.583183,47.463126],[8.582837,47.463042],[8.582618,47.462922],[8.582546,47.462823]]}},{"type":"Feature","properties":{"mode":"bus","n":6,"arr":["520","521","524","732","734","N52"],"lines":"520, 521, 524, 732, 734, N52"},"geometry":{"type":"LineString","coordinates":[[8.583823,47.463177],[8.582896,47.462985],[8.582546,47.462823],[8.582431,47.462616],[8.582258,47.461792],[8.582137,47.461485],[8.581992,47.461316],[8.58181,47.4612],[8.581521,47.461077]]}},{"type":"Feature","properties":{"mode":"bus","n":8,"arr":["520","521","524","530","732","734","N52","N54"],"lines":"520, 521, 524, 530, 732, 734, N52, N54"},"geometry":{"type":"LineString","coordinates":[[8.581521,47.461077],[8.581736,47.460703],[8.581815,47.460471],[8.581831,47.460213],[8.581714,47.459838],[8.58123,47.458831],[8.581014,47.458486],[8.580276,47.457547],[8.579558,47.456024],[8.579554,47.455817],[8.579666,47.455498],[8.579948,47.454174]]}},{"type":"Feature","properties":{"mode":"bus","n":8,"arr":["520","521","524","530","732","734","N52","N54"],"lines":"520, 521, 524, 530, 732, 734, N52, N54"},"geometry":{"type":"LineString","coordinates":[[8.580123,47.45359],[8.579952,47.454033],[8.579949,47.454138],[8.579949,47.454148],[8.57995,47.454154],[8.579952,47.454156],[8.579956,47.454155],[8.57996,47.454149],[8.579965,47.45414],[8.580242,47.45358]]}},{"type":"Feature","properties":{"mode":"bus","n":9,"arr":["520","521","524","530","731","733","734","765","N10"],"lines":"520, 521, 524, 530, 731, 733, 734, 765, N10"},"geometry":{"type":"LineString","coordinates":[[8.579319,47.453507],[8.579571,47.453571],[8.580123,47.45359]]}},{"type":"Feature","properties":{"mode":"bus","n":9,"arr":["520","521","524","530","731","733","734","765","N10"],"lines":"520, 521, 524, 530, 731, 733, 734, 765, N10"},"geometry":{"type":"LineString","coordinates":[[8.578174,47.453404],[8.577976,47.453438],[8.575884,47.453382]]}},{"type":"Feature","properties":{"mode":"bus","n":9,"arr":["520","521","524","530","731","733","734","765","N10"],"lines":"520, 521, 524, 530, 731, 733, 734, 765, N10"},"geometry":{"type":"LineString","coordinates":[[8.58016,47.453489],[8.579319,47.453507],[8.578174,47.453404],[8.577982,47.453363],[8.574714,47.453263],[8.574399,47.453212],[8.574088,47.453122],[8.573778,47.452976],[8.573332,47.452671]]}},{"type":"Feature","properties":{"mode":"bus","n":10,"arr":["520","521","524","530","531","731","733","734","765","N10"],"lines":"520, 521, 524, 530, 531, 731, 733, 734, 765, N10"},"geometry":{"type":"LineString","coordinates":[[8.575884,47.453382],[8.574773,47.453342],[8.574367,47.453283],[8.574034,47.453179],[8.573755,47.453056],[8.57335,47.452786],[8.573324,47.452775],[8.573297,47.452773],[8.57327,47.452783],[8.573089,47.452875],[8.572892,47.452913]]}},{"type":"Feature","properties":{"mode":"bus","n":10,"arr":["520","521","524","530","531","731","733","734","765","N10"],"lines":"520, 521, 524, 530, 531, 731, 733, 734, 765, N10"},"geometry":{"type":"LineString","coordinates":[[8.573332,47.452671],[8.572892,47.452913],[8.572776,47.452934],[8.572498,47.452898],[8.572372,47.452839],[8.572277,47.452755]]}},{"type":"Feature","properties":{"mode":"bus","n":11,"arr":["520","521","524","530","531","731","733","734","739","765","N10"],"lines":"520, 521, 524, 530, 531, 731, 733, 734, 739, 765, N10"},"geometry":{"type":"LineString","coordinates":[[8.572277,47.452755],[8.571901,47.452315],[8.571822,47.452254],[8.57162,47.452179],[8.5715,47.452168],[8.566737,47.452502],[8.566095,47.452472],[8.565745,47.452422],[8.565474,47.452357],[8.565178,47.452272],[8.564794,47.452091],[8.564576,47.451878],[8.564502,47.451716],[8.564457,47.451479],[8.564135,47.45096],[8.564007,47.450673],[8.563948,47.450455]]}},{"type":"Feature","properties":{"mode":"bus","n":11,"arr":["520","521","524","530","531","731","732","733","739","765","N10"],"lines":"520, 521, 524, 530, 531, 731, 732, 733, 739, 765, N10"},"geometry":{"type":"LineString","coordinates":[[8.563948,47.450455],[8.563938,47.450403]]}},{"type":"Feature","properties":{"mode":"bus","n":10,"arr":["520","521","524","530","531","731","732","733","739","N10"],"lines":"520, 521, 524, 530, 531, 731, 732, 733, 739, N10"},"geometry":{"type":"LineString","coordinates":[[8.563938,47.450403],[8.56393,47.450345]]}},{"type":"Feature","properties":{"mode":"bus","n":9,"arr":["520","521","524","530","531","731","732","739","N10"],"lines":"520, 521, 524, 530, 531, 731, 732, 739, N10"},"geometry":{"type":"LineString","coordinates":[[8.56393,47.450345],[8.563924,47.450289]]}},{"type":"Feature","properties":{"mode":"bus","n":8,"arr":["520","521","524","530","531","731","732","N10"],"lines":"520, 521, 524, 530, 531, 731, 732, N10"},"geometry":{"type":"LineString","coordinates":[[8.563924,47.450289],[8.56393,47.450016]]}},{"type":"Feature","properties":{"mode":"bus","n":9,"arr":["520","521","524","530","531","731","732","759","N10"],"lines":"520, 521, 524, 530, 531, 731, 732, 759, N10"},"geometry":{"type":"LineString","coordinates":[[8.56393,47.450016],[8.563936,47.449955]]}},{"type":"Feature","properties":{"mode":"bus","n":10,"arr":["520","521","524","530","531","731","732","759","768","N10"],"lines":"520, 521, 524, 530, 531, 731, 732, 759, 768, N10"},"geometry":{"type":"LineString","coordinates":[[8.563936,47.449955],[8.563946,47.449896]]}},{"type":"Feature","properties":{"mode":"bus","n":11,"arr":["520","521","524","530","531","731","732","735","759","768","N10"],"lines":"520, 521, 524, 530, 531, 731, 732, 735, 759, 768, N10"},"geometry":{"type":"LineString","coordinates":[[8.563946,47.449896],[8.56396,47.449845]]}},{"type":"Feature","properties":{"mode":"bus","n":11,"arr":["520","521","524","530","531","732","735","736","759","768","N10"],"lines":"520, 521, 524, 530, 531, 732, 735, 736, 759, 768, N10"},"geometry":{"type":"LineString","coordinates":[[8.56396,47.449845],[8.563977,47.449787]]}},{"type":"Feature","properties":{"mode":"bus","n":6,"arr":["520","521","524","530","531","N10"],"lines":"520, 521, 524, 530, 531, N10"},"geometry":{"type":"LineString","coordinates":[[8.564155,47.449389],[8.563708,47.449237]]}},{"type":"Feature","properties":{"mode":"bus","n":8,"arr":["520","521","524","530","732","734","765","N54"],"lines":"520, 521, 524, 530, 732, 734, 765, N54"},"geometry":{"type":"LineString","coordinates":[[8.580278,47.45348],[8.58016,47.453489]]}},{"type":"Feature","properties":{"mode":"bus","n":8,"arr":["520","521","524","530","731","733","734","N54"],"lines":"520, 521, 524, 530, 731, 733, 734, N54"},"geometry":{"type":"LineString","coordinates":[[8.580242,47.45358],[8.580278,47.45348]]}},{"type":"Feature","properties":{"mode":"bus","n":9,"arr":["650","652","655","656","657","658","659","662","720"],"lines":"650, 652, 655, 656, 657, 658, 659, 662, 720"},"geometry":{"type":"LineString","coordinates":[[8.686092,47.424957],[8.685992,47.424921],[8.685904,47.424935],[8.685884,47.424941],[8.685872,47.424949],[8.685868,47.42496],[8.685872,47.424974],[8.686177,47.425563]]}},{"type":"Feature","properties":{"mode":"bus","n":8,"arr":["650","652","655","657","658","659","662","720"],"lines":"650, 652, 655, 657, 658, 659, 662, 720"},"geometry":{"type":"LineString","coordinates":[[8.686209,47.425127],[8.686092,47.424957]]}},{"type":"Feature","properties":{"mode":"bus","n":11,"arr":["650","652","655","656","657","658","659","662","720","N62","N70"],"lines":"650, 652, 655, 656, 657, 658, 659, 662, 720, N62, N70"},"geometry":{"type":"LineString","coordinates":[[8.686302,47.42553],[8.686177,47.425563]]}},{"type":"Feature","properties":{"mode":"bus","n":5,"arr":["656","658","659","662","720"],"lines":"656, 658, 659, 662, 720"},"geometry":{"type":"LineString","coordinates":[[8.686234,47.425201],[8.686209,47.425127]]}},{"type":"Feature","properties":{"mode":"bus","n":6,"arr":["656","657","658","659","662","720"],"lines":"656, 657, 658, 659, 662, 720"},"geometry":{"type":"LineString","coordinates":[[8.686234,47.425201],[8.686302,47.425296]]}},{"type":"Feature","properties":{"mode":"bus","n":5,"arr":["656","657","658","659","662"],"lines":"656, 657, 658, 659, 662"},"geometry":{"type":"LineString","coordinates":[[8.686302,47.425296],[8.686287,47.425353],[8.686339,47.42545],[8.686302,47.42553]]}},{"type":"Feature","properties":{"mode":"bus","n":5,"arr":["658","660","769","N70","N78"],"lines":"658, 660, 769, N70, N78"},"geometry":{"type":"LineString","coordinates":[[8.648116,47.44666],[8.647758,47.446506],[8.64736,47.446374],[8.646971,47.446276],[8.645935,47.446099]]}},{"type":"Feature","properties":{"mode":"bus","n":9,"arr":["704","705","706","720","721","725","726","727","N74"],"lines":"704, 705, 706, 720, 721, 725, 726, 727, N74"},"geometry":{"type":"LineString","coordinates":[[8.661777,47.38414],[8.661604,47.384163]]}},{"type":"Feature","properties":{"mode":"bus","n":9,"arr":["704","705","706","720","721","725","726","727","N74"],"lines":"704, 705, 706, 720, 721, 725, 726, 727, N74"},"geometry":{"type":"LineString","coordinates":[[8.660247,47.383968],[8.660133,47.383854],[8.66007,47.383827],[8.65999,47.383831],[8.659111,47.384281],[8.659089,47.384297],[8.659078,47.384318],[8.65907,47.384362],[8.659175,47.384475],[8.65919,47.384487],[8.659206,47.384493],[8.659225,47.384492],[8.659245,47.384484],[8.659833,47.384173],[8.660143,47.383981],[8.660308,47.383972],[8.660873,47.38414],[8.661194,47.384184],[8.661551,47.384166],[8.661599,47.384157],[8.661637,47.384135],[8.661709,47.384072]]}},{"type":"Feature","properties":{"mode":"bus","n":5,"arr":["720","721","725","726","727"],"lines":"720, 721, 725, 726, 727"},"geometry":{"type":"LineString","coordinates":[[8.661709,47.384072],[8.661857,47.384005],[8.661927,47.383991],[8.661963,47.383989],[8.661997,47.383998],[8.66275,47.384307],[8.663079,47.384352],[8.663096,47.384355],[8.663104,47.384359],[8.663105,47.384363],[8.663098,47.384368],[8.663082,47.384373],[8.66298,47.384403],[8.662829,47.384397],[8.662673,47.384359],[8.662093,47.384116],[8.661777,47.38414]]}},{"type":"Feature","properties":{"mode":"bus","n":7,"arr":["811","812","813","817","818","827","846"],"lines":"811, 812, 813, 817, 818, 827, 846"},"geometry":{"type":"LineString","coordinates":[[8.717956,47.350497],[8.717772,47.350634],[8.71735,47.350874]]}},{"type":"Feature","properties":{"mode":"bus","n":6,"arr":["811","812","818","827","846","N81"],"lines":"811, 812, 818, 827, 846, N81"},"geometry":{"type":"LineString","coordinates":[[8.71735,47.350874],[8.716971,47.351086]]}},{"type":"Feature","properties":{"mode":"bus","n":6,"arr":["811","812","816","818","827","N81"],"lines":"811, 812, 816, 818, 827, N81"},"geometry":{"type":"LineString","coordinates":[[8.716971,47.351086],[8.716927,47.35111]]}},{"type":"Feature","properties":{"mode":"bus","n":7,"arr":["725","811","812","816","818","827","N81"],"lines":"725, 811, 812, 816, 818, 827, N81"},"geometry":{"type":"LineString","coordinates":[[8.716927,47.35111],[8.716757,47.351132]]}},{"type":"Feature","properties":{"mode":"bus","n":8,"arr":["725","811","812","816","817","818","827","N81"],"lines":"725, 811, 812, 816, 817, 818, 827, N81"},"geometry":{"type":"LineString","coordinates":[[8.716757,47.351132],[8.71476,47.35212],[8.714666,47.352159],[8.714549,47.352172]]}},{"type":"Feature","properties":{"mode":"bus","n":6,"arr":["725","811","812","817","818","827"],"lines":"725, 811, 812, 817, 818, 827"},"geometry":{"type":"LineString","coordinates":[[8.714449,47.352334],[8.714549,47.352172]]}},{"type":"Feature","properties":{"mode":"bus","n":5,"arr":["725","811","812","818","827"],"lines":"725, 811, 812, 818, 827"},"geometry":{"type":"LineString","coordinates":[[8.716248,47.353924],[8.715935,47.353713],[8.71556,47.35341],[8.714748,47.352637],[8.714489,47.352423],[8.714449,47.352334]]}},{"type":"Feature","properties":{"mode":"bus","n":6,"arr":["725","811","812","816","817","818"],"lines":"725, 811, 812, 816, 817, 818"},"geometry":{"type":"LineString","coordinates":[[8.717449,47.351035],[8.717021,47.351277],[8.716994,47.351287],[8.716969,47.351286],[8.716944,47.351273],[8.716757,47.351132]]}},{"type":"Feature","properties":{"mode":"bus","n":5,"arr":["731","733","N10","N52","N54"],"lines":"731, 733, N10, N52, N54"},"geometry":{"type":"LineString","coordinates":[[8.581755,47.448311],[8.582072,47.449143],[8.582107,47.449501]]}},{"type":"Feature","properties":{"mode":"bus","n":5,"arr":["731","733","N10","N52","N54"],"lines":"731, 733, N10, N52, N54"},"geometry":{"type":"LineString","coordinates":[[8.582074,47.449683],[8.581431,47.450647],[8.581103,47.451204]]}},{"type":"Feature","properties":{"mode":"bus","n":5,"arr":["731","733","N10","N52","N54"],"lines":"731, 733, N10, N52, N54"},"geometry":{"type":"LineString","coordinates":[[8.580877,47.451686],[8.5805,47.452654]]}},{"type":"Feature","properties":{"mode":"bus","n":5,"arr":["732","765","N10","N52","N54"],"lines":"732, 765, N10, N52, N54"},"geometry":{"type":"LineString","coordinates":[[8.583958,47.45298],[8.581789,47.453351],[8.580927,47.453461]]}},{"type":"Feature","properties":{"mode":"bus","n":7,"arr":["732","733","735","765","N10","N52","N54"],"lines":"732, 733, 735, 765, N10, N52, N54"},"geometry":{"type":"LineString","coordinates":[[8.585665,47.452564],[8.584458,47.452883],[8.583958,47.45298]]}},{"type":"Feature","properties":{"mode":"bus","n":5,"arr":["732","733","735","N52","N54"],"lines":"732, 733, 735, N52, N54"},"geometry":{"type":"LineString","coordinates":[[8.584568,47.449161],[8.584542,47.449287],[8.585027,47.450754],[8.585209,47.451186],[8.585603,47.452448],[8.585665,47.452564]]}},{"type":"Feature","properties":{"mode":"bus","n":7,"arr":["732","733","735","766","N10","N52","N54"],"lines":"732, 733, 735, 766, N10, N52, N54"},"geometry":{"type":"LineString","coordinates":[[8.582625,47.448286],[8.583416,47.448672],[8.584568,47.449161]]}},{"type":"Feature","properties":{"mode":"bus","n":6,"arr":["732","733","735","N10","N52","N54"],"lines":"732, 733, 735, N10, N52, N54"},"geometry":{"type":"LineString","coordinates":[[8.582208,47.448089],[8.582625,47.448286]]}},{"type":"Feature","properties":{"mode":"bus","n":5,"arr":["732","735","736","759","N10"],"lines":"732, 735, 736, 759, N10"},"geometry":{"type":"LineString","coordinates":[[8.567653,47.448092],[8.567864,47.447992]]}},{"type":"Feature","properties":{"mode":"bus","n":5,"arr":["732","733","735","N10","N52"],"lines":"732, 733, 735, N10, N52"},"geometry":{"type":"LineString","coordinates":[[8.581894,47.447946],[8.58205,47.447994],[8.582208,47.448089]]}},{"type":"Feature","properties":{"mode":"bus","n":9,"arr":["743","745","751","752","760","N6","N7","N76","N77"],"lines":"743, 745, 751, 752, 760, N6, N7, N76, N77"},"geometry":{"type":"LineString","coordinates":[[8.595428,47.396874],[8.596157,47.396583]]}},{"type":"Feature","properties":{"mode":"bus","n":10,"arr":["743","745","751","752","760","N6","N7","N76","N77","N78"],"lines":"743, 745, 751, 752, 760, N6, N7, N76, N77, N78"},"geometry":{"type":"LineString","coordinates":[[8.595169,47.396975],[8.595428,47.396874]]}},{"type":"Feature","properties":{"mode":"bus","n":9,"arr":["743","745","751","752","760","N6","N7","N77","N78"],"lines":"743, 745, 751, 752, 760, N6, N7, N77, N78"},"geometry":{"type":"LineString","coordinates":[[8.595169,47.396975],[8.595119,47.396976]]}},{"type":"Feature","properties":{"mode":"bus","n":11,"arr":["743","745","751","752","754","760","N6","N7","N76","N77","N78"],"lines":"743, 745, 751, 752, 754, 760, N6, N7, N76, N77, N78"},"geometry":{"type":"LineString","coordinates":[[8.595119,47.396976],[8.594985,47.396962],[8.594963,47.396958],[8.594952,47.396951],[8.594952,47.39694],[8.594961,47.396927],[8.595105,47.396778],[8.595221,47.396707],[8.595795,47.396484]]}},{"type":"Feature","properties":{"mode":"bus","n":12,"arr":["743","745","751","752","754","760","E","N6","N7","N76","N77","N78"],"lines":"743, 745, 751, 752, 754, 760, E, N6, N7, N76, N77, N78"},"geometry":{"type":"LineString","coordinates":[[8.595795,47.396484],[8.596104,47.396429],[8.59637,47.396442]]}},{"type":"Feature","properties":{"mode":"bus","n":11,"arr":["743","745","751","752","754","760","E","N6","N76","N77","N78"],"lines":"743, 745, 751, 752, 754, 760, E, N6, N76, N77, N78"},"geometry":{"type":"LineString","coordinates":[[8.59637,47.396442],[8.59682,47.396437],[8.599411,47.396091]]}},{"type":"Feature","properties":{"mode":"bus","n":9,"arr":["743","745","751","752","754","E","N6","N76","N77"],"lines":"743, 745, 751, 752, 754, E, N6, N76, N77"},"geometry":{"type":"LineString","coordinates":[[8.599411,47.396091],[8.601036,47.395865],[8.601676,47.395799],[8.6036,47.395512]]}},{"type":"Feature","properties":{"mode":"bus","n":6,"arr":["743","745","752","754","N76","N77"],"lines":"743, 745, 752, 754, N76, N77"},"geometry":{"type":"LineString","coordinates":[[8.6036,47.395512],[8.603921,47.395481],[8.604483,47.395504],[8.60601,47.395718],[8.607466,47.395894]]}},{"type":"Feature","properties":{"mode":"bus","n":6,"arr":["743","745","752","754","N76","N77"],"lines":"743, 745, 752, 754, N76, N77"},"geometry":{"type":"LineString","coordinates":[[8.608257,47.395791],[8.607518,47.395887],[8.607504,47.39589],[8.607495,47.395892],[8.607492,47.395894],[8.607495,47.395897],[8.607503,47.3959],[8.607518,47.395902],[8.607758,47.395942],[8.608083,47.395893]]}},{"type":"Feature","properties":{"mode":"bus","n":11,"arr":["743","745","751","752","754","760","E","N6","N7","N76","N77"],"lines":"743, 745, 751, 752, 754, 760, E, N6, N7, N76, N77"},"geometry":{"type":"LineString","coordinates":[[8.596157,47.396583],[8.596351,47.396488],[8.59637,47.396442]]}},{"type":"Feature","properties":{"mode":"bus","n":5,"arr":["748","752","759","760","N76"],"lines":"748, 752, 759, 760, N76"},"geometry":{"type":"LineString","coordinates":[[8.621399,47.399249],[8.621933,47.399613]]}},{"type":"Feature","properties":{"mode":"bus","n":6,"arr":["748","752","754","756","760","N76"],"lines":"748, 752, 754, 756, 760, N76"},"geometry":{"type":"LineString","coordinates":[[8.623414,47.399894],[8.623588,47.399815],[8.623753,47.39961]]}},{"type":"Feature","properties":{"mode":"bus","n":6,"arr":["759","761","771","772","774","E"],"lines":"759, 761, 771, 772, 774, E"},"geometry":{"type":"LineString","coordinates":[[8.594447,47.412659],[8.594253,47.412432],[8.594189,47.412403],[8.594154,47.412394],[8.594116,47.412397],[8.593219,47.412612]]}},{"type":"Feature","properties":{"mode":"bus","n":7,"arr":["759","761","771","772","773","774","E"],"lines":"759, 761, 771, 772, 773, 774, E"},"geometry":{"type":"LineString","coordinates":[[8.593219,47.412612],[8.592052,47.412882],[8.591976,47.412939]]}},{"type":"Feature","properties":{"mode":"bus","n":5,"arr":["768","781","787","N75","N79"],"lines":"768, 781, 787, N75, N79"},"geometry":{"type":"LineString","coordinates":[[8.545519,47.411884],[8.545519,47.411923],[8.545525,47.411942],[8.545542,47.411958],[8.545585,47.411985],[8.546499,47.412257]]}},{"type":"Feature","properties":{"mode":"bus","n":5,"arr":["811","813","817","818","846"],"lines":"811, 813, 817, 818, 846"},"geometry":{"type":"LineString","coordinates":[[8.717956,47.350497],[8.718021,47.35056],[8.718053,47.350681],[8.718053,47.35069],[8.718045,47.350698],[8.718024,47.35071]]}},{"type":"Feature","properties":{"mode":"bus","n":5,"arr":["812","813","818","827","846"],"lines":"812, 813, 818, 827, 846"},"geometry":{"type":"LineString","coordinates":[[8.718529,47.350173],[8.717956,47.350497]]}},{"type":"Feature","properties":{"mode":"bus","n":7,"arr":["N4","N5","N6","N7","N10","N71","N74"],"lines":"N4, N5, N6, N7, N10, N71, N74"},"geometry":{"type":"LineString","coordinates":[[8.542327,47.376887],[8.542512,47.376922],[8.543319,47.37684]]}},{"type":"Feature","properties":{"mode":"tram","n":6,"arr":["2","3","7","8","9","14"],"lines":"2, 3, 7, 8, 9, 14"},"geometry":{"type":"LineString","coordinates":[[8.528993,47.3734],[8.529043,47.373411]]}},{"type":"Feature","properties":{"mode":"tram","n":5,"arr":["2","3","7","9","14"],"lines":"2, 3, 7, 9, 14"},"geometry":{"type":"LineString","coordinates":[[8.531331,47.37342],[8.530675,47.373576],[8.530419,47.373599],[8.529815,47.37356],[8.529043,47.373411]]}},{"type":"Feature","properties":{"mode":"tram","n":5,"arr":["2","3","7","9","14"],"lines":"2, 3, 7, 9, 14"},"geometry":{"type":"LineString","coordinates":[[8.529029,47.373444],[8.529762,47.373586],[8.530349,47.37363],[8.530651,47.373613],[8.531264,47.373465]]}},{"type":"Feature","properties":{"mode":"tram","n":5,"arr":["2","5","8","9","11"],"lines":"2, 5, 8, 9, 11"},"geometry":{"type":"LineString","coordinates":[[8.540971,47.366424],[8.542385,47.366739],[8.544073,47.367017]]}},{"type":"Feature","properties":{"mode":"tram","n":5,"arr":["2","5","8","9","11"],"lines":"2, 5, 8, 9, 11"},"geometry":{"type":"LineString","coordinates":[[8.540967,47.366457],[8.542207,47.366734],[8.544116,47.367048]]}},{"type":"Feature","properties":{"mode":"tram","n":6,"arr":["3","4","6","7","15","16"],"lines":"3, 4, 6, 7, 15, 16"},"geometry":{"type":"LineString","coordinates":[[8.540324,47.37697],[8.54146,47.376993],[8.543132,47.376856]]}},{"type":"Feature","properties":{"mode":"tram","n":6,"arr":["3","4","6","7","11","16"],"lines":"3, 4, 6, 7, 11, 16"},"geometry":{"type":"LineString","coordinates":[[8.541649,47.377034],[8.541935,47.376984],[8.543131,47.376882]]}},{"type":"Feature","properties":{"mode":"tram","n":5,"arr":["5","7","8","13","16"],"lines":"5, 7, 8, 13, 16"},"geometry":{"type":"LineString","coordinates":[[8.534901,47.36768],[8.534496,47.367586],[8.534229,47.367423],[8.533104,47.366571],[8.531835,47.365431]]}},{"type":"Feature","properties":{"mode":"tram","n":5,"arr":["5","7","8","13","16"],"lines":"5, 7, 8, 13, 16"},"geometry":{"type":"LineString","coordinates":[[8.531798,47.365442],[8.533247,47.366724],[8.534365,47.367559],[8.534466,47.367612],[8.53468,47.367665]]}},{"type":"Feature","properties":{"mode":"tram","n":5,"arr":["7","9","10","16","51"],"lines":"7, 9, 10, 16, 51"},"geometry":{"type":"LineString","coordinates":[[8.541688,47.397436],[8.542175,47.398178]]}},{"type":"Feature","properties":{"mode":"tram","n":6,"arr":["S2","S8","S14","S19","S24","SN8"],"lines":"S2, S8, S14, S19, S24, SN8"},"geometry":{"type":"LineString","coordinates":[[8.532229,47.37971],[8.530639,47.380156],[8.529947,47.380414],[8.529398,47.380585],[8.527598,47.381063],[8.527124,47.381144],[8.526638,47.381184],[8.525541,47.381155],[8.525475,47.381188],[8.524974,47.381181],[8.52489,47.38123],[8.524318,47.381274],[8.523905,47.381344],[8.523539,47.381434],[8.522996,47.381625],[8.522328,47.381953],[8.522006,47.382152],[8.521655,47.382409],[8.521658,47.382535],[8.521441,47.382728],[8.521222,47.382972],[8.520939,47.383434],[8.520838,47.383706],[8.520767,47.384024],[8.52077,47.384509],[8.520835,47.384752],[8.520952,47.38502],[8.521241,47.385446],[8.521615,47.385815],[8.522199,47.386225],[8.522871,47.386527],[8.524923,47.387212],[8.525574,47.38746],[8.526195,47.387783],[8.526509,47.387998],[8.526896,47.388335],[8.527154,47.388625],[8.527427,47.389013],[8.527943,47.389986],[8.52853,47.391002],[8.532373,47.398175],[8.535436,47.4038],[8.53626,47.405028],[8.53694,47.406427],[8.537289,47.407035],[8.537723,47.407688],[8.538259,47.408359]]}},{"type":"Feature","properties":{"mode":"tram","n":5,"arr":["S2","S9","S15","S16","S24"],"lines":"S2, S9, S15, S16, S24"},"geometry":{"type":"LineString","coordinates":[[8.54321,47.411606],[8.542479,47.411297],[8.541676,47.410886],[8.541092,47.410565],[8.539973,47.40986],[8.539061,47.409175],[8.538557,47.40874],[8.538173,47.408346],[8.537775,47.407849]]}},{"type":"Feature","properties":{"mode":"tram","n":5,"arr":["S2","S9","S15","S16","S24"],"lines":"S2, S9, S15, S16, S24"},"geometry":{"type":"LineString","coordinates":[[8.547942,47.414385],[8.54716,47.413525],[8.546757,47.41316],[8.546477,47.412958],[8.546087,47.412724],[8.545372,47.412403]]}},{"type":"Feature","properties":{"mode":"tram","n":7,"arr":["S2","S7","S9","S15","S16","S24","SN7"],"lines":"S2, S7, S9, S15, S16, S24, SN7"},"geometry":{"type":"LineString","coordinates":[[8.550251,47.416962],[8.547942,47.414385]]}},{"type":"Feature","properties":{"mode":"tram","n":5,"arr":["S2","S7","S16","S24","SN7"],"lines":"S2, S7, S16, S24, SN7"},"geometry":{"type":"LineString","coordinates":[[8.559036,47.426323],[8.557936,47.425078],[8.554901,47.421789],[8.554361,47.421236],[8.553139,47.420119],[8.552566,47.419545],[8.550251,47.416962]]}},{"type":"Feature","properties":{"mode":"tram","n":9,"arr":["S3","S7","S9","S15","S16","S21","SN6","SN7","SN9"],"lines":"S3, S7, S9, S15, S16, S21, SN6, SN7, SN9"},"geometry":{"type":"LineString","coordinates":[[8.517464,47.385183],[8.52103,47.384225]]}},{"type":"Feature","properties":{"mode":"tram","n":15,"arr":["S3","S5","S7","S9","S12","S15","S16","S20","S21","SN1","SN5","SN6","SN7","SN9","SN11"],"lines":"S3, S5, S7, S9, S12, S15, S16, S20, S21, SN1, SN5, SN6, SN7, SN9, SN11"},"geometry":{"type":"LineString","coordinates":[[8.52103,47.384225],[8.523854,47.38347],[8.524825,47.38315],[8.525992,47.382663],[8.527878,47.381694],[8.528581,47.381439],[8.529304,47.381258],[8.531303,47.380861],[8.53294,47.380424],[8.534341,47.380096]]}},{"type":"Feature","properties":{"mode":"tram","n":15,"arr":["S3","S5","S7","S9","S12","S15","S16","S20","S21","SN1","SN5","SN6","SN7","SN9","SN11"],"lines":"S3, S5, S7, S9, S12, S15, S16, S20, S21, SN1, SN5, SN6, SN7, SN9, SN11"},"geometry":{"type":"LineString","coordinates":[[8.539084,47.37889],[8.536599,47.379562],[8.535824,47.379728]]}},{"type":"Feature","properties":{"mode":"tram","n":17,"arr":["S3","S5","S7","S9","S11","S12","S15","S16","S20","S21","S42","SN1","SN5","SN6","SN7","SN9","SN11"],"lines":"S3, S5, S7, S9, S11, S12, S15, S16, S20, S21, S42, SN1, SN5, SN6, SN7, SN9, SN11"},"geometry":{"type":"LineString","coordinates":[[8.534341,47.380096],[8.535025,47.379942],[8.535824,47.379728]]}},{"type":"Feature","properties":{"mode":"tram","n":14,"arr":["S3","S5","S7","S9","S11","S12","S15","S16","S20","SN1","SN5","SN6","SN7","SN9"],"lines":"S3, S5, S7, S9, S11, S12, S15, S16, S20, SN1, SN5, SN6, SN7, SN9"},"geometry":{"type":"LineString","coordinates":[[8.542991,47.377612],[8.542121,47.377972],[8.54054,47.378477],[8.539084,47.37889]]}},{"type":"Feature","properties":{"mode":"tram","n":15,"arr":["S3","S5","S7","S9","S11","S12","S15","S16","S20","SN1","SN5","SN6","SN7","SN9","SN11"],"lines":"S3, S5, S7, S9, S11, S12, S15, S16, S20, SN1, SN5, SN6, SN7, SN9, SN11"},"geometry":{"type":"LineString","coordinates":[[8.53906,47.37885],[8.540323,47.378508],[8.542075,47.377943],[8.5438,47.377301],[8.544779,47.376891],[8.545204,47.376678],[8.545646,47.376393],[8.546102,47.376004],[8.54667,47.375386],[8.547123,47.374749],[8.547464,47.374085],[8.547724,47.373304],[8.547844,47.37255],[8.547852,47.372116],[8.547781,47.371669],[8.547585,47.371017],[8.547306,47.37041],[8.547169,47.369985],[8.547107,47.369438],[8.547165,47.368887]]}},{"type":"Feature","properties":{"mode":"tram","n":10,"arr":["S3","S5","S9","S11","S12","S15","SN1","SN5","SN6","SN9"],"lines":"S3, S5, S9, S11, S12, S15, SN1, SN5, SN6, SN9"},"geometry":{"type":"LineString","coordinates":[[8.547165,47.368887],[8.547271,47.368536],[8.54744,47.368179],[8.547592,47.367947],[8.547933,47.367541],[8.548302,47.367171],[8.548561,47.36696],[8.549007,47.366656],[8.549494,47.3664],[8.549844,47.366248],[8.550468,47.366042],[8.551533,47.365809],[8.552623,47.365682],[8.55434,47.365561],[8.555307,47.365543],[8.555755,47.365564],[8.556278,47.36562],[8.556846,47.365718],[8.557365,47.365843],[8.558225,47.366102],[8.559274,47.366527],[8.559961,47.36688],[8.560588,47.367262],[8.561731,47.368018]]}},{"type":"Feature","properties":{"mode":"tram","n":11,"arr":["S3","S5","S9","S11","S12","S15","SN1","SN5","SN6","SN9","SN11"],"lines":"S3, S5, S9, S11, S12, S15, SN1, SN5, SN6, SN9, SN11"},"geometry":{"type":"LineString","coordinates":[[8.561731,47.368018],[8.587735,47.385308],[8.588503,47.385843],[8.589239,47.386399],[8.589974,47.387007],[8.591012,47.387968],[8.592091,47.389133],[8.592814,47.390043],[8.593731,47.391426],[8.594617,47.393055],[8.594961,47.393931],[8.595559,47.395657],[8.596197,47.39715],[8.596833,47.398423],[8.597441,47.399372],[8.598141,47.400276],[8.598533,47.400722],[8.598934,47.401127],[8.599562,47.401656],[8.599955,47.401935],[8.600462,47.402247]]}},{"type":"Feature","properties":{"mode":"tram","n":7,"arr":["S3","S9","S11","S12","SN1","SN6","SN9"],"lines":"S3, S9, S11, S12, SN1, SN6, SN9"},"geometry":{"type":"LineString","coordinates":[[8.594264,47.392405],[8.594612,47.393169],[8.594905,47.393919],[8.595668,47.396257],[8.595905,47.396863],[8.596281,47.397675],[8.59673,47.398458],[8.597139,47.399067],[8.597466,47.3995],[8.598141,47.400276]]}},{"type":"Feature","properties":{"mode":"tram","n":6,"arr":["S3","S11","S12","SN1","SN6","SN11"],"lines":"S3, S11, S12, SN1, SN6, SN11"},"geometry":{"type":"LineString","coordinates":[[8.600462,47.402247],[8.601897,47.403044],[8.604749,47.40447],[8.606191,47.405094],[8.608785,47.406093],[8.610454,47.406836],[8.611985,47.407644],[8.61247,47.40793],[8.612917,47.408235],[8.613369,47.408591],[8.613798,47.408986],[8.614275,47.409517],[8.614573,47.409924],[8.614905,47.410496],[8.615132,47.411027],[8.61527,47.411484],[8.61558,47.413296],[8.615805,47.414002],[8.616194,47.414774],[8.617537,47.416845]]}},{"type":"Feature","properties":{"mode":"tram","n":6,"arr":["S3","S8","S19","SN1","SN6","SN8"],"lines":"S3, S8, S19, SN1, SN6, SN8"},"geometry":{"type":"LineString","coordinates":[[8.623016,47.424455],[8.622231,47.423921],[8.621573,47.423347]]}},{"type":"Feature","properties":{"mode":"tram","n":9,"arr":["S3","S8","S11","S12","S19","SN1","SN6","SN8","SN11"],"lines":"S3, S8, S11, S12, S19, SN1, SN6, SN8, SN11"},"geometry":{"type":"LineString","coordinates":[[8.623016,47.424455],[8.623976,47.425024],[8.624982,47.425506],[8.626037,47.425907],[8.627212,47.426251],[8.628361,47.426494],[8.629056,47.4266],[8.629742,47.426676],[8.631077,47.426744],[8.632125,47.426726],[8.633006,47.426661],[8.633978,47.426543],[8.649894,47.424312],[8.65142,47.424133],[8.661868,47.422671],[8.661913,47.422685],[8.662189,47.422638],[8.662303,47.422656]]}},{"type":"Feature","properties":{"mode":"tram","n":11,"arr":["S3","S7","S8","S11","S12","S19","S24","SN1","SN6","SN8","SN11"],"lines":"S3, S7, S8, S11, S12, S19, S24, SN1, SN6, SN8, SN11"},"geometry":{"type":"LineString","coordinates":[[8.662303,47.422656],[8.675201,47.420843],[8.67633,47.420738],[8.677316,47.420717],[8.678216,47.420757],[8.679373,47.420892],[8.680428,47.421104],[8.68136,47.421369],[8.682391,47.421757],[8.683179,47.422135],[8.683997,47.422621],[8.684721,47.423157]]}},{"type":"Feature","properties":{"mode":"tram","n":7,"arr":["S7","S8","S11","S12","S24","SN1","SN6"],"lines":"S7, S8, S11, S12, S24, SN1, SN6"},"geometry":{"type":"LineString","coordinates":[[8.684721,47.423157],[8.685164,47.42355],[8.685459,47.423855],[8.685785,47.424237],[8.686096,47.424669]]}},{"type":"Feature","properties":{"mode":"tram","n":7,"arr":["S7","S8","S11","S12","S24","SN1","SN6"],"lines":"S7, S8, S11, S12, S24, SN1, SN6"},"geometry":{"type":"LineString","coordinates":[[8.689364,47.430245],[8.688344,47.42856]]}},{"type":"Feature","properties":{"mode":"tram","n":7,"arr":["S7","S8","S11","S12","S24","SN1","SN6"],"lines":"S7, S8, S11, S12, S24, SN1, SN6"},"geometry":{"type":"LineString","coordinates":[[8.704471,47.44878],[8.704812,47.450039],[8.707846,47.459339],[8.707995,47.459909],[8.708066,47.460466],[8.708041,47.461216],[8.707908,47.461857],[8.707739,47.462333],[8.707113,47.463766],[8.706976,47.46424],[8.706898,47.464689],[8.706302,47.47254],[8.706247,47.473367],[8.706229,47.474321]]}},{"type":"Feature","properties":{"mode":"tram","n":9,"arr":["S3","S7","S8","S19","S24","SN1","SN6","SN8","SN11"],"lines":"S3, S7, S8, S19, S24, SN1, SN6, SN8, SN11"},"geometry":{"type":"LineString","coordinates":[[8.684721,47.423157],[8.685002,47.423254],[8.685413,47.423636]]}},{"type":"Feature","properties":{"mode":"tram","n":5,"arr":["S7","S24","SN1","SN6","SN11"],"lines":"S7, S24, SN1, SN6, SN11"},"geometry":{"type":"LineString","coordinates":[[8.685413,47.423636],[8.68598,47.424267],[8.686537,47.425056],[8.689364,47.430245]]}},{"type":"Feature","properties":{"mode":"tram","n":7,"arr":["S3","S8","S11","S12","SN1","SN6","SN11"],"lines":"S3, S8, S11, S12, SN1, SN6, SN11"},"geometry":{"type":"LineString","coordinates":[[8.617537,47.416845],[8.61828,47.417945],[8.619139,47.419353],[8.619893,47.42069],[8.620522,47.421911],[8.620855,47.42244],[8.621243,47.422933],[8.621811,47.423514],[8.622434,47.424038],[8.623016,47.424455]]}},{"type":"Feature","properties":{"mode":"tram","n":8,"arr":["S3","S5","S15","SN1","SN5","SN6","SN9","SN11"],"lines":"S3, S5, S15, SN1, SN5, SN6, SN9, SN11"},"geometry":{"type":"LineString","coordinates":[[8.550631,47.36588],[8.552027,47.36556],[8.553067,47.36542],[8.553708,47.365377],[8.554343,47.365358],[8.555041,47.365382],[8.555514,47.365429],[8.556176,47.36554],[8.556866,47.365684],[8.557778,47.36592],[8.55825,47.366073],[8.558973,47.36635],[8.559739,47.366715],[8.5603,47.367036],[8.560858,47.367393],[8.561731,47.368018]]}},{"type":"Feature","properties":{"mode":"tram","n":12,"arr":["S3","S5","S7","S15","S16","S20","SN1","SN5","SN6","SN7","SN9","SN11"],"lines":"S3, S5, S7, S15, S16, S20, SN1, SN5, SN6, SN7, SN9, SN11"},"geometry":{"type":"LineString","coordinates":[[8.550631,47.36588],[8.549942,47.366082],[8.54936,47.366315],[8.549031,47.366484],[8.548578,47.366764],[8.54828,47.367003],[8.547799,47.367489],[8.54753,47.367881],[8.547345,47.368264],[8.547165,47.368887]]}},{"type":"Feature","properties":{"mode":"tram","n":14,"arr":["S5","S7","S9","S11","S12","S15","S16","S20","SN1","SN5","SN6","SN7","SN9","SN11"],"lines":"S5, S7, S9, S11, S12, S15, S16, S20, SN1, SN5, SN6, SN7, SN9, SN11"},"geometry":{"type":"LineString","coordinates":[[8.536575,47.379524],[8.53906,47.37885]]}},{"type":"Feature","properties":{"mode":"tram","n":6,"arr":["S5","S12","S14","SN1","SN5","SN11"],"lines":"S5, S12, S14, SN1, SN5, SN11"},"geometry":{"type":"LineString","coordinates":[[8.487395,47.392161],[8.489885,47.39149],[8.492746,47.390671]]}},{"type":"Feature","properties":{"mode":"tram","n":5,"arr":["S5","S12","SN1","SN5","SN11"],"lines":"S5, S12, SN1, SN5, SN11"},"geometry":{"type":"LineString","coordinates":[[8.492746,47.390671],[8.494199,47.390321],[8.495293,47.390116],[8.496559,47.389942],[8.498887,47.389723],[8.499632,47.389627],[8.500468,47.389473],[8.502625,47.388968],[8.503525,47.388783],[8.504406,47.388654],[8.506635,47.38838],[8.507619,47.3882],[8.508329,47.388026],[8.509045,47.38781],[8.512266,47.386653],[8.513453,47.386269],[8.514925,47.385891],[8.517002,47.385398]]}},{"type":"Feature","properties":{"mode":"tram","n":6,"arr":["S5","S12","S20","SN1","SN5","SN11"],"lines":"S5, S12, S20, SN1, SN5, SN11"},"geometry":{"type":"LineString","coordinates":[[8.517002,47.385398],[8.518883,47.384902],[8.520381,47.384411],[8.52103,47.384225]]}},{"type":"Feature","properties":{"mode":"tram","n":5,"arr":["S5","S9","S15","SN5","SN9"],"lines":"S5, S9, S15, SN5, SN9"},"geometry":{"type":"LineString","coordinates":[[8.600462,47.402247],[8.600989,47.402538],[8.604221,47.40418],[8.605227,47.404641],[8.605871,47.404894],[8.606428,47.405083],[8.607011,47.405242],[8.607537,47.405345],[8.608254,47.405426],[8.608922,47.405441],[8.609641,47.405395],[8.610275,47.4053],[8.610794,47.405182],[8.611588,47.404949],[8.612379,47.404683],[8.613453,47.40427]]}},{"type":"Feature","properties":{"mode":"tram","n":5,"arr":["S5","S9","S15","SN5","SN9"],"lines":"S5, S9, S15, SN5, SN9"},"geometry":{"type":"LineString","coordinates":[[8.710257,47.355316],[8.711261,47.354785]]}},{"type":"Feature","properties":{"mode":"tram","n":6,"arr":["S5","S9","S14","S15","SN5","SN9"],"lines":"S5, S9, S14, S15, SN5, SN9"},"geometry":{"type":"LineString","coordinates":[[8.613453,47.40427],[8.620177,47.401513],[8.62212,47.400761],[8.627221,47.398665],[8.63165,47.396762],[8.64327,47.391988],[8.644382,47.391495],[8.645294,47.391044],[8.654082,47.38657],[8.658172,47.384423],[8.662289,47.382412],[8.673272,47.376832],[8.674421,47.376205],[8.703952,47.359056],[8.707537,47.3569],[8.710257,47.355316]]}},{"type":"Feature","properties":{"mode":"tram","n":6,"arr":["S5","S9","S14","S15","SN5","SN9"],"lines":"S5, S9, S14, S15, SN5, SN9"},"geometry":{"type":"LineString","coordinates":[[8.711261,47.354785],[8.711407,47.354699]]}},{"type":"Feature","properties":{"mode":"tram","n":15,"arr":["S5","S7","S9","S11","S12","S15","S16","S20","S42","SN1","SN5","SN6","SN7","SN9","SN11"],"lines":"S5, S7, S9, S11, S12, S15, S16, S20, S42, SN1, SN5, SN6, SN7, SN9, SN11"},"geometry":{"type":"LineString","coordinates":[[8.535824,47.379728],[8.536575,47.379524]]}},{"type":"Feature","properties":{"mode":"tram","n":8,"arr":["S5","S11","S12","S20","S42","SN1","SN5","SN11"],"lines":"S5, S11, S12, S20, S42, SN1, SN5, SN11"},"geometry":{"type":"LineString","coordinates":[[8.519864,47.384398],[8.520468,47.384283],[8.521052,47.384137],[8.523451,47.383502],[8.524531,47.383168],[8.525082,47.382964],[8.525786,47.382666],[8.52747,47.381822],[8.528096,47.381567],[8.528561,47.381408],[8.529312,47.381222],[8.530981,47.380901],[8.532918,47.380392],[8.534341,47.380096]]}},{"type":"Feature","properties":{"mode":"tram","n":7,"arr":["S5","S11","S12","S20","SN1","SN5","SN11"],"lines":"S5, S11, S12, S20, SN1, SN5, SN11"},"geometry":{"type":"LineString","coordinates":[[8.515265,47.385578],[8.518528,47.384698],[8.519001,47.38459],[8.519787,47.384453],[8.519864,47.384398]]}},{"type":"Feature","properties":{"mode":"tram","n":6,"arr":["S5","S11","S12","SN1","SN5","SN11"],"lines":"S5, S11, S12, SN1, SN5, SN11"},"geometry":{"type":"LineString","coordinates":[[8.494394,47.390225],[8.495321,47.390058],[8.496185,47.389938],[8.498706,47.389696],[8.499532,47.389594],[8.500487,47.389428],[8.502608,47.388934],[8.503512,47.38875],[8.504396,47.388621],[8.506337,47.388388],[8.507602,47.388169],[8.508311,47.387994],[8.509021,47.38778],[8.513044,47.386265],[8.514305,47.385852],[8.515265,47.385578]]}},{"type":"Feature","properties":{"mode":"tram","n":8,"arr":["S5","S11","S12","S14","S19","SN1","SN5","SN11"],"lines":"S5, S11, S12, S14, S19, SN1, SN5, SN11"},"geometry":{"type":"LineString","coordinates":[[8.492342,47.390716],[8.493449,47.390435],[8.494394,47.390225]]}},{"type":"Feature","properties":{"mode":"tram","n":6,"arr":["S5","S11","S12","S14","SN1","SN11"],"lines":"S5, S11, S12, S14, SN1, SN11"},"geometry":{"type":"LineString","coordinates":[[8.487473,47.392033],[8.492342,47.390716]]}},{"type":"Feature","properties":{"mode":"tram","n":6,"arr":["S7","S16","S18","S20","SN7","SN18"],"lines":"S7, S16, S18, S20, SN7, SN18"},"geometry":{"type":"LineString","coordinates":[[8.557058,47.362372],[8.556837,47.362933],[8.556571,47.363346],[8.556106,47.363831],[8.55563,47.364185],[8.555328,47.364363],[8.554979,47.364528],[8.553688,47.365019],[8.553249,47.365165],[8.552029,47.365498]]}},{"type":"Feature","properties":{"mode":"tram","n":8,"arr":["S7","S9","S15","S16","S21","SN6","SN7","SN9"],"lines":"S7, S9, S15, S16, S21, SN6, SN7, SN9"},"geometry":{"type":"LineString","coordinates":[[8.521771,47.384027],[8.518927,47.384692],[8.51393,47.386044],[8.512999,47.38635],[8.512562,47.386548],[8.512513,47.386617]]}},{"type":"Feature","properties":{"mode":"tram","n":8,"arr":["S7","S9","S15","S16","S21","SN6","SN7","SN9"],"lines":"S7, S9, S15, S16, S21, SN6, SN7, SN9"},"geometry":{"type":"LineString","coordinates":[[8.543199,47.411754],[8.542722,47.411551],[8.542075,47.41123],[8.539975,47.410066],[8.539452,47.409731],[8.538664,47.409099],[8.538068,47.408554],[8.537716,47.408171],[8.537076,47.407182],[8.53631,47.40587],[8.535913,47.405343],[8.535316,47.404708],[8.534928,47.404345],[8.534487,47.403994],[8.533741,47.403471],[8.532938,47.403021],[8.531729,47.402476],[8.530434,47.402052],[8.529134,47.401741],[8.521717,47.400133],[8.521704,47.400128],[8.521696,47.400122],[8.521691,47.400113],[8.521688,47.400099],[8.521683,47.40009],[8.521675,47.400084],[8.521662,47.400079],[8.520253,47.39977],[8.519109,47.399446],[8.518556,47.399254],[8.517934,47.399003],[8.517396,47.398747],[8.516447,47.398223],[8.515693,47.397702],[8.515085,47.397205],[8.514798,47.396926],[8.514324,47.396405],[8.514048,47.396058],[8.513777,47.39565],[8.511303,47.391147],[8.510916,47.390343],[8.510719,47.389793],[8.510648,47.389184],[8.510709,47.388696],[8.510815,47.388361],[8.510941,47.388088],[8.511316,47.387545],[8.511572,47.38728],[8.511879,47.38702],[8.512236,47.386775],[8.512599,47.386572],[8.51321,47.386309],[8.51395,47.386077],[8.517464,47.385183]]}},{"type":"Feature","properties":{"mode":"tram","n":8,"arr":["S7","S9","S15","S16","S21","SN6","SN7","SN9"],"lines":"S7, S9, S15, S16, S21, SN6, SN7, SN9"},"geometry":{"type":"LineString","coordinates":[[8.547041,47.413567],[8.54672,47.413295],[8.546333,47.413025],[8.545972,47.412824],[8.545554,47.412638]]}},{"type":"Feature","properties":{"mode":"tram","n":6,"arr":["S7","S9","S21","SN6","SN7","SN9"],"lines":"S7, S9, S21, SN6, SN7, SN9"},"geometry":{"type":"LineString","coordinates":[[8.545525,47.412586],[8.543199,47.411754]]}},{"type":"Feature","properties":{"mode":"tram","n":7,"arr":["S7","S15","S16","S21","SN6","SN7","SN9"],"lines":"S7, S15, S16, S21, SN6, SN7, SN9"},"geometry":{"type":"LineString","coordinates":[[8.545554,47.412638],[8.543339,47.411847],[8.543238,47.411809],[8.543199,47.411754]]}},{"type":"Feature","properties":{"mode":"tram","n":6,"arr":["S7","S9","S15","S16","SN7","SN9"],"lines":"S7, S9, S15, S16, SN7, SN9"},"geometry":{"type":"LineString","coordinates":[[8.549908,47.416643],[8.547965,47.41448],[8.547041,47.413567]]}},{"type":"Feature","properties":{"mode":"tram","n":6,"arr":["S7","S8","S11","S12","SN1","SN6"],"lines":"S7, S8, S11, S12, SN1, SN6"},"geometry":{"type":"LineString","coordinates":[[8.686096,47.424669],[8.687568,47.42727],[8.688344,47.42856]]}},{"type":"Feature","properties":{"mode":"tram","n":8,"arr":["S7","S8","S11","S12","S24","SN1","SN6","SN11"],"lines":"S7, S8, S11, S12, S24, SN1, SN6, SN11"},"geometry":{"type":"LineString","coordinates":[[8.689364,47.430245],[8.690717,47.432737],[8.691164,47.433449],[8.691528,47.43389],[8.691886,47.434249],[8.692328,47.434616],[8.692881,47.435],[8.693368,47.435274],[8.693924,47.435541],[8.694478,47.435763],[8.695145,47.435977],[8.695225,47.436036],[8.695819,47.43618],[8.696457,47.436297],[8.698403,47.436567],[8.699371,47.436731],[8.70027,47.436962],[8.701116,47.437259],[8.701989,47.437651],[8.702527,47.437955],[8.702951,47.438237],[8.703547,47.438718],[8.703946,47.439117],[8.704191,47.439407],[8.704587,47.439994],[8.704874,47.440598],[8.705054,47.441219],[8.705127,47.441877],[8.705109,47.442435],[8.705031,47.442963],[8.704248,47.445763],[8.70428,47.445836],[8.704137,47.446593],[8.704118,47.447084],[8.704158,47.447589],[8.704268,47.448124],[8.704471,47.44878]]}},{"type":"Feature","properties":{"mode":"tram","n":8,"arr":["S7","S8","S11","S12","S24","SN1","SN6","SN11"],"lines":"S7, S8, S11, S12, S24, SN1, SN6, SN11"},"geometry":{"type":"LineString","coordinates":[[8.706229,47.474321],[8.706104,47.476121],[8.706142,47.477046],[8.70624,47.477594],[8.706389,47.47812],[8.706637,47.478741],[8.706934,47.479307],[8.70717,47.479679],[8.707618,47.480284],[8.712175,47.486015],[8.713457,47.487704],[8.714298,47.488752],[8.715773,47.490456],[8.716551,47.491427]]}},{"type":"Feature","properties":{"mode":"tram","n":6,"arr":["S7","S8","S11","S12","S24","SN1"],"lines":"S7, S8, S11, S12, S24, SN1"},"geometry":{"type":"LineString","coordinates":[[8.716551,47.491427],[8.717384,47.492548]]}},{"type":"Feature","properties":{"mode":"tram","n":5,"arr":["S7","S8","S24","S41","SN1"],"lines":"S7, S8, S24, S41, SN1"},"geometry":{"type":"LineString","coordinates":[[8.717965,47.493372],[8.720345,47.496358]]}},{"type":"Feature","properties":{"mode":"tram","n":5,"arr":["S8","S19","SN1","SN6","SN8"],"lines":"S8, S19, SN1, SN6, SN8"},"geometry":{"type":"LineString","coordinates":[[8.621573,47.423347],[8.620888,47.422647],[8.620462,47.422076],[8.618155,47.418016]]}},{"type":"Feature","properties":{"mode":"tram","n":5,"arr":["S8","S14","S19","S24","SN8"],"lines":"S8, S14, S19, S24, SN8"},"geometry":{"type":"LineString","coordinates":[[8.536242,47.378437],[8.535256,47.37872],[8.532891,47.37951],[8.532229,47.37971]]}},{"type":"Feature","properties":{"mode":"tram","n":5,"arr":["S11","S12","S19","SN1","SN11"],"lines":"S11, S12, S19, SN1, SN11"},"geometry":{"type":"LineString","coordinates":[[8.484686,47.392811],[8.481058,47.393746],[8.478435,47.394457],[8.475537,47.395275]]}},{"type":"Feature","properties":{"mode":"tram","n":5,"arr":["S11","S12","S19","SN1","SN11"],"lines":"S11, S12, S19, SN1, SN11"},"geometry":{"type":"LineString","coordinates":[[8.403238,47.409035],[8.403561,47.408588],[8.404008,47.407878],[8.406545,47.403312],[8.406888,47.402807],[8.40734,47.402295]]}},{"type":"Feature","properties":{"mode":"tram","n":6,"arr":["S11","S12","S19","S42","SN1","SN11"],"lines":"S11, S12, S19, S42, SN1, SN11"},"geometry":{"type":"LineString","coordinates":[[8.439503,47.398721],[8.441461,47.398885],[8.449305,47.399453],[8.451861,47.3996],[8.455875,47.399887],[8.457039,47.399923],[8.458093,47.399873],[8.458868,47.39978],[8.459383,47.399692],[8.460481,47.399438],[8.464533,47.398251],[8.475537,47.395275]]}},{"type":"Feature","properties":{"mode":"tram","n":6,"arr":["S11","S12","S19","S42","SN1","SN11"],"lines":"S11, S12, S19, S42, SN1, SN11"},"geometry":{"type":"LineString","coordinates":[[8.349447,47.435272],[8.356159,47.432874],[8.361063,47.431068],[8.38321,47.423145],[8.38446,47.422668],[8.385842,47.422011],[8.386604,47.421587],[8.387692,47.420871],[8.390373,47.418902],[8.400734,47.411414],[8.401431,47.410877],[8.401987,47.410396],[8.402604,47.409783],[8.403238,47.409035]]}},{"type":"Feature","properties":{"mode":"tram","n":5,"arr":["S12","S19","S42","SN1","SN11"],"lines":"S12, S19, S42, SN1, SN11"},"geometry":{"type":"LineString","coordinates":[[8.404006,47.408003],[8.403867,47.40822]]}},{"type":"Feature","properties":{"mode":"tram","n":5,"arr":["S12","S19","S42","SN1","SN11"],"lines":"S12, S19, S42, SN1, SN11"},"geometry":{"type":"LineString","coordinates":[[8.475537,47.395275],[8.477239,47.394831]]}},{"type":"Feature","properties":{"mode":"tram","n":5,"arr":["S12","S19","S42","SN1","SN11"],"lines":"S12, S19, S42, SN1, SN11"},"geometry":{"type":"LineString","coordinates":[[8.43799,47.398631],[8.43819,47.398649]]}}]}