{"type":"FeatureCollection","features":[{"type":"Feature","geometry":{"type":"Point","coordinates":[8.473769,47.394064]},"properties":{"name":"Hermetschloo","lines":"31","arr":["31"],"terminus":1,"mode":"bus","color":"#149a3f","colorDark":"#0a5121","angle":299.5,"snapDist":5,"label":1}},{"type":"Feature","geometry":{"type":"Point","coordinates":[8.474832,47.392918]},"properties":{"name":"Micafil","lines":"31, 20, N17","arr":["31","20","N17"],"terminus":0,"mode":"bus","color":"#0059a9","colorDark":"#00294f","angle":207.8,"snapDist":3,"label":1}},{"type":"Feature","geometry":{"type":"Point","coordinates":[8.478802,47.391092]},"properties":{"name":"Farbhof","lines":"31, 20, N17","arr":["31","20","N17"],"terminus":0,"mode":"bus","color":"#0059a9","colorDark":"#00294f","angle":231.3,"snapDist":6,"label":1}},{"type":"Feature","geometry":{"type":"Point","coordinates":[8.484232,47.39186]},"properties":{"name":"Seidelhof","lines":"31, 20, N17","arr":["31","20","N17"],"terminus":0,"mode":"bus","color":"#0059a9","colorDark":"#00294f","angle":191.4,"snapDist":1,"label":1}},{"type":"Feature","geometry":{"type":"Point","coordinates":[8.489316,47.390665]},"properties":{"name":"Bahnhof Altstetten C","lines":"31, 45, 80, 89, N1, N8, N17","arr":["31","45","80","89","N1","N8","N17"],"terminus":0,"mode":"bus","color":"#0059a9","colorDark":"#00294f","angle":201.4,"snapDist":2,"label":1}},{"type":"Feature","geometry":{"type":"Point","coordinates":[8.495515,47.388881]},"properties":{"name":"Letzibach","lines":"31, N1","arr":["31","N1"],"terminus":0,"mode":"bus","color":"#0059a9","colorDark":"#00294f","angle":201.2,"snapDist":1,"label":1}},{"type":"Feature","geometry":{"type":"Point","coordinates":[8.500342,47.387456]},"properties":{"name":"Letzipark","lines":"31, N1","arr":["31","N1"],"terminus":0,"mode":"bus","color":"#0059a9","colorDark":"#00294f","angle":203.5,"snapDist":1,"label":1}},{"type":"Feature","geometry":{"type":"Point","coordinates":[8.502847,47.386717]},"properties":{"name":"SBB-Werkstätte","lines":"31, N1","arr":["31","N1"],"terminus":0,"mode":"bus","color":"#0059a9","colorDark":"#00294f","angle":203.5,"snapDist":6,"label":1}},{"type":"Feature","geometry":{"type":"Point","coordinates":[8.509055,47.384869]},"properties":{"name":"Herdernstrasse","lines":"31, N1","arr":["31","N1"],"terminus":0,"mode":"bus","color":"#0059a9","colorDark":"#00294f","angle":204.9,"snapDist":11,"label":1}},{"type":"Feature","geometry":{"type":"Point","coordinates":[8.515066,47.382925]},"properties":{"name":"Hardplatz","lines":"31, N1","arr":["31","N1"],"terminus":0,"mode":"bus","color":"#0059a9","colorDark":"#00294f","angle":203.9,"snapDist":1,"label":1}},{"type":"Feature","geometry":{"type":"Point","coordinates":[8.519532,47.380496]},"properties":{"name":"Güterbahnhof","lines":"31, N1","arr":["31","N1"],"terminus":0,"mode":"bus","color":"#0059a9","colorDark":"#00294f","angle":210.6,"snapDist":3,"label":1}},{"type":"Feature","geometry":{"type":"Point","coordinates":[8.523763,47.379282]},"properties":{"name":"Bäckeranlage","lines":"31, N1, N2, N12","arr":["31","N1","N2","N12"],"terminus":0,"mode":"bus","color":"#0059a9","colorDark":"#00294f","angle":125.7,"snapDist":7,"label":1}},{"type":"Feature","geometry":{"type":"Point","coordinates":[8.527546,47.37973]},"properties":{"name":"Militär-/Langstrasse","lines":"31, N1","arr":["31","N1"],"terminus":0,"mode":"bus","color":"#0059a9","colorDark":"#00294f","angle":217.7,"snapDist":6,"label":1}},{"type":"Feature","geometry":{"type":"Point","coordinates":[8.530288,47.378357]},"properties":{"name":"Kanonengasse","lines":"31, N1","arr":["31","N1"],"terminus":0,"mode":"bus","color":"#0059a9","colorDark":"#00294f","angle":216.7,"snapDist":5,"label":1}},{"type":"Feature","geometry":{"type":"Point","coordinates":[8.534252,47.376184]},"properties":{"name":"Sihlpost / HB","lines":"31, N1, N3, N14","arr":["31","N1","N3","N14"],"terminus":0,"mode":"bus","color":"#0059a9","colorDark":"#00294f","angle":136.5,"snapDist":2,"label":1}},{"type":"Feature","geometry":{"type":"Point","coordinates":[8.537434,47.376089]},"properties":{"name":"Löwenplatz","lines":"31, N1, N3, N14","arr":["31","N1","N3","N14"],"terminus":0,"mode":"bus","color":"#0059a9","colorDark":"#00294f","angle":114.1,"snapDist":3,"label":1}},{"type":"Feature","geometry":{"type":"Point","coordinates":[8.54043,47.376916]},"properties":{"name":"Bahnhofplatz/HB","lines":"31, N3, N4, N5, N14, N71, N74","arr":["31","N3","N4","N5","N14","N71","N74"],"terminus":1,"mode":"bus","color":"#0059a9","colorDark":"#00294f","angle":182.1,"snapDist":5,"label":1}},{"type":"Feature","geometry":{"type":"Point","coordinates":[8.544646,47.376578]},"properties":{"name":"Central J","lines":"31, N6","arr":["31","N6"],"terminus":0,"mode":"bus","color":"#0059a9","colorDark":"#00294f","angle":247.3,"snapDist":9,"label":1}},{"type":"Feature","geometry":{"type":"Point","coordinates":[8.547476,47.372645]},"properties":{"name":"Neumarkt","lines":"31, N71, N74","arr":["31","N71","N74"],"terminus":0,"mode":"bus","color":"#0059a9","colorDark":"#00294f","angle":258.3,"snapDist":3,"label":1}},{"type":"Feature","geometry":{"type":"Point","coordinates":[8.548595,47.370349]},"properties":{"name":"Kunsthaus","lines":"31","arr":["31"],"terminus":0,"mode":"bus","color":"#149a3f","colorDark":"#0a5121","angle":239.5,"snapDist":7,"label":1}},{"type":"Feature","geometry":{"type":"Point","coordinates":[8.551845,47.367896]},"properties":{"name":"Sprecherstrasse","lines":"31","arr":["31"],"terminus":0,"mode":"bus","color":"#149a3f","colorDark":"#0a5121","angle":223,"snapDist":2,"label":1}},{"type":"Feature","geometry":{"type":"Point","coordinates":[8.554252,47.36479]},"properties":{"name":"Kreuzplatz","lines":"31, N4","arr":["31","N4"],"terminus":0,"mode":"bus","color":"#0059a9","colorDark":"#00294f","angle":212,"snapDist":4,"label":1}},{"type":"Feature","geometry":{"type":"Point","coordinates":[8.557897,47.363018]},"properties":{"name":"Signaustrasse","lines":"31, N4","arr":["31","N4"],"terminus":0,"mode":"bus","color":"#0059a9","colorDark":"#00294f","angle":226.9,"snapDist":2,"label":1}},{"type":"Feature","geometry":{"type":"Point","coordinates":[8.560801,47.361677]},"properties":{"name":"Hegibachplatz C","lines":"31","arr":["31"],"terminus":0,"mode":"bus","color":"#149a3f","colorDark":"#0a5121","angle":203.8,"snapDist":0,"label":1}},{"type":"Feature","geometry":{"type":"Point","coordinates":[8.562862,47.362888]},"properties":{"name":"Freiestrasse","lines":"31, 33, N33","arr":["31","33","N33"],"terminus":0,"mode":"bus","color":"#0059a9","colorDark":"#00294f","angle":152.5,"snapDist":2,"label":1}},{"type":"Feature","geometry":{"type":"Point","coordinates":[8.565999,47.364307]},"properties":{"name":"Klusplatz G","lines":"31, 33, N33","arr":["31","33","N33"],"terminus":0,"mode":"bus","color":"#0059a9","colorDark":"#00294f","angle":134.1,"snapDist":4,"label":1}},{"type":"Feature","geometry":{"type":"Point","coordinates":[8.571194,47.361078]},"properties":{"name":"Kapfstrasse","lines":"31, N71, N74","arr":["31","N71","N74"],"terminus":0,"mode":"bus","color":"#0059a9","colorDark":"#00294f","angle":207,"snapDist":6,"label":1}},{"type":"Feature","geometry":{"type":"Point","coordinates":[8.574248,47.362709]},"properties":{"name":"Schlyfi","lines":"31, N71, N74","arr":["31","N71","N74"],"terminus":0,"mode":"bus","color":"#0059a9","colorDark":"#00294f","angle":102.1,"snapDist":6,"label":1}},{"type":"Feature","geometry":{"type":"Point","coordinates":[8.578813,47.360423]},"properties":{"name":"Drusbergstrasse","lines":"31, N71, N74","arr":["31","N71","N74"],"terminus":0,"mode":"bus","color":"#0059a9","colorDark":"#00294f","angle":210.3,"snapDist":5,"label":1}},{"type":"Feature","geometry":{"type":"Point","coordinates":[8.584387,47.358323]},"properties":{"name":"Waserstrasse","lines":"31, N71, N74","arr":["31","N71","N74"],"terminus":0,"mode":"bus","color":"#0059a9","colorDark":"#00294f","angle":184.5,"snapDist":5,"label":1}},{"type":"Feature","geometry":{"type":"Point","coordinates":[8.587502,47.358246]},"properties":{"name":"Zentrum Witikon","lines":"31, 91, 701, 703, 704, N71, N74","arr":["31","91","701","703","704","N71","N74"],"terminus":0,"mode":"bus","color":"#0059a9","colorDark":"#00294f","angle":182.1,"snapDist":6,"label":1}},{"type":"Feature","geometry":{"type":"Point","coordinates":[8.590259,47.358698]},"properties":{"name":"Berghaldenstrasse","lines":"31, N71, N74","arr":["31","N71","N74"],"terminus":0,"mode":"bus","color":"#0059a9","colorDark":"#00294f","angle":164,"snapDist":2,"label":1}},{"type":"Feature","geometry":{"type":"Point","coordinates":[8.594833,47.359457]},"properties":{"name":"Loorenstrasse","lines":"31, N71","arr":["31","N71"],"terminus":0,"mode":"bus","color":"#0059a9","colorDark":"#00294f","angle":246,"snapDist":5,"label":1}},{"type":"Feature","geometry":{"type":"Point","coordinates":[8.598102,47.356984]},"properties":{"name":"Zweiackerstrasse","lines":"31, N71","arr":["31","N71"],"terminus":0,"mode":"bus","color":"#0059a9","colorDark":"#00294f","angle":236,"snapDist":4,"label":1}},{"type":"Feature","geometry":{"type":"Point","coordinates":[8.600756,47.355175]},"properties":{"name":"Kienastenwies","lines":"31, N71","arr":["31","N71"],"terminus":1,"mode":"bus","color":"#0059a9","colorDark":"#00294f","angle":43.9,"snapDist":7,"label":1}},{"type":"Feature","geometry":{"type":"Point","coordinates":[8.59802,47.357066]},"properties":{"name":"Zweiackerstrasse","lines":"31","arr":["31"],"terminus":0,"mode":"bus","color":"#149a3f","colorDark":"#0a5121","angle":54.7,"snapDist":3,"label":0}},{"type":"Feature","geometry":{"type":"Point","coordinates":[8.593824,47.35971]},"properties":{"name":"Loorenstrasse","lines":"31, 701, 703, 704, N71, N74","arr":["31","701","703","704","N71","N74"],"terminus":0,"mode":"bus","color":"#0059a9","colorDark":"#00294f","angle":341.3,"snapDist":4,"label":0}},{"type":"Feature","geometry":{"type":"Point","coordinates":[8.589878,47.358623]},"properties":{"name":"Berghaldenstrasse","lines":"31, N71, N74","arr":["31","N71","N74"],"terminus":0,"mode":"bus","color":"#0059a9","colorDark":"#00294f","angle":343.9,"snapDist":7,"label":0}},{"type":"Feature","geometry":{"type":"Point","coordinates":[8.586255,47.358277]},"properties":{"name":"Zentrum Witikon","lines":"31, 91, 701, 703, 704, N71, N74","arr":["31","91","701","703","704","N71","N74"],"terminus":0,"mode":"bus","color":"#0059a9","colorDark":"#00294f","angle":2.1,"snapDist":9,"label":0}},{"type":"Feature","geometry":{"type":"Point","coordinates":[8.583476,47.358457]},"properties":{"name":"Waserstrasse","lines":"31, N71, N74","arr":["31","N71","N74"],"terminus":0,"mode":"bus","color":"#0059a9","colorDark":"#00294f","angle":21,"snapDist":1,"label":0}},{"type":"Feature","geometry":{"type":"Point","coordinates":[8.578864,47.360403]},"properties":{"name":"Drusbergstrasse","lines":"31, N71, N74","arr":["31","N71","N74"],"terminus":0,"mode":"bus","color":"#0059a9","colorDark":"#00294f","angle":30.3,"snapDist":6,"label":0}},{"type":"Feature","geometry":{"type":"Point","coordinates":[8.574236,47.362299]},"properties":{"name":"Schlyfi","lines":"31, N71, N74","arr":["31","N71","N74"],"terminus":0,"mode":"bus","color":"#0059a9","colorDark":"#00294f","angle":266.5,"snapDist":3,"label":0}},{"type":"Feature","geometry":{"type":"Point","coordinates":[8.571,47.361145]},"properties":{"name":"Kapfstrasse","lines":"31, N71, N74","arr":["31","N71","N74"],"terminus":0,"mode":"bus","color":"#0059a9","colorDark":"#00294f","angle":27,"snapDist":3,"label":0}},{"type":"Feature","geometry":{"type":"Point","coordinates":[8.565912,47.364245]},"properties":{"name":"Klusplatz H","lines":"31, 33, N33","arr":["31","33","N33"],"terminus":0,"mode":"bus","color":"#0059a9","colorDark":"#00294f","angle":313.4,"snapDist":3,"label":1}},{"type":"Feature","geometry":{"type":"Point","coordinates":[8.562756,47.362851]},"properties":{"name":"Freiestrasse","lines":"31, 33, N33","arr":["31","33","N33"],"terminus":0,"mode":"bus","color":"#0059a9","colorDark":"#00294f","angle":332.8,"snapDist":4,"label":0}},{"type":"Feature","geometry":{"type":"Point","coordinates":[8.560895,47.362198]},"properties":{"name":"Hegibachplatz E","lines":"31","arr":["31"],"terminus":0,"mode":"bus","color":"#149a3f","colorDark":"#0a5121","angle":331,"snapDist":5,"label":1}},{"type":"Feature","geometry":{"type":"Point","coordinates":[8.557509,47.363293]},"properties":{"name":"Signaustrasse","lines":"31, N4","arr":["31","N4"],"terminus":0,"mode":"bus","color":"#0059a9","colorDark":"#00294f","angle":46.2,"snapDist":2,"label":0}},{"type":"Feature","geometry":{"type":"Point","coordinates":[8.554203,47.365158]},"properties":{"name":"Kreuzplatz","lines":"31","arr":["31"],"terminus":0,"mode":"bus","color":"#149a3f","colorDark":"#0a5121","angle":70.1,"snapDist":2,"label":0}},{"type":"Feature","geometry":{"type":"Point","coordinates":[8.552714,47.367387]},"properties":{"name":"Sprecherstrasse","lines":"31","arr":["31"],"terminus":0,"mode":"bus","color":"#149a3f","colorDark":"#0a5121","angle":40.9,"snapDist":8,"label":0}},{"type":"Feature","geometry":{"type":"Point","coordinates":[8.54845,47.370532]},"properties":{"name":"Kunsthaus","lines":"31","arr":["31"],"terminus":0,"mode":"bus","color":"#149a3f","colorDark":"#0a5121","angle":67.2,"snapDist":8,"label":0}},{"type":"Feature","geometry":{"type":"Point","coordinates":[8.547257,47.372993]},"properties":{"name":"Neumarkt","lines":"31, N71, N74","arr":["31","N71","N74"],"terminus":0,"mode":"bus","color":"#0059a9","colorDark":"#00294f","angle":59.4,"snapDist":1,"label":0}},{"type":"Feature","geometry":{"type":"Point","coordinates":[8.543543,47.376909]},"properties":{"name":"Central I","lines":"31, N6, N10, N71, N74","arr":["31","N6","N10","N71","N74"],"terminus":0,"mode":"bus","color":"#0059a9","colorDark":"#00294f","angle":2.3,"snapDist":2,"label":1}},{"type":"Feature","geometry":{"type":"Point","coordinates":[8.5396,47.377294]},"properties":{"name":"Bahnhofplatz/HB","lines":"31, N1, N3, N4, N5, N6, N10, N13, N14, N46, N71, N74","arr":["31","N1","N3","N4","N5","N6","N10","N13","N14","N46","N71","N74"],"terminus":1,"mode":"bus","color":"#0059a9","colorDark":"#00294f","angle":21.9,"snapDist":4,"label":0}},{"type":"Feature","geometry":{"type":"Point","coordinates":[8.537202,47.375804]},"properties":{"name":"Löwenplatz","lines":"31, N1, N3, N14","arr":["31","N1","N3","N14"],"terminus":0,"mode":"bus","color":"#0059a9","colorDark":"#00294f","angle":326.7,"snapDist":5,"label":0}},{"type":"Feature","geometry":{"type":"Point","coordinates":[8.534385,47.376269]},"properties":{"name":"Sihlpost / HB","lines":"31, N1, N3, N14","arr":["31","N1","N3","N14"],"terminus":0,"mode":"bus","color":"#0059a9","colorDark":"#00294f","angle":316.5,"snapDist":1,"label":0}},{"type":"Feature","geometry":{"type":"Point","coordinates":[8.530018,47.378493]},"properties":{"name":"Kanonengasse","lines":"31, N1","arr":["31","N1"],"terminus":0,"mode":"bus","color":"#0059a9","colorDark":"#00294f","angle":36.6,"snapDist":4,"label":0}},{"type":"Feature","geometry":{"type":"Point","coordinates":[8.52789,47.379553]},"properties":{"name":"Militär-/Langstrasse","lines":"31, N1","arr":["31","N1"],"terminus":0,"mode":"bus","color":"#0059a9","colorDark":"#00294f","angle":36.4,"snapDist":6,"label":0}},{"type":"Feature","geometry":{"type":"Point","coordinates":[8.523606,47.379134]},"properties":{"name":"Bäckeranlage","lines":"31, N1","arr":["31","N1"],"terminus":0,"mode":"bus","color":"#0059a9","colorDark":"#00294f","angle":305.7,"snapDist":3,"label":0}},{"type":"Feature","geometry":{"type":"Point","coordinates":[8.519639,47.380454]},"properties":{"name":"Güterbahnhof","lines":"31, N1","arr":["31","N1"],"terminus":0,"mode":"bus","color":"#0059a9","colorDark":"#00294f","angle":30.7,"snapDist":3,"label":0}},{"type":"Feature","geometry":{"type":"Point","coordinates":[8.51479,47.383121]},"properties":{"name":"Hardplatz","lines":"31, N1","arr":["31","N1"],"terminus":0,"mode":"bus","color":"#0059a9","colorDark":"#00294f","angle":17.2,"snapDist":4,"label":0}},{"type":"Feature","geometry":{"type":"Point","coordinates":[8.507712,47.385287]},"properties":{"name":"Herdernstrasse","lines":"31, N1","arr":["31","N1"],"terminus":0,"mode":"bus","color":"#0059a9","colorDark":"#00294f","angle":24.3,"snapDist":3,"label":0}},{"type":"Feature","geometry":{"type":"Point","coordinates":[8.501968,47.386976]},"properties":{"name":"SBB-Werkstätte","lines":"31, N1","arr":["31","N1"],"terminus":0,"mode":"bus","color":"#0059a9","colorDark":"#00294f","angle":23.7,"snapDist":4,"label":0}},{"type":"Feature","geometry":{"type":"Point","coordinates":[8.499247,47.387779]},"properties":{"name":"Letzipark","lines":"31, N1","arr":["31","N1"],"terminus":0,"mode":"bus","color":"#0059a9","colorDark":"#00294f","angle":23.5,"snapDist":5,"label":0}},{"type":"Feature","geometry":{"type":"Point","coordinates":[8.49469,47.389128]},"properties":{"name":"Letzibach","lines":"31, 83, N1","arr":["31","83","N1"],"terminus":0,"mode":"bus","color":"#0059a9","colorDark":"#00294f","angle":23.6,"snapDist":4,"label":0}},{"type":"Feature","geometry":{"type":"Point","coordinates":[8.487947,47.391165]},"properties":{"name":"Bahnhof Altstetten A","lines":"31, 45, 78, 80, N1, N8, N17","arr":["31","45","78","80","N1","N8","N17"],"terminus":0,"mode":"bus","color":"#0059a9","colorDark":"#00294f","angle":22,"snapDist":5,"label":1}},{"type":"Feature","geometry":{"type":"Point","coordinates":[8.483702,47.391933]},"properties":{"name":"Seidelhof","lines":"31, 20, N17","arr":["31","20","N17"],"terminus":0,"mode":"bus","color":"#0059a9","colorDark":"#00294f","angle":11.5,"snapDist":2,"label":0}},{"type":"Feature","geometry":{"type":"Point","coordinates":[8.47849,47.391356]},"properties":{"name":"Farbhof","lines":"31, 20, N17","arr":["31","20","N17"],"terminus":0,"mode":"bus","color":"#0059a9","colorDark":"#00294f","angle":51.3,"snapDist":3,"label":0}},{"type":"Feature","geometry":{"type":"Point","coordinates":[8.474306,47.393103]},"properties":{"name":"Micafil","lines":"31, 20, N17","arr":["31","20","N17"],"terminus":0,"mode":"bus","color":"#0059a9","colorDark":"#00294f","angle":27.3,"snapDist":4,"label":0}},{"type":"Feature","geometry":{"type":"Point","coordinates":[8.496649,47.423788]},"properties":{"name":"Holzerhurd","lines":"32","arr":["32"],"terminus":1,"mode":"bus","color":"#149a3f","colorDark":"#0a5121","angle":22.3,"snapDist":3,"label":1}},{"type":"Feature","geometry":{"type":"Point","coordinates":[8.50219,47.420935]},"properties":{"name":"Hungerbergstrasse","lines":"32, 492","arr":["32","492"],"terminus":0,"mode":"bus","color":"#0059a9","colorDark":"#00294f","angle":219.2,"snapDist":3,"label":1}},{"type":"Feature","geometry":{"type":"Point","coordinates":[8.507178,47.4189]},"properties":{"name":"Zehntenhausplatz","lines":"32, 61, 62, N2","arr":["32","61","62","N2"],"terminus":0,"mode":"bus","color":"#0059a9","colorDark":"#00294f","angle":204.5,"snapDist":8,"label":0}},{"type":"Feature","geometry":{"type":"Point","coordinates":[8.513412,47.415546]},"properties":{"name":"Einfangstrasse","lines":"32, 61, 62, N2","arr":["32","61","62","N2"],"terminus":0,"mode":"bus","color":"#0059a9","colorDark":"#00294f","angle":202.5,"snapDist":5,"label":1}},{"type":"Feature","geometry":{"type":"Point","coordinates":[8.519798,47.413929]},"properties":{"name":"Glaubtenstrasse","lines":"32, 40, 61, 62, N2","arr":["32","40","61","62","N2"],"terminus":0,"mode":"bus","color":"#0059a9","colorDark":"#00294f","angle":205.3,"snapDist":3,"label":1}},{"type":"Feature","geometry":{"type":"Point","coordinates":[8.525423,47.411591]},"properties":{"name":"Neuaffoltern","lines":"32, N2","arr":["32","N2"],"terminus":0,"mode":"bus","color":"#0059a9","colorDark":"#00294f","angle":219.2,"snapDist":1,"label":1}},{"type":"Feature","geometry":{"type":"Point","coordinates":[8.530951,47.407245]},"properties":{"name":"Birchdörfli","lines":"32, N2","arr":["32","N2"],"terminus":0,"mode":"bus","color":"#0059a9","colorDark":"#00294f","angle":237,"snapDist":5,"label":1}},{"type":"Feature","geometry":{"type":"Point","coordinates":[8.535022,47.402033]},"properties":{"name":"Brunnenhof","lines":"32, 40, N2, N12","arr":["32","40","N2","N12"],"terminus":0,"mode":"bus","color":"#0059a9","colorDark":"#00294f","angle":304,"snapDist":3,"label":1}},{"type":"Feature","geometry":{"type":"Point","coordinates":[8.533191,47.398268]},"properties":{"name":"Bucheggplatz F","lines":"32, N2, N12","arr":["32","N2","N12"],"terminus":0,"mode":"bus","color":"#0059a9","colorDark":"#00294f","angle":76.6,"snapDist":1,"label":1}},{"type":"Feature","geometry":{"type":"Point","coordinates":[8.53216,47.395861]},"properties":{"name":"Lägernstrasse","lines":"32, N2, N12","arr":["32","N2","N12"],"terminus":0,"mode":"bus","color":"#0059a9","colorDark":"#00294f","angle":282.7,"snapDist":4,"label":1}},{"type":"Feature","geometry":{"type":"Point","coordinates":[8.53627,47.390925]},"properties":{"name":"Rotbuchstrasse","lines":"32, N2, N12","arr":["32","N2","N12"],"terminus":0,"mode":"bus","color":"#0059a9","colorDark":"#00294f","angle":269,"snapDist":4,"label":1}},{"type":"Feature","geometry":{"type":"Point","coordinates":[8.536187,47.388037]},"properties":{"name":"Nordstrasse","lines":"32, 46, N2, N12","arr":["32","46","N2","N12"],"terminus":0,"mode":"bus","color":"#0059a9","colorDark":"#00294f","angle":297.8,"snapDist":7,"label":1}},{"type":"Feature","geometry":{"type":"Point","coordinates":[8.531313,47.384497]},"properties":{"name":"Limmatplatz","lines":"32, N2, N12","arr":["32","N2","N12"],"terminus":0,"mode":"bus","color":"#0059a9","colorDark":"#00294f","angle":268.8,"snapDist":4,"label":1}},{"type":"Feature","geometry":{"type":"Point","coordinates":[8.529357,47.382055]},"properties":{"name":"Röntgenstrasse","lines":"32, N2, N12","arr":["32","N2","N12"],"terminus":0,"mode":"bus","color":"#0059a9","colorDark":"#00294f","angle":302.2,"snapDist":3,"label":1}},{"type":"Feature","geometry":{"type":"Point","coordinates":[8.527628,47.379509]},"properties":{"name":"Militär-/Langstrasse","lines":"32","arr":["32"],"terminus":0,"mode":"bus","color":"#149a3f","colorDark":"#0a5121","angle":291.8,"snapDist":2,"label":0}},{"type":"Feature","geometry":{"type":"Point","coordinates":[8.525473,47.376088]},"properties":{"name":"Helvetiaplatz","lines":"32, N2, N12","arr":["32","N2","N12"],"terminus":0,"mode":"bus","color":"#0059a9","colorDark":"#00294f","angle":297.4,"snapDist":5,"label":1}},{"type":"Feature","geometry":{"type":"Point","coordinates":[8.524416,47.374646]},"properties":{"name":"Kernstrasse","lines":"32, N2, N12","arr":["32","N2","N12"],"terminus":0,"mode":"bus","color":"#0059a9","colorDark":"#00294f","angle":296.6,"snapDist":2,"label":1}},{"type":"Feature","geometry":{"type":"Point","coordinates":[8.521081,47.374194]},"properties":{"name":"Zürich,Kalkbreite/Bhf.Wiedikon","lines":"32, N2, N12","arr":["32","N2","N12"],"terminus":0,"mode":"bus","color":"#0059a9","colorDark":"#00294f","angle":329,"snapDist":4,"label":1}},{"type":"Feature","geometry":{"type":"Point","coordinates":[8.516679,47.372044]},"properties":{"name":"Zwinglihaus","lines":"32, N2, N12","arr":["32","N2","N12"],"terminus":0,"mode":"bus","color":"#0059a9","colorDark":"#00294f","angle":318.8,"snapDist":5,"label":1}},{"type":"Feature","geometry":{"type":"Point","coordinates":[8.513701,47.370405]},"properties":{"name":"Goldbrunnenplatz","lines":"32, N2, N12","arr":["32","N2","N12"],"terminus":0,"mode":"bus","color":"#0059a9","colorDark":"#00294f","angle":322.7,"snapDist":5,"label":1}},{"type":"Feature","geometry":{"type":"Point","coordinates":[8.509284,47.369793]},"properties":{"name":"Talwiesenstrasse","lines":"32, N14","arr":["32","N14"],"terminus":0,"mode":"bus","color":"#0059a9","colorDark":"#00294f","angle":350.2,"snapDist":5,"label":1}},{"type":"Feature","geometry":{"type":"Point","coordinates":[8.506102,47.369408]},"properties":{"name":"Heuried","lines":"32, N14","arr":["32","N14"],"terminus":0,"mode":"bus","color":"#0059a9","colorDark":"#00294f","angle":350.1,"snapDist":4,"label":1}},{"type":"Feature","geometry":{"type":"Point","coordinates":[8.501568,47.368864]},"properties":{"name":"Schaufelbergerstrasse","lines":"32, 215, 220, 235, 236, 245, N14","arr":["32","215","220","235","236","245","N14"],"terminus":0,"mode":"bus","color":"#0059a9","colorDark":"#00294f","angle":349.9,"snapDist":5,"label":1}},{"type":"Feature","geometry":{"type":"Point","coordinates":[8.502826,47.364463]},"properties":{"name":"Schweighof","lines":"32, 73, 76, 89, EV1, EV3","arr":["32","73","76","89","EV1","EV3"],"terminus":1,"mode":"bus","color":"#0059a9","colorDark":"#00294f","angle":252.2,"snapDist":4,"label":1}},{"type":"Feature","geometry":{"type":"Point","coordinates":[8.505053,47.362103]},"properties":{"name":"Friesenbergstrasse","lines":"32, 73, 89, N2","arr":["32","73","89","N2"],"terminus":0,"mode":"bus","color":"#0059a9","colorDark":"#00294f","angle":234.6,"snapDist":6,"label":1}},{"type":"Feature","geometry":{"type":"Point","coordinates":[8.507416,47.359547]},"properties":{"name":"Im Hagacker","lines":"32, 89, N2","arr":["32","89","N2"],"terminus":0,"mode":"bus","color":"#0059a9","colorDark":"#00294f","angle":238.8,"snapDist":3,"label":1}},{"type":"Feature","geometry":{"type":"Point","coordinates":[8.510053,47.356501]},"properties":{"name":"Hegianwandweg","lines":"32, 89, N2","arr":["32","89","N2"],"terminus":0,"mode":"bus","color":"#0059a9","colorDark":"#00294f","angle":239.2,"snapDist":5,"label":1}},{"type":"Feature","geometry":{"type":"Point","coordinates":[8.51157,47.353177]},"properties":{"name":"Strassenverkehrsamt","lines":"32, N2","arr":["32","N2"],"terminus":1,"mode":"bus","color":"#0059a9","colorDark":"#00294f","angle":142.1,"snapDist":4,"label":1}},{"type":"Feature","geometry":{"type":"Point","coordinates":[8.509912,47.356759]},"properties":{"name":"Hegianwandweg","lines":"32, 89, N2","arr":["32","89","N2"],"terminus":0,"mode":"bus","color":"#0059a9","colorDark":"#00294f","angle":59.2,"snapDist":5,"label":0}},{"type":"Feature","geometry":{"type":"Point","coordinates":[8.507385,47.359678]},"properties":{"name":"Im Hagacker","lines":"32, 89, N2","arr":["32","89","N2"],"terminus":0,"mode":"bus","color":"#0059a9","colorDark":"#00294f","angle":59.1,"snapDist":7,"label":0}},{"type":"Feature","geometry":{"type":"Point","coordinates":[8.504934,47.362216]},"properties":{"name":"Friesenbergstrasse","lines":"32, 73, 89, N2","arr":["32","73","89","N2"],"terminus":0,"mode":"bus","color":"#0059a9","colorDark":"#00294f","angle":54.6,"snapDist":5,"label":0}},{"type":"Feature","geometry":{"type":"Point","coordinates":[8.50271,47.36481]},"properties":{"name":"Schweighof","lines":"32, 73, 76, 89, EV1, EV3","arr":["32","73","76","89","EV1","EV3"],"terminus":1,"mode":"bus","color":"#0059a9","colorDark":"#00294f","angle":77.4,"snapDist":3,"label":0}},{"type":"Feature","geometry":{"type":"Point","coordinates":[8.502154,47.368935]},"properties":{"name":"Schaufelbergerstrasse","lines":"32, 215, 220, 235, 236, 245, N14","arr":["32","215","220","235","236","245","N14"],"terminus":0,"mode":"bus","color":"#0059a9","colorDark":"#00294f","angle":169.9,"snapDist":2,"label":0}},{"type":"Feature","geometry":{"type":"Point","coordinates":[8.506758,47.369487]},"properties":{"name":"Heuried","lines":"32, N14","arr":["32","N14"],"terminus":0,"mode":"bus","color":"#0059a9","colorDark":"#00294f","angle":169.9,"snapDist":4,"label":0}},{"type":"Feature","geometry":{"type":"Point","coordinates":[8.509781,47.369851]},"properties":{"name":"Talwiesenstrasse","lines":"32, N14","arr":["32","N14"],"terminus":0,"mode":"bus","color":"#0059a9","colorDark":"#00294f","angle":170.2,"snapDist":6,"label":0}},{"type":"Feature","geometry":{"type":"Point","coordinates":[8.514057,47.370106]},"properties":{"name":"Goldbrunnenplatz","lines":"32, N2, N12","arr":["32","N2","N12"],"terminus":0,"mode":"bus","color":"#0059a9","colorDark":"#00294f","angle":131.4,"snapDist":0,"label":0}},{"type":"Feature","geometry":{"type":"Point","coordinates":[8.516267,47.371799]},"properties":{"name":"Zwinglihaus","lines":"32, N2, N12","arr":["32","N2","N12"],"terminus":0,"mode":"bus","color":"#0059a9","colorDark":"#00294f","angle":139.4,"snapDist":2,"label":0}},{"type":"Feature","geometry":{"type":"Point","coordinates":[8.521423,47.374345]},"properties":{"name":"Zürich,Kalkbreite/Bhf.Wiedikon","lines":"32, N2, N12","arr":["32","N2","N12"],"terminus":0,"mode":"bus","color":"#0059a9","colorDark":"#00294f","angle":138.3,"snapDist":6,"label":0}},{"type":"Feature","geometry":{"type":"Point","coordinates":[8.524377,47.374603]},"properties":{"name":"Kernstrasse","lines":"32, N2, N12","arr":["32","N2","N12"],"terminus":0,"mode":"bus","color":"#0059a9","colorDark":"#00294f","angle":122.1,"snapDist":2,"label":0}},{"type":"Feature","geometry":{"type":"Point","coordinates":[8.525594,47.376257]},"properties":{"name":"Helvetiaplatz","lines":"32, N2, N12","arr":["32","N2","N12"],"terminus":0,"mode":"bus","color":"#0059a9","colorDark":"#00294f","angle":114.9,"snapDist":4,"label":0}},{"type":"Feature","geometry":{"type":"Point","coordinates":[8.527866,47.379954]},"properties":{"name":"Militär-/Langstrasse","lines":"32, N2, N12","arr":["32","N2","N12"],"terminus":0,"mode":"bus","color":"#0059a9","colorDark":"#00294f","angle":111.8,"snapDist":2,"label":0}},{"type":"Feature","geometry":{"type":"Point","coordinates":[8.529484,47.382195]},"properties":{"name":"Röntgenstrasse","lines":"32, N2, N12","arr":["32","N2","N12"],"terminus":0,"mode":"bus","color":"#0059a9","colorDark":"#00294f","angle":119.9,"snapDist":1,"label":0}},{"type":"Feature","geometry":{"type":"Point","coordinates":[8.532216,47.385002]},"properties":{"name":"Limmatplatz","lines":"32","arr":["32"],"terminus":0,"mode":"bus","color":"#149a3f","colorDark":"#0a5121","angle":113.3,"snapDist":4,"label":0}},{"type":"Feature","geometry":{"type":"Point","coordinates":[8.536331,47.388319]},"properties":{"name":"Nordstrasse","lines":"32, N2, N12","arr":["32","N2","N12"],"terminus":0,"mode":"bus","color":"#0059a9","colorDark":"#00294f","angle":100.8,"snapDist":2,"label":0}},{"type":"Feature","geometry":{"type":"Point","coordinates":[8.53627,47.390924]},"properties":{"name":"Rotbuchstrasse","lines":"32, 46, N2, N12","arr":["32","46","N2","N12"],"terminus":0,"mode":"bus","color":"#0059a9","colorDark":"#00294f","angle":89,"snapDist":3,"label":0}},{"type":"Feature","geometry":{"type":"Point","coordinates":[8.532418,47.395229]},"properties":{"name":"Lägernstrasse","lines":"32, N2, N12","arr":["32","N2","N12"],"terminus":0,"mode":"bus","color":"#0059a9","colorDark":"#00294f","angle":55.3,"snapDist":4,"label":0}},{"type":"Feature","geometry":{"type":"Point","coordinates":[8.533113,47.398489]},"properties":{"name":"Bucheggplatz E","lines":"32, N2, N12","arr":["32","N2","N12"],"terminus":0,"mode":"bus","color":"#0059a9","colorDark":"#00294f","angle":76.6,"snapDist":3,"label":1}},{"type":"Feature","geometry":{"type":"Point","coordinates":[8.535258,47.402256]},"properties":{"name":"Brunnenhof","lines":"32, N2, N12","arr":["32","N2","N12"],"terminus":0,"mode":"bus","color":"#0059a9","colorDark":"#00294f","angle":127.5,"snapDist":4,"label":0}},{"type":"Feature","geometry":{"type":"Point","coordinates":[8.530334,47.407867]},"properties":{"name":"Birchdörfli","lines":"32, 61, 62, N2","arr":["32","61","62","N2"],"terminus":0,"mode":"bus","color":"#0059a9","colorDark":"#00294f","angle":53.2,"snapDist":3,"label":0}},{"type":"Feature","geometry":{"type":"Point","coordinates":[8.524324,47.412104]},"properties":{"name":"Neuaffoltern","lines":"32, 61, 62, N2","arr":["32","61","62","N2"],"terminus":0,"mode":"bus","color":"#0059a9","colorDark":"#00294f","angle":31.4,"snapDist":9,"label":0}},{"type":"Feature","geometry":{"type":"Point","coordinates":[8.519215,47.414092]},"properties":{"name":"Glaubtenstrasse","lines":"32, 40, 61, 62, N2","arr":["32","40","61","62","N2"],"terminus":0,"mode":"bus","color":"#0059a9","colorDark":"#00294f","angle":18.9,"snapDist":9,"label":0}},{"type":"Feature","geometry":{"type":"Point","coordinates":[8.512512,47.415904]},"properties":{"name":"Einfangstrasse","lines":"32, 61, 62, N2","arr":["32","61","62","N2"],"terminus":0,"mode":"bus","color":"#0059a9","colorDark":"#00294f","angle":34.2,"snapDist":8,"label":0}},{"type":"Feature","geometry":{"type":"Point","coordinates":[8.505497,47.419449]},"properties":{"name":"Zehntenhausplatz","lines":"32, 492","arr":["32","492"],"terminus":1,"mode":"bus","color":"#0059a9","colorDark":"#00294f","angle":28.6,"snapDist":5,"label":1}},{"type":"Feature","geometry":{"type":"Point","coordinates":[8.501617,47.421254]},"properties":{"name":"Hungerbergstrasse","lines":"32, 492","arr":["32","492"],"terminus":0,"mode":"bus","color":"#0059a9","colorDark":"#00294f","angle":40,"snapDist":6,"label":0}},{"type":"Feature","geometry":{"type":"Point","coordinates":[8.560774,47.350225]},"properties":{"name":"Bahnhof Tiefenbrunnen","lines":"33, N33","arr":["33","N33"],"terminus":1,"mode":"bus","color":"#0059a9","colorDark":"#00294f","angle":19.4,"snapDist":2,"label":1}},{"type":"Feature","geometry":{"type":"Point","coordinates":[8.55868,47.353368]},"properties":{"name":"Wildbachstrasse","lines":"33, 912, 916, N33, N91","arr":["33","912","916","N33","N91"],"terminus":0,"mode":"bus","color":"#0059a9","colorDark":"#00294f","angle":57.4,"snapDist":2,"label":1}},{"type":"Feature","geometry":{"type":"Point","coordinates":[8.556738,47.355406]},"properties":{"name":"Fröhlichstrasse","lines":"33, 912, 916, N33, N91","arr":["33","912","916","N33","N91"],"terminus":0,"mode":"bus","color":"#0059a9","colorDark":"#00294f","angle":57.3,"snapDist":2,"label":1}},{"type":"Feature","geometry":{"type":"Point","coordinates":[8.555,47.35793]},"properties":{"name":"Höschgasse","lines":"33, N33","arr":["33","N33"],"terminus":0,"mode":"bus","color":"#0059a9","colorDark":"#00294f","angle":157.1,"snapDist":5,"label":1}},{"type":"Feature","geometry":{"type":"Point","coordinates":[8.557448,47.359205]},"properties":{"name":"Botanischer Garten","lines":"33, N33","arr":["33","N33"],"terminus":0,"mode":"bus","color":"#0059a9","colorDark":"#00294f","angle":126.4,"snapDist":4,"label":1}},{"type":"Feature","geometry":{"type":"Point","coordinates":[8.560725,47.361322]},"properties":{"name":"Hegibachplatz F","lines":"33, N33","arr":["33","N33"],"terminus":0,"mode":"bus","color":"#0059a9","colorDark":"#00294f","angle":69.8,"snapDist":2,"label":1}},{"type":"Feature","geometry":{"type":"Point","coordinates":[8.564682,47.367236]},"properties":{"name":"Hölderlinsteig","lines":"33, N33","arr":["33","N33"],"terminus":0,"mode":"bus","color":"#0059a9","colorDark":"#00294f","angle":66.8,"snapDist":2,"label":1}},{"type":"Feature","geometry":{"type":"Point","coordinates":[8.563597,47.370308]},"properties":{"name":"Klosbach","lines":"33, N33","arr":["33","N33"],"terminus":0,"mode":"bus","color":"#0059a9","colorDark":"#00294f","angle":31.9,"snapDist":3,"label":1}},{"type":"Feature","geometry":{"type":"Point","coordinates":[8.562584,47.372903]},"properties":{"name":"Hofstrasse","lines":"33, N33","arr":["33","N33"],"terminus":0,"mode":"bus","color":"#0059a9","colorDark":"#00294f","angle":17,"snapDist":3,"label":1}},{"type":"Feature","geometry":{"type":"Point","coordinates":[8.559038,47.377237]},"properties":{"name":"Kirche Fluntern","lines":"33, N33","arr":["33","N33"],"terminus":0,"mode":"bus","color":"#0059a9","colorDark":"#00294f","angle":44.5,"snapDist":7,"label":0}},{"type":"Feature","geometry":{"type":"Point","coordinates":[8.554514,47.38009]},"properties":{"name":"Hinterbergstrasse","lines":"33, N33","arr":["33","N33"],"terminus":0,"mode":"bus","color":"#0059a9","colorDark":"#00294f","angle":49,"snapDist":3,"label":1}},{"type":"Feature","geometry":{"type":"Point","coordinates":[8.551984,47.382121]},"properties":{"name":"Spyriplatz","lines":"33, N33","arr":["33","N33"],"terminus":0,"mode":"bus","color":"#0059a9","colorDark":"#00294f","angle":50.7,"snapDist":5,"label":1}},{"type":"Feature","geometry":{"type":"Point","coordinates":[8.549226,47.383537]},"properties":{"name":"Vogelsangstrasse","lines":"33, N33","arr":["33","N33"],"terminus":0,"mode":"bus","color":"#0059a9","colorDark":"#00294f","angle":37.3,"snapDist":1,"label":1}},{"type":"Feature","geometry":{"type":"Point","coordinates":[8.548257,47.386082]},"properties":{"name":"Seilbahn Rigiblick","lines":"33, N10, N33","arr":["33","N10","N33"],"terminus":0,"mode":"bus","color":"#0059a9","colorDark":"#00294f","angle":56.5,"snapDist":5,"label":1}},{"type":"Feature","geometry":{"type":"Point","coordinates":[8.54409,47.38774]},"properties":{"name":"Scheuchzerstrasse","lines":"33, N33","arr":["33","N33"],"terminus":0,"mode":"bus","color":"#0059a9","colorDark":"#00294f","angle":41.2,"snapDist":3,"label":1}},{"type":"Feature","geometry":{"type":"Point","coordinates":[8.538103,47.391341]},"properties":{"name":"Schaffhauserplatz","lines":"33, N33","arr":["33","N33"],"terminus":0,"mode":"bus","color":"#0059a9","colorDark":"#00294f","angle":357.9,"snapDist":6,"label":1}},{"type":"Feature","geometry":{"type":"Point","coordinates":[8.535629,47.39135]},"properties":{"name":"Rotbuchstrasse","lines":"33, N33","arr":["33","N33"],"terminus":0,"mode":"bus","color":"#0059a9","colorDark":"#00294f","angle":0.8,"snapDist":4,"label":0}},{"type":"Feature","geometry":{"type":"Point","coordinates":[8.532519,47.392658]},"properties":{"name":"Nürenbergstrasse","lines":"33, N33","arr":["33","N33"],"terminus":0,"mode":"bus","color":"#0059a9","colorDark":"#00294f","angle":38.5,"snapDist":3,"label":1}},{"type":"Feature","geometry":{"type":"Point","coordinates":[8.529638,47.393423]},"properties":{"name":"Bahnhof Wipkingen","lines":"33, 46, N33","arr":["33","46","N33"],"terminus":0,"mode":"bus","color":"#0059a9","colorDark":"#00294f","angle":26.2,"snapDist":6,"label":1}},{"type":"Feature","geometry":{"type":"Point","coordinates":[8.525245,47.394351]},"properties":{"name":"Rosengartenstrasse","lines":"33, 72, 83, N9, N15, N18, N33, N46","arr":["33","72","83","N9","N15","N18","N33","N46"],"terminus":0,"mode":"bus","color":"#0059a9","colorDark":"#00294f","angle":297,"snapDist":4,"label":1}},{"type":"Feature","geometry":{"type":"Point","coordinates":[8.522308,47.390584]},"properties":{"name":"Escher-Wyss-Platz E","lines":"33, 72, 83, N9, N15, N18, N33","arr":["33","72","83","N9","N15","N18","N33"],"terminus":0,"mode":"bus","color":"#0059a9","colorDark":"#00294f","angle":303.5,"snapDist":2,"label":1}},{"type":"Feature","geometry":{"type":"Point","coordinates":[8.520021,47.388241]},"properties":{"name":"Schiffbau","lines":"33, 72, 83, N9, N15, N18, N33","arr":["33","72","83","N9","N15","N18","N33"],"terminus":0,"mode":"bus","color":"#0059a9","colorDark":"#00294f","angle":303.5,"snapDist":0,"label":1}},{"type":"Feature","geometry":{"type":"Point","coordinates":[8.516765,47.38489]},"properties":{"name":"Bahnhof Hardbrücke","lines":"33, 72, 83, N9, N15, N18, N33","arr":["33","72","83","N9","N15","N18","N33"],"terminus":0,"mode":"bus","color":"#0059a9","colorDark":"#00294f","angle":303.5,"snapDist":6,"label":1}},{"type":"Feature","geometry":{"type":"Point","coordinates":[8.514106,47.382113]},"properties":{"name":"Hardplatz","lines":"33, 72, 83, N9, N15, N18, N33","arr":["33","72","83","N9","N15","N18","N33"],"terminus":0,"mode":"bus","color":"#0059a9","colorDark":"#00294f","angle":302.7,"snapDist":5,"label":0}},{"type":"Feature","geometry":{"type":"Point","coordinates":[8.50933,47.378115]},"properties":{"name":"Albisriederplatz G","lines":"33, 83, N33","arr":["33","83","N33"],"terminus":0,"mode":"bus","color":"#0059a9","colorDark":"#00294f","angle":343.3,"snapDist":8,"label":1}},{"type":"Feature","geometry":{"type":"Point","coordinates":[8.507151,47.377673]},"properties":{"name":"Altes Krematorium","lines":"33, 83, N3, N33","arr":["33","83","N3","N33"],"terminus":0,"mode":"bus","color":"#0059a9","colorDark":"#00294f","angle":344.6,"snapDist":2,"label":1}},{"type":"Feature","geometry":{"type":"Point","coordinates":[8.498781,47.37752]},"properties":{"name":"Hubertus","lines":"33, 83, N3, N33","arr":["33","83","N3","N33"],"terminus":0,"mode":"bus","color":"#0059a9","colorDark":"#00294f","angle":28.4,"snapDist":1,"label":1}},{"type":"Feature","geometry":{"type":"Point","coordinates":[8.49524,47.373999]},"properties":{"name":"Sackzelg","lines":"33, N33","arr":["33","N33"],"terminus":0,"mode":"bus","color":"#0059a9","colorDark":"#00294f","angle":301.8,"snapDist":2,"label":1}},{"type":"Feature","geometry":{"type":"Point","coordinates":[8.494168,47.372631]},"properties":{"name":"Schulhaus Altweg","lines":"33, N33","arr":["33","N33"],"terminus":0,"mode":"bus","color":"#0059a9","colorDark":"#00294f","angle":289.8,"snapDist":3,"label":1}},{"type":"Feature","geometry":{"type":"Point","coordinates":[8.491862,47.369547]},"properties":{"name":"In der Ey","lines":"33, N33","arr":["33","N33"],"terminus":0,"mode":"bus","color":"#0059a9","colorDark":"#00294f","angle":262,"snapDist":3,"label":1}},{"type":"Feature","geometry":{"type":"Point","coordinates":[8.495658,47.368091]},"properties":{"name":"Triemli","lines":"33, N8, N33","arr":["33","N8","N33"],"terminus":1,"mode":"bus","color":"#0059a9","colorDark":"#00294f","angle":167.7,"snapDist":2,"label":1}},{"type":"Feature","geometry":{"type":"Point","coordinates":[8.491834,47.369674]},"properties":{"name":"In der Ey","lines":"33, N33","arr":["33","N33"],"terminus":0,"mode":"bus","color":"#0059a9","colorDark":"#00294f","angle":80.3,"snapDist":6,"label":0}},{"type":"Feature","geometry":{"type":"Point","coordinates":[8.494228,47.372744]},"properties":{"name":"Schulhaus Altweg","lines":"33, N33","arr":["33","N33"],"terminus":0,"mode":"bus","color":"#0059a9","colorDark":"#00294f","angle":110,"snapDist":2,"label":0}},{"type":"Feature","geometry":{"type":"Point","coordinates":[8.495413,47.374187]},"properties":{"name":"Sackzelg","lines":"33, N33","arr":["33","N33"],"terminus":0,"mode":"bus","color":"#0059a9","colorDark":"#00294f","angle":123.4,"snapDist":2,"label":0}},{"type":"Feature","geometry":{"type":"Point","coordinates":[8.49827,47.377232]},"properties":{"name":"Hubertus","lines":"33, N33","arr":["33","N33"],"terminus":0,"mode":"bus","color":"#0059a9","colorDark":"#00294f","angle":122.2,"snapDist":5,"label":0}},{"type":"Feature","geometry":{"type":"Point","coordinates":[8.507591,47.377759]},"properties":{"name":"Altes Krematorium","lines":"33, 83, N3, N33","arr":["33","83","N3","N33"],"terminus":0,"mode":"bus","color":"#0059a9","colorDark":"#00294f","angle":163.6,"snapDist":3,"label":0}},{"type":"Feature","geometry":{"type":"Point","coordinates":[8.50961,47.378166]},"properties":{"name":"Albisriederplatz F","lines":"33, 72, 83, N9, N15, N18, N33","arr":["33","72","83","N9","N15","N18","N33"],"terminus":0,"mode":"bus","color":"#0059a9","colorDark":"#00294f","angle":177.3,"snapDist":8,"label":1}},{"type":"Feature","geometry":{"type":"Point","coordinates":[8.514253,47.382267]},"properties":{"name":"Hardplatz","lines":"33, 72, 83, N9, N15, N18, N33","arr":["33","72","83","N9","N15","N18","N33"],"terminus":0,"mode":"bus","color":"#0059a9","colorDark":"#00294f","angle":122.8,"snapDist":7,"label":0}},{"type":"Feature","geometry":{"type":"Point","coordinates":[8.517295,47.385325]},"properties":{"name":"Bahnhof Hardbrücke","lines":"33, 72, 83, N9, N15, N18, N33","arr":["33","72","83","N9","N15","N18","N33"],"terminus":0,"mode":"bus","color":"#0059a9","colorDark":"#00294f","angle":123.2,"snapDist":4,"label":0}},{"type":"Feature","geometry":{"type":"Point","coordinates":[8.520189,47.388299]},"properties":{"name":"Schiffbau","lines":"33, 72, 83, N9, N15, N18, N33","arr":["33","72","83","N9","N15","N18","N33"],"terminus":0,"mode":"bus","color":"#0059a9","colorDark":"#00294f","angle":123.7,"snapDist":2,"label":0}},{"type":"Feature","geometry":{"type":"Point","coordinates":[8.522774,47.390939]},"properties":{"name":"Escher-Wyss-Platz F","lines":"33, 72, 83, N9, N15, N18, N33","arr":["33","72","83","N9","N15","N18","N33"],"terminus":0,"mode":"bus","color":"#0059a9","colorDark":"#00294f","angle":123.9,"snapDist":2,"label":1}},{"type":"Feature","geometry":{"type":"Point","coordinates":[8.525544,47.394523]},"properties":{"name":"Rosengartenstrasse","lines":"33, 72, 83, N9, N15, N18, N33","arr":["33","72","83","N9","N15","N18","N33"],"terminus":0,"mode":"bus","color":"#0059a9","colorDark":"#00294f","angle":118,"snapDist":7,"label":0}},{"type":"Feature","geometry":{"type":"Point","coordinates":[8.530052,47.393284]},"properties":{"name":"Bahnhof Wipkingen","lines":"33, 46, N33","arr":["33","46","N33"],"terminus":0,"mode":"bus","color":"#0059a9","colorDark":"#00294f","angle":204,"snapDist":7,"label":0}},{"type":"Feature","geometry":{"type":"Point","coordinates":[8.533462,47.392139]},"properties":{"name":"Nürenbergstrasse","lines":"33, N33","arr":["33","N33"],"terminus":0,"mode":"bus","color":"#0059a9","colorDark":"#00294f","angle":219.7,"snapDist":5,"label":0}},{"type":"Feature","geometry":{"type":"Point","coordinates":[8.535801,47.391349]},"properties":{"name":"Rotbuchstrasse","lines":"33, 46, N33","arr":["33","46","N33"],"terminus":0,"mode":"bus","color":"#0059a9","colorDark":"#00294f","angle":180.2,"snapDist":1,"label":0}},{"type":"Feature","geometry":{"type":"Point","coordinates":[8.538367,47.391348]},"properties":{"name":"Schaffhauserplatz","lines":"33, N33","arr":["33","N33"],"terminus":0,"mode":"bus","color":"#0059a9","colorDark":"#00294f","angle":177.8,"snapDist":6,"label":0}},{"type":"Feature","geometry":{"type":"Point","coordinates":[8.544292,47.387619]},"properties":{"name":"Scheuchzerstrasse","lines":"33, N33","arr":["33","N33"],"terminus":0,"mode":"bus","color":"#0059a9","colorDark":"#00294f","angle":222.4,"snapDist":2,"label":0}},{"type":"Feature","geometry":{"type":"Point","coordinates":[8.548457,47.385701]},"properties":{"name":"Seilbahn Rigiblick","lines":"33, N10, N33","arr":["33","N10","N33"],"terminus":0,"mode":"bus","color":"#0059a9","colorDark":"#00294f","angle":265.7,"snapDist":1,"label":0}},{"type":"Feature","geometry":{"type":"Point","coordinates":[8.549295,47.383458]},"properties":{"name":"Vogelsangstrasse","lines":"33, N33","arr":["33","N33"],"terminus":0,"mode":"bus","color":"#0059a9","colorDark":"#00294f","angle":206.4,"snapDist":5,"label":0}},{"type":"Feature","geometry":{"type":"Point","coordinates":[8.552214,47.382442]},"properties":{"name":"Spyriplatz","lines":"33, N33","arr":["33","N33"],"terminus":0,"mode":"bus","color":"#0059a9","colorDark":"#00294f","angle":140.2,"snapDist":2,"label":0}},{"type":"Feature","geometry":{"type":"Point","coordinates":[8.55609,47.380917]},"properties":{"name":"Bethanien","lines":"33, N33","arr":["33","N33"],"terminus":0,"mode":"bus","color":"#0059a9","colorDark":"#00294f","angle":212.7,"snapDist":4,"label":1}},{"type":"Feature","geometry":{"type":"Point","coordinates":[8.559173,47.379273]},"properties":{"name":"Toblerplatz","lines":"33, N33","arr":["33","N33"],"terminus":0,"mode":"bus","color":"#0059a9","colorDark":"#00294f","angle":220.7,"snapDist":4,"label":1}},{"type":"Feature","geometry":{"type":"Point","coordinates":[8.559321,47.376274]},"properties":{"name":"Kirche Fluntern","lines":"33, N6, N33","arr":["33","N6","N33"],"terminus":0,"mode":"bus","color":"#0059a9","colorDark":"#00294f","angle":302.3,"snapDist":3,"label":0}},{"type":"Feature","geometry":{"type":"Point","coordinates":[8.561739,47.373251]},"properties":{"name":"Hofstrasse","lines":"33, N33","arr":["33","N33"],"terminus":0,"mode":"bus","color":"#0059a9","colorDark":"#00294f","angle":234,"snapDist":6,"label":0}},{"type":"Feature","geometry":{"type":"Point","coordinates":[8.564216,47.369567]},"properties":{"name":"Klosbach","lines":"33, N33","arr":["33","N33"],"terminus":0,"mode":"bus","color":"#0059a9","colorDark":"#00294f","angle":272.8,"snapDist":3,"label":0}},{"type":"Feature","geometry":{"type":"Point","coordinates":[8.565067,47.36663]},"properties":{"name":"Hölderlinsteig","lines":"33, N33","arr":["33","N33"],"terminus":0,"mode":"bus","color":"#0059a9","colorDark":"#00294f","angle":246.5,"snapDist":4,"label":0}},{"type":"Feature","geometry":{"type":"Point","coordinates":[8.559679,47.361452]},"properties":{"name":"Hegibachplatz G","lines":"33, N33","arr":["33","N33"],"terminus":0,"mode":"bus","color":"#0059a9","colorDark":"#00294f","angle":331,"snapDist":3,"label":1}},{"type":"Feature","geometry":{"type":"Point","coordinates":[8.557494,47.359781]},"properties":{"name":"Botanischer Garten","lines":"33, N33","arr":["33","N33"],"terminus":0,"mode":"bus","color":"#0059a9","colorDark":"#00294f","angle":234.1,"snapDist":7,"label":0}},{"type":"Feature","geometry":{"type":"Point","coordinates":[8.554837,47.357884]},"properties":{"name":"Höschgasse","lines":"33, N33","arr":["33","N33"],"terminus":0,"mode":"bus","color":"#0059a9","colorDark":"#00294f","angle":337.1,"snapDist":0,"label":0}},{"type":"Feature","geometry":{"type":"Point","coordinates":[8.557011,47.355119]},"properties":{"name":"Fröhlichstrasse","lines":"33, N33, N91","arr":["33","N33","N91"],"terminus":0,"mode":"bus","color":"#0059a9","colorDark":"#00294f","angle":237.3,"snapDist":2,"label":0}},{"type":"Feature","geometry":{"type":"Point","coordinates":[8.558916,47.353116]},"properties":{"name":"Wildbachstrasse","lines":"33, N33, N91","arr":["33","N33","N91"],"terminus":0,"mode":"bus","color":"#0059a9","colorDark":"#00294f","angle":237.6,"snapDist":2,"label":0}},{"type":"Feature","geometry":{"type":"Point","coordinates":[8.477304,47.413688]},"properties":{"name":"Rütihof","lines":"46, N46","arr":["46","N46"],"terminus":1,"mode":"bus","color":"#0059a9","colorDark":"#00294f","angle":350.6,"snapDist":6,"label":1}},{"type":"Feature","geometry":{"type":"Point","coordinates":[8.480178,47.414486]},"properties":{"name":"Geeringstrasse","lines":"46, N46","arr":["46","N46"],"terminus":0,"mode":"bus","color":"#0059a9","colorDark":"#00294f","angle":154.2,"snapDist":6,"label":1}},{"type":"Feature","geometry":{"type":"Point","coordinates":[8.483867,47.412295]},"properties":{"name":"Heizenholz","lines":"46, N46","arr":["46","N46"],"terminus":0,"mode":"bus","color":"#0059a9","colorDark":"#00294f","angle":245.8,"snapDist":3,"label":0}},{"type":"Feature","geometry":{"type":"Point","coordinates":[8.486267,47.410391]},"properties":{"name":"Giblenstrasse","lines":"46, N46","arr":["46","N46"],"terminus":0,"mode":"bus","color":"#0059a9","colorDark":"#00294f","angle":234.8,"snapDist":4,"label":1}},{"type":"Feature","geometry":{"type":"Point","coordinates":[8.490192,47.407219]},"properties":{"name":"Segantinistrasse","lines":"46, N46","arr":["46","N46"],"terminus":0,"mode":"bus","color":"#0059a9","colorDark":"#00294f","angle":232.9,"snapDist":8,"label":1}},{"type":"Feature","geometry":{"type":"Point","coordinates":[8.492867,47.405374]},"properties":{"name":"Singlistrasse","lines":"46, N46","arr":["46","N46"],"terminus":0,"mode":"bus","color":"#0059a9","colorDark":"#00294f","angle":215.4,"snapDist":2,"label":1}},{"type":"Feature","geometry":{"type":"Point","coordinates":[8.496248,47.403974]},"properties":{"name":"Wieslergasse","lines":"46, 38, N46","arr":["46","38","N46"],"terminus":0,"mode":"bus","color":"#0059a9","colorDark":"#00294f","angle":207.8,"snapDist":1,"label":1}},{"type":"Feature","geometry":{"type":"Point","coordinates":[8.499814,47.401824]},"properties":{"name":"Meierhofplatz","lines":"46, 38, N46","arr":["46","38","N46"],"terminus":0,"mode":"bus","color":"#0059a9","colorDark":"#00294f","angle":203,"snapDist":2,"label":1}},{"type":"Feature","geometry":{"type":"Point","coordinates":[8.504945,47.399666]},"properties":{"name":"Schwert","lines":"46, 38, N13, N46","arr":["46","38","N13","N46"],"terminus":0,"mode":"bus","color":"#0059a9","colorDark":"#00294f","angle":212.6,"snapDist":3,"label":1}},{"type":"Feature","geometry":{"type":"Point","coordinates":[8.509628,47.397535]},"properties":{"name":"Kempfhofsteig","lines":"46, N46","arr":["46","N46"],"terminus":0,"mode":"bus","color":"#0059a9","colorDark":"#00294f","angle":205.6,"snapDist":1,"label":1}},{"type":"Feature","geometry":{"type":"Point","coordinates":[8.514347,47.396999]},"properties":{"name":"Rebbergsteig","lines":"46, N46","arr":["46","N46"],"terminus":0,"mode":"bus","color":"#0059a9","colorDark":"#00294f","angle":174.4,"snapDist":1,"label":1}},{"type":"Feature","geometry":{"type":"Point","coordinates":[8.520855,47.396104]},"properties":{"name":"Lehenstrasse","lines":"46, N46","arr":["46","N46"],"terminus":0,"mode":"bus","color":"#0059a9","colorDark":"#00294f","angle":201.9,"snapDist":0,"label":1}},{"type":"Feature","geometry":{"type":"Point","coordinates":[8.525671,47.394108]},"properties":{"name":"Rosengartenstrasse","lines":"46","arr":["46"],"terminus":0,"mode":"bus","color":"#149a3f","colorDark":"#0a5121","angle":192,"snapDist":1,"label":0}},{"type":"Feature","geometry":{"type":"Point","coordinates":[8.542577,47.379895]},"properties":{"name":"Stampfenbachplatz","lines":"46","arr":["46"],"terminus":0,"mode":"bus","color":"#149a3f","colorDark":"#0a5121","angle":264.4,"snapDist":4,"label":1}},{"type":"Feature","geometry":{"type":"Point","coordinates":[8.543282,47.377238]},"properties":{"name":"Central L","lines":"46","arr":["46"],"terminus":0,"mode":"bus","color":"#149a3f","colorDark":"#0a5121","angle":250.9,"snapDist":8,"label":1}},{"type":"Feature","geometry":{"type":"Point","coordinates":[8.54199,47.377614]},"properties":{"name":"Bahnhofquai/HB","lines":"46","arr":["46"],"terminus":1,"mode":"bus","color":"#149a3f","colorDark":"#0a5121","angle":85.8,"snapDist":3,"label":1}},{"type":"Feature","geometry":{"type":"Point","coordinates":[8.542795,47.380302]},"properties":{"name":"Stampfenbachplatz","lines":"46","arr":["46"],"terminus":0,"mode":"bus","color":"#149a3f","colorDark":"#0a5121","angle":100.7,"snapDist":2,"label":0}},{"type":"Feature","geometry":{"type":"Point","coordinates":[8.536476,47.387969]},"properties":{"name":"Nordstrasse","lines":"46","arr":["46"],"terminus":0,"mode":"bus","color":"#149a3f","colorDark":"#0a5121","angle":61.2,"snapDist":1,"label":0}},{"type":"Feature","geometry":{"type":"Point","coordinates":[8.525275,47.394285]},"properties":{"name":"Rosengartenstrasse","lines":"46, N46","arr":["46","N46"],"terminus":0,"mode":"bus","color":"#0059a9","colorDark":"#00294f","angle":27.6,"snapDist":1,"label":0}},{"type":"Feature","geometry":{"type":"Point","coordinates":[8.520815,47.396115]},"properties":{"name":"Lehenstrasse","lines":"46, N46","arr":["46","N46"],"terminus":0,"mode":"bus","color":"#0059a9","colorDark":"#00294f","angle":21.9,"snapDist":8,"label":0}},{"type":"Feature","geometry":{"type":"Point","coordinates":[8.515119,47.397018]},"properties":{"name":"Rebbergsteig","lines":"46, N46","arr":["46","N46"],"terminus":0,"mode":"bus","color":"#0059a9","colorDark":"#00294f","angle":7.5,"snapDist":7,"label":0}},{"type":"Feature","geometry":{"type":"Point","coordinates":[8.510031,47.397404]},"properties":{"name":"Kempfhofsteig","lines":"46, N46","arr":["46","N46"],"terminus":0,"mode":"bus","color":"#0059a9","colorDark":"#00294f","angle":25.6,"snapDist":1,"label":0}},{"type":"Feature","geometry":{"type":"Point","coordinates":[8.504668,47.399786]},"properties":{"name":"Schwert","lines":"46, 38, N13, N46","arr":["46","38","N13","N46"],"terminus":0,"mode":"bus","color":"#0059a9","colorDark":"#00294f","angle":32.9,"snapDist":5,"label":0}},{"type":"Feature","geometry":{"type":"Point","coordinates":[8.500396,47.401698]},"properties":{"name":"Meierhofplatz","lines":"46, 38, N13, N46","arr":["46","38","N13","N46"],"terminus":0,"mode":"bus","color":"#0059a9","colorDark":"#00294f","angle":35.4,"snapDist":0,"label":0}},{"type":"Feature","geometry":{"type":"Point","coordinates":[8.495632,47.404159]},"properties":{"name":"Wieslergasse","lines":"46, N46","arr":["46","N46"],"terminus":0,"mode":"bus","color":"#0059a9","colorDark":"#00294f","angle":24.3,"snapDist":3,"label":0}},{"type":"Feature","geometry":{"type":"Point","coordinates":[8.492421,47.405592]},"properties":{"name":"Singlistrasse","lines":"46, N46","arr":["46","N46"],"terminus":0,"mode":"bus","color":"#0059a9","colorDark":"#00294f","angle":36.1,"snapDist":2,"label":0}},{"type":"Feature","geometry":{"type":"Point","coordinates":[8.489506,47.407896]},"properties":{"name":"Segantinistrasse","lines":"46, N46","arr":["46","N46"],"terminus":0,"mode":"bus","color":"#0059a9","colorDark":"#00294f","angle":57.8,"snapDist":1,"label":0}},{"type":"Feature","geometry":{"type":"Point","coordinates":[8.485942,47.410702]},"properties":{"name":"Giblenstrasse","lines":"46, N46","arr":["46","N46"],"terminus":0,"mode":"bus","color":"#0059a9","colorDark":"#00294f","angle":54.8,"snapDist":5,"label":0}},{"type":"Feature","geometry":{"type":"Point","coordinates":[8.483794,47.412415]},"properties":{"name":"Heizenholz","lines":"46, N46","arr":["46","N46"],"terminus":0,"mode":"bus","color":"#0059a9","colorDark":"#00294f","angle":70,"snapDist":9,"label":0}},{"type":"Feature","geometry":{"type":"Point","coordinates":[8.480682,47.414345]},"properties":{"name":"Geeringstrasse","lines":"46, 78, 485, N46","arr":["46","78","485","N46"],"terminus":0,"mode":"bus","color":"#0059a9","colorDark":"#00294f","angle":68.4,"snapDist":2,"label":0}},{"type":"Feature","geometry":{"type":"Point","coordinates":[8.541594,47.397655]},"properties":{"name":"Milchbuck","lines":"72, 83, N7, N9, N10","arr":["72","83","N7","N9","N10"],"terminus":1,"mode":"bus","color":"#0059a9","colorDark":"#00294f","angle":113.7,"snapDist":3,"label":1}},{"type":"Feature","geometry":{"type":"Point","coordinates":[8.533442,47.398374]},"properties":{"name":"Bucheggplatz A","lines":"72, 83, N9, N15, N18","arr":["72","83","N9","N15","N18"],"terminus":0,"mode":"bus","color":"#0059a9","colorDark":"#00294f","angle":256.3,"snapDist":3,"label":1}},{"type":"Feature","geometry":{"type":"Point","coordinates":[8.510307,47.378057]},"properties":{"name":"Albisriederplatz E","lines":"72, N9, N15, N18","arr":["72","N9","N15","N18"],"terminus":0,"mode":"bus","color":"#0059a9","colorDark":"#00294f","angle":186.7,"snapDist":0,"label":1}},{"type":"Feature","geometry":{"type":"Point","coordinates":[8.510971,47.376042]},"properties":{"name":"Friedhof Sihlfeld","lines":"72, N9, N15, N18","arr":["72","N9","N15","N18"],"terminus":0,"mode":"bus","color":"#0059a9","colorDark":"#00294f","angle":314.1,"snapDist":4,"label":1}},{"type":"Feature","geometry":{"type":"Point","coordinates":[8.513758,47.37365]},"properties":{"name":"Bertastrasse","lines":"72, N9, N15, N18","arr":["72","N9","N15","N18"],"terminus":0,"mode":"bus","color":"#0059a9","colorDark":"#00294f","angle":234.8,"snapDist":3,"label":1}},{"type":"Feature","geometry":{"type":"Point","coordinates":[8.516135,47.371352]},"properties":{"name":"Zwinglihaus","lines":"72, N9, N15, N18","arr":["72","N9","N15","N18"],"terminus":0,"mode":"bus","color":"#0059a9","colorDark":"#00294f","angle":236,"snapDist":4,"label":0}},{"type":"Feature","geometry":{"type":"Point","coordinates":[8.51876,47.369818]},"properties":{"name":"Schmiede Wiedikon","lines":"72, N15, N18","arr":["72","N15","N18"],"terminus":0,"mode":"bus","color":"#0059a9","colorDark":"#00294f","angle":242.6,"snapDist":2,"label":1}},{"type":"Feature","geometry":{"type":"Point","coordinates":[8.523077,47.3676]},"properties":{"name":"Hertersteg","lines":"72, N15, N18","arr":["72","N15","N18"],"terminus":0,"mode":"bus","color":"#0059a9","colorDark":"#00294f","angle":232.2,"snapDist":4,"label":1}},{"type":"Feature","geometry":{"type":"Point","coordinates":[8.521702,47.365565]},"properties":{"name":"Manesseplatz","lines":"72, N15, N18","arr":["72","N15","N18"],"terminus":0,"mode":"bus","color":"#0059a9","colorDark":"#00294f","angle":298,"snapDist":3,"label":1}},{"type":"Feature","geometry":{"type":"Point","coordinates":[8.517752,47.358612]},"properties":{"name":"Laubegg","lines":"72, 89, N2","arr":["72","89","N2"],"terminus":0,"mode":"bus","color":"#0059a9","colorDark":"#00294f","angle":199.3,"snapDist":2,"label":1}},{"type":"Feature","geometry":{"type":"Point","coordinates":[8.520782,47.357686]},"properties":{"name":"Saalsporthalle","lines":"72, 89, N2","arr":["72","89","N2"],"terminus":0,"mode":"bus","color":"#0059a9","colorDark":"#00294f","angle":215.3,"snapDist":6,"label":1}},{"type":"Feature","geometry":{"type":"Point","coordinates":[8.523518,47.36021]},"properties":{"name":"Sihlcity Nord","lines":"72, 200, 210, N18","arr":["72","200","210","N18"],"terminus":0,"mode":"bus","color":"#0059a9","colorDark":"#00294f","angle":157.5,"snapDist":6,"label":1}},{"type":"Feature","geometry":{"type":"Point","coordinates":[8.525628,47.360889]},"properties":{"name":"Waffenplatzstrasse","lines":"72, 66, N15, N18","arr":["72","66","N15","N18"],"terminus":0,"mode":"bus","color":"#0059a9","colorDark":"#00294f","angle":263.5,"snapDist":3,"label":1}},{"type":"Feature","geometry":{"type":"Point","coordinates":[8.526019,47.358504]},"properties":{"name":"Hügelstrasse","lines":"72, 66, N15, N18","arr":["72","66","N15","N18"],"terminus":0,"mode":"bus","color":"#0059a9","colorDark":"#00294f","angle":263.4,"snapDist":4,"label":1}},{"type":"Feature","geometry":{"type":"Point","coordinates":[8.526161,47.353985]},"properties":{"name":"Brunau/Mutschellenstr.","lines":"72, 66, N15, N18","arr":["72","66","N15","N18"],"terminus":0,"mode":"bus","color":"#0059a9","colorDark":"#00294f","angle":261.1,"snapDist":5,"label":1}},{"type":"Feature","geometry":{"type":"Point","coordinates":[8.527805,47.350123]},"properties":{"name":"Thujastrasse","lines":"72, 66, N15, N18","arr":["72","66","N15","N18"],"terminus":0,"mode":"bus","color":"#0059a9","colorDark":"#00294f","angle":261,"snapDist":6,"label":1}},{"type":"Feature","geometry":{"type":"Point","coordinates":[8.527685,47.348221]},"properties":{"name":"Jugendherberge","lines":"72","arr":["72"],"terminus":0,"mode":"bus","color":"#149a3f","colorDark":"#0a5121","angle":323.2,"snapDist":2,"label":1}},{"type":"Feature","geometry":{"type":"Point","coordinates":[8.527893,47.345723]},"properties":{"name":"Besenrainstrasse","lines":"72","arr":["72"],"terminus":0,"mode":"bus","color":"#149a3f","colorDark":"#0a5121","angle":238.1,"snapDist":5,"label":1}},{"type":"Feature","geometry":{"type":"Point","coordinates":[8.529616,47.344075]},"properties":{"name":"Morgental","lines":"72","arr":["72"],"terminus":1,"mode":"bus","color":"#149a3f","colorDark":"#0a5121","angle":165.1,"snapDist":4,"label":1}},{"type":"Feature","geometry":{"type":"Point","coordinates":[8.529815,47.344665]},"properties":{"name":"Morgental","lines":"72","arr":["72"],"terminus":1,"mode":"bus","color":"#149a3f","colorDark":"#0a5121","angle":75.3,"snapDist":6,"label":0}},{"type":"Feature","geometry":{"type":"Point","coordinates":[8.528413,47.34696]},"properties":{"name":"Jugendherberge","lines":"72, 66, N15, N18","arr":["72","66","N15","N18"],"terminus":0,"mode":"bus","color":"#0059a9","colorDark":"#00294f","angle":57.7,"snapDist":3,"label":0}},{"type":"Feature","geometry":{"type":"Point","coordinates":[8.527823,47.350321]},"properties":{"name":"Thujastrasse","lines":"72, 66, N15, N18","arr":["72","66","N15","N18"],"terminus":0,"mode":"bus","color":"#0059a9","colorDark":"#00294f","angle":78.5,"snapDist":0,"label":0}},{"type":"Feature","geometry":{"type":"Point","coordinates":[8.526877,47.355221]},"properties":{"name":"Brunau/Mutschellenstr.","lines":"72, 66, N15, N18","arr":["72","66","N15","N18"],"terminus":0,"mode":"bus","color":"#0059a9","colorDark":"#00294f","angle":93.5,"snapDist":2,"label":0}},{"type":"Feature","geometry":{"type":"Point","coordinates":[8.526995,47.358062]},"properties":{"name":"Hügelstrasse","lines":"72, 66, N15, N18","arr":["72","66","N15","N18"],"terminus":0,"mode":"bus","color":"#0059a9","colorDark":"#00294f","angle":89.9,"snapDist":2,"label":0}},{"type":"Feature","geometry":{"type":"Point","coordinates":[8.526469,47.361644]},"properties":{"name":"Waffenplatz-/Bederstr.","lines":"72, 66, N15, N18","arr":["72","66","N15","N18"],"terminus":0,"mode":"bus","color":"#0059a9","colorDark":"#00294f","angle":83.7,"snapDist":3,"label":1}},{"type":"Feature","geometry":{"type":"Point","coordinates":[8.524944,47.36095]},"properties":{"name":"Waffenplatzstrasse","lines":"72, N5, N15, N18","arr":["72","N5","N15","N18"],"terminus":0,"mode":"bus","color":"#0059a9","colorDark":"#00294f","angle":319.3,"snapDist":6,"label":0}},{"type":"Feature","geometry":{"type":"Point","coordinates":[8.522808,47.360516]},"properties":{"name":"Sihlcity Nord","lines":"72, N15, N18","arr":["72","N15","N18"],"terminus":0,"mode":"bus","color":"#0059a9","colorDark":"#00294f","angle":82,"snapDist":4,"label":0}},{"type":"Feature","geometry":{"type":"Point","coordinates":[8.521863,47.365763]},"properties":{"name":"Manesseplatz","lines":"72, N15, N18","arr":["72","N15","N18"],"terminus":0,"mode":"bus","color":"#0059a9","colorDark":"#00294f","angle":120.9,"snapDist":2,"label":0}},{"type":"Feature","geometry":{"type":"Point","coordinates":[8.522863,47.367787]},"properties":{"name":"Hertersteg","lines":"72, N15, N18","arr":["72","N15","N18"],"terminus":0,"mode":"bus","color":"#0059a9","colorDark":"#00294f","angle":52.2,"snapDist":5,"label":0}},{"type":"Feature","geometry":{"type":"Point","coordinates":[8.518891,47.370192]},"properties":{"name":"Schmiede Wiedikon","lines":"72, 67, 215, 220, 235, 236, 245, N9, N14, N15, N18","arr":["72","67","215","220","235","236","245","N9","N14","N15","N18"],"terminus":0,"mode":"bus","color":"#0059a9","colorDark":"#00294f","angle":23.7,"snapDist":4,"label":0}},{"type":"Feature","geometry":{"type":"Point","coordinates":[8.516096,47.371391]},"properties":{"name":"Zwinglihaus","lines":"72, N9, N15, N18","arr":["72","N9","N15","N18"],"terminus":0,"mode":"bus","color":"#0059a9","colorDark":"#00294f","angle":56,"snapDist":5,"label":0}},{"type":"Feature","geometry":{"type":"Point","coordinates":[8.513269,47.374084]},"properties":{"name":"Bertastrasse","lines":"72, N9, N15, N18","arr":["72","N9","N15","N18"],"terminus":0,"mode":"bus","color":"#0059a9","colorDark":"#00294f","angle":50.6,"snapDist":3,"label":0}},{"type":"Feature","geometry":{"type":"Point","coordinates":[8.510943,47.375754]},"properties":{"name":"Friedhof Sihlfeld","lines":"72, N9, N15, N18","arr":["72","N9","N15","N18"],"terminus":0,"mode":"bus","color":"#0059a9","colorDark":"#00294f","angle":44.4,"snapDist":3,"label":0}},{"type":"Feature","geometry":{"type":"Point","coordinates":[8.508193,47.377573]},"properties":{"name":"Altes Krematorium","lines":"72, N9, N15, N18","arr":["72","N9","N15","N18"],"terminus":0,"mode":"bus","color":"#0059a9","colorDark":"#00294f","angle":45.2,"snapDist":4,"label":0}},{"type":"Feature","geometry":{"type":"Point","coordinates":[8.533027,47.398377]},"properties":{"name":"Bucheggplatz G","lines":"72, 83, 40, 69, N9, N15, N18","arr":["72","83","40","69","N9","N15","N18"],"terminus":1,"mode":"bus","color":"#0059a9","colorDark":"#00294f","angle":76.3,"snapDist":1,"label":1}},{"type":"Feature","geometry":{"type":"Point","coordinates":[8.494673,47.379763]},"properties":{"name":"Albisrank","lines":"83, 89, N12","arr":["83","89","N12"],"terminus":0,"mode":"bus","color":"#0059a9","colorDark":"#00294f","angle":42,"snapDist":7,"label":1}},{"type":"Feature","geometry":{"type":"Point","coordinates":[8.491989,47.381568]},"properties":{"name":"Flurstrasse","lines":"83, 89, N12","arr":["83","89","N12"],"terminus":0,"mode":"bus","color":"#0059a9","colorDark":"#00294f","angle":123.1,"snapDist":6,"label":1}},{"type":"Feature","geometry":{"type":"Point","coordinates":[8.494577,47.384212]},"properties":{"name":"Kappeli","lines":"83, 89, N12","arr":["83","89","N12"],"terminus":0,"mode":"bus","color":"#0059a9","colorDark":"#00294f","angle":123.5,"snapDist":4,"label":1}},{"type":"Feature","geometry":{"type":"Point","coordinates":[8.496803,47.386808]},"properties":{"name":"Letzipark West","lines":"83, N12","arr":["83","N12"],"terminus":0,"mode":"bus","color":"#0059a9","colorDark":"#00294f","angle":119.1,"snapDist":7,"label":1}},{"type":"Feature","geometry":{"type":"Point","coordinates":[8.488858,47.390889]},"properties":{"name":"Bahnhof Altstetten B","lines":"83, 89, N12","arr":["83","89","N12"],"terminus":1,"mode":"bus","color":"#0059a9","colorDark":"#00294f","angle":30.5,"snapDist":6,"label":1}},{"type":"Feature","geometry":{"type":"Point","coordinates":[8.486907,47.389877]},"properties":{"name":"Bristenstrasse","lines":"83, 45, 78, 80, 89, N1, N8, N12","arr":["83","45","78","80","89","N1","N8","N12"],"terminus":0,"mode":"bus","color":"#0059a9","colorDark":"#00294f","angle":294.8,"snapDist":5,"label":1}},{"type":"Feature","geometry":{"type":"Point","coordinates":[8.489809,47.388702]},"properties":{"name":"Baslerstrasse","lines":"83, 89, N12","arr":["83","89","N12"],"terminus":0,"mode":"bus","color":"#0059a9","colorDark":"#00294f","angle":206.1,"snapDist":2,"label":1}},{"type":"Feature","geometry":{"type":"Point","coordinates":[8.496102,47.385922]},"properties":{"name":"Letzipark West","lines":"83, 89, N12","arr":["83","89","N12"],"terminus":0,"mode":"bus","color":"#0059a9","colorDark":"#00294f","angle":297.8,"snapDist":4,"label":0}},{"type":"Feature","geometry":{"type":"Point","coordinates":[8.494462,47.384094]},"properties":{"name":"Kappeli","lines":"83, 89, N12","arr":["83","89","N12"],"terminus":0,"mode":"bus","color":"#0059a9","colorDark":"#00294f","angle":302.8,"snapDist":3,"label":0}},{"type":"Feature","geometry":{"type":"Point","coordinates":[8.491964,47.381542]},"properties":{"name":"Flurstrasse","lines":"83, 89, N12","arr":["83","89","N12"],"terminus":0,"mode":"bus","color":"#0059a9","colorDark":"#00294f","angle":303.1,"snapDist":3,"label":0}},{"type":"Feature","geometry":{"type":"Point","coordinates":[8.49467,47.379765]},"properties":{"name":"Albisrank","lines":"83, 89, N12","arr":["83","89","N12"],"terminus":0,"mode":"bus","color":"#0059a9","colorDark":"#00294f","angle":222,"snapDist":7,"label":0}},{"type":"Feature","geometry":{"type":"Point","coordinates":[8.499169,47.377414]},"properties":{"name":"Hubertus","lines":"83, N3","arr":["83","N3"],"terminus":0,"mode":"bus","color":"#0059a9","colorDark":"#00294f","angle":195,"snapDist":1,"label":0}},{"type":"Feature","geometry":{"type":"Point","coordinates":[8.353506,47.433264]},"properties":{"name":"Killwangen, Bahnhof A","lines":"20","arr":["20"],"terminus":1,"mode":"bus","color":"#0059a9","colorDark":"#00294f","angle":27,"snapDist":12,"label":1}},{"type":"Feature","geometry":{"type":"Point","coordinates":[8.359875,47.428924]},"properties":{"name":"Spreitenbach, West A","lines":"20","arr":["20"],"terminus":0,"mode":"bus","color":"#0059a9","colorDark":"#00294f","angle":227.8,"snapDist":5,"label":1}},{"type":"Feature","geometry":{"type":"Point","coordinates":[8.364627,47.425367]},"properties":{"name":"Spreitenbach, Umwelt Arena A","lines":"20","arr":["20"],"terminus":0,"mode":"bus","color":"#0059a9","colorDark":"#00294f","angle":227,"snapDist":6,"label":1}},{"type":"Feature","geometry":{"type":"Point","coordinates":[8.370102,47.421874]},"properties":{"name":"Spreitenbach, Shoppi Tivoli A","lines":"20","arr":["20"],"terminus":0,"mode":"bus","color":"#0059a9","colorDark":"#00294f","angle":50.1,"snapDist":17,"label":1}},{"type":"Feature","geometry":{"type":"Point","coordinates":[8.374774,47.420625]},"properties":{"name":"Spreitenbach, IKEA A","lines":"20","arr":["20"],"terminus":0,"mode":"bus","color":"#0059a9","colorDark":"#00294f","angle":228.4,"snapDist":12,"label":1}},{"type":"Feature","geometry":{"type":"Point","coordinates":[8.378776,47.41745]},"properties":{"name":"Spreitenbach, Kreuzäcker A","lines":"20","arr":["20"],"terminus":0,"mode":"bus","color":"#0059a9","colorDark":"#00294f","angle":229,"snapDist":10,"label":1}},{"type":"Feature","geometry":{"type":"Point","coordinates":[8.387641,47.412818]},"properties":{"name":"Dietikon, Niderfeld","lines":"20","arr":["20"],"terminus":0,"mode":"bus","color":"#0059a9","colorDark":"#00294f","angle":228.5,"snapDist":2,"label":1}},{"type":"Feature","geometry":{"type":"Point","coordinates":[8.39083,47.409388]},"properties":{"name":"Dietikon, Maienweg","lines":"20","arr":["20"],"terminus":0,"mode":"bus","color":"#0059a9","colorDark":"#00294f","angle":17.7,"snapDist":20,"label":1}},{"type":"Feature","geometry":{"type":"Point","coordinates":[8.396371,47.406557]},"properties":{"name":"Dietikon, Oetwilerstrasse","lines":"20","arr":["20"],"terminus":0,"mode":"bus","color":"#0059a9","colorDark":"#00294f","angle":33.3,"snapDist":7,"label":1}},{"type":"Feature","geometry":{"type":"Point","coordinates":[8.402439,47.404684]},"properties":{"name":"Dietikon, Zentrum","lines":"20","arr":["20"],"terminus":0,"mode":"bus","color":"#0059a9","colorDark":"#00294f","angle":208.9,"snapDist":4,"label":1}},{"type":"Feature","geometry":{"type":"Point","coordinates":[8.405267,47.404731]},"properties":{"name":"Dietikon, Bahnhof L","lines":"20","arr":["20"],"terminus":0,"mode":"bus","color":"#0059a9","colorDark":"#00294f","angle":249.5,"snapDist":3,"label":1}},{"type":"Feature","geometry":{"type":"Point","coordinates":[8.410904,47.400062]},"properties":{"name":"Dietikon, Schäflibach","lines":"20","arr":["20"],"terminus":0,"mode":"bus","color":"#0059a9","colorDark":"#00294f","angle":27.5,"snapDist":6,"label":1}},{"type":"Feature","geometry":{"type":"Point","coordinates":[8.417583,47.397978]},"properties":{"name":"Dietikon, Birmensdorferstrasse","lines":"20, 317","arr":["20","317"],"terminus":0,"mode":"bus","color":"#0059a9","colorDark":"#00294f","angle":271.7,"snapDist":3,"label":1}},{"type":"Feature","geometry":{"type":"Point","coordinates":[8.417874,47.393503]},"properties":{"name":"Urdorf, Urdorf-Nord","lines":"20, 314, 317, N36","arr":["20","314","317","N36"],"terminus":0,"mode":"bus","color":"#0059a9","colorDark":"#00294f","angle":259.1,"snapDist":4,"label":1}},{"type":"Feature","geometry":{"type":"Point","coordinates":[8.42349,47.393879]},"properties":{"name":"Urdorf, Kantiallee","lines":"20","arr":["20"],"terminus":0,"mode":"bus","color":"#0059a9","colorDark":"#00294f","angle":163.4,"snapDist":10,"label":1}},{"type":"Feature","geometry":{"type":"Point","coordinates":[8.428824,47.39427]},"properties":{"name":"Schlieren, Spital Limmattal","lines":"20","arr":["20"],"terminus":0,"mode":"bus","color":"#0059a9","colorDark":"#00294f","angle":-21,"snapDist":6,"label":1}},{"type":"Feature","geometry":{"type":"Point","coordinates":[8.430932,47.397061]},"properties":{"name":"Schlieren, Reitmen","lines":"20","arr":["20"],"terminus":0,"mode":"bus","color":"#0059a9","colorDark":"#00294f","angle":-0.3,"snapDist":8,"label":1}},{"type":"Feature","geometry":{"type":"Point","coordinates":[8.438463,47.396459]},"properties":{"name":"Schlieren, Kesslerplatz","lines":"20","arr":["20"],"terminus":0,"mode":"bus","color":"#0059a9","colorDark":"#00294f","angle":12.5,"snapDist":8,"label":1}},{"type":"Feature","geometry":{"type":"Point","coordinates":[8.444809,47.397916]},"properties":{"name":"Schlieren, Geissweid","lines":"20, N17","arr":["20","N17"],"terminus":1,"mode":"bus","color":"#0059a9","colorDark":"#00294f","angle":139.3,"snapDist":3,"label":1}},{"type":"Feature","geometry":{"type":"Point","coordinates":[8.448732,47.397781]},"properties":{"name":"Schlieren, Zentrum/Bahnhof","lines":"20, N17","arr":["20","N17"],"terminus":0,"mode":"bus","color":"#0059a9","colorDark":"#00294f","angle":199.6,"snapDist":1,"label":0}},{"type":"Feature","geometry":{"type":"Point","coordinates":[8.454637,47.398449]},"properties":{"name":"Schlieren, Wagonsfabrik","lines":"20","arr":["20"],"terminus":0,"mode":"bus","color":"#0059a9","colorDark":"#00294f","angle":181,"snapDist":3,"label":1}},{"type":"Feature","geometry":{"type":"Point","coordinates":[8.460513,47.397528]},"properties":{"name":"Schlieren, Gasometerbrücke","lines":"20","arr":["20"],"terminus":0,"mode":"bus","color":"#0059a9","colorDark":"#00294f","angle":22.6,"snapDist":9,"label":1}},{"type":"Feature","geometry":{"type":"Point","coordinates":[8.467012,47.39575]},"properties":{"name":"Schlieren, Mülligen","lines":"20","arr":["20"],"terminus":0,"mode":"bus","color":"#0059a9","colorDark":"#00294f","angle":214.8,"snapDist":5,"label":1}},{"type":"Feature","geometry":{"type":"Point","coordinates":[8.488157,47.391109]},"properties":{"name":"Bahnhof Altstetten G","lines":"20","arr":["20"],"terminus":1,"mode":"bus","color":"#0059a9","colorDark":"#00294f","angle":-159.5,"snapDist":7,"label":1}},{"type":"Feature","geometry":{"type":"Point","coordinates":[8.466518,47.396168]},"properties":{"name":"Schlieren, Mülligen","lines":"20","arr":["20"],"terminus":0,"mode":"bus","color":"#0059a9","colorDark":"#00294f","angle":-146,"snapDist":7,"label":0}},{"type":"Feature","geometry":{"type":"Point","coordinates":[8.45999,47.397845]},"properties":{"name":"Schlieren, Gasometerbrücke","lines":"20","arr":["20"],"terminus":0,"mode":"bus","color":"#0059a9","colorDark":"#00294f","angle":21.8,"snapDist":5,"label":0}},{"type":"Feature","geometry":{"type":"Point","coordinates":[8.453972,47.398601]},"properties":{"name":"Schlieren, Wagonsfabrik","lines":"20","arr":["20"],"terminus":0,"mode":"bus","color":"#0059a9","colorDark":"#00294f","angle":359,"snapDist":5,"label":0}},{"type":"Feature","geometry":{"type":"Point","coordinates":[8.448251,47.3979]},"properties":{"name":"Schlieren, Zentrum/Bahnhof","lines":"20, N17","arr":["20","N17"],"terminus":0,"mode":"bus","color":"#0059a9","colorDark":"#00294f","angle":18.8,"snapDist":2,"label":0}},{"type":"Feature","geometry":{"type":"Point","coordinates":[8.44441,47.397684]},"properties":{"name":"Schlieren, Geissweid","lines":"20","arr":["20"],"terminus":0,"mode":"bus","color":"#0059a9","colorDark":"#00294f","angle":319.3,"snapDist":7,"label":0}},{"type":"Feature","geometry":{"type":"Point","coordinates":[8.438153,47.396674]},"properties":{"name":"Schlieren, Kesslerplatz","lines":"20","arr":["20"],"terminus":0,"mode":"bus","color":"#0059a9","colorDark":"#00294f","angle":12.2,"snapDist":6,"label":0}},{"type":"Feature","geometry":{"type":"Point","coordinates":[8.430474,47.397059]},"properties":{"name":"Schlieren, Reitmen","lines":"20","arr":["20"],"terminus":0,"mode":"bus","color":"#0059a9","colorDark":"#00294f","angle":359.7,"snapDist":10,"label":0}},{"type":"Feature","geometry":{"type":"Point","coordinates":[8.428449,47.394169]},"properties":{"name":"Schlieren, Spital Limmattal","lines":"20","arr":["20"],"terminus":0,"mode":"bus","color":"#0059a9","colorDark":"#00294f","angle":337.9,"snapDist":12,"label":0}},{"type":"Feature","geometry":{"type":"Point","coordinates":[8.423116,47.393804]},"properties":{"name":"Urdorf, Kantiallee","lines":"20","arr":["20"],"terminus":0,"mode":"bus","color":"#0059a9","colorDark":"#00294f","angle":163.8,"snapDist":7,"label":0}},{"type":"Feature","geometry":{"type":"Point","coordinates":[8.417779,47.39385]},"properties":{"name":"Urdorf, Urdorf-Nord","lines":"20, 314, 317, N34","arr":["20","314","317","N34"],"terminus":0,"mode":"bus","color":"#0059a9","colorDark":"#00294f","angle":79.9,"snapDist":4,"label":0}},{"type":"Feature","geometry":{"type":"Point","coordinates":[8.417595,47.398229]},"properties":{"name":"Dietikon, Birmensdorferstrasse","lines":"20, 317","arr":["20","317"],"terminus":0,"mode":"bus","color":"#0059a9","colorDark":"#00294f","angle":92.3,"snapDist":2,"label":0}},{"type":"Feature","geometry":{"type":"Point","coordinates":[8.410627,47.400335]},"properties":{"name":"Dietikon, Schäflibach","lines":"20","arr":["20"],"terminus":0,"mode":"bus","color":"#0059a9","colorDark":"#00294f","angle":26.6,"snapDist":3,"label":0}},{"type":"Feature","geometry":{"type":"Point","coordinates":[8.405145,47.404951]},"properties":{"name":"Dietikon, Bahnhof K","lines":"20","arr":["20"],"terminus":0,"mode":"bus","color":"#0059a9","colorDark":"#00294f","angle":69.5,"snapDist":3,"label":1}},{"type":"Feature","geometry":{"type":"Point","coordinates":[8.401925,47.404876]},"properties":{"name":"Dietikon, Zentrum","lines":"20, N36","arr":["20","N36"],"terminus":0,"mode":"bus","color":"#0059a9","colorDark":"#00294f","angle":28.9,"snapDist":1,"label":0}},{"type":"Feature","geometry":{"type":"Point","coordinates":[8.396109,47.406846]},"properties":{"name":"Dietikon, Oetwilerstrasse","lines":"20","arr":["20"],"terminus":0,"mode":"bus","color":"#0059a9","colorDark":"#00294f","angle":33.1,"snapDist":4,"label":0}},{"type":"Feature","geometry":{"type":"Point","coordinates":[8.390784,47.40971]},"properties":{"name":"Dietikon, Maienweg","lines":"20","arr":["20"],"terminus":0,"mode":"bus","color":"#0059a9","colorDark":"#00294f","angle":105.5,"snapDist":16,"label":0}},{"type":"Feature","geometry":{"type":"Point","coordinates":[8.387291,47.413068]},"properties":{"name":"Dietikon, Niderfeld","lines":"20","arr":["20"],"terminus":0,"mode":"bus","color":"#0059a9","colorDark":"#00294f","angle":35.2,"snapDist":6,"label":0}},{"type":"Feature","geometry":{"type":"Point","coordinates":[8.37892,47.417337]},"properties":{"name":"Spreitenbach, Kreuzäcker B","lines":"20","arr":["20"],"terminus":0,"mode":"bus","color":"#0059a9","colorDark":"#00294f","angle":-131,"snapDist":6,"label":1}},{"type":"Feature","geometry":{"type":"Point","coordinates":[8.374428,47.420878]},"properties":{"name":"Spreitenbach, IKEA B","lines":"20","arr":["20"],"terminus":0,"mode":"bus","color":"#0059a9","colorDark":"#00294f","angle":47.2,"snapDist":5,"label":1}},{"type":"Feature","geometry":{"type":"Point","coordinates":[8.369832,47.422092]},"properties":{"name":"Spreitenbach, Shoppi Tivoli B","lines":"20","arr":["20"],"terminus":0,"mode":"bus","color":"#0059a9","colorDark":"#00294f","angle":50.1,"snapDist":27,"label":1}},{"type":"Feature","geometry":{"type":"Point","coordinates":[8.364506,47.425731]},"properties":{"name":"Spreitenbach, Umwelt Arena B","lines":"20","arr":["20"],"terminus":0,"mode":"bus","color":"#0059a9","colorDark":"#00294f","angle":-131.2,"snapDist":10,"label":1}},{"type":"Feature","geometry":{"type":"Point","coordinates":[8.359703,47.429275]},"properties":{"name":"Spreitenbach, West B","lines":"20","arr":["20"],"terminus":0,"mode":"bus","color":"#0059a9","colorDark":"#00294f","angle":47.8,"snapDist":5,"label":1}},{"type":"Feature","geometry":{"type":"Point","coordinates":[8.574414,47.373187]},"properties":{"name":"Bergstation Dolderbahn","lines":"25","arr":["25"],"terminus":1,"mode":"bus","color":"#0059a9","colorDark":"#00294f","angle":29,"snapDist":6,"label":1}},{"type":"Feature","geometry":{"type":"Point","coordinates":[8.568286,47.373395]},"properties":{"name":"Waldhaus Dolder","lines":"25","arr":["25"],"terminus":0,"mode":"bus","color":"#0059a9","colorDark":"#00294f","angle":149.5,"snapDist":29,"label":1}},{"type":"Feature","geometry":{"type":"Point","coordinates":[8.56482,47.371144]},"properties":{"name":"Titlisstrasse","lines":"25","arr":["25"],"terminus":0,"mode":"bus","color":"#0059a9","colorDark":"#00294f","angle":109.2,"snapDist":23,"label":1}},{"type":"Feature","geometry":{"type":"Point","coordinates":[8.561245,47.368498]},"properties":{"name":"Römerhof","lines":"25","arr":["25"],"terminus":1,"mode":"bus","color":"#0059a9","colorDark":"#00294f","angle":-123.7,"snapDist":19,"label":1}},{"type":"Feature","geometry":{"type":"Point","coordinates":[8.564847,47.371197]},"properties":{"name":"Titlisstrasse","lines":"25","arr":["25"],"terminus":0,"mode":"bus","color":"#0059a9","colorDark":"#00294f","angle":109.2,"snapDist":26,"label":0}},{"type":"Feature","geometry":{"type":"Point","coordinates":[8.568867,47.373439]},"properties":{"name":"Waldhaus Dolder","lines":"25","arr":["25"],"terminus":0,"mode":"bus","color":"#0059a9","colorDark":"#00294f","angle":221.4,"snapDist":25,"label":0}},{"type":"Feature","geometry":{"type":"Point","coordinates":[8.496252,47.425978]},"properties":{"name":"Mühlacker","lines":"37","arr":["37"],"terminus":1,"mode":"bus","color":"#0059a9","colorDark":"#00294f","angle":196.9,"snapDist":2,"label":1}},{"type":"Feature","geometry":{"type":"Point","coordinates":[8.500908,47.425]},"properties":{"name":"Aspholz","lines":"37, 61","arr":["37","61"],"terminus":0,"mode":"bus","color":"#0059a9","colorDark":"#00294f","angle":202.1,"snapDist":1,"label":1}},{"type":"Feature","geometry":{"type":"Point","coordinates":[8.505356,47.42374]},"properties":{"name":"Blumenfeldstrasse","lines":"37, 61","arr":["37","61"],"terminus":0,"mode":"bus","color":"#0059a9","colorDark":"#00294f","angle":209.8,"snapDist":7,"label":1}},{"type":"Feature","geometry":{"type":"Point","coordinates":[8.507478,47.421436]},"properties":{"name":"Bahnhof Affoltern","lines":"37, 44, 61, 62, N2","arr":["37","44","61","62","N2"],"terminus":0,"mode":"bus","color":"#0059a9","colorDark":"#00294f","angle":292.3,"snapDist":4,"label":1}},{"type":"Feature","geometry":{"type":"Point","coordinates":[8.506254,47.418688]},"properties":{"name":"Zehntenhausplatz","lines":"37, 44","arr":["37","44"],"terminus":0,"mode":"bus","color":"#0059a9","colorDark":"#00294f","angle":284.9,"snapDist":7,"label":0}},{"type":"Feature","geometry":{"type":"Point","coordinates":[8.50706,47.416125]},"properties":{"name":"Schauenberg","lines":"37, 44","arr":["37","44"],"terminus":0,"mode":"bus","color":"#0059a9","colorDark":"#00294f","angle":216.9,"snapDist":4,"label":1}},{"type":"Feature","geometry":{"type":"Point","coordinates":[8.509576,47.413929]},"properties":{"name":"Lerchenrain","lines":"37, 44","arr":["37","44"],"terminus":0,"mode":"bus","color":"#0059a9","colorDark":"#00294f","angle":261.5,"snapDist":2,"label":1}},{"type":"Feature","geometry":{"type":"Point","coordinates":[8.509215,47.411658]},"properties":{"name":"Lerchenhalde","lines":"37, 42, 44, 80, N8","arr":["37","42","44","80","N8"],"terminus":0,"mode":"bus","color":"#0059a9","colorDark":"#00294f","angle":2.5,"snapDist":8,"label":1}},{"type":"Feature","geometry":{"type":"Point","coordinates":[8.508175,47.409048]},"properties":{"name":"ETH Hönggerberg","lines":"37, 42, 44","arr":["37","42","44"],"terminus":1,"mode":"bus","color":"#0059a9","colorDark":"#00294f","angle":115.7,"snapDist":4,"label":1}},{"type":"Feature","geometry":{"type":"Point","coordinates":[8.509693,47.41189]},"properties":{"name":"Lerchenhalde","lines":"37, 44","arr":["37","44"],"terminus":0,"mode":"bus","color":"#0059a9","colorDark":"#00294f","angle":90.8,"snapDist":3,"label":0}},{"type":"Feature","geometry":{"type":"Point","coordinates":[8.509349,47.414719]},"properties":{"name":"Lerchenrain","lines":"37, 44","arr":["37","44"],"terminus":0,"mode":"bus","color":"#0059a9","colorDark":"#00294f","angle":65.2,"snapDist":4,"label":0}},{"type":"Feature","geometry":{"type":"Point","coordinates":[8.506852,47.416231]},"properties":{"name":"Schauenberg","lines":"37, 44","arr":["37","44"],"terminus":0,"mode":"bus","color":"#0059a9","colorDark":"#00294f","angle":36.7,"snapDist":4,"label":0}},{"type":"Feature","geometry":{"type":"Point","coordinates":[8.506522,47.41954]},"properties":{"name":"Zehntenhausplatz","lines":"37, 44, 61, 62, 492, N2","arr":["37","44","61","62","492","N2"],"terminus":1,"mode":"bus","color":"#0059a9","colorDark":"#00294f","angle":83.8,"snapDist":3,"label":0}},{"type":"Feature","geometry":{"type":"Point","coordinates":[8.507271,47.420909]},"properties":{"name":"Bahnhof Affoltern","lines":"37, 44, 61, 62, N2","arr":["37","44","61","62","N2"],"terminus":0,"mode":"bus","color":"#0059a9","colorDark":"#00294f","angle":113.3,"snapDist":7,"label":0}},{"type":"Feature","geometry":{"type":"Point","coordinates":[8.505114,47.423829]},"properties":{"name":"Blumenfeldstrasse","lines":"37, 61","arr":["37","61"],"terminus":0,"mode":"bus","color":"#0059a9","colorDark":"#00294f","angle":27.5,"snapDist":6,"label":0}},{"type":"Feature","geometry":{"type":"Point","coordinates":[8.50109,47.424949]},"properties":{"name":"Aspholz","lines":"37, 61","arr":["37","61"],"terminus":0,"mode":"bus","color":"#0059a9","colorDark":"#00294f","angle":23.9,"snapDist":3,"label":0}},{"type":"Feature","geometry":{"type":"Point","coordinates":[8.496228,47.426149]},"properties":{"name":"Mühlacker","lines":"37, 61","arr":["37","61"],"terminus":1,"mode":"bus","color":"#0059a9","colorDark":"#00294f","angle":50.5,"snapDist":1,"label":0}},{"type":"Feature","geometry":{"type":"Point","coordinates":[8.496738,47.40948]},"properties":{"name":"Schützenhaus Höngg","lines":"38","arr":["38"],"terminus":1,"mode":"bus","color":"#0059a9","colorDark":"#00294f","angle":308.5,"snapDist":5,"label":1}},{"type":"Feature","geometry":{"type":"Point","coordinates":[8.494399,47.408397]},"properties":{"name":"Friedhof Hönggerberg","lines":"38","arr":["38"],"terminus":0,"mode":"bus","color":"#0059a9","colorDark":"#00294f","angle":248.1,"snapDist":1,"label":1}},{"type":"Feature","geometry":{"type":"Point","coordinates":[8.49545,47.40648]},"properties":{"name":"Michelstrasse","lines":"38","arr":["38"],"terminus":0,"mode":"bus","color":"#0059a9","colorDark":"#00294f","angle":232.3,"snapDist":0,"label":1}},{"type":"Feature","geometry":{"type":"Point","coordinates":[8.498368,47.402882]},"properties":{"name":"Kappenbühlweg","lines":"38","arr":["38"],"terminus":0,"mode":"bus","color":"#0059a9","colorDark":"#00294f","angle":228.5,"snapDist":5,"label":1}},{"type":"Feature","geometry":{"type":"Point","coordinates":[8.507342,47.399476]},"properties":{"name":"Am Börtli","lines":"38","arr":["38"],"terminus":0,"mode":"bus","color":"#0059a9","colorDark":"#00294f","angle":229,"snapDist":4,"label":1}},{"type":"Feature","geometry":{"type":"Point","coordinates":[8.510047,47.398875]},"properties":{"name":"Appenzellerstrasse","lines":"38","arr":["38"],"terminus":0,"mode":"bus","color":"#0059a9","colorDark":"#00294f","angle":193.4,"snapDist":0,"label":1}},{"type":"Feature","geometry":{"type":"Point","coordinates":[8.513861,47.398994]},"properties":{"name":"Waidbadstrasse","lines":"38, 69","arr":["38","69"],"terminus":0,"mode":"bus","color":"#0059a9","colorDark":"#00294f","angle":177.4,"snapDist":5,"label":1}},{"type":"Feature","geometry":{"type":"Point","coordinates":[8.518319,47.399768]},"properties":{"name":"Käferberg","lines":"38, 69","arr":["38","69"],"terminus":0,"mode":"bus","color":"#0059a9","colorDark":"#00294f","angle":172.6,"snapDist":6,"label":1}},{"type":"Feature","geometry":{"type":"Point","coordinates":[8.521876,47.399099]},"properties":{"name":"Waidspital","lines":"38","arr":["38"],"terminus":1,"mode":"bus","color":"#0059a9","colorDark":"#00294f","angle":163.6,"snapDist":4,"label":1}},{"type":"Feature","geometry":{"type":"Point","coordinates":[8.517557,47.399693]},"properties":{"name":"Käferberg","lines":"38, 69","arr":["38","69"],"terminus":0,"mode":"bus","color":"#0059a9","colorDark":"#00294f","angle":351,"snapDist":5,"label":0}},{"type":"Feature","geometry":{"type":"Point","coordinates":[8.513182,47.398976]},"properties":{"name":"Waidbadstrasse","lines":"38, 69","arr":["38","69"],"terminus":0,"mode":"bus","color":"#0059a9","colorDark":"#00294f","angle":358.4,"snapDist":3,"label":0}},{"type":"Feature","geometry":{"type":"Point","coordinates":[8.509027,47.398889]},"properties":{"name":"Appenzellerstrasse","lines":"38","arr":["38"],"terminus":0,"mode":"bus","color":"#0059a9","colorDark":"#00294f","angle":346.4,"snapDist":4,"label":0}},{"type":"Feature","geometry":{"type":"Point","coordinates":[8.507108,47.399689]},"properties":{"name":"Am Börtli","lines":"38","arr":["38"],"terminus":0,"mode":"bus","color":"#0059a9","colorDark":"#00294f","angle":55.7,"snapDist":3,"label":0}},{"type":"Feature","geometry":{"type":"Point","coordinates":[8.498148,47.40305]},"properties":{"name":"Kappenbühlweg","lines":"38","arr":["38"],"terminus":0,"mode":"bus","color":"#0059a9","colorDark":"#00294f","angle":47.5,"snapDist":7,"label":0}},{"type":"Feature","geometry":{"type":"Point","coordinates":[8.49596,47.404215]},"properties":{"name":"Wieslergasse","lines":"38","arr":["38"],"terminus":0,"mode":"bus","color":"#0059a9","colorDark":"#00294f","angle":39.1,"snapDist":5,"label":0}},{"type":"Feature","geometry":{"type":"Point","coordinates":[8.49552,47.406422]},"properties":{"name":"Michelstrasse","lines":"38","arr":["38"],"terminus":0,"mode":"bus","color":"#0059a9","colorDark":"#00294f","angle":50.2,"snapDist":4,"label":0}},{"type":"Feature","geometry":{"type":"Point","coordinates":[8.494254,47.408696]},"properties":{"name":"Friedhof Hönggerberg","lines":"38","arr":["38"],"terminus":0,"mode":"bus","color":"#0059a9","colorDark":"#00294f","angle":71.9,"snapDist":3,"label":0}},{"type":"Feature","geometry":{"type":"Point","coordinates":[8.54568,47.391195]},"properties":{"name":"Letzistrasse","lines":"39","arr":["39"],"terminus":1,"mode":"bus","color":"#0059a9","colorDark":"#00294f","angle":320.6,"snapDist":4,"label":1}},{"type":"Feature","geometry":{"type":"Point","coordinates":[8.546058,47.395742]},"properties":{"name":"Universität Irchel","lines":"39","arr":["39"],"terminus":0,"mode":"bus","color":"#0059a9","colorDark":"#00294f","angle":230.3,"snapDist":3,"label":1}},{"type":"Feature","geometry":{"type":"Point","coordinates":[8.54753,47.393526]},"properties":{"name":"Strickhof","lines":"39","arr":["39"],"terminus":0,"mode":"bus","color":"#0059a9","colorDark":"#00294f","angle":236.1,"snapDist":2,"label":1}},{"type":"Feature","geometry":{"type":"Point","coordinates":[8.54981,47.392515]},"properties":{"name":"Langensteinenstrasse","lines":"39","arr":["39"],"terminus":0,"mode":"bus","color":"#0059a9","colorDark":"#00294f","angle":168.5,"snapDist":5,"label":1}},{"type":"Feature","geometry":{"type":"Point","coordinates":[8.550878,47.38994]},"properties":{"name":"Schäppiweg","lines":"39","arr":["39"],"terminus":0,"mode":"bus","color":"#0059a9","colorDark":"#00294f","angle":268.4,"snapDist":2,"label":1}},{"type":"Feature","geometry":{"type":"Point","coordinates":[8.552579,47.387173]},"properties":{"name":"Germaniastrasse","lines":"39","arr":["39"],"terminus":0,"mode":"bus","color":"#0059a9","colorDark":"#00294f","angle":266.7,"snapDist":1,"label":1}},{"type":"Feature","geometry":{"type":"Point","coordinates":[8.554122,47.38738]},"properties":{"name":"Rigiblick","lines":"39","arr":["39"],"terminus":0,"mode":"bus","color":"#0059a9","colorDark":"#00294f","angle":218.2,"snapDist":3,"label":1}},{"type":"Feature","geometry":{"type":"Point","coordinates":[8.556512,47.386119]},"properties":{"name":"Spyristeig","lines":"39","arr":["39"],"terminus":0,"mode":"bus","color":"#0059a9","colorDark":"#00294f","angle":217.9,"snapDist":5,"label":1}},{"type":"Feature","geometry":{"type":"Point","coordinates":[8.560872,47.384235]},"properties":{"name":"Krönleinstrasse","lines":"39","arr":["39"],"terminus":0,"mode":"bus","color":"#0059a9","colorDark":"#00294f","angle":205.7,"snapDist":3,"label":1}},{"type":"Feature","geometry":{"type":"Point","coordinates":[8.56463,47.381647]},"properties":{"name":"Heubeeriweg","lines":"39","arr":["39"],"terminus":0,"mode":"bus","color":"#0059a9","colorDark":"#00294f","angle":218.6,"snapDist":1,"label":1}},{"type":"Feature","geometry":{"type":"Point","coordinates":[8.567004,47.380693]},"properties":{"name":"Flobotstrasse","lines":"39","arr":["39"],"terminus":0,"mode":"bus","color":"#0059a9","colorDark":"#00294f","angle":214.9,"snapDist":1,"label":1}},{"type":"Feature","geometry":{"type":"Point","coordinates":[8.571461,47.381528]},"properties":{"name":"Zoo","lines":"39","arr":["39"],"terminus":0,"mode":"bus","color":"#0059a9","colorDark":"#00294f","angle":230.2,"snapDist":9,"label":1}},{"type":"Feature","geometry":{"type":"Point","coordinates":[8.576916,47.384561]},"properties":{"name":"Im Klösterli","lines":"39","arr":["39"],"terminus":1,"mode":"bus","color":"#0059a9","colorDark":"#00294f","angle":288.8,"snapDist":5,"label":1}},{"type":"Feature","geometry":{"type":"Point","coordinates":[8.57136,47.381613]},"properties":{"name":"Zoo","lines":"39","arr":["39"],"terminus":0,"mode":"bus","color":"#0059a9","colorDark":"#00294f","angle":53.3,"snapDist":2,"label":0}},{"type":"Feature","geometry":{"type":"Point","coordinates":[8.566981,47.380703]},"properties":{"name":"Flobotstrasse","lines":"39","arr":["39"],"terminus":0,"mode":"bus","color":"#0059a9","colorDark":"#00294f","angle":33.6,"snapDist":4,"label":0}},{"type":"Feature","geometry":{"type":"Point","coordinates":[8.564545,47.381693]},"properties":{"name":"Heubeeriweg","lines":"39","arr":["39"],"terminus":0,"mode":"bus","color":"#0059a9","colorDark":"#00294f","angle":38.6,"snapDist":2,"label":0}},{"type":"Feature","geometry":{"type":"Point","coordinates":[8.561392,47.383927]},"properties":{"name":"Krönleinstrasse","lines":"39","arr":["39"],"terminus":0,"mode":"bus","color":"#0059a9","colorDark":"#00294f","angle":55.3,"snapDist":2,"label":0}},{"type":"Feature","geometry":{"type":"Point","coordinates":[8.556148,47.386312]},"properties":{"name":"Spyristeig","lines":"39","arr":["39"],"terminus":0,"mode":"bus","color":"#0059a9","colorDark":"#00294f","angle":38.8,"snapDist":2,"label":0}},{"type":"Feature","geometry":{"type":"Point","coordinates":[8.554003,47.387442]},"properties":{"name":"Rigiblick","lines":"39","arr":["39"],"terminus":0,"mode":"bus","color":"#0059a9","colorDark":"#00294f","angle":36.6,"snapDist":3,"label":0}},{"type":"Feature","geometry":{"type":"Point","coordinates":[8.552525,47.387465]},"properties":{"name":"Germaniastrasse","lines":"39","arr":["39"],"terminus":0,"mode":"bus","color":"#0059a9","colorDark":"#00294f","angle":76.3,"snapDist":2,"label":0}},{"type":"Feature","geometry":{"type":"Point","coordinates":[8.55143,47.389871]},"properties":{"name":"Schäppiweg","lines":"39","arr":["39"],"terminus":0,"mode":"bus","color":"#0059a9","colorDark":"#00294f","angle":275.1,"snapDist":2,"label":0}},{"type":"Feature","geometry":{"type":"Point","coordinates":[8.549633,47.39249]},"properties":{"name":"Langensteinenstrasse","lines":"39","arr":["39"],"terminus":0,"mode":"bus","color":"#0059a9","colorDark":"#00294f","angle":347.8,"snapDist":3,"label":0}},{"type":"Feature","geometry":{"type":"Point","coordinates":[8.547454,47.392039]},"properties":{"name":"Schanzackerstrasse","lines":"39","arr":["39"],"terminus":0,"mode":"bus","color":"#0059a9","colorDark":"#00294f","angle":331.8,"snapDist":6,"label":1}},{"type":"Feature","geometry":{"type":"Point","coordinates":[8.549769,47.422062]},"properties":{"name":"Seebach","lines":"40, 42","arr":["40","42"],"terminus":1,"mode":"bus","color":"#0059a9","colorDark":"#00294f","angle":150,"snapDist":8,"label":1}},{"type":"Feature","geometry":{"type":"Point","coordinates":[8.547731,47.419965]},"properties":{"name":"Seebacherplatz","lines":"40, 42","arr":["40","42"],"terminus":0,"mode":"bus","color":"#0059a9","colorDark":"#00294f","angle":72,"snapDist":8,"label":0}},{"type":"Feature","geometry":{"type":"Point","coordinates":[8.543566,47.422855]},"properties":{"name":"Hertensteinstrasse","lines":"40, 42","arr":["40","42"],"terminus":0,"mode":"bus","color":"#0059a9","colorDark":"#00294f","angle":37.7,"snapDist":5,"label":1}},{"type":"Feature","geometry":{"type":"Point","coordinates":[8.538895,47.42202]},"properties":{"name":"Buhnstrasse","lines":"40, 42","arr":["40","42"],"terminus":0,"mode":"bus","color":"#0059a9","colorDark":"#00294f","angle":283,"snapDist":4,"label":1}},{"type":"Feature","geometry":{"type":"Point","coordinates":[8.538593,47.419935]},"properties":{"name":"Himmeri","lines":"40, 42, N75","arr":["40","42","N75"],"terminus":0,"mode":"bus","color":"#0059a9","colorDark":"#00294f","angle":285.1,"snapDist":6,"label":1}},{"type":"Feature","geometry":{"type":"Point","coordinates":[8.519744,47.414755]},"properties":{"name":"Glaubtenstrasse Nord","lines":"40, 42, 80, N8","arr":["40","42","80","N8"],"terminus":0,"mode":"bus","color":"#0059a9","colorDark":"#00294f","angle":28.2,"snapDist":2,"label":1}},{"type":"Feature","geometry":{"type":"Point","coordinates":[8.52422,47.410519]},"properties":{"name":"Althoos","lines":"40","arr":["40"],"terminus":0,"mode":"bus","color":"#0059a9","colorDark":"#00294f","angle":242.9,"snapDist":4,"label":1}},{"type":"Feature","geometry":{"type":"Point","coordinates":[8.526508,47.407574]},"properties":{"name":"Maienweg","lines":"40","arr":["40"],"terminus":0,"mode":"bus","color":"#0059a9","colorDark":"#00294f","angle":252.5,"snapDist":2,"label":1}},{"type":"Feature","geometry":{"type":"Point","coordinates":[8.528274,47.405278]},"properties":{"name":"Krematorium Nordheim","lines":"40","arr":["40"],"terminus":0,"mode":"bus","color":"#0059a9","colorDark":"#00294f","angle":222.1,"snapDist":3,"label":1}},{"type":"Feature","geometry":{"type":"Point","coordinates":[8.530552,47.403498]},"properties":{"name":"Nordheimstrasse","lines":"40","arr":["40"],"terminus":0,"mode":"bus","color":"#0059a9","colorDark":"#00294f","angle":254.4,"snapDist":7,"label":1}},{"type":"Feature","geometry":{"type":"Point","coordinates":[8.533256,47.404343]},"properties":{"name":"Berufswahlschule","lines":"40","arr":["40"],"terminus":0,"mode":"bus","color":"#0059a9","colorDark":"#00294f","angle":153.8,"snapDist":5,"label":1}},{"type":"Feature","geometry":{"type":"Point","coordinates":[8.530488,47.403653]},"properties":{"name":"Nordheimstrasse","lines":"40","arr":["40"],"terminus":0,"mode":"bus","color":"#0059a9","colorDark":"#00294f","angle":73.9,"snapDist":5,"label":0}},{"type":"Feature","geometry":{"type":"Point","coordinates":[8.527928,47.405521]},"properties":{"name":"Krematorium Nordheim","lines":"40","arr":["40"],"terminus":0,"mode":"bus","color":"#0059a9","colorDark":"#00294f","angle":48.7,"snapDist":7,"label":0}},{"type":"Feature","geometry":{"type":"Point","coordinates":[8.526469,47.407657]},"properties":{"name":"Maienweg","lines":"40","arr":["40"],"terminus":0,"mode":"bus","color":"#0059a9","colorDark":"#00294f","angle":72.5,"snapDist":3,"label":0}},{"type":"Feature","geometry":{"type":"Point","coordinates":[8.524029,47.410755]},"properties":{"name":"Althoos","lines":"40","arr":["40"],"terminus":0,"mode":"bus","color":"#0059a9","colorDark":"#00294f","angle":58.8,"snapDist":4,"label":0}},{"type":"Feature","geometry":{"type":"Point","coordinates":[8.519698,47.414706]},"properties":{"name":"Glaubtenstrasse Nord","lines":"40, 42","arr":["40","42"],"terminus":0,"mode":"bus","color":"#0059a9","colorDark":"#00294f","angle":188.1,"snapDist":2,"label":0}},{"type":"Feature","geometry":{"type":"Point","coordinates":[8.538637,47.420046]},"properties":{"name":"Himmeri","lines":"40, 42, 75, N75","arr":["40","42","75","N75"],"terminus":0,"mode":"bus","color":"#0059a9","colorDark":"#00294f","angle":104.7,"snapDist":5,"label":0}},{"type":"Feature","geometry":{"type":"Point","coordinates":[8.53949,47.422256]},"properties":{"name":"Buhnstrasse","lines":"40, 42","arr":["40","42"],"terminus":0,"mode":"bus","color":"#0059a9","colorDark":"#00294f","angle":177.7,"snapDist":6,"label":0}},{"type":"Feature","geometry":{"type":"Point","coordinates":[8.543717,47.422778]},"properties":{"name":"Hertensteinstrasse","lines":"40, 42, 75","arr":["40","42","75"],"terminus":0,"mode":"bus","color":"#0059a9","colorDark":"#00294f","angle":216.7,"snapDist":4,"label":0}},{"type":"Feature","geometry":{"type":"Point","coordinates":[8.548576,47.420106]},"properties":{"name":"Seebacherplatz","lines":"40, 42, 768, N10","arr":["40","42","768","N10"],"terminus":0,"mode":"bus","color":"#0059a9","colorDark":"#00294f","angle":125.7,"snapDist":1,"label":0}},{"type":"Feature","geometry":{"type":"Point","coordinates":[8.514037,47.412072]},"properties":{"name":"Schumacherweg","lines":"42, 80, N8","arr":["42","80","N8"],"terminus":0,"mode":"bus","color":"#0059a9","colorDark":"#00294f","angle":335.1,"snapDist":4,"label":1}},{"type":"Feature","geometry":{"type":"Point","coordinates":[8.510127,47.411647]},"properties":{"name":"Lerchenhalde","lines":"42, 80, N8","arr":["42","80","N8"],"terminus":0,"mode":"bus","color":"#0059a9","colorDark":"#00294f","angle":179.9,"snapDist":3,"label":0}},{"type":"Feature","geometry":{"type":"Point","coordinates":[8.515524,47.412338]},"properties":{"name":"Schumacherweg","lines":"42, 80, N8","arr":["42","80","N8"],"terminus":0,"mode":"bus","color":"#0059a9","colorDark":"#00294f","angle":174.1,"snapDist":1,"label":0}},{"type":"Feature","geometry":{"type":"Point","coordinates":[8.518465,47.413602]},"properties":{"name":"Glaubtenstrasse Süd","lines":"42, 80","arr":["42","80"],"terminus":0,"mode":"bus","color":"#0059a9","colorDark":"#00294f","angle":131.6,"snapDist":1,"label":1}},{"type":"Feature","geometry":{"type":"Point","coordinates":[8.515203,47.428384]},"properties":{"name":"Reckenholz","lines":"44","arr":["44"],"terminus":1,"mode":"bus","color":"#0059a9","colorDark":"#00294f","angle":180.2,"snapDist":1,"label":1}},{"type":"Feature","geometry":{"type":"Point","coordinates":[8.509879,47.425533]},"properties":{"name":"Bärenbohlstrasse","lines":"44","arr":["44"],"terminus":0,"mode":"bus","color":"#0059a9","colorDark":"#00294f","angle":207.4,"snapDist":2,"label":1}},{"type":"Feature","geometry":{"type":"Point","coordinates":[8.51124,47.423966]},"properties":{"name":"Unteraffoltern","lines":"44, 62, N2","arr":["44","62","N2"],"terminus":0,"mode":"bus","color":"#0059a9","colorDark":"#00294f","angle":290.6,"snapDist":4,"label":1}},{"type":"Feature","geometry":{"type":"Point","coordinates":[8.509757,47.422007]},"properties":{"name":"Fronwald","lines":"44, 62, N2","arr":["44","62","N2"],"terminus":0,"mode":"bus","color":"#0059a9","colorDark":"#00294f","angle":23.9,"snapDist":2,"label":1}},{"type":"Feature","geometry":{"type":"Point","coordinates":[8.509915,47.421953]},"properties":{"name":"Fronwald","lines":"44, 62, N2","arr":["44","62","N2"],"terminus":0,"mode":"bus","color":"#0059a9","colorDark":"#00294f","angle":208.3,"snapDist":2,"label":0}},{"type":"Feature","geometry":{"type":"Point","coordinates":[8.511317,47.424105]},"properties":{"name":"Unteraffoltern","lines":"44, 62, N2","arr":["44","62","N2"],"terminus":0,"mode":"bus","color":"#0059a9","colorDark":"#00294f","angle":110.6,"snapDist":3,"label":0}},{"type":"Feature","geometry":{"type":"Point","coordinates":[8.509773,47.426095]},"properties":{"name":"Bärenbohlstrasse","lines":"44","arr":["44"],"terminus":0,"mode":"bus","color":"#0059a9","colorDark":"#00294f","angle":120.3,"snapDist":4,"label":0}},{"type":"Feature","geometry":{"type":"Point","coordinates":[8.482047,47.398017]},"properties":{"name":"Werdhölzli","lines":"45","arr":["45"],"terminus":1,"mode":"bus","color":"#0059a9","colorDark":"#00294f","angle":109.7,"snapDist":1,"label":1}},{"type":"Feature","geometry":{"type":"Point","coordinates":[8.485252,47.396296]},"properties":{"name":"Bändliweg","lines":"45, 307, N17","arr":["45","307","N17"],"terminus":0,"mode":"bus","color":"#0059a9","colorDark":"#00294f","angle":204.9,"snapDist":3,"label":1}},{"type":"Feature","geometry":{"type":"Point","coordinates":[8.490176,47.394944]},"properties":{"name":"Grünaustrasse","lines":"45, 307, N17","arr":["45","307","N17"],"terminus":0,"mode":"bus","color":"#0059a9","colorDark":"#00294f","angle":201.2,"snapDist":2,"label":1}},{"type":"Feature","geometry":{"type":"Point","coordinates":[8.488503,47.38782]},"properties":{"name":"Solidapark","lines":"45","arr":["45"],"terminus":0,"mode":"bus","color":"#0059a9","colorDark":"#00294f","angle":284.1,"snapDist":1,"label":1}},{"type":"Feature","geometry":{"type":"Point","coordinates":[8.485797,47.387908]},"properties":{"name":"Lindenplatz","lines":"45","arr":["45"],"terminus":0,"mode":"bus","color":"#0059a9","colorDark":"#00294f","angle":15.8,"snapDist":4,"label":1}},{"type":"Feature","geometry":{"type":"Point","coordinates":[8.478948,47.390229]},"properties":{"name":"Farbhof","lines":"45","arr":["45"],"terminus":0,"mode":"bus","color":"#0059a9","colorDark":"#00294f","angle":308.4,"snapDist":4,"label":0}},{"type":"Feature","geometry":{"type":"Point","coordinates":[8.47463,47.390648]},"properties":{"name":"Neeserweg","lines":"45","arr":["45"],"terminus":0,"mode":"bus","color":"#0059a9","colorDark":"#00294f","angle":31.4,"snapDist":2,"label":1}},{"type":"Feature","geometry":{"type":"Point","coordinates":[8.471288,47.392647]},"properties":{"name":"Feusisbergli","lines":"45","arr":["45"],"terminus":0,"mode":"bus","color":"#0059a9","colorDark":"#00294f","angle":35.6,"snapDist":6,"label":1}},{"type":"Feature","geometry":{"type":"Point","coordinates":[8.469827,47.390895]},"properties":{"name":"Am Suteracher","lines":"45","arr":["45"],"terminus":0,"mode":"bus","color":"#0059a9","colorDark":"#00294f","angle":228,"snapDist":5,"label":1}},{"type":"Feature","geometry":{"type":"Point","coordinates":[8.472221,47.389491]},"properties":{"name":"Loogarten","lines":"45","arr":["45"],"terminus":0,"mode":"bus","color":"#0059a9","colorDark":"#00294f","angle":211.2,"snapDist":2,"label":1}},{"type":"Feature","geometry":{"type":"Point","coordinates":[8.470374,47.388572]},"properties":{"name":"Dunkelhölzli","lines":"45, 67, 78, N1","arr":["45","67","78","N1"],"terminus":1,"mode":"bus","color":"#0059a9","colorDark":"#00294f","angle":230.4,"snapDist":3,"label":1}},{"type":"Feature","geometry":{"type":"Point","coordinates":[8.472157,47.387463]},"properties":{"name":"Salzweg","lines":"45, 67, 78, N1","arr":["45","67","78","N1"],"terminus":0,"mode":"bus","color":"#0059a9","colorDark":"#00294f","angle":212.9,"snapDist":1,"label":1}},{"type":"Feature","geometry":{"type":"Point","coordinates":[8.473845,47.386364]},"properties":{"name":"Rautihalde","lines":"45, 67, 78, N1","arr":["45","67","78","N1"],"terminus":0,"mode":"bus","color":"#0059a9","colorDark":"#00294f","angle":231.9,"snapDist":0,"label":1}},{"type":"Feature","geometry":{"type":"Point","coordinates":[8.47731,47.384417]},"properties":{"name":"Schulhaus Buchlern","lines":"45","arr":["45"],"terminus":0,"mode":"bus","color":"#0059a9","colorDark":"#00294f","angle":316.4,"snapDist":4,"label":1}},{"type":"Feature","geometry":{"type":"Point","coordinates":[8.474863,47.383372]},"properties":{"name":"Friedhof Eichbühl","lines":"45","arr":["45"],"terminus":1,"mode":"bus","color":"#0059a9","colorDark":"#00294f","angle":127,"snapDist":1,"label":1}},{"type":"Feature","geometry":{"type":"Point","coordinates":[8.477438,47.384501]},"properties":{"name":"Schulhaus Buchlern","lines":"45","arr":["45"],"terminus":0,"mode":"bus","color":"#0059a9","colorDark":"#00294f","angle":133.8,"snapDist":2,"label":0}},{"type":"Feature","geometry":{"type":"Point","coordinates":[8.473444,47.386807]},"properties":{"name":"Rautihalde","lines":"45, 67, 78, N1","arr":["45","67","78","N1"],"terminus":0,"mode":"bus","color":"#0059a9","colorDark":"#00294f","angle":50,"snapDist":7,"label":0}},{"type":"Feature","geometry":{"type":"Point","coordinates":[8.471248,47.388012]},"properties":{"name":"Salzweg","lines":"45, 67, 78, N1","arr":["45","67","78","N1"],"terminus":0,"mode":"bus","color":"#0059a9","colorDark":"#00294f","angle":44.7,"snapDist":2,"label":0}},{"type":"Feature","geometry":{"type":"Point","coordinates":[8.470201,47.388832]},"properties":{"name":"Dunkelhölzli","lines":"45, 78","arr":["45","78"],"terminus":1,"mode":"bus","color":"#0059a9","colorDark":"#00294f","angle":49.1,"snapDist":3,"label":0}},{"type":"Feature","geometry":{"type":"Point","coordinates":[8.472435,47.389401]},"properties":{"name":"Loogarten","lines":"45","arr":["45"],"terminus":0,"mode":"bus","color":"#0059a9","colorDark":"#00294f","angle":31.8,"snapDist":4,"label":0}},{"type":"Feature","geometry":{"type":"Point","coordinates":[8.469727,47.390974]},"properties":{"name":"Am Suteracher","lines":"45","arr":["45"],"terminus":0,"mode":"bus","color":"#0059a9","colorDark":"#00294f","angle":52.1,"snapDist":2,"label":0}},{"type":"Feature","geometry":{"type":"Point","coordinates":[8.470655,47.392609]},"properties":{"name":"Feusisbergli","lines":"45","arr":["45"],"terminus":0,"mode":"bus","color":"#0059a9","colorDark":"#00294f","angle":134.7,"snapDist":6,"label":0}},{"type":"Feature","geometry":{"type":"Point","coordinates":[8.474809,47.390574]},"properties":{"name":"Neeserweg","lines":"45","arr":["45"],"terminus":0,"mode":"bus","color":"#0059a9","colorDark":"#00294f","angle":211.4,"snapDist":2,"label":0}},{"type":"Feature","geometry":{"type":"Point","coordinates":[8.479086,47.390347]},"properties":{"name":"Farbhof","lines":"45","arr":["45"],"terminus":0,"mode":"bus","color":"#0059a9","colorDark":"#00294f","angle":128.4,"snapDist":6,"label":0}},{"type":"Feature","geometry":{"type":"Point","coordinates":[8.486357,47.3878]},"properties":{"name":"Lindenplatz","lines":"45","arr":["45"],"terminus":0,"mode":"bus","color":"#0059a9","colorDark":"#00294f","angle":195.6,"snapDist":2,"label":0}},{"type":"Feature","geometry":{"type":"Point","coordinates":[8.488523,47.387875]},"properties":{"name":"Solidapark","lines":"45","arr":["45"],"terminus":0,"mode":"bus","color":"#0059a9","colorDark":"#00294f","angle":104.1,"snapDist":1,"label":0}},{"type":"Feature","geometry":{"type":"Point","coordinates":[8.487176,47.390243]},"properties":{"name":"Bristenstrasse","lines":"45, 80, 89, N1, N8","arr":["45","80","89","N1","N8"],"terminus":0,"mode":"bus","color":"#0059a9","colorDark":"#00294f","angle":116.4,"snapDist":3,"label":0}},{"type":"Feature","geometry":{"type":"Point","coordinates":[8.488977,47.395085]},"properties":{"name":"Grünaustrasse","lines":"45, 307","arr":["45","307"],"terminus":0,"mode":"bus","color":"#0059a9","colorDark":"#00294f","angle":110.2,"snapDist":0,"label":0}},{"type":"Feature","geometry":{"type":"Point","coordinates":[8.486745,47.396581]},"properties":{"name":"Grünauring","lines":"45, 307","arr":["45","307"],"terminus":0,"mode":"bus","color":"#0059a9","colorDark":"#00294f","angle":20.5,"snapDist":4,"label":1}},{"type":"Feature","geometry":{"type":"Point","coordinates":[8.484817,47.396443]},"properties":{"name":"Bändliweg","lines":"45, 307","arr":["45","307"],"terminus":0,"mode":"bus","color":"#0059a9","colorDark":"#00294f","angle":27.9,"snapDist":5,"label":0}},{"type":"Feature","geometry":{"type":"Point","coordinates":[8.526293,47.411632]},"properties":{"name":"Neuaffoltern","lines":"61, 62","arr":["61","62"],"terminus":0,"mode":"bus","color":"#0059a9","colorDark":"#00294f","angle":195.1,"snapDist":7,"label":0}},{"type":"Feature","geometry":{"type":"Point","coordinates":[8.533175,47.410393]},"properties":{"name":"Oberwiesenstrasse","lines":"61, 62","arr":["61","62"],"terminus":0,"mode":"bus","color":"#0059a9","colorDark":"#00294f","angle":195.1,"snapDist":2,"label":1}},{"type":"Feature","geometry":{"type":"Point","coordinates":[8.539134,47.409105]},"properties":{"name":"Regensbergbrücke","lines":"61, 62","arr":["61","62"],"terminus":0,"mode":"bus","color":"#0059a9","colorDark":"#00294f","angle":207.2,"snapDist":5,"label":1}},{"type":"Feature","geometry":{"type":"Point","coordinates":[8.544981,47.411537]},"properties":{"name":"Bahnhof Oerlikon","lines":"61, 62","arr":["61","62"],"terminus":0,"mode":"bus","color":"#0059a9","colorDark":"#00294f","angle":152.6,"snapDist":2,"label":0}},{"type":"Feature","geometry":{"type":"Point","coordinates":[8.546991,47.410245]},"properties":{"name":"Sternen Oerlikon","lines":"61, 62, N12","arr":["61","62","N12"],"terminus":0,"mode":"bus","color":"#0059a9","colorDark":"#00294f","angle":171.7,"snapDist":2,"label":1}},{"type":"Feature","geometry":{"type":"Point","coordinates":[8.552814,47.410708]},"properties":{"name":"Messe/Hallenstadion","lines":"61, 62, N12","arr":["61","62","N12"],"terminus":0,"mode":"bus","color":"#0059a9","colorDark":"#00294f","angle":176.9,"snapDist":2,"label":1}},{"type":"Feature","geometry":{"type":"Point","coordinates":[8.556298,47.410766]},"properties":{"name":"Hallenbad Oerlikon","lines":"61, 62, N12","arr":["61","62","N12"],"terminus":0,"mode":"bus","color":"#0059a9","colorDark":"#00294f","angle":178.5,"snapDist":6,"label":1}},{"type":"Feature","geometry":{"type":"Point","coordinates":[8.558446,47.410808]},"properties":{"name":"Riedgraben","lines":"61, 62, N12","arr":["61","62","N12"],"terminus":0,"mode":"bus","color":"#0059a9","colorDark":"#00294f","angle":178.7,"snapDist":6,"label":1}},{"type":"Feature","geometry":{"type":"Point","coordinates":[8.563953,47.4109]},"properties":{"name":"Saatlenstrasse","lines":"61, 62, N12","arr":["61","62","N12"],"terminus":0,"mode":"bus","color":"#0059a9","colorDark":"#00294f","angle":179,"snapDist":4,"label":1}},{"type":"Feature","geometry":{"type":"Point","coordinates":[8.568449,47.410676]},"properties":{"name":"Dreispitz","lines":"61, 62, N12","arr":["61","62","N12"],"terminus":0,"mode":"bus","color":"#0059a9","colorDark":"#00294f","angle":191.9,"snapDist":4,"label":1}},{"type":"Feature","geometry":{"type":"Point","coordinates":[8.572749,47.410467]},"properties":{"name":"Aubrücke","lines":"61, 787, N9","arr":["61","787","N9"],"terminus":0,"mode":"bus","color":"#0059a9","colorDark":"#00294f","angle":199.4,"snapDist":2,"label":1}},{"type":"Feature","geometry":{"type":"Point","coordinates":[8.580307,47.40859]},"properties":{"name":"Schürgistrasse","lines":"61, 787, N9","arr":["61","787","N9"],"terminus":0,"mode":"bus","color":"#0059a9","colorDark":"#00294f","angle":200.3,"snapDist":7,"label":1}},{"type":"Feature","geometry":{"type":"Point","coordinates":[8.586631,47.406928]},"properties":{"name":"Luchswiesen","lines":"61, 787, N9","arr":["61","787","N9"],"terminus":0,"mode":"bus","color":"#0059a9","colorDark":"#00294f","angle":185,"snapDist":3,"label":1}},{"type":"Feature","geometry":{"type":"Point","coordinates":[8.591508,47.406315]},"properties":{"name":"Altried","lines":"61, 759, 787, N9","arr":["61","759","787","N9"],"terminus":0,"mode":"bus","color":"#0059a9","colorDark":"#00294f","angle":114.6,"snapDist":6,"label":1}},{"type":"Feature","geometry":{"type":"Point","coordinates":[8.594947,47.409121]},"properties":{"name":"Wallisellen, Glatt (Bus) A","lines":"61, E","arr":["61","E"],"terminus":1,"mode":"bus","color":"#0059a9","colorDark":"#00294f","angle":356.5,"snapDist":1,"label":1}},{"type":"Feature","geometry":{"type":"Point","coordinates":[8.591167,47.406143]},"properties":{"name":"Altried","lines":"61, 787, N9","arr":["61","787","N9"],"terminus":0,"mode":"bus","color":"#0059a9","colorDark":"#00294f","angle":314.7,"snapDist":5,"label":0}},{"type":"Feature","geometry":{"type":"Point","coordinates":[8.585297,47.407343]},"properties":{"name":"Luchswiesen","lines":"61, 787, N9","arr":["61","787","N9"],"terminus":0,"mode":"bus","color":"#0059a9","colorDark":"#00294f","angle":20.4,"snapDist":2,"label":0}},{"type":"Feature","geometry":{"type":"Point","coordinates":[8.579093,47.408895]},"properties":{"name":"Schürgistrasse","lines":"61, 787, N9","arr":["61","787","N9"],"terminus":0,"mode":"bus","color":"#0059a9","colorDark":"#00294f","angle":20.5,"snapDist":3,"label":0}},{"type":"Feature","geometry":{"type":"Point","coordinates":[8.571855,47.410816]},"properties":{"name":"Aubrücke","lines":"61, 75, 787, N9","arr":["61","75","787","N9"],"terminus":0,"mode":"bus","color":"#0059a9","colorDark":"#00294f","angle":24.4,"snapDist":6,"label":0}},{"type":"Feature","geometry":{"type":"Point","coordinates":[8.567143,47.410816]},"properties":{"name":"Dreispitz","lines":"61","arr":["61"],"terminus":0,"mode":"bus","color":"#0059a9","colorDark":"#00294f","angle":6.9,"snapDist":6,"label":0}},{"type":"Feature","geometry":{"type":"Point","coordinates":[8.56268,47.410881]},"properties":{"name":"Saatlenstrasse","lines":"61, 62, N12","arr":["61","62","N12"],"terminus":0,"mode":"bus","color":"#0059a9","colorDark":"#00294f","angle":358.4,"snapDist":5,"label":0}},{"type":"Feature","geometry":{"type":"Point","coordinates":[8.559239,47.410821]},"properties":{"name":"Riedgraben","lines":"61, 62, N12","arr":["61","62","N12"],"terminus":0,"mode":"bus","color":"#0059a9","colorDark":"#00294f","angle":358.6,"snapDist":3,"label":0}},{"type":"Feature","geometry":{"type":"Point","coordinates":[8.555457,47.410753]},"properties":{"name":"Hallenbad Oerlikon","lines":"61, 62, N12","arr":["61","62","N12"],"terminus":0,"mode":"bus","color":"#0059a9","colorDark":"#00294f","angle":359.1,"snapDist":4,"label":0}},{"type":"Feature","geometry":{"type":"Point","coordinates":[8.55206,47.410673]},"properties":{"name":"Messe/Hallenstadion","lines":"61, 62, N12","arr":["61","62","N12"],"terminus":0,"mode":"bus","color":"#0059a9","colorDark":"#00294f","angle":354.9,"snapDist":8,"label":0}},{"type":"Feature","geometry":{"type":"Point","coordinates":[8.546584,47.41021]},"properties":{"name":"Sternen Oerlikon","lines":"61, 62, N12","arr":["61","62","N12"],"terminus":0,"mode":"bus","color":"#0059a9","colorDark":"#00294f","angle":353.4,"snapDist":2,"label":0}},{"type":"Feature","geometry":{"type":"Point","coordinates":[8.544503,47.41137]},"properties":{"name":"Bahnhof Oerlikon","lines":"61, 62, N12","arr":["61","62","N12"],"terminus":0,"mode":"bus","color":"#0059a9","colorDark":"#00294f","angle":332.9,"snapDist":3,"label":0}},{"type":"Feature","geometry":{"type":"Point","coordinates":[8.539094,47.40851]},"properties":{"name":"Regensbergbrücke","lines":"61, 62, N12","arr":["61","62","N12"],"terminus":0,"mode":"bus","color":"#0059a9","colorDark":"#00294f","angle":300.2,"snapDist":1,"label":0}},{"type":"Feature","geometry":{"type":"Point","coordinates":[8.522848,47.423726]},"properties":{"name":"Waidhof","lines":"62, N2","arr":["62","N2"],"terminus":1,"mode":"bus","color":"#0059a9","colorDark":"#00294f","angle":204.4,"snapDist":6,"label":1}},{"type":"Feature","geometry":{"type":"Point","coordinates":[8.519164,47.423827]},"properties":{"name":"Schwandenholz","lines":"62, N2","arr":["62","N2"],"terminus":0,"mode":"bus","color":"#0059a9","colorDark":"#00294f","angle":358.6,"snapDist":1,"label":1}},{"type":"Feature","geometry":{"type":"Point","coordinates":[8.572289,47.410041]},"properties":{"name":"Aubrücke","lines":"62, 75, N12","arr":["62","75","N12"],"terminus":0,"mode":"bus","color":"#0059a9","colorDark":"#00294f","angle":270.8,"snapDist":5,"label":0}},{"type":"Feature","geometry":{"type":"Point","coordinates":[8.572792,47.407111]},"properties":{"name":"Herzogenmühlestrasse","lines":"62, 75, N12","arr":["62","75","N12"],"terminus":0,"mode":"bus","color":"#0059a9","colorDark":"#00294f","angle":260.7,"snapDist":4,"label":1}},{"type":"Feature","geometry":{"type":"Point","coordinates":[8.571416,47.404771]},"properties":{"name":"Schwamendingerplatz","lines":"62, N12","arr":["62","N12"],"terminus":1,"mode":"bus","color":"#0059a9","colorDark":"#00294f","angle":40.5,"snapDist":1,"label":1}},{"type":"Feature","geometry":{"type":"Point","coordinates":[8.567587,47.406474]},"properties":{"name":"Tulpenstrasse","lines":"62, N12","arr":["62","N12"],"terminus":0,"mode":"bus","color":"#0059a9","colorDark":"#00294f","angle":32.6,"snapDist":7,"label":1}},{"type":"Feature","geometry":{"type":"Point","coordinates":[8.564692,47.408884]},"properties":{"name":"Herbstweg","lines":"62, N12","arr":["62","N12"],"terminus":0,"mode":"bus","color":"#0059a9","colorDark":"#00294f","angle":59.9,"snapDist":5,"label":1}},{"type":"Feature","geometry":{"type":"Point","coordinates":[8.519644,47.423834]},"properties":{"name":"Schwandenholz","lines":"62, N2","arr":["62","N2"],"terminus":0,"mode":"bus","color":"#0059a9","colorDark":"#00294f","angle":174.6,"snapDist":4,"label":0}},{"type":"Feature","geometry":{"type":"Point","coordinates":[8.54414,47.412458]},"properties":{"name":"Bahnhof Oerlikon Nord","lines":"64","arr":["64"],"terminus":1,"mode":"bus","color":"#0059a9","colorDark":"#00294f","angle":150.1,"snapDist":4,"label":1}},{"type":"Feature","geometry":{"type":"Point","coordinates":[8.540934,47.414017]},"properties":{"name":"Max-Bill-Platz","lines":"64, 75, 80, N8, N75","arr":["64","75","80","N8","N75"],"terminus":0,"mode":"bus","color":"#0059a9","colorDark":"#00294f","angle":347.5,"snapDist":1,"label":1}},{"type":"Feature","geometry":{"type":"Point","coordinates":[8.535687,47.413044]},"properties":{"name":"Birchstrasse","lines":"64, 80, N8","arr":["64","80","N8"],"terminus":0,"mode":"bus","color":"#0059a9","colorDark":"#00294f","angle":4.8,"snapDist":5,"label":1}},{"type":"Feature","geometry":{"type":"Point","coordinates":[8.531147,47.413363]},"properties":{"name":"Chaletweg","lines":"64, 80, N8","arr":["64","80","N8"],"terminus":0,"mode":"bus","color":"#0059a9","colorDark":"#00294f","angle":10.1,"snapDist":8,"label":1}},{"type":"Feature","geometry":{"type":"Point","coordinates":[8.530963,47.415586]},"properties":{"name":"Arnikahof","lines":"64","arr":["64"],"terminus":0,"mode":"bus","color":"#0059a9","colorDark":"#00294f","angle":101.1,"snapDist":0,"label":1}},{"type":"Feature","geometry":{"type":"Point","coordinates":[8.532312,47.416242]},"properties":{"name":"Maillartstrasse","lines":"64","arr":["64"],"terminus":0,"mode":"bus","color":"#0059a9","colorDark":"#00294f","angle":169.1,"snapDist":5,"label":1}},{"type":"Feature","geometry":{"type":"Point","coordinates":[8.535731,47.416648]},"properties":{"name":"Stierenried","lines":"64","arr":["64"],"terminus":0,"mode":"bus","color":"#0059a9","colorDark":"#00294f","angle":170.4,"snapDist":3,"label":1}},{"type":"Feature","geometry":{"type":"Point","coordinates":[8.538199,47.416404]},"properties":{"name":"Neunbrunnen","lines":"64, 75, N75","arr":["64","75","N75"],"terminus":0,"mode":"bus","color":"#0059a9","colorDark":"#00294f","angle":274.7,"snapDist":3,"label":1}},{"type":"Feature","geometry":{"type":"Point","coordinates":[8.537921,47.414118]},"properties":{"name":"Bollingerweg","lines":"64, 75, N75","arr":["64","75","N75"],"terminus":0,"mode":"bus","color":"#0059a9","colorDark":"#00294f","angle":274.8,"snapDist":3,"label":1}},{"type":"Feature","geometry":{"type":"Point","coordinates":[8.541115,47.414037]},"properties":{"name":"Max-Bill-Platz","lines":"64, 75, 80, N8, N75","arr":["64","75","80","N8","N75"],"terminus":0,"mode":"bus","color":"#0059a9","colorDark":"#00294f","angle":353.9,"snapDist":3,"label":0}},{"type":"Feature","geometry":{"type":"Point","coordinates":[8.544131,47.412455]},"properties":{"name":"Bahnhof Oerlikon Nord","lines":"64","arr":["64"],"terminus":1,"mode":"bus","color":"#0059a9","colorDark":"#00294f","angle":150.1,"snapDist":2,"label":0}},{"type":"Feature","geometry":{"type":"Point","coordinates":[8.530275,47.364508]},"properties":{"name":"Bahnhof Enge/Bederstr.","lines":"66, 200, 210, N5","arr":["66","200","210","N5"],"terminus":1,"mode":"bus","color":"#0059a9","colorDark":"#00294f","angle":327.1,"snapDist":6,"label":1}},{"type":"Feature","geometry":{"type":"Point","coordinates":[8.528105,47.347889]},"properties":{"name":"Jugendherberge","lines":"66, N15, N18","arr":["66","N15","N18"],"terminus":0,"mode":"bus","color":"#0059a9","colorDark":"#00294f","angle":266,"snapDist":4,"label":0}},{"type":"Feature","geometry":{"type":"Point","coordinates":[8.530385,47.34327]},"properties":{"name":"Morgental","lines":"66, 70, 184, 185, N15, N18","arr":["66","70","184","185","N15","N18"],"terminus":0,"mode":"bus","color":"#0059a9","colorDark":"#00294f","angle":234.7,"snapDist":2,"label":0}},{"type":"Feature","geometry":{"type":"Point","coordinates":[8.531576,47.340308]},"properties":{"name":"Kalchbühlweg","lines":"66","arr":["66"],"terminus":0,"mode":"bus","color":"#0059a9","colorDark":"#00294f","angle":259.9,"snapDist":4,"label":1}},{"type":"Feature","geometry":{"type":"Point","coordinates":[8.533026,47.336771]},"properties":{"name":"Widmerstrasse","lines":"66","arr":["66"],"terminus":0,"mode":"bus","color":"#0059a9","colorDark":"#00294f","angle":231.1,"snapDist":1,"label":1}},{"type":"Feature","geometry":{"type":"Point","coordinates":[8.534763,47.333007]},"properties":{"name":"Neubühl","lines":"66","arr":["66"],"terminus":0,"mode":"bus","color":"#0059a9","colorDark":"#00294f","angle":250.2,"snapDist":8,"label":1}},{"type":"Feature","geometry":{"type":"Point","coordinates":[8.536425,47.330899]},"properties":{"name":"Obere Hornhalde","lines":"66","arr":["66"],"terminus":0,"mode":"bus","color":"#0059a9","colorDark":"#00294f","angle":254.5,"snapDist":4,"label":1}},{"type":"Feature","geometry":{"type":"Point","coordinates":[8.535445,47.327445]},"properties":{"name":"Kilchberg ZH, Lätten","lines":"66","arr":["66"],"terminus":0,"mode":"bus","color":"#0059a9","colorDark":"#00294f","angle":232.7,"snapDist":5,"label":1}},{"type":"Feature","geometry":{"type":"Point","coordinates":[8.539322,47.326039]},"properties":{"name":"Kilchberg ZH, Breitloo","lines":"66","arr":["66"],"terminus":0,"mode":"bus","color":"#0059a9","colorDark":"#00294f","angle":178.7,"snapDist":2,"label":1}},{"type":"Feature","geometry":{"type":"Point","coordinates":[8.540652,47.322433]},"properties":{"name":"Kilchberg ZH, Stockengut","lines":"66","arr":["66"],"terminus":0,"mode":"bus","color":"#0059a9","colorDark":"#00294f","angle":356.4,"snapDist":1,"label":0}},{"type":"Feature","geometry":{"type":"Point","coordinates":[8.540681,47.320028]},"properties":{"name":"Kilchberg ZH, Alterszentrum","lines":"66","arr":["66"],"terminus":0,"mode":"bus","color":"#0059a9","colorDark":"#00294f","angle":242.1,"snapDist":2,"label":1}},{"type":"Feature","geometry":{"type":"Point","coordinates":[8.541631,47.317882]},"properties":{"name":"Kilchberg ZH, Kirche","lines":"66","arr":["66"],"terminus":1,"mode":"bus","color":"#0059a9","colorDark":"#00294f","angle":81.3,"snapDist":1,"label":1}},{"type":"Feature","geometry":{"type":"Point","coordinates":[8.54099,47.319608]},"properties":{"name":"Kilchberg ZH, Alterszentrum","lines":"66","arr":["66"],"terminus":0,"mode":"bus","color":"#0059a9","colorDark":"#00294f","angle":66.4,"snapDist":3,"label":0}},{"type":"Feature","geometry":{"type":"Point","coordinates":[8.540385,47.324202]},"properties":{"name":"Kilchberg ZH, Stockengut","lines":"66, 163","arr":["66","163"],"terminus":1,"mode":"bus","color":"#0059a9","colorDark":"#00294f","angle":73.7,"snapDist":1,"label":1}},{"type":"Feature","geometry":{"type":"Point","coordinates":[8.540544,47.326022]},"properties":{"name":"Kilchberg ZH, Breitloo","lines":"66, 163","arr":["66","163"],"terminus":0,"mode":"bus","color":"#0059a9","colorDark":"#00294f","angle":181.2,"snapDist":0,"label":0}},{"type":"Feature","geometry":{"type":"Point","coordinates":[8.53955,47.329182]},"properties":{"name":"Kilchberg ZH, Bächlerstrasse","lines":"66","arr":["66"],"terminus":0,"mode":"bus","color":"#0059a9","colorDark":"#00294f","angle":73,"snapDist":1,"label":1}},{"type":"Feature","geometry":{"type":"Point","coordinates":[8.53804,47.331636]},"properties":{"name":"Obere Hornhalde","lines":"66","arr":["66"],"terminus":0,"mode":"bus","color":"#0059a9","colorDark":"#00294f","angle":50,"snapDist":2,"label":0}},{"type":"Feature","geometry":{"type":"Point","coordinates":[8.534633,47.33324]},"properties":{"name":"Neubühl","lines":"66","arr":["66"],"terminus":0,"mode":"bus","color":"#0059a9","colorDark":"#00294f","angle":68.2,"snapDist":4,"label":0}},{"type":"Feature","geometry":{"type":"Point","coordinates":[8.532872,47.3369]},"properties":{"name":"Widmerstrasse","lines":"66","arr":["66"],"terminus":0,"mode":"bus","color":"#0059a9","colorDark":"#00294f","angle":51,"snapDist":5,"label":0}},{"type":"Feature","geometry":{"type":"Point","coordinates":[8.531463,47.340732]},"properties":{"name":"Kalchbühlweg","lines":"66","arr":["66"],"terminus":0,"mode":"bus","color":"#0059a9","colorDark":"#00294f","angle":78.4,"snapDist":1,"label":0}},{"type":"Feature","geometry":{"type":"Point","coordinates":[8.530141,47.343575]},"properties":{"name":"Morgental","lines":"66, 70, 184, 185, N15, N18","arr":["66","70","184","185","N15","N18"],"terminus":0,"mode":"bus","color":"#0059a9","colorDark":"#00294f","angle":65.2,"snapDist":2,"label":0}},{"type":"Feature","geometry":{"type":"Point","coordinates":[8.530618,47.364661]},"properties":{"name":"Bahnhof Enge/Bederstr.","lines":"66, 200, 210, N5","arr":["66","200","210","N5"],"terminus":1,"mode":"bus","color":"#0059a9","colorDark":"#00294f","angle":146,"snapDist":4,"label":0}},{"type":"Feature","geometry":{"type":"Point","coordinates":[8.478774,47.384662]},"properties":{"name":"Schulhaus Buchlern","lines":"67, 78, N1","arr":["67","78","N1"],"terminus":0,"mode":"bus","color":"#0059a9","colorDark":"#00294f","angle":186.1,"snapDist":5,"label":0}},{"type":"Feature","geometry":{"type":"Point","coordinates":[8.483918,47.382782]},"properties":{"name":"Rautistrasse","lines":"67, 80, N8","arr":["67","80","N8"],"terminus":0,"mode":"bus","color":"#0059a9","colorDark":"#00294f","angle":282.3,"snapDist":6,"label":1}},{"type":"Feature","geometry":{"type":"Point","coordinates":[8.4833,47.379244]},"properties":{"name":"Untermoosstrasse","lines":"67, 80, N8","arr":["67","80","N8"],"terminus":0,"mode":"bus","color":"#0059a9","colorDark":"#00294f","angle":274.4,"snapDist":5,"label":1}},{"type":"Feature","geometry":{"type":"Point","coordinates":[8.485111,47.37538]},"properties":{"name":"Albisriederdörfli","lines":"67, 80, N8","arr":["67","80","N8"],"terminus":0,"mode":"bus","color":"#0059a9","colorDark":"#00294f","angle":181.5,"snapDist":5,"label":1}},{"type":"Feature","geometry":{"type":"Point","coordinates":[8.488645,47.375585]},"properties":{"name":"Fellenbergstrasse","lines":"67","arr":["67"],"terminus":0,"mode":"bus","color":"#0059a9","colorDark":"#00294f","angle":187.2,"snapDist":3,"label":1}},{"type":"Feature","geometry":{"type":"Point","coordinates":[8.494945,47.374604]},"properties":{"name":"Sackzelg","lines":"67","arr":["67"],"terminus":0,"mode":"bus","color":"#0059a9","colorDark":"#00294f","angle":193.8,"snapDist":3,"label":0}},{"type":"Feature","geometry":{"type":"Point","coordinates":[8.500549,47.373797]},"properties":{"name":"Langgrütstrasse","lines":"67","arr":["67"],"terminus":0,"mode":"bus","color":"#0059a9","colorDark":"#00294f","angle":178.7,"snapDist":5,"label":1}},{"type":"Feature","geometry":{"type":"Point","coordinates":[8.503284,47.373541]},"properties":{"name":"Im Gut","lines":"67, 89, N12","arr":["67","89","N12"],"terminus":0,"mode":"bus","color":"#0059a9","colorDark":"#00294f","angle":218.4,"snapDist":4,"label":1}},{"type":"Feature","geometry":{"type":"Point","coordinates":[8.506431,47.371841]},"properties":{"name":"Gutstrasse","lines":"67, N12","arr":["67","N12"],"terminus":0,"mode":"bus","color":"#0059a9","colorDark":"#00294f","angle":216.9,"snapDist":7,"label":1}},{"type":"Feature","geometry":{"type":"Point","coordinates":[8.514151,47.370325]},"properties":{"name":"Goldbrunnenplatz","lines":"67, 215, 220, 235, 236, 245, N14","arr":["67","215","220","235","236","245","N14"],"terminus":0,"mode":"bus","color":"#0059a9","colorDark":"#00294f","angle":169,"snapDist":4,"label":0}},{"type":"Feature","geometry":{"type":"Point","coordinates":[8.519641,47.36998]},"properties":{"name":"Schmiede Wiedikon","lines":"67, 215, 220, 235, 236, 245, N9, N14","arr":["67","215","220","235","236","245","N9","N14"],"terminus":0,"mode":"bus","color":"#0059a9","colorDark":"#00294f","angle":201.6,"snapDist":2,"label":0}},{"type":"Feature","geometry":{"type":"Point","coordinates":[8.523724,47.371641]},"properties":{"name":"Bahnhof Wiedikon","lines":"67","arr":["67"],"terminus":1,"mode":"bus","color":"#0059a9","colorDark":"#00294f","angle":39.3,"snapDist":2,"label":1}},{"type":"Feature","geometry":{"type":"Point","coordinates":[8.523642,47.371159]},"properties":{"name":"Bahnhof Wiedikon","lines":"67, N9, N14","arr":["67","N9","N14"],"terminus":1,"mode":"bus","color":"#0059a9","colorDark":"#00294f","angle":336.6,"snapDist":3,"label":0}},{"type":"Feature","geometry":{"type":"Point","coordinates":[8.513629,47.370261]},"properties":{"name":"Goldbrunnenplatz","lines":"67, 215, 220, 235, 236, 245, N14","arr":["67","215","220","235","236","245","N14"],"terminus":0,"mode":"bus","color":"#0059a9","colorDark":"#00294f","angle":350.8,"snapDist":3,"label":0}},{"type":"Feature","geometry":{"type":"Point","coordinates":[8.506844,47.371633]},"properties":{"name":"Gutstrasse","lines":"67, N12","arr":["67","N12"],"terminus":0,"mode":"bus","color":"#0059a9","colorDark":"#00294f","angle":36.7,"snapDist":4,"label":0}},{"type":"Feature","geometry":{"type":"Point","coordinates":[8.503115,47.37389]},"properties":{"name":"Im Gut","lines":"67, 89, N12","arr":["67","89","N12"],"terminus":0,"mode":"bus","color":"#0059a9","colorDark":"#00294f","angle":45.8,"snapDist":3,"label":0}},{"type":"Feature","geometry":{"type":"Point","coordinates":[8.499935,47.37383]},"properties":{"name":"Langgrütstrasse","lines":"67","arr":["67"],"terminus":0,"mode":"bus","color":"#0059a9","colorDark":"#00294f","angle":9.3,"snapDist":2,"label":0}},{"type":"Feature","geometry":{"type":"Point","coordinates":[8.49502,47.374593]},"properties":{"name":"Sackzelg","lines":"67","arr":["67"],"terminus":0,"mode":"bus","color":"#0059a9","colorDark":"#00294f","angle":12.8,"snapDist":2,"label":0}},{"type":"Feature","geometry":{"type":"Point","coordinates":[8.487452,47.375692]},"properties":{"name":"Fellenbergstrasse","lines":"67","arr":["67"],"terminus":0,"mode":"bus","color":"#0059a9","colorDark":"#00294f","angle":341,"snapDist":6,"label":0}},{"type":"Feature","geometry":{"type":"Point","coordinates":[8.484901,47.375384]},"properties":{"name":"Albisriederdörfli","lines":"67, 80, N8","arr":["67","80","N8"],"terminus":0,"mode":"bus","color":"#0059a9","colorDark":"#00294f","angle":1.4,"snapDist":5,"label":0}},{"type":"Feature","geometry":{"type":"Point","coordinates":[8.483413,47.380138]},"properties":{"name":"Untermoosstrasse","lines":"67, 80, N8","arr":["67","80","N8"],"terminus":0,"mode":"bus","color":"#0059a9","colorDark":"#00294f","angle":94.8,"snapDist":5,"label":0}},{"type":"Feature","geometry":{"type":"Point","coordinates":[8.483514,47.383563]},"properties":{"name":"Rautistrasse","lines":"67, 78, N1","arr":["67","78","N1"],"terminus":0,"mode":"bus","color":"#0059a9","colorDark":"#00294f","angle":29.4,"snapDist":3,"label":0}},{"type":"Feature","geometry":{"type":"Point","coordinates":[8.478391,47.384692]},"properties":{"name":"Schulhaus Buchlern","lines":"67, 78, N1","arr":["67","78","N1"],"terminus":0,"mode":"bus","color":"#0059a9","colorDark":"#00294f","angle":7.4,"snapDist":5,"label":0}},{"type":"Feature","geometry":{"type":"Point","coordinates":[8.507457,47.40837]},"properties":{"name":"ETH Hönggerberg","lines":"69","arr":["69"],"terminus":1,"mode":"bus","color":"#0059a9","colorDark":"#00294f","angle":296.7,"snapDist":6,"label":0}},{"type":"Feature","geometry":{"type":"Point","coordinates":[8.505185,47.404938]},"properties":{"name":"Hönggerberg","lines":"69","arr":["69"],"terminus":0,"mode":"bus","color":"#0059a9","colorDark":"#00294f","angle":237.1,"snapDist":1,"label":1}},{"type":"Feature","geometry":{"type":"Point","coordinates":[8.509155,47.401083]},"properties":{"name":"Im Wingert","lines":"69","arr":["69"],"terminus":0,"mode":"bus","color":"#0059a9","colorDark":"#00294f","angle":233.6,"snapDist":4,"label":1}},{"type":"Feature","geometry":{"type":"Point","coordinates":[8.521912,47.399164]},"properties":{"name":"Waidspital","lines":"69","arr":["69"],"terminus":0,"mode":"bus","color":"#0059a9","colorDark":"#00294f","angle":206.8,"snapDist":1,"label":0}},{"type":"Feature","geometry":{"type":"Point","coordinates":[8.527865,47.398145]},"properties":{"name":"Weihersteig","lines":"69","arr":["69"],"terminus":0,"mode":"bus","color":"#0059a9","colorDark":"#00294f","angle":202.1,"snapDist":5,"label":1}},{"type":"Feature","geometry":{"type":"Point","coordinates":[8.541878,47.398089]},"properties":{"name":"Milchbuck","lines":"69, N15, N18","arr":["69","N15","N18"],"terminus":1,"mode":"bus","color":"#0059a9","colorDark":"#00294f","angle":114,"snapDist":2,"label":0}},{"type":"Feature","geometry":{"type":"Point","coordinates":[8.533558,47.398056]},"properties":{"name":"Bucheggplatz B","lines":"69","arr":["69"],"terminus":0,"mode":"bus","color":"#0059a9","colorDark":"#00294f","angle":256.4,"snapDist":5,"label":1}},{"type":"Feature","geometry":{"type":"Point","coordinates":[8.528141,47.398069]},"properties":{"name":"Weihersteig","lines":"69","arr":["69"],"terminus":0,"mode":"bus","color":"#0059a9","colorDark":"#00294f","angle":22.1,"snapDist":7,"label":0}},{"type":"Feature","geometry":{"type":"Point","coordinates":[8.521794,47.399204]},"properties":{"name":"Waidspital","lines":"69","arr":["69"],"terminus":0,"mode":"bus","color":"#0059a9","colorDark":"#00294f","angle":26.6,"snapDist":3,"label":0}},{"type":"Feature","geometry":{"type":"Point","coordinates":[8.508655,47.401509]},"properties":{"name":"Im Wingert","lines":"69","arr":["69"],"terminus":0,"mode":"bus","color":"#0059a9","colorDark":"#00294f","angle":51.6,"snapDist":6,"label":0}},{"type":"Feature","geometry":{"type":"Point","coordinates":[8.50518,47.405066]},"properties":{"name":"Hönggerberg","lines":"69","arr":["69"],"terminus":0,"mode":"bus","color":"#0059a9","colorDark":"#00294f","angle":56.9,"snapDist":5,"label":0}},{"type":"Feature","geometry":{"type":"Point","coordinates":[8.507896,47.408656]},"properties":{"name":"ETH Hönggerberg","lines":"69, 80, N8","arr":["69","80","N8"],"terminus":1,"mode":"bus","color":"#0059a9","colorDark":"#00294f","angle":115.9,"snapDist":6,"label":0}},{"type":"Feature","geometry":{"type":"Point","coordinates":[8.533204,47.34825]},"properties":{"name":"Bahnhof Wollishofen","lines":"70","arr":["70"],"terminus":1,"mode":"bus","color":"#0059a9","colorDark":"#00294f","angle":83.3,"snapDist":7,"label":1}},{"type":"Feature","geometry":{"type":"Point","coordinates":[8.532934,47.346896]},"properties":{"name":"Zch, Bhf.Wollishofen/Staubstr.","lines":"70, 161, 165, 184, 185, N16","arr":["70","161","165","184","185","N16"],"terminus":0,"mode":"bus","color":"#0059a9","colorDark":"#00294f","angle":261.8,"snapDist":1,"label":1}},{"type":"Feature","geometry":{"type":"Point","coordinates":[8.533053,47.34461]},"properties":{"name":"Renggerstrasse","lines":"70, 184, 185","arr":["70","184","185"],"terminus":0,"mode":"bus","color":"#0059a9","colorDark":"#00294f","angle":309.1,"snapDist":4,"label":1}},{"type":"Feature","geometry":{"type":"Point","coordinates":[8.529509,47.341503]},"properties":{"name":"Butzenstrasse","lines":"70, N15","arr":["70","N15"],"terminus":0,"mode":"bus","color":"#0059a9","colorDark":"#00294f","angle":15.9,"snapDist":3,"label":1}},{"type":"Feature","geometry":{"type":"Point","coordinates":[8.525122,47.340952]},"properties":{"name":"Verenastrasse","lines":"70, N15","arr":["70","N15"],"terminus":0,"mode":"bus","color":"#0059a9","colorDark":"#00294f","angle":7.2,"snapDist":4,"label":1}},{"type":"Feature","geometry":{"type":"Point","coordinates":[8.519865,47.337044]},"properties":{"name":"Manegg","lines":"70, N15","arr":["70","N15"],"terminus":0,"mode":"bus","color":"#0059a9","colorDark":"#00294f","angle":18.1,"snapDist":7,"label":1}},{"type":"Feature","geometry":{"type":"Point","coordinates":[8.518725,47.335624]},"properties":{"name":"Frymannstrasse","lines":"70, N15","arr":["70","N15"],"terminus":0,"mode":"bus","color":"#0059a9","colorDark":"#00294f","angle":227.7,"snapDist":6,"label":1}},{"type":"Feature","geometry":{"type":"Point","coordinates":[8.518457,47.333095]},"properties":{"name":"Bahnhof Leimbach","lines":"70, N15","arr":["70","N15"],"terminus":0,"mode":"bus","color":"#0059a9","colorDark":"#00294f","angle":306.1,"snapDist":7,"label":1}},{"type":"Feature","geometry":{"type":"Point","coordinates":[8.51528,47.330275]},"properties":{"name":"Marbachweg","lines":"70, N15","arr":["70","N15"],"terminus":0,"mode":"bus","color":"#0059a9","colorDark":"#00294f","angle":302.9,"snapDist":1,"label":1}},{"type":"Feature","geometry":{"type":"Point","coordinates":[8.512777,47.328161]},"properties":{"name":"Im Hüsli","lines":"70, N15","arr":["70","N15"],"terminus":0,"mode":"bus","color":"#0059a9","colorDark":"#00294f","angle":271,"snapDist":6,"label":1}},{"type":"Feature","geometry":{"type":"Point","coordinates":[8.514218,47.326615]},"properties":{"name":"Sihlweidstrasse","lines":"70, N15","arr":["70","N15"],"terminus":0,"mode":"bus","color":"#0059a9","colorDark":"#00294f","angle":207.5,"snapDist":1,"label":1}},{"type":"Feature","geometry":{"type":"Point","coordinates":[8.514429,47.323162]},"properties":{"name":"Mittelleimbach","lines":"70","arr":["70"],"terminus":1,"mode":"bus","color":"#0059a9","colorDark":"#00294f","angle":332,"snapDist":6,"label":1}},{"type":"Feature","geometry":{"type":"Point","coordinates":[8.514156,47.326689]},"properties":{"name":"Sihlweidstrasse","lines":"70, N15","arr":["70","N15"],"terminus":0,"mode":"bus","color":"#0059a9","colorDark":"#00294f","angle":27.9,"snapDist":1,"label":0}},{"type":"Feature","geometry":{"type":"Point","coordinates":[8.512782,47.328376]},"properties":{"name":"Im Hüsli","lines":"70, N15","arr":["70","N15"],"terminus":0,"mode":"bus","color":"#0059a9","colorDark":"#00294f","angle":90.8,"snapDist":5,"label":0}},{"type":"Feature","geometry":{"type":"Point","coordinates":[8.515667,47.330569]},"properties":{"name":"Marbachweg","lines":"70, N15","arr":["70","N15"],"terminus":0,"mode":"bus","color":"#0059a9","colorDark":"#00294f","angle":122.1,"snapDist":0,"label":0}},{"type":"Feature","geometry":{"type":"Point","coordinates":[8.518883,47.333507]},"properties":{"name":"Bahnhof Leimbach","lines":"70, N15","arr":["70","N15"],"terminus":0,"mode":"bus","color":"#0059a9","colorDark":"#00294f","angle":123.7,"snapDist":1,"label":0}},{"type":"Feature","geometry":{"type":"Point","coordinates":[8.519362,47.334867]},"properties":{"name":"Frymannstrasse","lines":"70, N15","arr":["70","N15"],"terminus":0,"mode":"bus","color":"#0059a9","colorDark":"#00294f","angle":79.4,"snapDist":3,"label":0}},{"type":"Feature","geometry":{"type":"Point","coordinates":[8.520424,47.336958]},"properties":{"name":"Manegg","lines":"70, N15","arr":["70","N15"],"terminus":0,"mode":"bus","color":"#0059a9","colorDark":"#00294f","angle":175.5,"snapDist":6,"label":0}},{"type":"Feature","geometry":{"type":"Point","coordinates":[8.525387,47.340919]},"properties":{"name":"Verenastrasse","lines":"70, N15","arr":["70","N15"],"terminus":0,"mode":"bus","color":"#0059a9","colorDark":"#00294f","angle":194.7,"snapDist":4,"label":0}},{"type":"Feature","geometry":{"type":"Point","coordinates":[8.529896,47.341428]},"properties":{"name":"Butzenstrasse","lines":"70, N15","arr":["70","N15"],"terminus":0,"mode":"bus","color":"#0059a9","colorDark":"#00294f","angle":195.9,"snapDist":4,"label":0}},{"type":"Feature","geometry":{"type":"Point","coordinates":[8.533374,47.344879]},"properties":{"name":"Renggerstrasse","lines":"70, 184, 185","arr":["70","184","185"],"terminus":0,"mode":"bus","color":"#0059a9","colorDark":"#00294f","angle":127.6,"snapDist":1,"label":0}},{"type":"Feature","geometry":{"type":"Point","coordinates":[8.502531,47.361175]},"properties":{"name":"Friesenberghalde","lines":"73","arr":["73"],"terminus":0,"mode":"bus","color":"#0059a9","colorDark":"#00294f","angle":52.4,"snapDist":4,"label":1}},{"type":"Feature","geometry":{"type":"Point","coordinates":[8.50041,47.358652]},"properties":{"name":"Friedhof Uetliberg","lines":"73","arr":["73"],"terminus":0,"mode":"bus","color":"#0059a9","colorDark":"#00294f","angle":155,"snapDist":17,"label":1}},{"type":"Feature","geometry":{"type":"Point","coordinates":[8.497573,47.358736]},"properties":{"name":"Zielweg","lines":"73","arr":["73"],"terminus":1,"mode":"bus","color":"#0059a9","colorDark":"#00294f","angle":54.1,"snapDist":4,"label":1}},{"type":"Feature","geometry":{"type":"Point","coordinates":[8.502063,47.361054]},"properties":{"name":"Friesenberghalde","lines":"73","arr":["73"],"terminus":0,"mode":"bus","color":"#0059a9","colorDark":"#00294f","angle":140.3,"snapDist":10,"label":0}},{"type":"Feature","geometry":{"type":"Point","coordinates":[8.548221,47.419653]},"properties":{"name":"Seebacherplatz","lines":"75","arr":["75"],"terminus":1,"mode":"bus","color":"#0059a9","colorDark":"#00294f","angle":127.6,"snapDist":1,"label":1}},{"type":"Feature","geometry":{"type":"Point","coordinates":[8.549627,47.421695]},"properties":{"name":"Seebach","lines":"75, 768, N10, N75","arr":["75","768","N10","N75"],"terminus":1,"mode":"bus","color":"#0059a9","colorDark":"#00294f","angle":36,"snapDist":3,"label":0}},{"type":"Feature","geometry":{"type":"Point","coordinates":[8.548634,47.424507]},"properties":{"name":"Ausserdorfstrasse","lines":"75, 742, N75","arr":["75","742","N75"],"terminus":0,"mode":"bus","color":"#0059a9","colorDark":"#00294f","angle":59.6,"snapDist":4,"label":1}},{"type":"Feature","geometry":{"type":"Point","coordinates":[8.545872,47.427727]},"properties":{"name":"Birch-/Glatttalstrasse","lines":"75, 742, N75","arr":["75","742","N75"],"terminus":0,"mode":"bus","color":"#0059a9","colorDark":"#00294f","angle":63.9,"snapDist":7,"label":1}},{"type":"Feature","geometry":{"type":"Point","coordinates":[8.543198,47.428619]},"properties":{"name":"Leimgrübelstrasse","lines":"75, N75","arr":["75","N75"],"terminus":0,"mode":"bus","color":"#0059a9","colorDark":"#00294f","angle":354,"snapDist":3,"label":1}},{"type":"Feature","geometry":{"type":"Point","coordinates":[8.540936,47.430021]},"properties":{"name":"Käshaldenstrasse","lines":"75, N75","arr":["75","N75"],"terminus":0,"mode":"bus","color":"#0059a9","colorDark":"#00294f","angle":51.5,"snapDist":2,"label":1}},{"type":"Feature","geometry":{"type":"Point","coordinates":[8.536984,47.428926]},"properties":{"name":"Köschenrüti","lines":"75, N75","arr":["75","N75"],"terminus":0,"mode":"bus","color":"#0059a9","colorDark":"#00294f","angle":306.2,"snapDist":5,"label":1}},{"type":"Feature","geometry":{"type":"Point","coordinates":[8.536528,47.425776]},"properties":{"name":"Schönauring","lines":"75, N75","arr":["75","N75"],"terminus":0,"mode":"bus","color":"#0059a9","colorDark":"#00294f","angle":242.8,"snapDist":8,"label":1}},{"type":"Feature","geometry":{"type":"Point","coordinates":[8.538701,47.422412]},"properties":{"name":"Buhnstrasse","lines":"75, N75","arr":["75","N75"],"terminus":0,"mode":"bus","color":"#0059a9","colorDark":"#00294f","angle":230.2,"snapDist":3,"label":0}},{"type":"Feature","geometry":{"type":"Point","coordinates":[8.547789,47.419844]},"properties":{"name":"Seebacherplatz","lines":"75","arr":["75"],"terminus":0,"mode":"bus","color":"#0059a9","colorDark":"#00294f","angle":252,"snapDist":3,"label":0}},{"type":"Feature","geometry":{"type":"Point","coordinates":[8.54599,47.41328]},"properties":{"name":"Bahnhof Oerlikon Ost","lines":"75, 768, N10, N75","arr":["75","768","N10","N75"],"terminus":0,"mode":"bus","color":"#0059a9","colorDark":"#00294f","angle":239.3,"snapDist":1,"label":1}},{"type":"Feature","geometry":{"type":"Point","coordinates":[8.546074,47.410237]},"properties":{"name":"Sternen Oerlikon","lines":"75","arr":["75"],"terminus":0,"mode":"bus","color":"#0059a9","colorDark":"#00294f","angle":247,"snapDist":6,"label":0}},{"type":"Feature","geometry":{"type":"Point","coordinates":[8.549478,47.407329]},"properties":{"name":"Dorflinde","lines":"75","arr":["75"],"terminus":0,"mode":"bus","color":"#0059a9","colorDark":"#00294f","angle":204.7,"snapDist":7,"label":1}},{"type":"Feature","geometry":{"type":"Point","coordinates":[8.553853,47.405748]},"properties":{"name":"Friedackerstrasse","lines":"75","arr":["75"],"terminus":0,"mode":"bus","color":"#0059a9","colorDark":"#00294f","angle":209.6,"snapDist":2,"label":1}},{"type":"Feature","geometry":{"type":"Point","coordinates":[8.55794,47.404494]},"properties":{"name":"Waldgarten","lines":"75","arr":["75"],"terminus":0,"mode":"bus","color":"#0059a9","colorDark":"#00294f","angle":188.6,"snapDist":2,"label":1}},{"type":"Feature","geometry":{"type":"Point","coordinates":[8.562616,47.404137]},"properties":{"name":"Frohburg","lines":"75, N7","arr":["75","N7"],"terminus":0,"mode":"bus","color":"#0059a9","colorDark":"#00294f","angle":180.6,"snapDist":5,"label":1}},{"type":"Feature","geometry":{"type":"Point","coordinates":[8.56803,47.403855]},"properties":{"name":"Friedrichstrasse","lines":"75, N7","arr":["75","N7"],"terminus":0,"mode":"bus","color":"#0059a9","colorDark":"#00294f","angle":174.1,"snapDist":2,"label":1}},{"type":"Feature","geometry":{"type":"Point","coordinates":[8.572798,47.404959]},"properties":{"name":"Schwamendingerplatz","lines":"75","arr":["75"],"terminus":0,"mode":"bus","color":"#0059a9","colorDark":"#00294f","angle":101.8,"snapDist":0,"label":0}},{"type":"Feature","geometry":{"type":"Point","coordinates":[8.572683,47.407554]},"properties":{"name":"Herzogenmühlestrasse","lines":"75","arr":["75"],"terminus":0,"mode":"bus","color":"#0059a9","colorDark":"#00294f","angle":80.2,"snapDist":1,"label":0}},{"type":"Feature","geometry":{"type":"Point","coordinates":[8.566629,47.416816]},"properties":{"name":"Orionstrasse","lines":"75","arr":["75"],"terminus":0,"mode":"bus","color":"#0059a9","colorDark":"#00294f","angle":158.1,"snapDist":0,"label":1}},{"type":"Feature","geometry":{"type":"Point","coordinates":[8.5686,47.416502]},"properties":{"name":"Auzelg","lines":"75, E","arr":["75","E"],"terminus":0,"mode":"bus","color":"#0059a9","colorDark":"#00294f","angle":214,"snapDist":4,"label":0}},{"type":"Feature","geometry":{"type":"Point","coordinates":[8.571975,47.41342]},"properties":{"name":"Auzelg Ost","lines":"75","arr":["75"],"terminus":1,"mode":"bus","color":"#0059a9","colorDark":"#00294f","angle":242.3,"snapDist":3,"label":1}},{"type":"Feature","geometry":{"type":"Point","coordinates":[8.568983,47.416323]},"properties":{"name":"Auzelg","lines":"75","arr":["75"],"terminus":0,"mode":"bus","color":"#0059a9","colorDark":"#00294f","angle":35.6,"snapDist":1,"label":0}},{"type":"Feature","geometry":{"type":"Point","coordinates":[8.566314,47.416733]},"properties":{"name":"Orionstrasse","lines":"75","arr":["75"],"terminus":0,"mode":"bus","color":"#0059a9","colorDark":"#00294f","angle":339.5,"snapDist":5,"label":0}},{"type":"Feature","geometry":{"type":"Point","coordinates":[8.571608,47.40466]},"properties":{"name":"Schwamendingerplatz","lines":"75, N7","arr":["75","N7"],"terminus":0,"mode":"bus","color":"#0059a9","colorDark":"#00294f","angle":40.5,"snapDist":2,"label":0}},{"type":"Feature","geometry":{"type":"Point","coordinates":[8.569018,47.403924]},"properties":{"name":"Friedrichstrasse","lines":"75, N7","arr":["75","N7"],"terminus":0,"mode":"bus","color":"#0059a9","colorDark":"#00294f","angle":355.2,"snapDist":6,"label":0}},{"type":"Feature","geometry":{"type":"Point","coordinates":[8.562258,47.404207]},"properties":{"name":"Frohburg","lines":"75, N7","arr":["75","N7"],"terminus":0,"mode":"bus","color":"#0059a9","colorDark":"#00294f","angle":12,"snapDist":3,"label":0}},{"type":"Feature","geometry":{"type":"Point","coordinates":[8.55753,47.404601]},"properties":{"name":"Waldgarten","lines":"75","arr":["75"],"terminus":0,"mode":"bus","color":"#0059a9","colorDark":"#00294f","angle":6.9,"snapDist":6,"label":0}},{"type":"Feature","geometry":{"type":"Point","coordinates":[8.553149,47.406002]},"properties":{"name":"Friedackerstrasse","lines":"75","arr":["75"],"terminus":0,"mode":"bus","color":"#0059a9","colorDark":"#00294f","angle":27.4,"snapDist":4,"label":0}},{"type":"Feature","geometry":{"type":"Point","coordinates":[8.548926,47.407442]},"properties":{"name":"Dorflinde","lines":"75","arr":["75"],"terminus":0,"mode":"bus","color":"#0059a9","colorDark":"#00294f","angle":11,"snapDist":3,"label":0}},{"type":"Feature","geometry":{"type":"Point","coordinates":[8.546307,47.409583]},"properties":{"name":"Sternen Oerlikon","lines":"75","arr":["75"],"terminus":0,"mode":"bus","color":"#0059a9","colorDark":"#00294f","angle":77.9,"snapDist":4,"label":0}},{"type":"Feature","geometry":{"type":"Point","coordinates":[8.545701,47.413613]},"properties":{"name":"Bahnhof Oerlikon Ost","lines":"75, 768, N10, N75","arr":["75","768","N10","N75"],"terminus":0,"mode":"bus","color":"#0059a9","colorDark":"#00294f","angle":62.8,"snapDist":1,"label":0}},{"type":"Feature","geometry":{"type":"Point","coordinates":[8.537944,47.414305]},"properties":{"name":"Bollingerweg","lines":"75, N75","arr":["75","N75"],"terminus":0,"mode":"bus","color":"#0059a9","colorDark":"#00294f","angle":95,"snapDist":3,"label":0}},{"type":"Feature","geometry":{"type":"Point","coordinates":[8.538238,47.416726]},"properties":{"name":"Neunbrunnen","lines":"75, N75","arr":["75","N75"],"terminus":0,"mode":"bus","color":"#0059a9","colorDark":"#00294f","angle":93.7,"snapDist":6,"label":0}},{"type":"Feature","geometry":{"type":"Point","coordinates":[8.538588,47.422539]},"properties":{"name":"Buhnstrasse","lines":"75, N75","arr":["75","N75"],"terminus":0,"mode":"bus","color":"#0059a9","colorDark":"#00294f","angle":66.3,"snapDist":5,"label":0}},{"type":"Feature","geometry":{"type":"Point","coordinates":[8.536533,47.42637]},"properties":{"name":"Schönauring","lines":"75, N75","arr":["75","N75"],"terminus":0,"mode":"bus","color":"#0059a9","colorDark":"#00294f","angle":105.5,"snapDist":3,"label":0}},{"type":"Feature","geometry":{"type":"Point","coordinates":[8.53722,47.429138]},"properties":{"name":"Köschenrüti","lines":"75, N75","arr":["75","N75"],"terminus":0,"mode":"bus","color":"#0059a9","colorDark":"#00294f","angle":126.6,"snapDist":1,"label":0}},{"type":"Feature","geometry":{"type":"Point","coordinates":[8.541095,47.429886]},"properties":{"name":"Käshaldenstrasse","lines":"75, N75","arr":["75","N75"],"terminus":0,"mode":"bus","color":"#0059a9","colorDark":"#00294f","angle":231.9,"snapDist":2,"label":0}},{"type":"Feature","geometry":{"type":"Point","coordinates":[8.544178,47.428689]},"properties":{"name":"Leimgrübelstrasse","lines":"75, N75","arr":["75","N75"],"terminus":0,"mode":"bus","color":"#0059a9","colorDark":"#00294f","angle":173.6,"snapDist":3,"label":0}},{"type":"Feature","geometry":{"type":"Point","coordinates":[8.546415,47.427115]},"properties":{"name":"Birch-/Glatttalstrasse","lines":"75, 742, N75","arr":["75","742","N75"],"terminus":0,"mode":"bus","color":"#0059a9","colorDark":"#00294f","angle":240.5,"snapDist":8,"label":0}},{"type":"Feature","geometry":{"type":"Point","coordinates":[8.548559,47.424593]},"properties":{"name":"Ausserdorfstrasse","lines":"75, 742, N75","arr":["75","742","N75"],"terminus":0,"mode":"bus","color":"#0059a9","colorDark":"#00294f","angle":239.4,"snapDist":8,"label":0}},{"type":"Feature","geometry":{"type":"Point","coordinates":[8.549781,47.421281]},"properties":{"name":"Seebach","lines":"75, 768, N10","arr":["75","768","N10"],"terminus":0,"mode":"bus","color":"#0059a9","colorDark":"#00294f","angle":305.2,"snapDist":9,"label":0}},{"type":"Feature","geometry":{"type":"Point","coordinates":[8.518468,47.362945]},"properties":{"name":"Binz","lines":"76, EV1, EV3","arr":["76","EV1","EV3"],"terminus":1,"mode":"bus","color":"#0059a9","colorDark":"#00294f","angle":210.6,"snapDist":2,"label":1}},{"type":"Feature","geometry":{"type":"Point","coordinates":[8.49518,47.368223]},"properties":{"name":"Triemli","lines":"76, 215, 220, 235, 236, 245, EV1, EV3, N14","arr":["76","215","220","235","236","245","EV1","EV3","N14"],"terminus":0,"mode":"bus","color":"#0059a9","colorDark":"#00294f","angle":340.1,"snapDist":4,"label":0}},{"type":"Feature","geometry":{"type":"Point","coordinates":[8.46261,47.364792]},"properties":{"name":"Waldegg, Katholische Kirche","lines":"76, 201, 235, 236, EV1, EV3","arr":["76","201","235","236","EV1","EV3"],"terminus":0,"mode":"bus","color":"#0059a9","colorDark":"#00294f","angle":211,"snapDist":3,"label":1}},{"type":"Feature","geometry":{"type":"Point","coordinates":[8.469843,47.358388]},"properties":{"name":"Ringlikon, Dorf","lines":"76, 201, EV1, EV3","arr":["76","201","EV1","EV3"],"terminus":1,"mode":"bus","color":"#0059a9","colorDark":"#00294f","angle":174.3,"snapDist":2,"label":1}},{"type":"Feature","geometry":{"type":"Point","coordinates":[8.462525,47.364827]},"properties":{"name":"Waldegg, Katholische Kirche","lines":"76, 201, 235, 236, EV1, EV3","arr":["76","201","235","236","EV1","EV3"],"terminus":0,"mode":"bus","color":"#0059a9","colorDark":"#00294f","angle":31,"snapDist":3,"label":0}},{"type":"Feature","geometry":{"type":"Point","coordinates":[8.495674,47.368038]},"properties":{"name":"Triemli","lines":"76, 80, EV1, EV3, N8, N33","arr":["76","80","EV1","EV3","N8","N33"],"terminus":1,"mode":"bus","color":"#0059a9","colorDark":"#00294f","angle":161,"snapDist":2,"label":0}},{"type":"Feature","geometry":{"type":"Point","coordinates":[8.560497,47.361916]},"properties":{"name":"Hegibachplatz D","lines":"77","arr":["77"],"terminus":1,"mode":"bus","color":"#0059a9","colorDark":"#00294f","angle":20.7,"snapDist":3,"label":1}},{"type":"Feature","geometry":{"type":"Point","coordinates":[8.558053,47.359226]},"properties":{"name":"Botanischer Garten","lines":"77","arr":["77"],"terminus":0,"mode":"bus","color":"#0059a9","colorDark":"#00294f","angle":247,"snapDist":2,"label":0}},{"type":"Feature","geometry":{"type":"Point","coordinates":[8.561483,47.3552]},"properties":{"name":"Altenhofstrasse","lines":"77","arr":["77"],"terminus":0,"mode":"bus","color":"#0059a9","colorDark":"#00294f","angle":248.5,"snapDist":1,"label":1}},{"type":"Feature","geometry":{"type":"Point","coordinates":[8.566307,47.351953]},"properties":{"name":"Wonnebergstrasse","lines":"77","arr":["77"],"terminus":0,"mode":"bus","color":"#0059a9","colorDark":"#00294f","angle":233.2,"snapDist":2,"label":1}},{"type":"Feature","geometry":{"type":"Point","coordinates":[8.569412,47.350531]},"properties":{"name":"Flühgasse","lines":"77, 99, N4","arr":["77","99","N4"],"terminus":0,"mode":"bus","color":"#0059a9","colorDark":"#00294f","angle":238.6,"snapDist":2,"label":1}},{"type":"Feature","geometry":{"type":"Point","coordinates":[8.570835,47.348666]},"properties":{"name":"EPI-Klinik","lines":"77, 99, N4","arr":["77","99","N4"],"terminus":0,"mode":"bus","color":"#0059a9","colorDark":"#00294f","angle":246.7,"snapDist":4,"label":1}},{"type":"Feature","geometry":{"type":"Point","coordinates":[8.574183,47.348201]},"properties":{"name":"Im Walder","lines":"77, N4","arr":["77","N4"],"terminus":0,"mode":"bus","color":"#0059a9","colorDark":"#00294f","angle":247.5,"snapDist":1,"label":1}},{"type":"Feature","geometry":{"type":"Point","coordinates":[8.576961,47.34779]},"properties":{"name":"Zollikon, Niederhofenrain","lines":"77, 99, N4","arr":["77","99","N4"],"terminus":0,"mode":"bus","color":"#0059a9","colorDark":"#00294f","angle":178.6,"snapDist":1,"label":1}},{"type":"Feature","geometry":{"type":"Point","coordinates":[8.576565,47.35189]},"properties":{"name":"Klinik Hirslanden","lines":"77, N4","arr":["77","N4"],"terminus":0,"mode":"bus","color":"#0059a9","colorDark":"#00294f","angle":73.7,"snapDist":3,"label":1}},{"type":"Feature","geometry":{"type":"Point","coordinates":[8.575011,47.354742]},"properties":{"name":"Balgrist Ost","lines":"77","arr":["77"],"terminus":0,"mode":"bus","color":"#0059a9","colorDark":"#00294f","angle":63.5,"snapDist":2,"label":1}},{"type":"Feature","geometry":{"type":"Point","coordinates":[8.575663,47.353923]},"properties":{"name":"Balgrist","lines":"77, 99","arr":["77","99"],"terminus":1,"mode":"bus","color":"#0059a9","colorDark":"#00294f","angle":226.6,"snapDist":10,"label":1}},{"type":"Feature","geometry":{"type":"Point","coordinates":[8.576929,47.351102]},"properties":{"name":"Klinik Hirslanden","lines":"77","arr":["77"],"terminus":0,"mode":"bus","color":"#0059a9","colorDark":"#00294f","angle":252.6,"snapDist":3,"label":0}},{"type":"Feature","geometry":{"type":"Point","coordinates":[8.576468,47.347783]},"properties":{"name":"Zollikon, Niederhofenrain","lines":"77, 99","arr":["77","99"],"terminus":0,"mode":"bus","color":"#0059a9","colorDark":"#00294f","angle":358.9,"snapDist":2,"label":0}},{"type":"Feature","geometry":{"type":"Point","coordinates":[8.574131,47.348285]},"properties":{"name":"Im Walder","lines":"77","arr":["77"],"terminus":0,"mode":"bus","color":"#0059a9","colorDark":"#00294f","angle":67.5,"snapDist":1,"label":0}},{"type":"Feature","geometry":{"type":"Point","coordinates":[8.570752,47.348797]},"properties":{"name":"EPI-Klinik","lines":"77, 99","arr":["77","99"],"terminus":0,"mode":"bus","color":"#0059a9","colorDark":"#00294f","angle":66.6,"snapDist":2,"label":0}},{"type":"Feature","geometry":{"type":"Point","coordinates":[8.56933,47.350622]},"properties":{"name":"Flühgasse","lines":"77, 99","arr":["77","99"],"terminus":0,"mode":"bus","color":"#0059a9","colorDark":"#00294f","angle":58.3,"snapDist":2,"label":0}},{"type":"Feature","geometry":{"type":"Point","coordinates":[8.566674,47.351734]},"properties":{"name":"Wonnebergstrasse","lines":"77","arr":["77"],"terminus":0,"mode":"bus","color":"#0059a9","colorDark":"#00294f","angle":11.4,"snapDist":4,"label":0}},{"type":"Feature","geometry":{"type":"Point","coordinates":[8.561452,47.355253]},"properties":{"name":"Altenhofstrasse","lines":"77","arr":["77"],"terminus":0,"mode":"bus","color":"#0059a9","colorDark":"#00294f","angle":68.5,"snapDist":1,"label":0}},{"type":"Feature","geometry":{"type":"Point","coordinates":[8.557965,47.359342]},"properties":{"name":"Botanischer Garten","lines":"77","arr":["77"],"terminus":0,"mode":"bus","color":"#0059a9","colorDark":"#00294f","angle":59.1,"snapDist":2,"label":0}},{"type":"Feature","geometry":{"type":"Point","coordinates":[8.48435,47.384008]},"properties":{"name":"Rautistrasse","lines":"78, 80, N1, N8","arr":["78","80","N1","N8"],"terminus":0,"mode":"bus","color":"#0059a9","colorDark":"#00294f","angle":105,"snapDist":5,"label":0}},{"type":"Feature","geometry":{"type":"Point","coordinates":[8.486752,47.388342]},"properties":{"name":"Lindenplatz","lines":"78, 80, N1, N8","arr":["78","80","N1","N8"],"terminus":0,"mode":"bus","color":"#0059a9","colorDark":"#00294f","angle":94.7,"snapDist":3,"label":0}},{"type":"Feature","geometry":{"type":"Point","coordinates":[8.489586,47.390499]},"properties":{"name":"Bahnhof Altstetten","lines":"78","arr":["78"],"terminus":0,"mode":"bus","color":"#0059a9","colorDark":"#00294f","angle":105.9,"snapDist":3,"label":1}},{"type":"Feature","geometry":{"type":"Point","coordinates":[8.494964,47.398581]},"properties":{"name":"Tüffenwies","lines":"78, 80, 89, N8","arr":["78","80","89","N8"],"terminus":0,"mode":"bus","color":"#0059a9","colorDark":"#00294f","angle":104,"snapDist":3,"label":1}},{"type":"Feature","geometry":{"type":"Point","coordinates":[8.49458,47.400123]},"properties":{"name":"Winzerhalde","lines":"78, 80, 89, N8","arr":["78","80","89","N8"],"terminus":0,"mode":"bus","color":"#0059a9","colorDark":"#00294f","angle":25.7,"snapDist":3,"label":1}},{"type":"Feature","geometry":{"type":"Point","coordinates":[8.490227,47.401379]},"properties":{"name":"Hohenklingensteig","lines":"78, 80, 89, N8","arr":["78","80","89","N8"],"terminus":0,"mode":"bus","color":"#0059a9","colorDark":"#00294f","angle":30,"snapDist":3,"label":1}},{"type":"Feature","geometry":{"type":"Point","coordinates":[8.486126,47.403343]},"properties":{"name":"Winzerstrasse","lines":"78, 80, 89, N8","arr":["78","80","89","N8"],"terminus":0,"mode":"bus","color":"#0059a9","colorDark":"#00294f","angle":55.1,"snapDist":6,"label":1}},{"type":"Feature","geometry":{"type":"Point","coordinates":[8.481771,47.405413]},"properties":{"name":"Frankental","lines":"78, 89, N8, N13","arr":["78","89","N8","N13"],"terminus":0,"mode":"bus","color":"#0059a9","colorDark":"#00294f","angle":244.2,"snapDist":1,"label":0}},{"type":"Feature","geometry":{"type":"Point","coordinates":[8.479676,47.410274]},"properties":{"name":"Riedhofstrasse","lines":"78, 485","arr":["78","485"],"terminus":0,"mode":"bus","color":"#0059a9","colorDark":"#00294f","angle":81.6,"snapDist":3,"label":1}},{"type":"Feature","geometry":{"type":"Point","coordinates":[8.480841,47.414074]},"properties":{"name":"Geeringstrasse","lines":"78, 485","arr":["78","485"],"terminus":0,"mode":"bus","color":"#0059a9","colorDark":"#00294f","angle":68.3,"snapDist":3,"label":0}},{"type":"Feature","geometry":{"type":"Point","coordinates":[8.483817,47.412146]},"properties":{"name":"Heizenholz","lines":"78","arr":["78"],"terminus":1,"mode":"bus","color":"#0059a9","colorDark":"#00294f","angle":188,"snapDist":6,"label":1}},{"type":"Feature","geometry":{"type":"Point","coordinates":[8.479209,47.409467]},"properties":{"name":"Riedhofstrasse","lines":"78, 485","arr":["78","485"],"terminus":0,"mode":"bus","color":"#0059a9","colorDark":"#00294f","angle":317.6,"snapDist":3,"label":0}},{"type":"Feature","geometry":{"type":"Point","coordinates":[8.486607,47.402914]},"properties":{"name":"Winzerstrasse","lines":"78, 80, 89, N8","arr":["78","80","89","N8"],"terminus":0,"mode":"bus","color":"#0059a9","colorDark":"#00294f","angle":229.2,"snapDist":7,"label":0}},{"type":"Feature","geometry":{"type":"Point","coordinates":[8.491058,47.401074]},"properties":{"name":"Hohenklingensteig","lines":"78, 80, 89, N8","arr":["78","80","89","N8"],"terminus":0,"mode":"bus","color":"#0059a9","colorDark":"#00294f","angle":204,"snapDist":4,"label":0}},{"type":"Feature","geometry":{"type":"Point","coordinates":[8.494564,47.400022]},"properties":{"name":"Winzerhalde","lines":"78, 80, 89, N8","arr":["78","80","89","N8"],"terminus":0,"mode":"bus","color":"#0059a9","colorDark":"#00294f","angle":207,"snapDist":5,"label":0}},{"type":"Feature","geometry":{"type":"Point","coordinates":[8.494665,47.39806]},"properties":{"name":"Tüffenwies","lines":"78, 80, 89, 485, N8","arr":["78","80","89","485","N8"],"terminus":0,"mode":"bus","color":"#0059a9","colorDark":"#00294f","angle":284,"snapDist":2,"label":0}},{"type":"Feature","geometry":{"type":"Point","coordinates":[8.48645,47.387276]},"properties":{"name":"Lindenplatz","lines":"78, 80, N1, N8","arr":["78","80","N1","N8"],"terminus":0,"mode":"bus","color":"#0059a9","colorDark":"#00294f","angle":289.1,"snapDist":6,"label":0}},{"type":"Feature","geometry":{"type":"Point","coordinates":[8.543743,47.412303]},"properties":{"name":"Bahnhof Oerlikon Nord","lines":"80, N8","arr":["80","N8"],"terminus":1,"mode":"bus","color":"#0059a9","colorDark":"#00294f","angle":150.1,"snapDist":4,"label":0}},{"type":"Feature","geometry":{"type":"Point","coordinates":[8.526287,47.413996]},"properties":{"name":"Mötteliweg","lines":"80, N8","arr":["80","N8"],"terminus":0,"mode":"bus","color":"#0059a9","colorDark":"#00294f","angle":7.9,"snapDist":5,"label":1}},{"type":"Feature","geometry":{"type":"Point","coordinates":[8.507605,47.408571]},"properties":{"name":"ETH Hönggerberg","lines":"80, N8","arr":["80","N8"],"terminus":0,"mode":"bus","color":"#0059a9","colorDark":"#00294f","angle":295.1,"snapDist":8,"label":0}},{"type":"Feature","geometry":{"type":"Point","coordinates":[8.504638,47.405019]},"properties":{"name":"Hönggerberg","lines":"80, N8","arr":["80","N8"],"terminus":0,"mode":"bus","color":"#0059a9","colorDark":"#00294f","angle":318,"snapDist":1,"label":0}},{"type":"Feature","geometry":{"type":"Point","coordinates":[8.499565,47.402637]},"properties":{"name":"Meierhofplatz","lines":"80, N8","arr":["80","N8"],"terminus":0,"mode":"bus","color":"#0059a9","colorDark":"#00294f","angle":300.7,"snapDist":3,"label":0}},{"type":"Feature","geometry":{"type":"Point","coordinates":[8.484542,47.374457]},"properties":{"name":"Albisrieden","lines":"80, N8","arr":["80","N8"],"terminus":0,"mode":"bus","color":"#0059a9","colorDark":"#00294f","angle":305.8,"snapDist":2,"label":0}},{"type":"Feature","geometry":{"type":"Point","coordinates":[8.487751,47.37195]},"properties":{"name":"Goldackerweg","lines":"80, N8","arr":["80","N8"],"terminus":0,"mode":"bus","color":"#0059a9","colorDark":"#00294f","angle":221.4,"snapDist":3,"label":1}},{"type":"Feature","geometry":{"type":"Point","coordinates":[8.491011,47.369513]},"properties":{"name":"In der Ey","lines":"80, N8","arr":["80","N8"],"terminus":0,"mode":"bus","color":"#0059a9","colorDark":"#00294f","angle":214.6,"snapDist":2,"label":0}},{"type":"Feature","geometry":{"type":"Point","coordinates":[8.49536,47.367977]},"properties":{"name":"Triemli","lines":"80","arr":["80"],"terminus":0,"mode":"bus","color":"#0059a9","colorDark":"#00294f","angle":151.7,"snapDist":3,"label":0}},{"type":"Feature","geometry":{"type":"Point","coordinates":[8.496866,47.366095]},"properties":{"name":"Triemlispital","lines":"80","arr":["80"],"terminus":1,"mode":"bus","color":"#0059a9","colorDark":"#00294f","angle":169,"snapDist":4,"label":1}},{"type":"Feature","geometry":{"type":"Point","coordinates":[8.491211,47.369426]},"properties":{"name":"In der Ey","lines":"80, N8","arr":["80","N8"],"terminus":0,"mode":"bus","color":"#0059a9","colorDark":"#00294f","angle":30.6,"snapDist":5,"label":0}},{"type":"Feature","geometry":{"type":"Point","coordinates":[8.486613,47.372492]},"properties":{"name":"Goldackerweg","lines":"80, N8","arr":["80","N8"],"terminus":0,"mode":"bus","color":"#0059a9","colorDark":"#00294f","angle":33.6,"snapDist":4,"label":0}},{"type":"Feature","geometry":{"type":"Point","coordinates":[8.484783,47.374686]},"properties":{"name":"Albisrieden","lines":"80, N8","arr":["80","N8"],"terminus":0,"mode":"bus","color":"#0059a9","colorDark":"#00294f","angle":125.1,"snapDist":3,"label":0}},{"type":"Feature","geometry":{"type":"Point","coordinates":[8.499548,47.402617]},"properties":{"name":"Meierhofplatz","lines":"80, N8","arr":["80","N8"],"terminus":0,"mode":"bus","color":"#0059a9","colorDark":"#00294f","angle":120.7,"snapDist":4,"label":0}},{"type":"Feature","geometry":{"type":"Point","coordinates":[8.504765,47.405099]},"properties":{"name":"Hönggerberg","lines":"80, N8","arr":["80","N8"],"terminus":0,"mode":"bus","color":"#0059a9","colorDark":"#00294f","angle":135.6,"snapDist":9,"label":0}},{"type":"Feature","geometry":{"type":"Point","coordinates":[8.519257,47.41455]},"properties":{"name":"Glaubtenstrasse","lines":"80, N8","arr":["80","N8"],"terminus":0,"mode":"bus","color":"#0059a9","colorDark":"#00294f","angle":111.2,"snapDist":5,"label":0}},{"type":"Feature","geometry":{"type":"Point","coordinates":[8.526493,47.413972]},"properties":{"name":"Mötteliweg","lines":"80, N8","arr":["80","N8"],"terminus":0,"mode":"bus","color":"#0059a9","colorDark":"#00294f","angle":191,"snapDist":3,"label":0}},{"type":"Feature","geometry":{"type":"Point","coordinates":[8.531237,47.413353]},"properties":{"name":"Chaletweg","lines":"80, N8","arr":["80","N8"],"terminus":0,"mode":"bus","color":"#0059a9","colorDark":"#00294f","angle":190.1,"snapDist":4,"label":0}},{"type":"Feature","geometry":{"type":"Point","coordinates":[8.535956,47.413027]},"properties":{"name":"Birchstrasse","lines":"80, N8","arr":["80","N8"],"terminus":0,"mode":"bus","color":"#0059a9","colorDark":"#00294f","angle":185.8,"snapDist":2,"label":0}},{"type":"Feature","geometry":{"type":"Point","coordinates":[8.449269,47.413467]},"properties":{"name":"Unterengstringen, Sennenbüel N","lines":"89, 302, N13, N30","arr":["89","302","N13","N30"],"terminus":1,"mode":"bus","color":"#0059a9","colorDark":"#00294f","angle":33.6,"snapDist":7,"label":1}},{"type":"Feature","geometry":{"type":"Point","coordinates":[8.448757,47.41327]},"properties":{"name":"Unterengstringen, Sennenbüel","lines":"89, 302, N13, N30","arr":["89","302","N13","N30"],"terminus":1,"mode":"bus","color":"#0059a9","colorDark":"#00294f","angle":258.6,"snapDist":4,"label":1}},{"type":"Feature","geometry":{"type":"Point","coordinates":[8.453824,47.412143]},"properties":{"name":"Unterengstringen, Langacher","lines":"89, N13","arr":["89","N13"],"terminus":0,"mode":"bus","color":"#0059a9","colorDark":"#00294f","angle":193.1,"snapDist":4,"label":1}},{"type":"Feature","geometry":{"type":"Point","coordinates":[8.459251,47.41032]},"properties":{"name":"Oberengstringen, Paradies","lines":"89, N13","arr":["89","N13"],"terminus":0,"mode":"bus","color":"#0059a9","colorDark":"#00294f","angle":207,"snapDist":4,"label":1}},{"type":"Feature","geometry":{"type":"Point","coordinates":[8.463042,47.408982]},"properties":{"name":"Oberengstringen, Zentrum","lines":"89, N13","arr":["89","N13"],"terminus":0,"mode":"bus","color":"#0059a9","colorDark":"#00294f","angle":207.2,"snapDist":5,"label":1}},{"type":"Feature","geometry":{"type":"Point","coordinates":[8.467961,47.407344]},"properties":{"name":"Oberengstringen, Lanzrain","lines":"89, N13","arr":["89","N13"],"terminus":0,"mode":"bus","color":"#0059a9","colorDark":"#00294f","angle":206.2,"snapDist":5,"label":1}},{"type":"Feature","geometry":{"type":"Point","coordinates":[8.474283,47.405514]},"properties":{"name":"Oberengstringen, Eggbühl","lines":"89, N13","arr":["89","N13"],"terminus":0,"mode":"bus","color":"#0059a9","colorDark":"#00294f","angle":191.1,"snapDist":6,"label":1}},{"type":"Feature","geometry":{"type":"Point","coordinates":[8.499307,47.377039]},"properties":{"name":"Hubertus","lines":"89, N12","arr":["89","N12"],"terminus":0,"mode":"bus","color":"#0059a9","colorDark":"#00294f","angle":233.6,"snapDist":8,"label":0}},{"type":"Feature","geometry":{"type":"Point","coordinates":[8.501496,47.369374]},"properties":{"name":"Schaufelbergerstrasse","lines":"89","arr":["89"],"terminus":0,"mode":"bus","color":"#0059a9","colorDark":"#00294f","angle":285.3,"snapDist":2,"label":0}},{"type":"Feature","geometry":{"type":"Point","coordinates":[8.511563,47.35385]},"properties":{"name":"Strassenverkehrsamt","lines":"89, N2","arr":["89","N2"],"terminus":0,"mode":"bus","color":"#0059a9","colorDark":"#00294f","angle":249.8,"snapDist":4,"label":0}},{"type":"Feature","geometry":{"type":"Point","coordinates":[8.514066,47.356897]},"properties":{"name":"Uetlihof","lines":"89, N2","arr":["89","N2"],"terminus":0,"mode":"bus","color":"#0059a9","colorDark":"#00294f","angle":108.5,"snapDist":3,"label":1}},{"type":"Feature","geometry":{"type":"Point","coordinates":[8.523036,47.358219]},"properties":{"name":"Sihlcity","lines":"89, N2, N5","arr":["89","N2","N5"],"terminus":1,"mode":"bus","color":"#0059a9","colorDark":"#00294f","angle":226.7,"snapDist":3,"label":1}},{"type":"Feature","geometry":{"type":"Point","coordinates":[8.520305,47.357919]},"properties":{"name":"Saalsporthalle","lines":"89, N2","arr":["89","N2"],"terminus":0,"mode":"bus","color":"#0059a9","colorDark":"#00294f","angle":36.2,"snapDist":5,"label":0}},{"type":"Feature","geometry":{"type":"Point","coordinates":[8.517238,47.358733]},"properties":{"name":"Laubegg","lines":"89, N2","arr":["89","N2"],"terminus":0,"mode":"bus","color":"#0059a9","colorDark":"#00294f","angle":19.1,"snapDist":5,"label":0}},{"type":"Feature","geometry":{"type":"Point","coordinates":[8.513896,47.356552]},"properties":{"name":"Uetlihof","lines":"89, N2","arr":["89","N2"],"terminus":0,"mode":"bus","color":"#0059a9","colorDark":"#00294f","angle":288.5,"snapDist":5,"label":0}},{"type":"Feature","geometry":{"type":"Point","coordinates":[8.511485,47.35303]},"properties":{"name":"Strassenverkehrsamt","lines":"89","arr":["89"],"terminus":0,"mode":"bus","color":"#0059a9","colorDark":"#00294f","angle":142.2,"snapDist":1,"label":0}},{"type":"Feature","geometry":{"type":"Point","coordinates":[8.501451,47.369258]},"properties":{"name":"Schaufelbergerstrasse","lines":"89","arr":["89"],"terminus":0,"mode":"bus","color":"#0059a9","colorDark":"#00294f","angle":104.4,"snapDist":8,"label":0}},{"type":"Feature","geometry":{"type":"Point","coordinates":[8.499505,47.376878]},"properties":{"name":"Hubertus","lines":"89, N12","arr":["89","N12"],"terminus":0,"mode":"bus","color":"#0059a9","colorDark":"#00294f","angle":54.4,"snapDist":3,"label":0}},{"type":"Feature","geometry":{"type":"Point","coordinates":[8.495909,47.386634]},"properties":{"name":"Letzipark West","lines":"89","arr":["89"],"terminus":0,"mode":"bus","color":"#0059a9","colorDark":"#00294f","angle":23.9,"snapDist":6,"label":0}},{"type":"Feature","geometry":{"type":"Point","coordinates":[8.490147,47.388578]},"properties":{"name":"Baslerstrasse","lines":"89","arr":["89"],"terminus":0,"mode":"bus","color":"#0059a9","colorDark":"#00294f","angle":31,"snapDist":5,"label":0}},{"type":"Feature","geometry":{"type":"Point","coordinates":[8.473942,47.405563]},"properties":{"name":"Oberengstringen, Eggbühl","lines":"89, N13","arr":["89","N13"],"terminus":0,"mode":"bus","color":"#0059a9","colorDark":"#00294f","angle":12.8,"snapDist":3,"label":0}},{"type":"Feature","geometry":{"type":"Point","coordinates":[8.467327,47.407553]},"properties":{"name":"Oberengstringen, Lanzrain","lines":"89, N13","arr":["89","N13"],"terminus":0,"mode":"bus","color":"#0059a9","colorDark":"#00294f","angle":25.2,"snapDist":5,"label":0}},{"type":"Feature","geometry":{"type":"Point","coordinates":[8.461889,47.409378]},"properties":{"name":"Oberengstringen, Zentrum","lines":"89, N13","arr":["89","N13"],"terminus":0,"mode":"bus","color":"#0059a9","colorDark":"#00294f","angle":28.2,"snapDist":7,"label":0}},{"type":"Feature","geometry":{"type":"Point","coordinates":[8.458583,47.410552]},"properties":{"name":"Oberengstringen, Paradies","lines":"89, N13","arr":["89","N13"],"terminus":0,"mode":"bus","color":"#0059a9","colorDark":"#00294f","angle":28.2,"snapDist":5,"label":0}},{"type":"Feature","geometry":{"type":"Point","coordinates":[8.452727,47.412304]},"properties":{"name":"Unterengstringen, Langacher","lines":"89, N13","arr":["89","N13"],"terminus":0,"mode":"bus","color":"#0059a9","colorDark":"#00294f","angle":12.7,"snapDist":5,"label":0}},{"type":"Feature","geometry":{"type":"Point","coordinates":[8.449288,47.413459]},"properties":{"name":"Unterengstringen, Sennenbüel N","lines":"89","arr":["89"],"terminus":0,"mode":"bus","color":"#0059a9","colorDark":"#00294f","angle":33.6,"snapDist":8,"label":0}},{"type":"Feature","geometry":{"type":"Point","coordinates":[8.588668,47.360917]},"properties":{"name":"Buchholz","lines":"91","arr":["91"],"terminus":1,"mode":"bus","color":"#0059a9","colorDark":"#00294f","angle":168,"snapDist":3,"label":1}},{"type":"Feature","geometry":{"type":"Point","coordinates":[8.585564,47.359677]},"properties":{"name":"Buchzelgstrasse","lines":"91","arr":["91"],"terminus":0,"mode":"bus","color":"#0059a9","colorDark":"#00294f","angle":347.4,"snapDist":2,"label":1}},{"type":"Feature","geometry":{"type":"Point","coordinates":[8.590468,47.356895]},"properties":{"name":"Stodolastrasse","lines":"91","arr":["91"],"terminus":0,"mode":"bus","color":"#0059a9","colorDark":"#00294f","angle":194,"snapDist":2,"label":1}},{"type":"Feature","geometry":{"type":"Point","coordinates":[8.594467,47.355804]},"properties":{"name":"Segeten","lines":"91","arr":["91"],"terminus":0,"mode":"bus","color":"#0059a9","colorDark":"#00294f","angle":163.7,"snapDist":1,"label":1}},{"type":"Feature","geometry":{"type":"Point","coordinates":[8.596886,47.355153]},"properties":{"name":"Wiesliacher","lines":"91","arr":["91"],"terminus":0,"mode":"bus","color":"#0059a9","colorDark":"#00294f","angle":235.9,"snapDist":2,"label":1}},{"type":"Feature","geometry":{"type":"Point","coordinates":[8.598553,47.354191]},"properties":{"name":"Trichtenhausenfussweg","lines":"91","arr":["91"],"terminus":0,"mode":"bus","color":"#0059a9","colorDark":"#00294f","angle":196.2,"snapDist":1,"label":1}},{"type":"Feature","geometry":{"type":"Point","coordinates":[8.600714,47.35396]},"properties":{"name":"Trichtisal","lines":"91","arr":["91"],"terminus":0,"mode":"bus","color":"#0059a9","colorDark":"#00294f","angle":186.9,"snapDist":1,"label":1}},{"type":"Feature","geometry":{"type":"Point","coordinates":[8.601849,47.350576]},"properties":{"name":"Zollikerberg, Trichtenhauserm.","lines":"91","arr":["91"],"terminus":0,"mode":"bus","color":"#0059a9","colorDark":"#00294f","angle":318.2,"snapDist":6,"label":1}},{"type":"Feature","geometry":{"type":"Point","coordinates":[8.598055,47.350172]},"properties":{"name":"Zollikerberg, Hasenbart","lines":"91","arr":["91"],"terminus":0,"mode":"bus","color":"#0059a9","colorDark":"#00294f","angle":344.8,"snapDist":8,"label":1}},{"type":"Feature","geometry":{"type":"Point","coordinates":[8.596022,47.348282]},"properties":{"name":"Zollikerberg, Spital","lines":"91","arr":["91"],"terminus":0,"mode":"bus","color":"#0059a9","colorDark":"#00294f","angle":268.8,"snapDist":3,"label":1}},{"type":"Feature","geometry":{"type":"Point","coordinates":[8.598432,47.347024]},"properties":{"name":"Zollikerb., Langägerten/Spital","lines":"91, 910","arr":["91","910"],"terminus":0,"mode":"bus","color":"#0059a9","colorDark":"#00294f","angle":196.2,"snapDist":5,"label":1}},{"type":"Feature","geometry":{"type":"Point","coordinates":[8.602179,47.34599]},"properties":{"name":"Zollikerberg, Station","lines":"91, 910","arr":["91","910"],"terminus":1,"mode":"bus","color":"#0059a9","colorDark":"#00294f","angle":31.9,"snapDist":4,"label":1}},{"type":"Feature","geometry":{"type":"Point","coordinates":[8.597611,47.346554]},"properties":{"name":"Zollikerb., Langägerten/Spital","lines":"91, 910","arr":["91","910"],"terminus":0,"mode":"bus","color":"#0059a9","colorDark":"#00294f","angle":10,"snapDist":1,"label":0}},{"type":"Feature","geometry":{"type":"Point","coordinates":[8.596026,47.348178]},"properties":{"name":"Zollikerberg, Spital","lines":"91","arr":["91"],"terminus":0,"mode":"bus","color":"#0059a9","colorDark":"#00294f","angle":88.6,"snapDist":2,"label":0}},{"type":"Feature","geometry":{"type":"Point","coordinates":[8.598023,47.350167]},"properties":{"name":"Zollikerberg, Hasenbart","lines":"91","arr":["91"],"terminus":0,"mode":"bus","color":"#0059a9","colorDark":"#00294f","angle":164.8,"snapDist":1,"label":0}},{"type":"Feature","geometry":{"type":"Point","coordinates":[8.601849,47.350576]},"properties":{"name":"Zollikerberg, Trichtenhauserm.","lines":"91","arr":["91"],"terminus":0,"mode":"bus","color":"#0059a9","colorDark":"#00294f","angle":138.2,"snapDist":4,"label":0}},{"type":"Feature","geometry":{"type":"Point","coordinates":[8.600736,47.353958]},"properties":{"name":"Trichtisal","lines":"91","arr":["91"],"terminus":0,"mode":"bus","color":"#0059a9","colorDark":"#00294f","angle":6.9,"snapDist":2,"label":0}},{"type":"Feature","geometry":{"type":"Point","coordinates":[8.59853,47.354195]},"properties":{"name":"Trichtenhausenfussweg","lines":"91","arr":["91"],"terminus":0,"mode":"bus","color":"#0059a9","colorDark":"#00294f","angle":16.2,"snapDist":2,"label":0}},{"type":"Feature","geometry":{"type":"Point","coordinates":[8.596892,47.355147]},"properties":{"name":"Wiesliacher","lines":"91","arr":["91"],"terminus":0,"mode":"bus","color":"#0059a9","colorDark":"#00294f","angle":55.9,"snapDist":1,"label":0}},{"type":"Feature","geometry":{"type":"Point","coordinates":[8.594428,47.355796]},"properties":{"name":"Segeten","lines":"91","arr":["91"],"terminus":0,"mode":"bus","color":"#0059a9","colorDark":"#00294f","angle":343.7,"snapDist":1,"label":0}},{"type":"Feature","geometry":{"type":"Point","coordinates":[8.590958,47.356757]},"properties":{"name":"Stodolastrasse","lines":"91","arr":["91"],"terminus":0,"mode":"bus","color":"#0059a9","colorDark":"#00294f","angle":31.6,"snapDist":1,"label":0}},{"type":"Feature","geometry":{"type":"Point","coordinates":[8.585021,47.358909]},"properties":{"name":"Buchzelgstrasse","lines":"91","arr":["91"],"terminus":0,"mode":"bus","color":"#0059a9","colorDark":"#00294f","angle":69.7,"snapDist":3,"label":0}},{"type":"Feature","geometry":{"type":"Point","coordinates":[8.574163,47.35458]},"properties":{"name":"Balgrist","lines":"99, N4","arr":["99","N4"],"terminus":1,"mode":"bus","color":"#0059a9","colorDark":"#00294f","angle":320.3,"snapDist":4,"label":0}},{"type":"Feature","geometry":{"type":"Point","coordinates":[8.57231,47.352559]},"properties":{"name":"Kinderspital","lines":"99, N4","arr":["99","N4"],"terminus":0,"mode":"bus","color":"#0059a9","colorDark":"#00294f","angle":319.8,"snapDist":6,"label":1}},{"type":"Feature","geometry":{"type":"Point","coordinates":[8.574191,47.348188]},"properties":{"name":"Im Walder","lines":"99","arr":["99"],"terminus":0,"mode":"bus","color":"#0059a9","colorDark":"#00294f","angle":247.5,"snapDist":1,"label":0}},{"type":"Feature","geometry":{"type":"Point","coordinates":[8.577045,47.342865]},"properties":{"name":"Zollikon, Rotfluhstrasse","lines":"99, N4","arr":["99","N4"],"terminus":0,"mode":"bus","color":"#0059a9","colorDark":"#00294f","angle":268.7,"snapDist":2,"label":1}},{"type":"Feature","geometry":{"type":"Point","coordinates":[8.575849,47.340722]},"properties":{"name":"Zollikon, Gemeindehaus","lines":"99, 910","arr":["99","910"],"terminus":0,"mode":"bus","color":"#0059a9","colorDark":"#00294f","angle":344.6,"snapDist":3,"label":1}},{"type":"Feature","geometry":{"type":"Point","coordinates":[8.573164,47.340302]},"properties":{"name":"Zollikon, Dufourplatz","lines":"99, 910","arr":["99","910"],"terminus":0,"mode":"bus","color":"#0059a9","colorDark":"#00294f","angle":342.8,"snapDist":3,"label":1}},{"type":"Feature","geometry":{"type":"Point","coordinates":[8.569851,47.337681]},"properties":{"name":"Zollikon, Bahnhof","lines":"99, 910, 912, 916, N4, N91","arr":["99","910","912","916","N4","N91"],"terminus":1,"mode":"bus","color":"#0059a9","colorDark":"#00294f","angle":64.8,"snapDist":4,"label":1}},{"type":"Feature","geometry":{"type":"Point","coordinates":[8.577259,47.334843]},"properties":{"name":"Zollikon, Goldhaldenplatz","lines":"99, 910","arr":["99","910"],"terminus":1,"mode":"bus","color":"#0059a9","colorDark":"#00294f","angle":274.3,"snapDist":6,"label":1}},{"type":"Feature","geometry":{"type":"Point","coordinates":[8.57782,47.340128]},"properties":{"name":"Zollikon, Gemeindehaus","lines":"99, 910, N4","arr":["99","910","N4"],"terminus":0,"mode":"bus","color":"#0059a9","colorDark":"#00294f","angle":68.2,"snapDist":5,"label":0}},{"type":"Feature","geometry":{"type":"Point","coordinates":[8.577021,47.343392]},"properties":{"name":"Zollikon, Rotfluhstrasse","lines":"99, N4","arr":["99","N4"],"terminus":0,"mode":"bus","color":"#0059a9","colorDark":"#00294f","angle":87.3,"snapDist":6,"label":0}},{"type":"Feature","geometry":{"type":"Point","coordinates":[8.571602,47.347147]},"properties":{"name":"Zollikon, Bleulerstrasse","lines":"99","arr":["99"],"terminus":0,"mode":"bus","color":"#0059a9","colorDark":"#00294f","angle":72.6,"snapDist":3,"label":1}},{"type":"Feature","geometry":{"type":"Point","coordinates":[8.572342,47.352577]},"properties":{"name":"Kinderspital","lines":"99","arr":["99"],"terminus":0,"mode":"bus","color":"#0059a9","colorDark":"#00294f","angle":139.9,"snapDist":2,"label":0}},{"type":"Feature","geometry":{"type":"Point","coordinates":[8.595612,47.261543]},"properties":{"name":"Horgen, Bahnhof F","lines":"131, 132, 136, N25","arr":["131","132","136","N25"],"terminus":1,"mode":"bus","color":"#0059a9","colorDark":"#00294f","angle":11.1,"snapDist":3,"label":1}},{"type":"Feature","geometry":{"type":"Point","coordinates":[8.592031,47.260896]},"properties":{"name":"Horgen, Gumelenstrasse","lines":"131, 133, 145, N25","arr":["131","133","145","N25"],"terminus":0,"mode":"bus","color":"#0059a9","colorDark":"#00294f","angle":14.4,"snapDist":1,"label":1}},{"type":"Feature","geometry":{"type":"Point","coordinates":[8.589272,47.261488]},"properties":{"name":"Horgen, Stocker","lines":"131, 133","arr":["131","133"],"terminus":0,"mode":"bus","color":"#0059a9","colorDark":"#00294f","angle":354.1,"snapDist":2,"label":1}},{"type":"Feature","geometry":{"type":"Point","coordinates":[8.590132,47.258729]},"properties":{"name":"Horgen Oberdorf, Bahnhof","lines":"131, 137","arr":["131","137"],"terminus":0,"mode":"bus","color":"#0059a9","colorDark":"#00294f","angle":226.6,"snapDist":3,"label":1}},{"type":"Feature","geometry":{"type":"Point","coordinates":[8.593576,47.257715]},"properties":{"name":"Horgen, Bergli","lines":"131","arr":["131"],"terminus":0,"mode":"bus","color":"#0059a9","colorDark":"#00294f","angle":173.5,"snapDist":3,"label":1}},{"type":"Feature","geometry":{"type":"Point","coordinates":[8.598393,47.254498]},"properties":{"name":"Horgen, Heubach","lines":"131","arr":["131"],"terminus":0,"mode":"bus","color":"#0059a9","colorDark":"#00294f","angle":222.7,"snapDist":3,"label":1}},{"type":"Feature","geometry":{"type":"Point","coordinates":[8.60164,47.251846]},"properties":{"name":"Horgen, Gehren","lines":"131","arr":["131"],"terminus":0,"mode":"bus","color":"#0059a9","colorDark":"#00294f","angle":225.3,"snapDist":6,"label":1}},{"type":"Feature","geometry":{"type":"Point","coordinates":[8.60493,47.248284]},"properties":{"name":"Horgen, Schnegg","lines":"131","arr":["131"],"terminus":0,"mode":"bus","color":"#0059a9","colorDark":"#00294f","angle":75.6,"snapDist":41,"label":1}},{"type":"Feature","geometry":{"type":"Point","coordinates":[8.604784,47.248704]},"properties":{"name":"Horgen, Schnegg","lines":"131","arr":["131"],"terminus":0,"mode":"bus","color":"#0059a9","colorDark":"#00294f","angle":55.4,"snapDist":25,"label":0}},{"type":"Feature","geometry":{"type":"Point","coordinates":[8.601586,47.251884]},"properties":{"name":"Horgen, Gehren","lines":"131","arr":["131"],"terminus":0,"mode":"bus","color":"#0059a9","colorDark":"#00294f","angle":45.3,"snapDist":6,"label":0}},{"type":"Feature","geometry":{"type":"Point","coordinates":[8.597609,47.254934]},"properties":{"name":"Horgen, Heubach","lines":"131","arr":["131"],"terminus":0,"mode":"bus","color":"#0059a9","colorDark":"#00294f","angle":39.7,"snapDist":5,"label":0}},{"type":"Feature","geometry":{"type":"Point","coordinates":[8.592432,47.257695]},"properties":{"name":"Horgen, Bergli","lines":"131","arr":["131"],"terminus":0,"mode":"bus","color":"#0059a9","colorDark":"#00294f","angle":17.6,"snapDist":2,"label":0}},{"type":"Feature","geometry":{"type":"Point","coordinates":[8.589336,47.259293]},"properties":{"name":"Horgen Oberdorf, Bahnhof","lines":"131, 137","arr":["131","137"],"terminus":0,"mode":"bus","color":"#0059a9","colorDark":"#00294f","angle":45.6,"snapDist":1,"label":0}},{"type":"Feature","geometry":{"type":"Point","coordinates":[8.588861,47.261551]},"properties":{"name":"Horgen, Stocker","lines":"131, 133, 145, N25","arr":["131","133","145","N25"],"terminus":0,"mode":"bus","color":"#0059a9","colorDark":"#00294f","angle":235.8,"snapDist":2,"label":0}},{"type":"Feature","geometry":{"type":"Point","coordinates":[8.59608,47.260547]},"properties":{"name":"Horgen, Altes Gemeindehaus","lines":"131, 133, 145, N25","arr":["131","133","145","N25"],"terminus":0,"mode":"bus","color":"#0059a9","colorDark":"#00294f","angle":123.4,"snapDist":1,"label":1}},{"type":"Feature","geometry":{"type":"Point","coordinates":[8.596378,47.261588]},"properties":{"name":"Horgen, Bahnhof C","lines":"131, 136","arr":["131","136"],"terminus":1,"mode":"bus","color":"#0059a9","colorDark":"#00294f","angle":191.3,"snapDist":3,"label":1}},{"type":"Feature","geometry":{"type":"Point","coordinates":[8.596249,47.261456]},"properties":{"name":"Horgen, Bahnhof D","lines":"132, 134","arr":["132","134"],"terminus":1,"mode":"bus","color":"#0059a9","colorDark":"#00294f","angle":11.1,"snapDist":3,"label":1}},{"type":"Feature","geometry":{"type":"Point","coordinates":[8.598093,47.259203]},"properties":{"name":"Horgen, untere Mühle","lines":"132, 134","arr":["132","134"],"terminus":0,"mode":"bus","color":"#0059a9","colorDark":"#00294f","angle":233.3,"snapDist":2,"label":1}},{"type":"Feature","geometry":{"type":"Point","coordinates":[8.605699,47.253656]},"properties":{"name":"Horgen, Waidli","lines":"132","arr":["132"],"terminus":0,"mode":"bus","color":"#0059a9","colorDark":"#00294f","angle":219.9,"snapDist":4,"label":1}},{"type":"Feature","geometry":{"type":"Point","coordinates":[8.608233,47.250349]},"properties":{"name":"Horgen, Reithy","lines":"132","arr":["132"],"terminus":0,"mode":"bus","color":"#0059a9","colorDark":"#00294f","angle":279.6,"snapDist":6,"label":1}},{"type":"Feature","geometry":{"type":"Point","coordinates":[8.60821,47.25021]},"properties":{"name":"Horgen, Reithy","lines":"132","arr":["132"],"terminus":0,"mode":"bus","color":"#0059a9","colorDark":"#00294f","angle":94.9,"snapDist":6,"label":0}},{"type":"Feature","geometry":{"type":"Point","coordinates":[8.605391,47.254462]},"properties":{"name":"Horgen, Waidli","lines":"132","arr":["132"],"terminus":0,"mode":"bus","color":"#0059a9","colorDark":"#00294f","angle":97.9,"snapDist":10,"label":0}},{"type":"Feature","geometry":{"type":"Point","coordinates":[8.599749,47.259061]},"properties":{"name":"Horgen, Baumgärtlihof","lines":"132, 134","arr":["132","134"],"terminus":0,"mode":"bus","color":"#0059a9","colorDark":"#00294f","angle":109.8,"snapDist":1,"label":1}},{"type":"Feature","geometry":{"type":"Point","coordinates":[8.59892,47.260053]},"properties":{"name":"Horgen, Dorfgasse","lines":"132, 134","arr":["132","134"],"terminus":0,"mode":"bus","color":"#0059a9","colorDark":"#00294f","angle":11.6,"snapDist":5,"label":1}},{"type":"Feature","geometry":{"type":"Point","coordinates":[8.595782,47.26167]},"properties":{"name":"Horgen, Bahnhof A","lines":"133","arr":["133"],"terminus":1,"mode":"bus","color":"#0059a9","colorDark":"#00294f","angle":191.7,"snapDist":4,"label":1}},{"type":"Feature","geometry":{"type":"Point","coordinates":[8.586765,47.25837]},"properties":{"name":"Horgen, Panorama","lines":"133","arr":["133"],"terminus":1,"mode":"bus","color":"#0059a9","colorDark":"#00294f","angle":37.7,"snapDist":1,"label":1}},{"type":"Feature","geometry":{"type":"Point","coordinates":[8.584662,47.261842]},"properties":{"name":"Horgen, Zentrum Tödi","lines":"133","arr":["133"],"terminus":0,"mode":"bus","color":"#0059a9","colorDark":"#00294f","angle":84,"snapDist":3,"label":1}},{"type":"Feature","geometry":{"type":"Point","coordinates":[8.596079,47.261628]},"properties":{"name":"Horgen, Bahnhof B","lines":"134, 137","arr":["134","137"],"terminus":1,"mode":"bus","color":"#0059a9","colorDark":"#00294f","angle":191.7,"snapDist":4,"label":1}},{"type":"Feature","geometry":{"type":"Point","coordinates":[8.602411,47.256593]},"properties":{"name":"Horgen, Wannenthal","lines":"134","arr":["134"],"terminus":0,"mode":"bus","color":"#0059a9","colorDark":"#00294f","angle":180.8,"snapDist":3,"label":1}},{"type":"Feature","geometry":{"type":"Point","coordinates":[8.605554,47.256143]},"properties":{"name":"Horgen, Teufenbach","lines":"134","arr":["134"],"terminus":0,"mode":"bus","color":"#0059a9","colorDark":"#00294f","angle":198.1,"snapDist":4,"label":1}},{"type":"Feature","geometry":{"type":"Point","coordinates":[8.609456,47.254565]},"properties":{"name":"Horgen, Glärnischhof","lines":"134","arr":["134"],"terminus":0,"mode":"bus","color":"#0059a9","colorDark":"#00294f","angle":131.4,"snapDist":6,"label":1}},{"type":"Feature","geometry":{"type":"Point","coordinates":[8.615159,47.254612]},"properties":{"name":"Horgen, Käpfnach","lines":"134","arr":["134"],"terminus":0,"mode":"bus","color":"#0059a9","colorDark":"#00294f","angle":197,"snapDist":3,"label":1}},{"type":"Feature","geometry":{"type":"Point","coordinates":[8.619606,47.253233]},"properties":{"name":"Horgen, Rietli","lines":"134","arr":["134"],"terminus":0,"mode":"bus","color":"#0059a9","colorDark":"#00294f","angle":216.9,"snapDist":5,"label":1}},{"type":"Feature","geometry":{"type":"Point","coordinates":[8.626031,47.251366]},"properties":{"name":"Horgen, Meilibach","lines":"134","arr":["134"],"terminus":1,"mode":"bus","color":"#0059a9","colorDark":"#00294f","angle":16.7,"snapDist":6,"label":1}},{"type":"Feature","geometry":{"type":"Point","coordinates":[8.619317,47.253374]},"properties":{"name":"Horgen, Rietli","lines":"134","arr":["134"],"terminus":0,"mode":"bus","color":"#0059a9","colorDark":"#00294f","angle":34.7,"snapDist":4,"label":0}},{"type":"Feature","geometry":{"type":"Point","coordinates":[8.6161,47.254439]},"properties":{"name":"Horgen, Käpfnach","lines":"134","arr":["134"],"terminus":0,"mode":"bus","color":"#0059a9","colorDark":"#00294f","angle":15.5,"snapDist":5,"label":0}},{"type":"Feature","geometry":{"type":"Point","coordinates":[8.60958,47.254658]},"properties":{"name":"Horgen, Glärnischhof","lines":"134","arr":["134"],"terminus":0,"mode":"bus","color":"#0059a9","colorDark":"#00294f","angle":313,"snapDist":4,"label":0}},{"type":"Feature","geometry":{"type":"Point","coordinates":[8.604899,47.256262]},"properties":{"name":"Horgen, Teufenbach","lines":"134","arr":["134"],"terminus":0,"mode":"bus","color":"#0059a9","colorDark":"#00294f","angle":12.7,"snapDist":3,"label":0}},{"type":"Feature","geometry":{"type":"Point","coordinates":[8.601934,47.2566]},"properties":{"name":"Horgen, Wannenthal","lines":"134","arr":["134"],"terminus":0,"mode":"bus","color":"#0059a9","colorDark":"#00294f","angle":1.9,"snapDist":3,"label":0}},{"type":"Feature","geometry":{"type":"Point","coordinates":[8.590892,47.263018]},"properties":{"name":"Horgen, Wannerstrasse","lines":"136","arr":["136"],"terminus":0,"mode":"bus","color":"#0059a9","colorDark":"#00294f","angle":48.9,"snapDist":5,"label":1}},{"type":"Feature","geometry":{"type":"Point","coordinates":[8.58922,47.263523]},"properties":{"name":"Horgen, Spital","lines":"136","arr":["136"],"terminus":0,"mode":"bus","color":"#0059a9","colorDark":"#00294f","angle":314,"snapDist":1,"label":1}},{"type":"Feature","geometry":{"type":"Point","coordinates":[8.588202,47.265414]},"properties":{"name":"Horgen, Plattenhof","lines":"136","arr":["136"],"terminus":0,"mode":"bus","color":"#0059a9","colorDark":"#00294f","angle":68.2,"snapDist":6,"label":1}},{"type":"Feature","geometry":{"type":"Point","coordinates":[8.586688,47.269422]},"properties":{"name":"Horgen, Scheller","lines":"136","arr":["136"],"terminus":0,"mode":"bus","color":"#0059a9","colorDark":"#00294f","angle":60.7,"snapDist":4,"label":1}},{"type":"Feature","geometry":{"type":"Point","coordinates":[8.583021,47.273521]},"properties":{"name":"Oberrieden, Seehalde","lines":"136","arr":["136"],"terminus":0,"mode":"bus","color":"#0059a9","colorDark":"#00294f","angle":65.4,"snapDist":6,"label":1}},{"type":"Feature","geometry":{"type":"Point","coordinates":[8.579312,47.279204]},"properties":{"name":"Oberrieden, Bahnhof","lines":"136, N25","arr":["136","N25"],"terminus":1,"mode":"bus","color":"#0059a9","colorDark":"#00294f","angle":242.2,"snapDist":1,"label":1}},{"type":"Feature","geometry":{"type":"Point","coordinates":[8.58334,47.273063]},"properties":{"name":"Oberrieden, Seehalde","lines":"136","arr":["136"],"terminus":0,"mode":"bus","color":"#0059a9","colorDark":"#00294f","angle":245,"snapDist":2,"label":0}},{"type":"Feature","geometry":{"type":"Point","coordinates":[8.586857,47.269218]},"properties":{"name":"Horgen, Scheller","lines":"136","arr":["136"],"terminus":0,"mode":"bus","color":"#0059a9","colorDark":"#00294f","angle":240.5,"snapDist":4,"label":0}},{"type":"Feature","geometry":{"type":"Point","coordinates":[8.58818,47.26545]},"properties":{"name":"Horgen, Plattenhof","lines":"136","arr":["136"],"terminus":0,"mode":"bus","color":"#0059a9","colorDark":"#00294f","angle":247.6,"snapDist":8,"label":0}},{"type":"Feature","geometry":{"type":"Point","coordinates":[8.591143,47.262831]},"properties":{"name":"Horgen, Wannerstrasse","lines":"136","arr":["136"],"terminus":0,"mode":"bus","color":"#0059a9","colorDark":"#00294f","angle":224.5,"snapDist":4,"label":0}},{"type":"Feature","geometry":{"type":"Point","coordinates":[8.599023,47.248673]},"properties":{"name":"Horgen, Fischenrüti","lines":"137","arr":["137"],"terminus":0,"mode":"bus","color":"#0059a9","colorDark":"#00294f","angle":238.1,"snapDist":2,"label":1}},{"type":"Feature","geometry":{"type":"Point","coordinates":[8.587527,47.253292]},"properties":{"name":"Horgenberg, Moorschwand","lines":"137","arr":["137"],"terminus":0,"mode":"bus","color":"#0059a9","colorDark":"#00294f","angle":65.5,"snapDist":3,"label":1}},{"type":"Feature","geometry":{"type":"Point","coordinates":[8.578111,47.259862]},"properties":{"name":"Horgenberg, Nordecke","lines":"137","arr":["137"],"terminus":0,"mode":"bus","color":"#0059a9","colorDark":"#00294f","angle":334.1,"snapDist":5,"label":1}},{"type":"Feature","geometry":{"type":"Point","coordinates":[8.557239,47.268469]},"properties":{"name":"Sihlwald, Bahnhof","lines":"137, EV","arr":["137","EV"],"terminus":1,"mode":"bus","color":"#0059a9","colorDark":"#00294f","angle":344.5,"snapDist":4,"label":1}},{"type":"Feature","geometry":{"type":"Point","coordinates":[8.578119,47.259865]},"properties":{"name":"Horgenberg, Nordecke","lines":"137","arr":["137"],"terminus":0,"mode":"bus","color":"#0059a9","colorDark":"#00294f","angle":154.1,"snapDist":2,"label":0}},{"type":"Feature","geometry":{"type":"Point","coordinates":[8.587548,47.25326]},"properties":{"name":"Horgenberg, Moorschwand","lines":"137","arr":["137"],"terminus":0,"mode":"bus","color":"#0059a9","colorDark":"#00294f","angle":245.5,"snapDist":3,"label":0}},{"type":"Feature","geometry":{"type":"Point","coordinates":[8.599018,47.248679]},"properties":{"name":"Horgen, Fischenrüti","lines":"137","arr":["137"],"terminus":0,"mode":"bus","color":"#0059a9","colorDark":"#00294f","angle":58.1,"snapDist":3,"label":0}},{"type":"Feature","geometry":{"type":"Point","coordinates":[8.56472,47.294707]},"properties":{"name":"Thalwil, Zentrum A","lines":"140, 142, 145, 156, N16","arr":["140","142","145","156","N16"],"terminus":1,"mode":"bus","color":"#0059a9","colorDark":"#00294f","angle":56.4,"snapDist":2,"label":1}},{"type":"Feature","geometry":{"type":"Point","coordinates":[8.56472,47.29123]},"properties":{"name":"Thalwil, Mühlebachplatz","lines":"140, 240","arr":["140","240"],"terminus":0,"mode":"bus","color":"#0059a9","colorDark":"#00294f","angle":345.2,"snapDist":6,"label":1}},{"type":"Feature","geometry":{"type":"Point","coordinates":[8.562224,47.287738]},"properties":{"name":"Thalwil, Schützenhaus","lines":"140, 240","arr":["140","240"],"terminus":0,"mode":"bus","color":"#0059a9","colorDark":"#00294f","angle":287.4,"snapDist":6,"label":1}},{"type":"Feature","geometry":{"type":"Point","coordinates":[8.559616,47.290409]},"properties":{"name":"Thalwil, Feldstrasse","lines":"140, 240","arr":["140","240"],"terminus":0,"mode":"bus","color":"#0059a9","colorDark":"#00294f","angle":60.4,"snapDist":5,"label":1}},{"type":"Feature","geometry":{"type":"Point","coordinates":[8.557133,47.288012]},"properties":{"name":"Thalwil, Ebnet","lines":"140, 240","arr":["140","240"],"terminus":0,"mode":"bus","color":"#0059a9","colorDark":"#00294f","angle":274.8,"snapDist":6,"label":1}},{"type":"Feature","geometry":{"type":"Point","coordinates":[8.55512,47.285253]},"properties":{"name":"Gattikon, Gattikerhöhe","lines":"140, 240","arr":["140","240"],"terminus":0,"mode":"bus","color":"#0059a9","colorDark":"#00294f","angle":262.4,"snapDist":2,"label":1}},{"type":"Feature","geometry":{"type":"Point","coordinates":[8.550984,47.284694]},"properties":{"name":"Gattikon, Obstgarten","lines":"140, 240","arr":["140","240"],"terminus":0,"mode":"bus","color":"#0059a9","colorDark":"#00294f","angle":340.5,"snapDist":4,"label":1}},{"type":"Feature","geometry":{"type":"Point","coordinates":[8.545444,47.283238]},"properties":{"name":"Gattikon, Gattikerhof","lines":"140, 240","arr":["140","240"],"terminus":0,"mode":"bus","color":"#0059a9","colorDark":"#00294f","angle":325.6,"snapDist":4,"label":1}},{"type":"Feature","geometry":{"type":"Point","coordinates":[8.543684,47.287321]},"properties":{"name":"Langnau-Gattikon, Bahnhof","lines":"140, 153, 240, EV","arr":["140","153","240","EV"],"terminus":1,"mode":"bus","color":"#0059a9","colorDark":"#00294f","angle":86.7,"snapDist":0,"label":1}},{"type":"Feature","geometry":{"type":"Point","coordinates":[8.541081,47.288622]},"properties":{"name":"Langnau am Albis, Dorf","lines":"140, 240","arr":["140","240"],"terminus":0,"mode":"bus","color":"#0059a9","colorDark":"#00294f","angle":6.2,"snapDist":1,"label":1}},{"type":"Feature","geometry":{"type":"Point","coordinates":[8.534941,47.285386]},"properties":{"name":"Langnau am Albis, Altersheim","lines":"140","arr":["140"],"terminus":0,"mode":"bus","color":"#0059a9","colorDark":"#00294f","angle":222.4,"snapDist":1,"label":1}},{"type":"Feature","geometry":{"type":"Point","coordinates":[8.536882,47.284453]},"properties":{"name":"Langnau am Albis, Hehlstrasse","lines":"140","arr":["140"],"terminus":0,"mode":"bus","color":"#0059a9","colorDark":"#00294f","angle":210.5,"snapDist":2,"label":1}},{"type":"Feature","geometry":{"type":"Point","coordinates":[8.537431,47.28096]},"properties":{"name":"Langnau am Albis, Unterrengg","lines":"140, 153","arr":["140","153"],"terminus":1,"mode":"bus","color":"#0059a9","colorDark":"#00294f","angle":325.7,"snapDist":3,"label":1}},{"type":"Feature","geometry":{"type":"Point","coordinates":[8.53441,47.28304]},"properties":{"name":"Langnau am Albis, Langmoos","lines":"140, 153","arr":["140","153"],"terminus":0,"mode":"bus","color":"#0059a9","colorDark":"#00294f","angle":69.7,"snapDist":1,"label":1}},{"type":"Feature","geometry":{"type":"Point","coordinates":[8.533758,47.285335]},"properties":{"name":"Langnau am Albis, Altersheim","lines":"140, 153","arr":["140","153"],"terminus":0,"mode":"bus","color":"#0059a9","colorDark":"#00294f","angle":89.5,"snapDist":1,"label":0}},{"type":"Feature","geometry":{"type":"Point","coordinates":[8.541096,47.288621]},"properties":{"name":"Langnau am Albis, Dorf","lines":"140, 153, 240","arr":["140","153","240"],"terminus":0,"mode":"bus","color":"#0059a9","colorDark":"#00294f","angle":186.2,"snapDist":3,"label":0}},{"type":"Feature","geometry":{"type":"Point","coordinates":[8.546045,47.283516]},"properties":{"name":"Gattikon, Gattikerhof","lines":"140, 240","arr":["140","240"],"terminus":0,"mode":"bus","color":"#0059a9","colorDark":"#00294f","angle":147.1,"snapDist":4,"label":0}},{"type":"Feature","geometry":{"type":"Point","coordinates":[8.551302,47.284769]},"properties":{"name":"Gattikon, Obstgarten","lines":"140, 240","arr":["140","240"],"terminus":0,"mode":"bus","color":"#0059a9","colorDark":"#00294f","angle":160.9,"snapDist":5,"label":0}},{"type":"Feature","geometry":{"type":"Point","coordinates":[8.555141,47.285797]},"properties":{"name":"Gattikon, Gattikerhöhe","lines":"140, 240","arr":["140","240"],"terminus":0,"mode":"bus","color":"#0059a9","colorDark":"#00294f","angle":104.1,"snapDist":5,"label":0}},{"type":"Feature","geometry":{"type":"Point","coordinates":[8.55727,47.288664]},"properties":{"name":"Thalwil, Ebnet","lines":"140, 240","arr":["140","240"],"terminus":0,"mode":"bus","color":"#0059a9","colorDark":"#00294f","angle":96.9,"snapDist":1,"label":0}},{"type":"Feature","geometry":{"type":"Point","coordinates":[8.559726,47.290277]},"properties":{"name":"Thalwil, Feldstrasse","lines":"140, 240, N16","arr":["140","240","N16"],"terminus":0,"mode":"bus","color":"#0059a9","colorDark":"#00294f","angle":240.4,"snapDist":4,"label":0}},{"type":"Feature","geometry":{"type":"Point","coordinates":[8.562248,47.287802]},"properties":{"name":"Thalwil, Schützenhaus","lines":"140, 240, N16","arr":["140","240","N16"],"terminus":0,"mode":"bus","color":"#0059a9","colorDark":"#00294f","angle":102.9,"snapDist":3,"label":0}},{"type":"Feature","geometry":{"type":"Point","coordinates":[8.56507,47.291293]},"properties":{"name":"Thalwil, Mühlebachplatz","lines":"140, 240, N16","arr":["140","240","N16"],"terminus":0,"mode":"bus","color":"#0059a9","colorDark":"#00294f","angle":165.2,"snapDist":2,"label":0}},{"type":"Feature","geometry":{"type":"Point","coordinates":[8.566028,47.291194]},"properties":{"name":"Thalwil, Trotte","lines":"142, 145","arr":["142","145"],"terminus":0,"mode":"bus","color":"#0059a9","colorDark":"#00294f","angle":207.1,"snapDist":4,"label":1}},{"type":"Feature","geometry":{"type":"Point","coordinates":[8.568372,47.289981]},"properties":{"name":"Thalwil, Platte","lines":"142, 145","arr":["142","145"],"terminus":0,"mode":"bus","color":"#0059a9","colorDark":"#00294f","angle":305.5,"snapDist":6,"label":1}},{"type":"Feature","geometry":{"type":"Point","coordinates":[8.569881,47.287928]},"properties":{"name":"Thalwil, Aubrigstrasse","lines":"142, 145","arr":["142","145"],"terminus":0,"mode":"bus","color":"#0059a9","colorDark":"#00294f","angle":249.1,"snapDist":3,"label":1}},{"type":"Feature","geometry":{"type":"Point","coordinates":[8.570239,47.285474]},"properties":{"name":"Thalwil, Alterszentrum","lines":"142","arr":["142"],"terminus":0,"mode":"bus","color":"#0059a9","colorDark":"#00294f","angle":10.4,"snapDist":5,"label":1}},{"type":"Feature","geometry":{"type":"Point","coordinates":[8.564546,47.286715]},"properties":{"name":"Thalwil, Gewerbestrasse","lines":"142","arr":["142"],"terminus":0,"mode":"bus","color":"#0059a9","colorDark":"#00294f","angle":1.2,"snapDist":4,"label":1}},{"type":"Feature","geometry":{"type":"Point","coordinates":[8.565376,47.284734]},"properties":{"name":"Thalwil, Böni","lines":"142","arr":["142"],"terminus":1,"mode":"bus","color":"#0059a9","colorDark":"#00294f","angle":231.6,"snapDist":4,"label":1}},{"type":"Feature","geometry":{"type":"Point","coordinates":[8.566407,47.286534]},"properties":{"name":"Thalwil, Gewerbestrasse","lines":"142","arr":["142"],"terminus":0,"mode":"bus","color":"#0059a9","colorDark":"#00294f","angle":195.2,"snapDist":3,"label":0}},{"type":"Feature","geometry":{"type":"Point","coordinates":[8.570059,47.285504]},"properties":{"name":"Thalwil, Alterszentrum","lines":"142","arr":["142"],"terminus":0,"mode":"bus","color":"#0059a9","colorDark":"#00294f","angle":195.2,"snapDist":4,"label":0}},{"type":"Feature","geometry":{"type":"Point","coordinates":[8.571695,47.287071]},"properties":{"name":"Thalwil, Rainstrasse","lines":"142","arr":["142"],"terminus":0,"mode":"bus","color":"#0059a9","colorDark":"#00294f","angle":85.7,"snapDist":1,"label":1}},{"type":"Feature","geometry":{"type":"Point","coordinates":[8.570508,47.289884]},"properties":{"name":"Thalwil, Zehntenstrasse","lines":"142","arr":["142"],"terminus":0,"mode":"bus","color":"#0059a9","colorDark":"#00294f","angle":66,"snapDist":2,"label":1}},{"type":"Feature","geometry":{"type":"Point","coordinates":[8.567956,47.291936]},"properties":{"name":"Thalwil, In Reben","lines":"142","arr":["142"],"terminus":0,"mode":"bus","color":"#0059a9","colorDark":"#00294f","angle":40.5,"snapDist":1,"label":1}},{"type":"Feature","geometry":{"type":"Point","coordinates":[8.571615,47.284789]},"properties":{"name":"Thalwil, Oeggisbüelplatz","lines":"145","arr":["145"],"terminus":0,"mode":"bus","color":"#0059a9","colorDark":"#00294f","angle":250.4,"snapDist":3,"label":1}},{"type":"Feature","geometry":{"type":"Point","coordinates":[8.573156,47.281911]},"properties":{"name":"Thalwil, Mettli","lines":"145","arr":["145"],"terminus":0,"mode":"bus","color":"#0059a9","colorDark":"#00294f","angle":244.4,"snapDist":3,"label":1}},{"type":"Feature","geometry":{"type":"Point","coordinates":[8.574656,47.279441]},"properties":{"name":"Oberrieden, Hubstrasse","lines":"145","arr":["145"],"terminus":0,"mode":"bus","color":"#0059a9","colorDark":"#00294f","angle":235.2,"snapDist":7,"label":1}},{"type":"Feature","geometry":{"type":"Point","coordinates":[8.577427,47.276637]},"properties":{"name":"Oberrieden Dorf, Bahnhof","lines":"145","arr":["145"],"terminus":0,"mode":"bus","color":"#0059a9","colorDark":"#00294f","angle":238.6,"snapDist":2,"label":1}},{"type":"Feature","geometry":{"type":"Point","coordinates":[8.58013,47.273322]},"properties":{"name":"Oberrieden, Wattenbühlweg","lines":"145","arr":["145"],"terminus":0,"mode":"bus","color":"#0059a9","colorDark":"#00294f","angle":249.5,"snapDist":3,"label":1}},{"type":"Feature","geometry":{"type":"Point","coordinates":[8.582478,47.269107]},"properties":{"name":"Oberrieden, Tannenbach","lines":"145, N25","arr":["145","N25"],"terminus":0,"mode":"bus","color":"#0059a9","colorDark":"#00294f","angle":221.4,"snapDist":2,"label":1}},{"type":"Feature","geometry":{"type":"Point","coordinates":[8.584673,47.266736]},"properties":{"name":"Horgen, Widmerheim","lines":"145, N25","arr":["145","N25"],"terminus":0,"mode":"bus","color":"#0059a9","colorDark":"#00294f","angle":246.1,"snapDist":6,"label":1}},{"type":"Feature","geometry":{"type":"Point","coordinates":[8.586224,47.264341]},"properties":{"name":"Horgen, Säntisstrasse","lines":"145, N25","arr":["145","N25"],"terminus":0,"mode":"bus","color":"#0059a9","colorDark":"#00294f","angle":242.7,"snapDist":2,"label":1}},{"type":"Feature","geometry":{"type":"Point","coordinates":[8.595928,47.261501]},"properties":{"name":"Horgen, Bahnhof E","lines":"145","arr":["145"],"terminus":1,"mode":"bus","color":"#0059a9","colorDark":"#00294f","angle":11.5,"snapDist":2,"label":1}},{"type":"Feature","geometry":{"type":"Point","coordinates":[8.588147,47.26225]},"properties":{"name":"Horgen, Stocker","lines":"145, N25","arr":["145","N25"],"terminus":0,"mode":"bus","color":"#0059a9","colorDark":"#00294f","angle":46.5,"snapDist":4,"label":0}},{"type":"Feature","geometry":{"type":"Point","coordinates":[8.586119,47.264479]},"properties":{"name":"Horgen, Säntisstrasse","lines":"145, N25","arr":["145","N25"],"terminus":0,"mode":"bus","color":"#0059a9","colorDark":"#00294f","angle":62.7,"snapDist":4,"label":0}},{"type":"Feature","geometry":{"type":"Point","coordinates":[8.584164,47.267441]},"properties":{"name":"Horgen, Widmerheim","lines":"145, N25","arr":["145","N25"],"terminus":0,"mode":"bus","color":"#0059a9","colorDark":"#00294f","angle":55.7,"snapDist":6,"label":0}},{"type":"Feature","geometry":{"type":"Point","coordinates":[8.582574,47.269106]},"properties":{"name":"Oberrieden, Tannenbach","lines":"145, N25","arr":["145","N25"],"terminus":0,"mode":"bus","color":"#0059a9","colorDark":"#00294f","angle":71.5,"snapDist":4,"label":0}},{"type":"Feature","geometry":{"type":"Point","coordinates":[8.580149,47.273288]},"properties":{"name":"Oberrieden, Wattenbühlweg","lines":"145","arr":["145"],"terminus":0,"mode":"bus","color":"#0059a9","colorDark":"#00294f","angle":67,"snapDist":3,"label":0}},{"type":"Feature","geometry":{"type":"Point","coordinates":[8.577104,47.277022]},"properties":{"name":"Oberrieden Dorf, Bahnhof","lines":"145","arr":["145"],"terminus":0,"mode":"bus","color":"#0059a9","colorDark":"#00294f","angle":63.6,"snapDist":3,"label":0}},{"type":"Feature","geometry":{"type":"Point","coordinates":[8.574616,47.279479]},"properties":{"name":"Oberrieden, Hubstrasse","lines":"145","arr":["145"],"terminus":0,"mode":"bus","color":"#0059a9","colorDark":"#00294f","angle":55.2,"snapDist":6,"label":0}},{"type":"Feature","geometry":{"type":"Point","coordinates":[8.572864,47.282413]},"properties":{"name":"Thalwil, Mettli","lines":"145","arr":["145"],"terminus":0,"mode":"bus","color":"#0059a9","colorDark":"#00294f","angle":71,"snapDist":3,"label":0}},{"type":"Feature","geometry":{"type":"Point","coordinates":[8.571568,47.284878]},"properties":{"name":"Thalwil, Oeggisbüelplatz","lines":"145","arr":["145"],"terminus":0,"mode":"bus","color":"#0059a9","colorDark":"#00294f","angle":70.4,"snapDist":4,"label":0}},{"type":"Feature","geometry":{"type":"Point","coordinates":[8.569673,47.288302]},"properties":{"name":"Thalwil, Aubrigstrasse","lines":"145","arr":["145"],"terminus":0,"mode":"bus","color":"#0059a9","colorDark":"#00294f","angle":71.7,"snapDist":2,"label":0}},{"type":"Feature","geometry":{"type":"Point","coordinates":[8.568478,47.29005]},"properties":{"name":"Thalwil, Platte","lines":"145","arr":["145"],"terminus":0,"mode":"bus","color":"#0059a9","colorDark":"#00294f","angle":140,"snapDist":3,"label":0}},{"type":"Feature","geometry":{"type":"Point","coordinates":[8.565901,47.291247]},"properties":{"name":"Thalwil, Trotte","lines":"145","arr":["145"],"terminus":0,"mode":"bus","color":"#0059a9","colorDark":"#00294f","angle":35.8,"snapDist":1,"label":0}},{"type":"Feature","geometry":{"type":"Point","coordinates":[8.5244,47.311598]},"properties":{"name":"Adliswil, Bahnhof A","lines":"151, 152, N15","arr":["151","152","N15"],"terminus":1,"mode":"bus","color":"#0059a9","colorDark":"#00294f","angle":270.9,"snapDist":3,"label":1}},{"type":"Feature","geometry":{"type":"Point","coordinates":[8.52528,47.313203]},"properties":{"name":"Adliswil, Poststrasse","lines":"151, N15","arr":["151","N15"],"terminus":0,"mode":"bus","color":"#0059a9","colorDark":"#00294f","angle":3.9,"snapDist":2,"label":1}},{"type":"Feature","geometry":{"type":"Point","coordinates":[8.519189,47.314519]},"properties":{"name":"Adliswil, Feldblumenstrasse","lines":"151, N15","arr":["151","N15"],"terminus":0,"mode":"bus","color":"#0059a9","colorDark":"#00294f","angle":56.5,"snapDist":2,"label":1}},{"type":"Feature","geometry":{"type":"Point","coordinates":[8.51756,47.316891]},"properties":{"name":"Adliswil, Bodenacker","lines":"151, N15","arr":["151","N15"],"terminus":0,"mode":"bus","color":"#0059a9","colorDark":"#00294f","angle":77.7,"snapDist":3,"label":1}},{"type":"Feature","geometry":{"type":"Point","coordinates":[8.51629,47.319269]},"properties":{"name":"Adliswil, Zopf","lines":"151, N15","arr":["151","N15"],"terminus":0,"mode":"bus","color":"#0059a9","colorDark":"#00294f","angle":69.4,"snapDist":3,"label":1}},{"type":"Feature","geometry":{"type":"Point","coordinates":[8.51558,47.320807]},"properties":{"name":"Adliswil, Baldernstrasse","lines":"151, N15","arr":["151","N15"],"terminus":0,"mode":"bus","color":"#0059a9","colorDark":"#00294f","angle":72.4,"snapDist":2,"label":1}},{"type":"Feature","geometry":{"type":"Point","coordinates":[8.514218,47.323083]},"properties":{"name":"Mittelleimbach","lines":"151, N15","arr":["151","N15"],"terminus":1,"mode":"bus","color":"#0059a9","colorDark":"#00294f","angle":320.9,"snapDist":4,"label":0}},{"type":"Feature","geometry":{"type":"Point","coordinates":[8.515589,47.320786]},"properties":{"name":"Adliswil, Baldernstrasse","lines":"151, N15","arr":["151","N15"],"terminus":0,"mode":"bus","color":"#0059a9","colorDark":"#00294f","angle":252.4,"snapDist":4,"label":0}},{"type":"Feature","geometry":{"type":"Point","coordinates":[8.516415,47.319071]},"properties":{"name":"Adliswil, Zopf","lines":"151, N15","arr":["151","N15"],"terminus":0,"mode":"bus","color":"#0059a9","colorDark":"#00294f","angle":244.1,"snapDist":3,"label":0}},{"type":"Feature","geometry":{"type":"Point","coordinates":[8.517931,47.316037]},"properties":{"name":"Adliswil, Bodenacker","lines":"151, N15","arr":["151","N15"],"terminus":0,"mode":"bus","color":"#0059a9","colorDark":"#00294f","angle":246,"snapDist":1,"label":0}},{"type":"Feature","geometry":{"type":"Point","coordinates":[8.518957,47.314739]},"properties":{"name":"Adliswil, Feldblumenstrasse","lines":"151, N15","arr":["151","N15"],"terminus":0,"mode":"bus","color":"#0059a9","colorDark":"#00294f","angle":235.8,"snapDist":1,"label":0}},{"type":"Feature","geometry":{"type":"Point","coordinates":[8.525186,47.313207]},"properties":{"name":"Adliswil, Poststrasse","lines":"151, N15","arr":["151","N15"],"terminus":0,"mode":"bus","color":"#0059a9","colorDark":"#00294f","angle":184,"snapDist":4,"label":0}},{"type":"Feature","geometry":{"type":"Point","coordinates":[8.524395,47.311342]},"properties":{"name":"Adliswil, Bahnhof B","lines":"151, 153, N18","arr":["151","153","N18"],"terminus":1,"mode":"bus","color":"#0059a9","colorDark":"#00294f","angle":270.6,"snapDist":1,"label":1}},{"type":"Feature","geometry":{"type":"Point","coordinates":[8.5244,47.311598]},"properties":{"name":"Adliswil, Bahnhof A","lines":"152, 153","arr":["152","153"],"terminus":1,"mode":"bus","color":"#0059a9","colorDark":"#00294f","angle":270.9,"snapDist":1,"label":0}},{"type":"Feature","geometry":{"type":"Point","coordinates":[8.531897,47.309933]},"properties":{"name":"Adliswil, Rifertstrasse","lines":"152, 156, N15","arr":["152","156","N15"],"terminus":0,"mode":"bus","color":"#0059a9","colorDark":"#00294f","angle":223.8,"snapDist":5,"label":1}},{"type":"Feature","geometry":{"type":"Point","coordinates":[8.534199,47.308264]},"properties":{"name":"Adliswil, Schulhaus Kopfholz","lines":"152","arr":["152"],"terminus":0,"mode":"bus","color":"#0059a9","colorDark":"#00294f","angle":293.2,"snapDist":4,"label":0}},{"type":"Feature","geometry":{"type":"Point","coordinates":[8.530107,47.306737]},"properties":{"name":"Adliswil, Friedhof","lines":"152","arr":["152"],"terminus":0,"mode":"bus","color":"#0059a9","colorDark":"#00294f","angle":330.1,"snapDist":2,"label":1}},{"type":"Feature","geometry":{"type":"Point","coordinates":[8.528491,47.309257]},"properties":{"name":"Adliswil, Tobelhof","lines":"152","arr":["152"],"terminus":0,"mode":"bus","color":"#0059a9","colorDark":"#00294f","angle":110.5,"snapDist":1,"label":1}},{"type":"Feature","geometry":{"type":"Point","coordinates":[8.522362,47.305649]},"properties":{"name":"Adliswil, Wanneten-/Haldenstr.","lines":"153, N18","arr":["153","N18"],"terminus":0,"mode":"bus","color":"#0059a9","colorDark":"#00294f","angle":287.4,"snapDist":6,"label":1}},{"type":"Feature","geometry":{"type":"Point","coordinates":[8.522353,47.303554]},"properties":{"name":"Adliswil, Landolt-Junker-Str.","lines":"153, N18","arr":["153","N18"],"terminus":0,"mode":"bus","color":"#0059a9","colorDark":"#00294f","angle":279.1,"snapDist":3,"label":1}},{"type":"Feature","geometry":{"type":"Point","coordinates":[8.52243,47.301052]},"properties":{"name":"Adliswil, Büchel","lines":"153","arr":["153"],"terminus":0,"mode":"bus","color":"#0059a9","colorDark":"#00294f","angle":222.9,"snapDist":1,"label":0}},{"type":"Feature","geometry":{"type":"Point","coordinates":[8.533397,47.287398]},"properties":{"name":"Langnau a.A.,Schwerzi-Wildpark","lines":"153, 240","arr":["153","240"],"terminus":0,"mode":"bus","color":"#0059a9","colorDark":"#00294f","angle":234,"snapDist":8,"label":1}},{"type":"Feature","geometry":{"type":"Point","coordinates":[8.532962,47.288143]},"properties":{"name":"Langnau a.A.,Schwerzi-Wildpark","lines":"153, 240","arr":["153","240"],"terminus":0,"mode":"bus","color":"#0059a9","colorDark":"#00294f","angle":70.4,"snapDist":4,"label":0}},{"type":"Feature","geometry":{"type":"Point","coordinates":[8.522094,47.301137]},"properties":{"name":"Adliswil, Büchel","lines":"153, N18","arr":["153","N18"],"terminus":1,"mode":"bus","color":"#0059a9","colorDark":"#00294f","angle":126.5,"snapDist":1,"label":1}},{"type":"Feature","geometry":{"type":"Point","coordinates":[8.522234,47.303186]},"properties":{"name":"Adliswil, Landolt-Junker-Str.","lines":"153","arr":["153"],"terminus":0,"mode":"bus","color":"#0059a9","colorDark":"#00294f","angle":105.1,"snapDist":2,"label":0}},{"type":"Feature","geometry":{"type":"Point","coordinates":[8.522793,47.306085]},"properties":{"name":"Adliswil, Wanneten-/Haldenstr.","lines":"153","arr":["153"],"terminus":0,"mode":"bus","color":"#0059a9","colorDark":"#00294f","angle":131.7,"snapDist":2,"label":0}},{"type":"Feature","geometry":{"type":"Point","coordinates":[8.524286,47.311678]},"properties":{"name":"Adliswil, Bahnhof C","lines":"156, 184, 185, N18","arr":["156","184","185","N18"],"terminus":1,"mode":"bus","color":"#0059a9","colorDark":"#00294f","angle":90.1,"snapDist":1,"label":1}},{"type":"Feature","geometry":{"type":"Point","coordinates":[8.535037,47.3087]},"properties":{"name":"Adliswil, Schulhaus Kopfholz","lines":"156, N15","arr":["156","N15"],"terminus":1,"mode":"bus","color":"#0059a9","colorDark":"#00294f","angle":204.8,"snapDist":2,"label":1}},{"type":"Feature","geometry":{"type":"Point","coordinates":[8.542129,47.307128]},"properties":{"name":"Rüschlikon, Loorain","lines":"156, 165, N16","arr":["156","165","N16"],"terminus":0,"mode":"bus","color":"#0059a9","colorDark":"#00294f","angle":251.6,"snapDist":5,"label":1}},{"type":"Feature","geometry":{"type":"Point","coordinates":[8.544161,47.304634]},"properties":{"name":"Rüschlikon, Eggrain","lines":"156, 165, N16","arr":["156","165","N16"],"terminus":0,"mode":"bus","color":"#0059a9","colorDark":"#00294f","angle":238.9,"snapDist":2,"label":1}},{"type":"Feature","geometry":{"type":"Point","coordinates":[8.545121,47.302531]},"properties":{"name":"Rüschlikon, Moosstrasse","lines":"156, 165, N16","arr":["156","165","N16"],"terminus":0,"mode":"bus","color":"#0059a9","colorDark":"#00294f","angle":252.9,"snapDist":3,"label":1}},{"type":"Feature","geometry":{"type":"Point","coordinates":[8.550412,47.300201]},"properties":{"name":"Rüschlikon, Park im Grüene","lines":"156, N16","arr":["156","N16"],"terminus":0,"mode":"bus","color":"#0059a9","colorDark":"#00294f","angle":237.3,"snapDist":1,"label":0}},{"type":"Feature","geometry":{"type":"Point","coordinates":[8.554201,47.297594]},"properties":{"name":"Thalwil, Seehaldenstrasse","lines":"156, N16","arr":["156","N16"],"terminus":0,"mode":"bus","color":"#0059a9","colorDark":"#00294f","angle":231.5,"snapDist":5,"label":1}},{"type":"Feature","geometry":{"type":"Point","coordinates":[8.55636,47.293567]},"properties":{"name":"Thalwil, Sonnenberg","lines":"156, N16","arr":["156","N16"],"terminus":0,"mode":"bus","color":"#0059a9","colorDark":"#00294f","angle":253.8,"snapDist":7,"label":1}},{"type":"Feature","geometry":{"type":"Point","coordinates":[8.559219,47.293244]},"properties":{"name":"Thalwil, Rudishaldenstrasse","lines":"156","arr":["156"],"terminus":0,"mode":"bus","color":"#0059a9","colorDark":"#00294f","angle":107,"snapDist":2,"label":1}},{"type":"Feature","geometry":{"type":"Point","coordinates":[8.55964,47.297429]},"properties":{"name":"Thalwil, Aegertli","lines":"156","arr":["156"],"terminus":0,"mode":"bus","color":"#0059a9","colorDark":"#00294f","angle":88.5,"snapDist":2,"label":1}},{"type":"Feature","geometry":{"type":"Point","coordinates":[8.561834,47.296037]},"properties":{"name":"Thalwil, Archstrasse","lines":"156","arr":["156"],"terminus":0,"mode":"bus","color":"#0059a9","colorDark":"#00294f","angle":238.6,"snapDist":3,"label":1}},{"type":"Feature","geometry":{"type":"Point","coordinates":[8.563249,47.294638]},"properties":{"name":"Thalwil, Schwandelstrasse","lines":"156","arr":["156"],"terminus":0,"mode":"bus","color":"#0059a9","colorDark":"#00294f","angle":231.9,"snapDist":3,"label":1}},{"type":"Feature","geometry":{"type":"Point","coordinates":[8.560582,47.29772]},"properties":{"name":"Thalwil, Pilgerweg","lines":"156","arr":["156"],"terminus":0,"mode":"bus","color":"#0059a9","colorDark":"#00294f","angle":310.4,"snapDist":1,"label":1}},{"type":"Feature","geometry":{"type":"Point","coordinates":[8.559552,47.295638]},"properties":{"name":"Thalwil, Aegertli","lines":"156","arr":["156"],"terminus":0,"mode":"bus","color":"#0059a9","colorDark":"#00294f","angle":272.1,"snapDist":2,"label":0}},{"type":"Feature","geometry":{"type":"Point","coordinates":[8.559323,47.293473]},"properties":{"name":"Thalwil, Rudishaldenstrasse","lines":"156","arr":["156"],"terminus":0,"mode":"bus","color":"#0059a9","colorDark":"#00294f","angle":287,"snapDist":3,"label":0}},{"type":"Feature","geometry":{"type":"Point","coordinates":[8.556064,47.294232]},"properties":{"name":"Thalwil, Sonnenberg","lines":"156","arr":["156"],"terminus":0,"mode":"bus","color":"#0059a9","colorDark":"#00294f","angle":73.2,"snapDist":7,"label":0}},{"type":"Feature","geometry":{"type":"Point","coordinates":[8.553771,47.297951]},"properties":{"name":"Thalwil, Seehaldenstrasse","lines":"156","arr":["156"],"terminus":0,"mode":"bus","color":"#0059a9","colorDark":"#00294f","angle":49.5,"snapDist":7,"label":0}},{"type":"Feature","geometry":{"type":"Point","coordinates":[8.550386,47.300356]},"properties":{"name":"Rüschlikon, Park im Grüene","lines":"156","arr":["156"],"terminus":0,"mode":"bus","color":"#0059a9","colorDark":"#00294f","angle":58.1,"snapDist":3,"label":0}},{"type":"Feature","geometry":{"type":"Point","coordinates":[8.545122,47.302529]},"properties":{"name":"Rüschlikon, Moosstrasse","lines":"156, 165","arr":["156","165"],"terminus":0,"mode":"bus","color":"#0059a9","colorDark":"#00294f","angle":72.9,"snapDist":5,"label":0}},{"type":"Feature","geometry":{"type":"Point","coordinates":[8.54416,47.304635]},"properties":{"name":"Rüschlikon, Eggrain","lines":"156, 165","arr":["156","165"],"terminus":0,"mode":"bus","color":"#0059a9","colorDark":"#00294f","angle":58.9,"snapDist":8,"label":0}},{"type":"Feature","geometry":{"type":"Point","coordinates":[8.542047,47.307295]},"properties":{"name":"Rüschlikon, Loorain","lines":"156, 165","arr":["156","165"],"terminus":0,"mode":"bus","color":"#0059a9","colorDark":"#00294f","angle":71.6,"snapDist":3,"label":0}},{"type":"Feature","geometry":{"type":"Point","coordinates":[8.533855,47.309146]},"properties":{"name":"Adliswil, Schulhaus Kopfholz","lines":"156","arr":["156"],"terminus":0,"mode":"bus","color":"#0059a9","colorDark":"#00294f","angle":25.1,"snapDist":4,"label":0}},{"type":"Feature","geometry":{"type":"Point","coordinates":[8.540238,47.367178]},"properties":{"name":"Bürkliplatz","lines":"161, 165","arr":["161","165"],"terminus":1,"mode":"bus","color":"#0059a9","colorDark":"#00294f","angle":75.8,"snapDist":5,"label":1}},{"type":"Feature","geometry":{"type":"Point","coordinates":[8.53461,47.363441]},"properties":{"name":"Rentenanstalt","lines":"161, 165, N5","arr":["161","165","N5"],"terminus":0,"mode":"bus","color":"#0059a9","colorDark":"#00294f","angle":348.6,"snapDist":1,"label":1}},{"type":"Feature","geometry":{"type":"Point","coordinates":[8.531591,47.363881]},"properties":{"name":"Bahnhof Enge","lines":"161, 165","arr":["161","165"],"terminus":0,"mode":"bus","color":"#0059a9","colorDark":"#00294f","angle":23.6,"snapDist":3,"label":1}},{"type":"Feature","geometry":{"type":"Point","coordinates":[8.531636,47.360513]},"properties":{"name":"Museum Rietberg","lines":"161, 165, N16","arr":["161","165","N16"],"terminus":0,"mode":"bus","color":"#0059a9","colorDark":"#00294f","angle":258.2,"snapDist":6,"label":1}},{"type":"Feature","geometry":{"type":"Point","coordinates":[8.532225,47.355929]},"properties":{"name":"Brunaustrasse","lines":"161, 165, N16","arr":["161","165","N16"],"terminus":0,"mode":"bus","color":"#0059a9","colorDark":"#00294f","angle":260.8,"snapDist":2,"label":1}},{"type":"Feature","geometry":{"type":"Point","coordinates":[8.531963,47.351496]},"properties":{"name":"Billoweg","lines":"161, 165, N16","arr":["161","165","N16"],"terminus":0,"mode":"bus","color":"#0059a9","colorDark":"#00294f","angle":269,"snapDist":3,"label":1}},{"type":"Feature","geometry":{"type":"Point","coordinates":[8.536288,47.34243]},"properties":{"name":"Rote Fabrik","lines":"161, 165, N16","arr":["161","165","N16"],"terminus":0,"mode":"bus","color":"#0059a9","colorDark":"#00294f","angle":243.1,"snapDist":4,"label":1}},{"type":"Feature","geometry":{"type":"Point","coordinates":[8.538348,47.338556]},"properties":{"name":"Seerose","lines":"161, 165, N16","arr":["161","165","N16"],"terminus":0,"mode":"bus","color":"#0059a9","colorDark":"#00294f","angle":251.3,"snapDist":7,"label":1}},{"type":"Feature","geometry":{"type":"Point","coordinates":[8.541756,47.33485]},"properties":{"name":"Stadtgrenze","lines":"161, 165, N16","arr":["161","165","N16"],"terminus":0,"mode":"bus","color":"#0059a9","colorDark":"#00294f","angle":227.3,"snapDist":5,"label":1}},{"type":"Feature","geometry":{"type":"Point","coordinates":[8.542975,47.332166]},"properties":{"name":"Kilchberg ZH, Weinbergstrasse","lines":"161, N16","arr":["161","N16"],"terminus":0,"mode":"bus","color":"#0059a9","colorDark":"#00294f","angle":43.5,"snapDist":1,"label":1}},{"type":"Feature","geometry":{"type":"Point","coordinates":[8.54204,47.33183]},"properties":{"name":"Kilchberg ZH, Hornhaldenstr.","lines":"161, N16","arr":["161","N16"],"terminus":0,"mode":"bus","color":"#0059a9","colorDark":"#00294f","angle":242.5,"snapDist":2,"label":1}},{"type":"Feature","geometry":{"type":"Point","coordinates":[8.543244,47.329199]},"properties":{"name":"Kilchberg ZH, Paradiessteig","lines":"161, N16","arr":["161","N16"],"terminus":0,"mode":"bus","color":"#0059a9","colorDark":"#00294f","angle":247.7,"snapDist":4,"label":1}},{"type":"Feature","geometry":{"type":"Point","coordinates":[8.544397,47.327215]},"properties":{"name":"Kilchberg ZH, Sanatorium","lines":"161, N16","arr":["161","N16"],"terminus":0,"mode":"bus","color":"#0059a9","colorDark":"#00294f","angle":250.7,"snapDist":3,"label":1}},{"type":"Feature","geometry":{"type":"Point","coordinates":[8.545242,47.324983]},"properties":{"name":"Kilchberg ZH, Gemeindehaus","lines":"161, 163, N16","arr":["161","163","N16"],"terminus":0,"mode":"bus","color":"#0059a9","colorDark":"#00294f","angle":261.8,"snapDist":4,"label":1}},{"type":"Feature","geometry":{"type":"Point","coordinates":[8.545204,47.321642]},"properties":{"name":"Kilchberg ZH, Schwelle","lines":"161, 162, 163, N16","arr":["161","162","163","N16"],"terminus":0,"mode":"bus","color":"#0059a9","colorDark":"#00294f","angle":267.3,"snapDist":3,"label":1}},{"type":"Feature","geometry":{"type":"Point","coordinates":[8.54569,47.318739]},"properties":{"name":"Kilchberg ZH, Auf Brunnen","lines":"161, 162","arr":["161","162"],"terminus":0,"mode":"bus","color":"#0059a9","colorDark":"#00294f","angle":303,"snapDist":6,"label":1}},{"type":"Feature","geometry":{"type":"Point","coordinates":[8.541269,47.317368]},"properties":{"name":"Kilchberg ZH, Kirche","lines":"161, 162","arr":["161","162"],"terminus":0,"mode":"bus","color":"#0059a9","colorDark":"#00294f","angle":345,"snapDist":2,"label":0}},{"type":"Feature","geometry":{"type":"Point","coordinates":[8.539035,47.316957]},"properties":{"name":"Kilchberg ZH, Neuweid","lines":"161","arr":["161"],"terminus":1,"mode":"bus","color":"#0059a9","colorDark":"#00294f","angle":338.2,"snapDist":2,"label":1}},{"type":"Feature","geometry":{"type":"Point","coordinates":[8.542196,47.317439]},"properties":{"name":"Kilchberg ZH, Kirche","lines":"161, 162","arr":["161","162"],"terminus":0,"mode":"bus","color":"#0059a9","colorDark":"#00294f","angle":174.5,"snapDist":1,"label":0}},{"type":"Feature","geometry":{"type":"Point","coordinates":[8.545667,47.318715]},"properties":{"name":"Kilchberg ZH, Auf Brunnen","lines":"161, 162","arr":["161","162"],"terminus":0,"mode":"bus","color":"#0059a9","colorDark":"#00294f","angle":124.6,"snapDist":3,"label":0}},{"type":"Feature","geometry":{"type":"Point","coordinates":[8.545201,47.321879]},"properties":{"name":"Kilchberg ZH, Schwelle","lines":"161, 162, 163","arr":["161","162","163"],"terminus":0,"mode":"bus","color":"#0059a9","colorDark":"#00294f","angle":90.1,"snapDist":3,"label":0}},{"type":"Feature","geometry":{"type":"Point","coordinates":[8.54517,47.325211]},"properties":{"name":"Kilchberg ZH, Gemeindehaus","lines":"161, 163","arr":["161","163"],"terminus":0,"mode":"bus","color":"#0059a9","colorDark":"#00294f","angle":77.3,"snapDist":2,"label":0}},{"type":"Feature","geometry":{"type":"Point","coordinates":[8.544426,47.327156]},"properties":{"name":"Kilchberg ZH, Sanatorium","lines":"161","arr":["161"],"terminus":0,"mode":"bus","color":"#0059a9","colorDark":"#00294f","angle":71.1,"snapDist":3,"label":0}},{"type":"Feature","geometry":{"type":"Point","coordinates":[8.543102,47.330068]},"properties":{"name":"Kilchberg ZH, Paradiessteig","lines":"161","arr":["161"],"terminus":0,"mode":"bus","color":"#0059a9","colorDark":"#00294f","angle":79.1,"snapDist":0,"label":0}},{"type":"Feature","geometry":{"type":"Point","coordinates":[8.542038,47.331832]},"properties":{"name":"Kilchberg ZH, Hornhaldenstr.","lines":"161","arr":["161"],"terminus":0,"mode":"bus","color":"#0059a9","colorDark":"#00294f","angle":62.5,"snapDist":0,"label":0}},{"type":"Feature","geometry":{"type":"Point","coordinates":[8.543581,47.332499]},"properties":{"name":"Kilchberg ZH, Weinbergstrasse","lines":"161","arr":["161"],"terminus":0,"mode":"bus","color":"#0059a9","colorDark":"#00294f","angle":65.1,"snapDist":3,"label":0}},{"type":"Feature","geometry":{"type":"Point","coordinates":[8.541202,47.335246]},"properties":{"name":"Stadtgrenze","lines":"161, 165, N16","arr":["161","165","N16"],"terminus":0,"mode":"bus","color":"#0059a9","colorDark":"#00294f","angle":46.1,"snapDist":5,"label":0}},{"type":"Feature","geometry":{"type":"Point","coordinates":[8.537905,47.339444]},"properties":{"name":"Seerose","lines":"161, 165, N16","arr":["161","165","N16"],"terminus":0,"mode":"bus","color":"#0059a9","colorDark":"#00294f","angle":72.3,"snapDist":2,"label":0}},{"type":"Feature","geometry":{"type":"Point","coordinates":[8.535916,47.342937]},"properties":{"name":"Rote Fabrik","lines":"161, 165, N16","arr":["161","165","N16"],"terminus":0,"mode":"bus","color":"#0059a9","colorDark":"#00294f","angle":63.1,"snapDist":5,"label":0}},{"type":"Feature","geometry":{"type":"Point","coordinates":[8.532862,47.347227]},"properties":{"name":"Zch, Bhf.Wollishofen/Staubstr.","lines":"161, 165, N16","arr":["161","165","N16"],"terminus":0,"mode":"bus","color":"#0059a9","colorDark":"#00294f","angle":81.3,"snapDist":1,"label":0}},{"type":"Feature","geometry":{"type":"Point","coordinates":[8.531964,47.351849]},"properties":{"name":"Billoweg","lines":"161, 165, N16","arr":["161","165","N16"],"terminus":0,"mode":"bus","color":"#0059a9","colorDark":"#00294f","angle":91,"snapDist":2,"label":0}},{"type":"Feature","geometry":{"type":"Point","coordinates":[8.532218,47.356339]},"properties":{"name":"Brunaustrasse","lines":"161, 165, N16","arr":["161","165","N16"],"terminus":0,"mode":"bus","color":"#0059a9","colorDark":"#00294f","angle":85.1,"snapDist":1,"label":0}},{"type":"Feature","geometry":{"type":"Point","coordinates":[8.531528,47.360918]},"properties":{"name":"Museum Rietberg","lines":"161, 165, N16","arr":["161","165","N16"],"terminus":0,"mode":"bus","color":"#0059a9","colorDark":"#00294f","angle":83.7,"snapDist":4,"label":0}},{"type":"Feature","geometry":{"type":"Point","coordinates":[8.531886,47.363793]},"properties":{"name":"Bahnhof Enge","lines":"161, 165","arr":["161","165"],"terminus":0,"mode":"bus","color":"#0059a9","colorDark":"#00294f","angle":204,"snapDist":4,"label":0}},{"type":"Feature","geometry":{"type":"Point","coordinates":[8.535023,47.363534]},"properties":{"name":"Rentenanstalt","lines":"161, 165, N5","arr":["161","165","N5"],"terminus":0,"mode":"bus","color":"#0059a9","colorDark":"#00294f","angle":156.5,"snapDist":1,"label":0}},{"type":"Feature","geometry":{"type":"Point","coordinates":[8.535262,47.321866]},"properties":{"name":"Kilchberg ZH, Asp","lines":"162, 185","arr":["162","185"],"terminus":1,"mode":"bus","color":"#0059a9","colorDark":"#00294f","angle":104.2,"snapDist":0,"label":1}},{"type":"Feature","geometry":{"type":"Point","coordinates":[8.534286,47.318761]},"properties":{"name":"Adliswil, Ahornweg","lines":"162, 185, N18","arr":["162","185","N18"],"terminus":0,"mode":"bus","color":"#0059a9","colorDark":"#00294f","angle":253.7,"snapDist":2,"label":1}},{"type":"Feature","geometry":{"type":"Point","coordinates":[8.535697,47.315252]},"properties":{"name":"Adliswil, Hofackerstrasse","lines":"162, 185, N18","arr":["162","185","N18"],"terminus":0,"mode":"bus","color":"#0059a9","colorDark":"#00294f","angle":235.9,"snapDist":1,"label":1}},{"type":"Feature","geometry":{"type":"Point","coordinates":[8.539018,47.316846]},"properties":{"name":"Kilchberg ZH, Neuweid","lines":"162","arr":["162"],"terminus":0,"mode":"bus","color":"#0059a9","colorDark":"#00294f","angle":181.4,"snapDist":3,"label":0}},{"type":"Feature","geometry":{"type":"Point","coordinates":[8.547733,47.321779]},"properties":{"name":"Kilchberg ZH,Schulhaus Dorfstr","lines":"162, 163","arr":["162","163"],"terminus":0,"mode":"bus","color":"#0059a9","colorDark":"#00294f","angle":242.5,"snapDist":1,"label":1}},{"type":"Feature","geometry":{"type":"Point","coordinates":[8.548151,47.324656]},"properties":{"name":"Kilchberg ZH, Bahnhof","lines":"162, 163","arr":["162","163"],"terminus":1,"mode":"bus","color":"#0059a9","colorDark":"#00294f","angle":77.6,"snapDist":1,"label":1}},{"type":"Feature","geometry":{"type":"Point","coordinates":[8.547666,47.321865]},"properties":{"name":"Kilchberg ZH,Schulhaus Dorfstr","lines":"162, 163","arr":["162","163"],"terminus":0,"mode":"bus","color":"#0059a9","colorDark":"#00294f","angle":62.5,"snapDist":2,"label":0}},{"type":"Feature","geometry":{"type":"Point","coordinates":[8.53917,47.316845]},"properties":{"name":"Kilchberg ZH, Neuweid","lines":"162","arr":["162"],"terminus":0,"mode":"bus","color":"#0059a9","colorDark":"#00294f","angle":359.6,"snapDist":1,"label":0}},{"type":"Feature","geometry":{"type":"Point","coordinates":[8.535951,47.314921]},"properties":{"name":"Adliswil, Hofackerstrasse","lines":"162, 185","arr":["162","185"],"terminus":0,"mode":"bus","color":"#0059a9","colorDark":"#00294f","angle":72.4,"snapDist":1,"label":0}},{"type":"Feature","geometry":{"type":"Point","coordinates":[8.534144,47.319096]},"properties":{"name":"Adliswil, Ahornweg","lines":"162, 185","arr":["162","185"],"terminus":0,"mode":"bus","color":"#0059a9","colorDark":"#00294f","angle":74.2,"snapDist":2,"label":0}},{"type":"Feature","geometry":{"type":"Point","coordinates":[8.534969,47.321461]},"properties":{"name":"Kilchberg ZH, Asp","lines":"162","arr":["162"],"terminus":1,"mode":"bus","color":"#0059a9","colorDark":"#00294f","angle":97.2,"snapDist":2,"label":0}},{"type":"Feature","geometry":{"type":"Point","coordinates":[8.542971,47.324678]},"properties":{"name":"Kilchberg ZH, Schlimbergstr.","lines":"163","arr":["163"],"terminus":1,"mode":"bus","color":"#0059a9","colorDark":"#00294f","angle":251.8,"snapDist":2,"label":1}},{"type":"Feature","geometry":{"type":"Point","coordinates":[8.549624,47.317346]},"properties":{"name":"Kilchberg ZH, Schoorenstrasse","lines":"163","arr":["163"],"terminus":0,"mode":"bus","color":"#0059a9","colorDark":"#00294f","angle":170.1,"snapDist":5,"label":1}},{"type":"Feature","geometry":{"type":"Point","coordinates":[8.551244,47.31912]},"properties":{"name":"Kilchberg ZH, Lindt & Sprüngli","lines":"163","arr":["163"],"terminus":0,"mode":"bus","color":"#0059a9","colorDark":"#00294f","angle":159.2,"snapDist":4,"label":1}},{"type":"Feature","geometry":{"type":"Point","coordinates":[8.550359,47.322228]},"properties":{"name":"Kilchberg ZH, Bendlikon","lines":"163, 165, N16","arr":["163","165","N16"],"terminus":0,"mode":"bus","color":"#0059a9","colorDark":"#00294f","angle":78.3,"snapDist":9,"label":1}},{"type":"Feature","geometry":{"type":"Point","coordinates":[8.550391,47.322114]},"properties":{"name":"Kilchberg ZH, Bendlikon","lines":"163, 165","arr":["163","165"],"terminus":0,"mode":"bus","color":"#0059a9","colorDark":"#00294f","angle":259.2,"snapDist":6,"label":0}},{"type":"Feature","geometry":{"type":"Point","coordinates":[8.551681,47.319377]},"properties":{"name":"Kilchberg ZH, Lindt & Sprüngli","lines":"163, 165","arr":["163","165"],"terminus":0,"mode":"bus","color":"#0059a9","colorDark":"#00294f","angle":244.6,"snapDist":5,"label":0}},{"type":"Feature","geometry":{"type":"Point","coordinates":[8.549331,47.317311]},"properties":{"name":"Kilchberg ZH, Schoorenstrasse","lines":"163","arr":["163"],"terminus":0,"mode":"bus","color":"#0059a9","colorDark":"#00294f","angle":350.1,"snapDist":1,"label":0}},{"type":"Feature","geometry":{"type":"Point","coordinates":[8.542669,47.322887]},"properties":{"name":"Kilchberg ZH, Gottlieb-Binder","lines":"163","arr":["163"],"terminus":0,"mode":"bus","color":"#0059a9","colorDark":"#00294f","angle":323.2,"snapDist":3,"label":1}},{"type":"Feature","geometry":{"type":"Point","coordinates":[8.547418,47.328311]},"properties":{"name":"Kilchberg ZH, Paradiesstrasse","lines":"165","arr":["165"],"terminus":0,"mode":"bus","color":"#0059a9","colorDark":"#00294f","angle":251.4,"snapDist":3,"label":1}},{"type":"Feature","geometry":{"type":"Point","coordinates":[8.553389,47.317649]},"properties":{"name":"Kilchberg ZH, Schooren","lines":"165","arr":["165"],"terminus":0,"mode":"bus","color":"#0059a9","colorDark":"#00294f","angle":230.5,"snapDist":7,"label":1}},{"type":"Feature","geometry":{"type":"Point","coordinates":[8.55364,47.313536]},"properties":{"name":"Rüschlikon, Schlossstrasse","lines":"165","arr":["165"],"terminus":0,"mode":"bus","color":"#0059a9","colorDark":"#00294f","angle":296.1,"snapDist":6,"label":1}},{"type":"Feature","geometry":{"type":"Point","coordinates":[8.552512,47.310812]},"properties":{"name":"Rüschlikon, Bodengasse","lines":"165","arr":["165"],"terminus":0,"mode":"bus","color":"#0059a9","colorDark":"#00294f","angle":250.4,"snapDist":4,"label":1}},{"type":"Feature","geometry":{"type":"Point","coordinates":[8.553574,47.308376]},"properties":{"name":"Rüschlikon, Bahnhof","lines":"165, N16","arr":["165","N16"],"terminus":0,"mode":"bus","color":"#0059a9","colorDark":"#00294f","angle":270.4,"snapDist":2,"label":1}},{"type":"Feature","geometry":{"type":"Point","coordinates":[8.552936,47.305812]},"properties":{"name":"Rüschlikon, Weidstrasse","lines":"165, N16","arr":["165","N16"],"terminus":0,"mode":"bus","color":"#0059a9","colorDark":"#00294f","angle":270.5,"snapDist":2,"label":1}},{"type":"Feature","geometry":{"type":"Point","coordinates":[8.550977,47.306217]},"properties":{"name":"Rüschlikon, Langhaldenstrasse","lines":"165, N16","arr":["165","N16"],"terminus":0,"mode":"bus","color":"#0059a9","colorDark":"#00294f","angle":46.5,"snapDist":1,"label":1}},{"type":"Feature","geometry":{"type":"Point","coordinates":[8.548618,47.307084]},"properties":{"name":"Rüschlikon, Belvoir","lines":"165, N16","arr":["165","N16"],"terminus":0,"mode":"bus","color":"#0059a9","colorDark":"#00294f","angle":27.7,"snapDist":5,"label":1}},{"type":"Feature","geometry":{"type":"Point","coordinates":[8.546294,47.308007]},"properties":{"name":"Rüschlikon, Säumerstrasse","lines":"165, N16","arr":["165","N16"],"terminus":0,"mode":"bus","color":"#0059a9","colorDark":"#00294f","angle":358.3,"snapDist":2,"label":1}},{"type":"Feature","geometry":{"type":"Point","coordinates":[8.548877,47.301407]},"properties":{"name":"Rüschlikon, Park im Grüene","lines":"165","arr":["165"],"terminus":1,"mode":"bus","color":"#0059a9","colorDark":"#00294f","angle":176.7,"snapDist":4,"label":1}},{"type":"Feature","geometry":{"type":"Point","coordinates":[8.546122,47.308007]},"properties":{"name":"Rüschlikon, Säumerstrasse","lines":"165","arr":["165"],"terminus":0,"mode":"bus","color":"#0059a9","colorDark":"#00294f","angle":180.1,"snapDist":2,"label":0}},{"type":"Feature","geometry":{"type":"Point","coordinates":[8.548717,47.307058]},"properties":{"name":"Rüschlikon, Belvoir","lines":"165","arr":["165"],"terminus":0,"mode":"bus","color":"#0059a9","colorDark":"#00294f","angle":197.3,"snapDist":2,"label":0}},{"type":"Feature","geometry":{"type":"Point","coordinates":[8.551291,47.306017]},"properties":{"name":"Rüschlikon, Langhaldenstrasse","lines":"165","arr":["165"],"terminus":0,"mode":"bus","color":"#0059a9","colorDark":"#00294f","angle":220,"snapDist":1,"label":0}},{"type":"Feature","geometry":{"type":"Point","coordinates":[8.552936,47.305793]},"properties":{"name":"Rüschlikon, Weidstrasse","lines":"165","arr":["165"],"terminus":0,"mode":"bus","color":"#0059a9","colorDark":"#00294f","angle":88.2,"snapDist":3,"label":0}},{"type":"Feature","geometry":{"type":"Point","coordinates":[8.553574,47.308334]},"properties":{"name":"Rüschlikon, Bahnhof","lines":"165, N16","arr":["165","N16"],"terminus":0,"mode":"bus","color":"#0059a9","colorDark":"#00294f","angle":90.4,"snapDist":3,"label":0}},{"type":"Feature","geometry":{"type":"Point","coordinates":[8.553144,47.309944]},"properties":{"name":"Rüschlikon, Bodengasse","lines":"165, N16","arr":["165","N16"],"terminus":0,"mode":"bus","color":"#0059a9","colorDark":"#00294f","angle":64.9,"snapDist":1,"label":0}},{"type":"Feature","geometry":{"type":"Point","coordinates":[8.553937,47.313927]},"properties":{"name":"Rüschlikon, Schlossstrasse","lines":"165, N16","arr":["165","N16"],"terminus":0,"mode":"bus","color":"#0059a9","colorDark":"#00294f","angle":117.9,"snapDist":9,"label":0}},{"type":"Feature","geometry":{"type":"Point","coordinates":[8.553172,47.317826]},"properties":{"name":"Kilchberg ZH, Schooren","lines":"165, N16","arr":["165","N16"],"terminus":0,"mode":"bus","color":"#0059a9","colorDark":"#00294f","angle":50.1,"snapDist":5,"label":0}},{"type":"Feature","geometry":{"type":"Point","coordinates":[8.551623,47.319459]},"properties":{"name":"Kilchberg ZH, Lindt & Sprüngli","lines":"165, N16","arr":["165","N16"],"terminus":0,"mode":"bus","color":"#0059a9","colorDark":"#00294f","angle":64.6,"snapDist":2,"label":0}},{"type":"Feature","geometry":{"type":"Point","coordinates":[8.546989,47.329191]},"properties":{"name":"Kilchberg ZH, Paradiesstrasse","lines":"165, N16","arr":["165","N16"],"terminus":0,"mode":"bus","color":"#0059a9","colorDark":"#00294f","angle":71.5,"snapDist":4,"label":0}},{"type":"Feature","geometry":{"type":"Point","coordinates":[8.533255,47.347958]},"properties":{"name":"Bahnhof Wollishofen","lines":"184, 185","arr":["184","185"],"terminus":1,"mode":"bus","color":"#0059a9","colorDark":"#00294f","angle":83.1,"snapDist":2,"label":0}},{"type":"Feature","geometry":{"type":"Point","coordinates":[8.530211,47.340713]},"properties":{"name":"Butzenstrasse","lines":"184, 185, N18","arr":["184","185","N18"],"terminus":0,"mode":"bus","color":"#0059a9","colorDark":"#00294f","angle":284.8,"snapDist":1,"label":0}},{"type":"Feature","geometry":{"type":"Point","coordinates":[8.530076,47.337921]},"properties":{"name":"Wollishoferplatz","lines":"184, 185, N18","arr":["184","185","N18"],"terminus":0,"mode":"bus","color":"#0059a9","colorDark":"#00294f","angle":270.9,"snapDist":5,"label":1}},{"type":"Feature","geometry":{"type":"Point","coordinates":[8.529975,47.334396]},"properties":{"name":"Dangelstrasse","lines":"184, 185, N18","arr":["184","185","N18"],"terminus":0,"mode":"bus","color":"#0059a9","colorDark":"#00294f","angle":271.3,"snapDist":4,"label":1}},{"type":"Feature","geometry":{"type":"Point","coordinates":[8.529474,47.325499]},"properties":{"name":"Adliswil, Sunnau","lines":"184","arr":["184"],"terminus":0,"mode":"bus","color":"#0059a9","colorDark":"#00294f","angle":273.1,"snapDist":5,"label":1}},{"type":"Feature","geometry":{"type":"Point","coordinates":[8.528862,47.322219]},"properties":{"name":"Adliswil, Grüt","lines":"184","arr":["184"],"terminus":0,"mode":"bus","color":"#0059a9","colorDark":"#00294f","angle":277.9,"snapDist":5,"label":1}},{"type":"Feature","geometry":{"type":"Point","coordinates":[8.529889,47.316794]},"properties":{"name":"Adliswil, Tiefacker","lines":"184","arr":["184"],"terminus":0,"mode":"bus","color":"#0059a9","colorDark":"#00294f","angle":251,"snapDist":9,"label":1}},{"type":"Feature","geometry":{"type":"Point","coordinates":[8.527442,47.312739]},"properties":{"name":"Adliswil, Krone","lines":"184","arr":["184"],"terminus":0,"mode":"bus","color":"#0059a9","colorDark":"#00294f","angle":291.8,"snapDist":3,"label":1}},{"type":"Feature","geometry":{"type":"Point","coordinates":[8.527684,47.31316]},"properties":{"name":"Adliswil, Krone","lines":"184, N18","arr":["184","N18"],"terminus":0,"mode":"bus","color":"#0059a9","colorDark":"#00294f","angle":112,"snapDist":3,"label":0}},{"type":"Feature","geometry":{"type":"Point","coordinates":[8.530046,47.316439]},"properties":{"name":"Adliswil, Tiefacker","lines":"184, N18","arr":["184","N18"],"terminus":0,"mode":"bus","color":"#0059a9","colorDark":"#00294f","angle":79.7,"snapDist":5,"label":0}},{"type":"Feature","geometry":{"type":"Point","coordinates":[8.529045,47.322425]},"properties":{"name":"Adliswil, Grüt","lines":"184, N18","arr":["184","N18"],"terminus":0,"mode":"bus","color":"#0059a9","colorDark":"#00294f","angle":97.5,"snapDist":4,"label":0}},{"type":"Feature","geometry":{"type":"Point","coordinates":[8.529575,47.326629]},"properties":{"name":"Adliswil, Sunnau","lines":"184, 185, N18","arr":["184","185","N18"],"terminus":0,"mode":"bus","color":"#0059a9","colorDark":"#00294f","angle":91.3,"snapDist":5,"label":0}},{"type":"Feature","geometry":{"type":"Point","coordinates":[8.529995,47.335238]},"properties":{"name":"Dangelstrasse","lines":"184, 185, N18","arr":["184","185","N18"],"terminus":0,"mode":"bus","color":"#0059a9","colorDark":"#00294f","angle":91.1,"snapDist":4,"label":0}},{"type":"Feature","geometry":{"type":"Point","coordinates":[8.530113,47.338354]},"properties":{"name":"Wollishoferplatz","lines":"184, 185, N18","arr":["184","185","N18"],"terminus":0,"mode":"bus","color":"#0059a9","colorDark":"#00294f","angle":91.2,"snapDist":1,"label":0}},{"type":"Feature","geometry":{"type":"Point","coordinates":[8.530357,47.341084]},"properties":{"name":"Butzenstrasse","lines":"184, 185, N18","arr":["184","185","N18"],"terminus":0,"mode":"bus","color":"#0059a9","colorDark":"#00294f","angle":105.2,"snapDist":1,"label":0}},{"type":"Feature","geometry":{"type":"Point","coordinates":[8.53018,47.325932]},"properties":{"name":"Adliswil, Sunnau","lines":"185, N18","arr":["185","N18"],"terminus":0,"mode":"bus","color":"#0059a9","colorDark":"#00294f","angle":184.2,"snapDist":3,"label":0}},{"type":"Feature","geometry":{"type":"Point","coordinates":[8.532419,47.32226]},"properties":{"name":"Adliswil, Dietlimoos","lines":"185, N18","arr":["185","N18"],"terminus":0,"mode":"bus","color":"#0059a9","colorDark":"#00294f","angle":253.1,"snapDist":4,"label":1}},{"type":"Feature","geometry":{"type":"Point","coordinates":[8.534275,47.313783]},"properties":{"name":"Adliswil, Badstrasse","lines":"185, N18","arr":["185","N18"],"terminus":0,"mode":"bus","color":"#0059a9","colorDark":"#00294f","angle":327.2,"snapDist":3,"label":1}},{"type":"Feature","geometry":{"type":"Point","coordinates":[8.530045,47.312901]},"properties":{"name":"Adliswil, Grundstrasse","lines":"185, N18","arr":["185","N18"],"terminus":0,"mode":"bus","color":"#0059a9","colorDark":"#00294f","angle":338.6,"snapDist":2,"label":1}},{"type":"Feature","geometry":{"type":"Point","coordinates":[8.533293,47.313622]},"properties":{"name":"Adliswil, Badstrasse","lines":"185","arr":["185"],"terminus":0,"mode":"bus","color":"#0059a9","colorDark":"#00294f","angle":220.7,"snapDist":3,"label":0}},{"type":"Feature","geometry":{"type":"Point","coordinates":[8.532216,47.322676]},"properties":{"name":"Adliswil, Dietlimoos","lines":"185","arr":["185"],"terminus":0,"mode":"bus","color":"#0059a9","colorDark":"#00294f","angle":70.6,"snapDist":0,"label":0}},{"type":"Feature","geometry":{"type":"Point","coordinates":[8.531173,47.325274]},"properties":{"name":"Adliswil, Moos","lines":"185","arr":["185"],"terminus":0,"mode":"bus","color":"#0059a9","colorDark":"#00294f","angle":75.6,"snapDist":1,"label":1}},{"type":"Feature","geometry":{"type":"Point","coordinates":[8.521864,47.357102]},"properties":{"name":"Saalsporthalle","lines":"200, 210","arr":["200","210"],"terminus":0,"mode":"bus","color":"#0059a9","colorDark":"#00294f","angle":246.5,"snapDist":7,"label":0}},{"type":"Feature","geometry":{"type":"Point","coordinates":[8.468306,47.335182]},"properties":{"name":"Wettswil a.A., Industrie","lines":"200, 210","arr":["200","210"],"terminus":0,"mode":"bus","color":"#0059a9","colorDark":"#00294f","angle":165.7,"snapDist":1,"label":1}},{"type":"Feature","geometry":{"type":"Point","coordinates":[8.474554,47.334025]},"properties":{"name":"Wettswil a.A., Moosstrasse","lines":"200, 210, 220, 221, 229","arr":["200","210","220","221","229"],"terminus":0,"mode":"bus","color":"#0059a9","colorDark":"#00294f","angle":280.8,"snapDist":4,"label":1}},{"type":"Feature","geometry":{"type":"Point","coordinates":[8.474138,47.331059]},"properties":{"name":"Wettswil a.A., Grund","lines":"200, 210, 220, 221, 229","arr":["200","210","220","221","229"],"terminus":0,"mode":"bus","color":"#0059a9","colorDark":"#00294f","angle":273.2,"snapDist":4,"label":1}},{"type":"Feature","geometry":{"type":"Point","coordinates":[8.468471,47.326463]},"properties":{"name":"Bonstetten-Wettswil, Bahnhof B","lines":"200, 210","arr":["200","210"],"terminus":0,"mode":"bus","color":"#0059a9","colorDark":"#00294f","angle":276,"snapDist":1,"label":1}},{"type":"Feature","geometry":{"type":"Point","coordinates":[8.463166,47.317095]},"properties":{"name":"Bonstetten, Dorfstrasse","lines":"200, 205","arr":["200","205"],"terminus":0,"mode":"bus","color":"#0059a9","colorDark":"#00294f","angle":348.4,"snapDist":4,"label":0}},{"type":"Feature","geometry":{"type":"Point","coordinates":[8.448645,47.3004]},"properties":{"name":"Hedingen, Güpf","lines":"200","arr":["200"],"terminus":0,"mode":"bus","color":"#0059a9","colorDark":"#00294f","angle":287.1,"snapDist":6,"label":1}},{"type":"Feature","geometry":{"type":"Point","coordinates":[8.449143,47.294716]},"properties":{"name":"Hedingen, Hausacker","lines":"200","arr":["200"],"terminus":0,"mode":"bus","color":"#0059a9","colorDark":"#00294f","angle":278.5,"snapDist":6,"label":1}},{"type":"Feature","geometry":{"type":"Point","coordinates":[8.453103,47.285318]},"properties":{"name":"Affoltern a.A., Blitzgbach","lines":"200","arr":["200"],"terminus":0,"mode":"bus","color":"#0059a9","colorDark":"#00294f","angle":267.4,"snapDist":4,"label":1}},{"type":"Feature","geometry":{"type":"Point","coordinates":[8.453422,47.281097]},"properties":{"name":"Affoltern a.A., Kronenplatz","lines":"200, 225","arr":["200","225"],"terminus":0,"mode":"bus","color":"#0059a9","colorDark":"#00294f","angle":340.9,"snapDist":8,"label":1}},{"type":"Feature","geometry":{"type":"Point","coordinates":[8.446862,47.275953]},"properties":{"name":"Affoltern a.A., Bahnhof B","lines":"200, 214, 215","arr":["200","214","215"],"terminus":1,"mode":"bus","color":"#0059a9","colorDark":"#00294f","angle":306.2,"snapDist":3,"label":1}},{"type":"Feature","geometry":{"type":"Point","coordinates":[8.446838,47.276055]},"properties":{"name":"Affoltern a.A., Bahnhof A","lines":"200, 215, 223, 225","arr":["200","215","223","225"],"terminus":1,"mode":"bus","color":"#0059a9","colorDark":"#00294f","angle":125.9,"snapDist":0,"label":1}},{"type":"Feature","geometry":{"type":"Point","coordinates":[8.453635,47.281154]},"properties":{"name":"Affoltern a.A., Kronenplatz","lines":"200, 225, N24","arr":["200","225","N24"],"terminus":0,"mode":"bus","color":"#0059a9","colorDark":"#00294f","angle":157.5,"snapDist":7,"label":0}},{"type":"Feature","geometry":{"type":"Point","coordinates":[8.453108,47.285225]},"properties":{"name":"Affoltern a.A., Blitzgbach","lines":"200","arr":["200"],"terminus":0,"mode":"bus","color":"#0059a9","colorDark":"#00294f","angle":88.1,"snapDist":2,"label":0}},{"type":"Feature","geometry":{"type":"Point","coordinates":[8.449186,47.295024]},"properties":{"name":"Hedingen, Hausacker","lines":"200","arr":["200"],"terminus":0,"mode":"bus","color":"#0059a9","colorDark":"#00294f","angle":92.3,"snapDist":3,"label":0}},{"type":"Feature","geometry":{"type":"Point","coordinates":[8.448697,47.300923]},"properties":{"name":"Hedingen, Güpf","lines":"200","arr":["200"],"terminus":0,"mode":"bus","color":"#0059a9","colorDark":"#00294f","angle":84.2,"snapDist":4,"label":0}},{"type":"Feature","geometry":{"type":"Point","coordinates":[8.463515,47.317135]},"properties":{"name":"Bonstetten, Dorfstrasse","lines":"200, 205, 210, 228, N23","arr":["200","205","210","228","N23"],"terminus":1,"mode":"bus","color":"#0059a9","colorDark":"#00294f","angle":173,"snapDist":5,"label":1}},{"type":"Feature","geometry":{"type":"Point","coordinates":[8.46853,47.326015]},"properties":{"name":"Bonstetten-Wettswil, Bahnhof C","lines":"200, 210","arr":["200","210"],"terminus":0,"mode":"bus","color":"#0059a9","colorDark":"#00294f","angle":95.6,"snapDist":2,"label":1}},{"type":"Feature","geometry":{"type":"Point","coordinates":[8.474227,47.33214]},"properties":{"name":"Wettswil a.A., Grund","lines":"200, 210, 220, 221, 229, N23","arr":["200","210","220","221","229","N23"],"terminus":0,"mode":"bus","color":"#0059a9","colorDark":"#00294f","angle":93.5,"snapDist":3,"label":0}},{"type":"Feature","geometry":{"type":"Point","coordinates":[8.474685,47.334504]},"properties":{"name":"Wettswil a.A., Moosstrasse","lines":"200, 210, 220, 221, 229, N23","arr":["200","210","220","221","229","N23"],"terminus":0,"mode":"bus","color":"#0059a9","colorDark":"#00294f","angle":99.6,"snapDist":2,"label":0}},{"type":"Feature","geometry":{"type":"Point","coordinates":[8.468034,47.335135]},"properties":{"name":"Wettswil a.A., Industrie","lines":"200, 210","arr":["200","210"],"terminus":0,"mode":"bus","color":"#0059a9","colorDark":"#00294f","angle":345.6,"snapDist":3,"label":0}},{"type":"Feature","geometry":{"type":"Point","coordinates":[8.523043,47.358372]},"properties":{"name":"Sihlcity","lines":"200, 210","arr":["200","210"],"terminus":0,"mode":"bus","color":"#0059a9","colorDark":"#00294f","angle":27.8,"snapDist":5,"label":0}},{"type":"Feature","geometry":{"type":"Point","coordinates":[8.465263,47.366327]},"properties":{"name":"Uitikon Waldegg, Bahnhof","lines":"201","arr":["201"],"terminus":1,"mode":"bus","color":"#0059a9","colorDark":"#00294f","angle":170.3,"snapDist":1,"label":1}},{"type":"Feature","geometry":{"type":"Point","coordinates":[8.46564,47.360926]},"properties":{"name":"Ringlikon, Gättern","lines":"201","arr":["201"],"terminus":0,"mode":"bus","color":"#0059a9","colorDark":"#00294f","angle":212.7,"snapDist":2,"label":1}},{"type":"Feature","geometry":{"type":"Point","coordinates":[8.465379,47.359431]},"properties":{"name":"Ringlikon, Langwies","lines":"201","arr":["201"],"terminus":0,"mode":"bus","color":"#0059a9","colorDark":"#00294f","angle":23.9,"snapDist":2,"label":1}},{"type":"Feature","geometry":{"type":"Point","coordinates":[8.462064,47.368308]},"properties":{"name":"Waldegg, Post","lines":"201, 215, 245","arr":["201","215","245"],"terminus":0,"mode":"bus","color":"#0059a9","colorDark":"#00294f","angle":24.8,"snapDist":5,"label":1}},{"type":"Feature","geometry":{"type":"Point","coordinates":[8.459755,47.368964]},"properties":{"name":"Uitikon, Halde","lines":"201","arr":["201"],"terminus":0,"mode":"bus","color":"#0059a9","colorDark":"#00294f","angle":22,"snapDist":2,"label":1}},{"type":"Feature","geometry":{"type":"Point","coordinates":[8.453843,47.370624]},"properties":{"name":"Uitikon, Dorf","lines":"201, 215, 245","arr":["201","215","245"],"terminus":0,"mode":"bus","color":"#0059a9","colorDark":"#00294f","angle":22.7,"snapDist":3,"label":0}},{"type":"Feature","geometry":{"type":"Point","coordinates":[8.451434,47.372086]},"properties":{"name":"Uitikon, Roracher","lines":"201","arr":["201"],"terminus":0,"mode":"bus","color":"#0059a9","colorDark":"#00294f","angle":39.8,"snapDist":3,"label":1}},{"type":"Feature","geometry":{"type":"Point","coordinates":[8.448605,47.373593]},"properties":{"name":"Uitikon, Gläseren","lines":"201","arr":["201"],"terminus":0,"mode":"bus","color":"#0059a9","colorDark":"#00294f","angle":36.9,"snapDist":3,"label":1}},{"type":"Feature","geometry":{"type":"Point","coordinates":[8.446524,47.37573]},"properties":{"name":"Uitikon, Wängi","lines":"201","arr":["201"],"terminus":0,"mode":"bus","color":"#0059a9","colorDark":"#00294f","angle":75.3,"snapDist":3,"label":1}},{"type":"Feature","geometry":{"type":"Point","coordinates":[8.448528,47.393803]},"properties":{"name":"Schlieren, Kampstrasse","lines":"201","arr":["201"],"terminus":0,"mode":"bus","color":"#0059a9","colorDark":"#00294f","angle":99.5,"snapDist":1,"label":1}},{"type":"Feature","geometry":{"type":"Point","coordinates":[8.448052,47.396677]},"properties":{"name":"Schlieren, Brunngasse","lines":"201, 302","arr":["201","302"],"terminus":0,"mode":"bus","color":"#0059a9","colorDark":"#00294f","angle":87.3,"snapDist":2,"label":1}},{"type":"Feature","geometry":{"type":"Point","coordinates":[8.448757,47.397601]},"properties":{"name":"Schlieren, Zentrum/Bahnhof","lines":"201, 302, N30, N36","arr":["201","302","N30","N36"],"terminus":1,"mode":"bus","color":"#0059a9","colorDark":"#00294f","angle":161.6,"snapDist":1,"label":1}},{"type":"Feature","geometry":{"type":"Point","coordinates":[8.448064,47.396497]},"properties":{"name":"Schlieren, Brunngasse","lines":"201, 302","arr":["201","302"],"terminus":0,"mode":"bus","color":"#0059a9","colorDark":"#00294f","angle":267.4,"snapDist":5,"label":0}},{"type":"Feature","geometry":{"type":"Point","coordinates":[8.448352,47.393462]},"properties":{"name":"Schlieren, Kampstrasse","lines":"201","arr":["201"],"terminus":0,"mode":"bus","color":"#0059a9","colorDark":"#00294f","angle":293.7,"snapDist":5,"label":0}},{"type":"Feature","geometry":{"type":"Point","coordinates":[8.446587,47.375568]},"properties":{"name":"Uitikon, Wängi","lines":"201","arr":["201"],"terminus":0,"mode":"bus","color":"#0059a9","colorDark":"#00294f","angle":255.3,"snapDist":3,"label":0}},{"type":"Feature","geometry":{"type":"Point","coordinates":[8.448551,47.373621]},"properties":{"name":"Uitikon, Gläseren","lines":"201","arr":["201"],"terminus":0,"mode":"bus","color":"#0059a9","colorDark":"#00294f","angle":217,"snapDist":3,"label":0}},{"type":"Feature","geometry":{"type":"Point","coordinates":[8.451112,47.372264]},"properties":{"name":"Uitikon, Roracher","lines":"201","arr":["201"],"terminus":0,"mode":"bus","color":"#0059a9","colorDark":"#00294f","angle":218.6,"snapDist":3,"label":0}},{"type":"Feature","geometry":{"type":"Point","coordinates":[8.454475,47.370444]},"properties":{"name":"Uitikon, Dorf","lines":"201, 215, 245, N14","arr":["201","215","245","N14"],"terminus":1,"mode":"bus","color":"#0059a9","colorDark":"#00294f","angle":202.9,"snapDist":1,"label":1}},{"type":"Feature","geometry":{"type":"Point","coordinates":[8.45902,47.369166]},"properties":{"name":"Uitikon, Halde","lines":"201","arr":["201"],"terminus":0,"mode":"bus","color":"#0059a9","colorDark":"#00294f","angle":202.4,"snapDist":1,"label":0}},{"type":"Feature","geometry":{"type":"Point","coordinates":[8.462605,47.368112]},"properties":{"name":"Waldegg, Post","lines":"201, N14","arr":["201","N14"],"terminus":0,"mode":"bus","color":"#0059a9","colorDark":"#00294f","angle":209.9,"snapDist":5,"label":0}},{"type":"Feature","geometry":{"type":"Point","coordinates":[8.464607,47.360256]},"properties":{"name":"Ringlikon, Langwies","lines":"201, 235, 236","arr":["201","235","236"],"terminus":0,"mode":"bus","color":"#0059a9","colorDark":"#00294f","angle":226.8,"snapDist":3,"label":0}},{"type":"Feature","geometry":{"type":"Point","coordinates":[8.469795,47.358385]},"properties":{"name":"Ringlikon, Dorf","lines":"201","arr":["201"],"terminus":0,"mode":"bus","color":"#0059a9","colorDark":"#00294f","angle":354.3,"snapDist":2,"label":0}},{"type":"Feature","geometry":{"type":"Point","coordinates":[8.465428,47.361024]},"properties":{"name":"Ringlikon, Gättern","lines":"201","arr":["201"],"terminus":0,"mode":"bus","color":"#0059a9","colorDark":"#00294f","angle":34.5,"snapDist":1,"label":0}},{"type":"Feature","geometry":{"type":"Point","coordinates":[8.468536,47.326447]},"properties":{"name":"Bonstetten-Wettswil, Bahnhof D","lines":"205, 221","arr":["205","221"],"terminus":1,"mode":"bus","color":"#0059a9","colorDark":"#00294f","angle":275.9,"snapDist":1,"label":1}},{"type":"Feature","geometry":{"type":"Point","coordinates":[8.456568,47.31895]},"properties":{"name":"Bonstetten, Lätten","lines":"205","arr":["205"],"terminus":0,"mode":"bus","color":"#0059a9","colorDark":"#00294f","angle":343.4,"snapDist":2,"label":1}},{"type":"Feature","geometry":{"type":"Point","coordinates":[8.438634,47.322946]},"properties":{"name":"Islisberg, Dorf","lines":"205","arr":["205"],"terminus":0,"mode":"bus","color":"#0059a9","colorDark":"#00294f","angle":339.2,"snapDist":3,"label":1}},{"type":"Feature","geometry":{"type":"Point","coordinates":[8.435535,47.321718]},"properties":{"name":"Islisberg, Räbacher","lines":"205","arr":["205"],"terminus":0,"mode":"bus","color":"#0059a9","colorDark":"#00294f","angle":331.3,"snapDist":5,"label":1}},{"type":"Feature","geometry":{"type":"Point","coordinates":[8.424853,47.320359]},"properties":{"name":"Arni AG, Stockacker C","lines":"205","arr":["205"],"terminus":1,"mode":"bus","color":"#0059a9","colorDark":"#00294f","angle":209.5,"snapDist":2,"label":1}},{"type":"Feature","geometry":{"type":"Point","coordinates":[8.435171,47.321577]},"properties":{"name":"Islisberg, Räbacher","lines":"205","arr":["205"],"terminus":0,"mode":"bus","color":"#0059a9","colorDark":"#00294f","angle":150,"snapDist":3,"label":0}},{"type":"Feature","geometry":{"type":"Point","coordinates":[8.439004,47.323044]},"properties":{"name":"Islisberg, Dorf","lines":"205","arr":["205"],"terminus":0,"mode":"bus","color":"#0059a9","colorDark":"#00294f","angle":158.3,"snapDist":3,"label":0}},{"type":"Feature","geometry":{"type":"Point","coordinates":[8.456669,47.31897]},"properties":{"name":"Bonstetten, Lätten","lines":"205","arr":["205"],"terminus":0,"mode":"bus","color":"#0059a9","colorDark":"#00294f","angle":159.7,"snapDist":2,"label":0}},{"type":"Feature","geometry":{"type":"Point","coordinates":[8.468368,47.326238]},"properties":{"name":"Bonstetten-Wettswil, Bahnhof A","lines":"205, 220, 221, 227, 228, 229, EV2, N23","arr":["205","220","221","227","228","229","EV2","N23"],"terminus":1,"mode":"bus","color":"#0059a9","colorDark":"#00294f","angle":275.4,"snapDist":0,"label":1}},{"type":"Feature","geometry":{"type":"Point","coordinates":[8.471825,47.315803]},"properties":{"name":"Bonstetten, Isenbach","lines":"210, 227, 228","arr":["210","227","228"],"terminus":0,"mode":"bus","color":"#0059a9","colorDark":"#00294f","angle":261.7,"snapDist":2,"label":1}},{"type":"Feature","geometry":{"type":"Point","coordinates":[8.46741,47.315003]},"properties":{"name":"Bonstetten, Dorfplatz","lines":"210, 228, N23","arr":["210","228","N23"],"terminus":1,"mode":"bus","color":"#0059a9","colorDark":"#00294f","angle":344.2,"snapDist":4,"label":1}},{"type":"Feature","geometry":{"type":"Point","coordinates":[8.446462,47.275714]},"properties":{"name":"Affoltern a.A., Bahnhof C","lines":"214, N24","arr":["214","N24"],"terminus":1,"mode":"bus","color":"#0059a9","colorDark":"#00294f","angle":127.7,"snapDist":1,"label":1}},{"type":"Feature","geometry":{"type":"Point","coordinates":[8.446323,47.282845]},"properties":{"name":"Affoltern a.A., Friedhof","lines":"214","arr":["214"],"terminus":0,"mode":"bus","color":"#0059a9","colorDark":"#00294f","angle":58.9,"snapDist":6,"label":1}},{"type":"Feature","geometry":{"type":"Point","coordinates":[8.440978,47.286439]},"properties":{"name":"Zwillikon, Fehrenbach","lines":"214","arr":["214"],"terminus":0,"mode":"bus","color":"#0059a9","colorDark":"#00294f","angle":38.6,"snapDist":5,"label":1}},{"type":"Feature","geometry":{"type":"Point","coordinates":[8.430709,47.287698]},"properties":{"name":"Zwillikon, Gemeindeplatz","lines":"214","arr":["214"],"terminus":0,"mode":"bus","color":"#0059a9","colorDark":"#00294f","angle":8.8,"snapDist":4,"label":1}},{"type":"Feature","geometry":{"type":"Point","coordinates":[8.422557,47.288565]},"properties":{"name":"Zwillikon, Lochhof","lines":"214","arr":["214"],"terminus":0,"mode":"bus","color":"#0059a9","colorDark":"#00294f","angle":335.2,"snapDist":6,"label":1}},{"type":"Feature","geometry":{"type":"Point","coordinates":[8.409018,47.284165]},"properties":{"name":"Ottenbach, Geeren","lines":"214","arr":["214"],"terminus":0,"mode":"bus","color":"#0059a9","colorDark":"#00294f","angle":324.3,"snapDist":4,"label":1}},{"type":"Feature","geometry":{"type":"Point","coordinates":[8.40505,47.281506]},"properties":{"name":"Ottenbach, Engelwiese","lines":"214","arr":["214"],"terminus":1,"mode":"bus","color":"#0059a9","colorDark":"#00294f","angle":17.9,"snapDist":3,"label":1}},{"type":"Feature","geometry":{"type":"Point","coordinates":[8.409402,47.284358]},"properties":{"name":"Ottenbach, Geeren","lines":"214","arr":["214"],"terminus":0,"mode":"bus","color":"#0059a9","colorDark":"#00294f","angle":145.4,"snapDist":6,"label":0}},{"type":"Feature","geometry":{"type":"Point","coordinates":[8.422447,47.28853]},"properties":{"name":"Zwillikon, Lochhof","lines":"214","arr":["214"],"terminus":0,"mode":"bus","color":"#0059a9","colorDark":"#00294f","angle":155.2,"snapDist":4,"label":0}},{"type":"Feature","geometry":{"type":"Point","coordinates":[8.432207,47.287322]},"properties":{"name":"Zwillikon, Gemeindeplatz","lines":"214","arr":["214"],"terminus":0,"mode":"bus","color":"#0059a9","colorDark":"#00294f","angle":198.8,"snapDist":0,"label":0}},{"type":"Feature","geometry":{"type":"Point","coordinates":[8.441152,47.286344]},"properties":{"name":"Zwillikon, Fehrenbach","lines":"214","arr":["214"],"terminus":0,"mode":"bus","color":"#0059a9","colorDark":"#00294f","angle":218.8,"snapDist":4,"label":0}},{"type":"Feature","geometry":{"type":"Point","coordinates":[8.446592,47.282571]},"properties":{"name":"Affoltern a.A., Friedhof","lines":"214","arr":["214"],"terminus":0,"mode":"bus","color":"#0059a9","colorDark":"#00294f","angle":236.6,"snapDist":2,"label":0}},{"type":"Feature","geometry":{"type":"Point","coordinates":[8.523941,47.37161]},"properties":{"name":"Bahnhof Wiedikon","lines":"215, 235, 236, 245","arr":["215","235","236","245"],"terminus":1,"mode":"bus","color":"#0059a9","colorDark":"#00294f","angle":215.9,"snapDist":3,"label":0}},{"type":"Feature","geometry":{"type":"Point","coordinates":[8.487098,47.367782]},"properties":{"name":"Sädlenweg","lines":"215, 220, 235, 236, 245, N14","arr":["215","220","235","236","245","N14"],"terminus":0,"mode":"bus","color":"#0059a9","colorDark":"#00294f","angle":7.9,"snapDist":8,"label":1}},{"type":"Feature","geometry":{"type":"Point","coordinates":[8.448195,47.368293]},"properties":{"name":"Uitikon, Schlössli","lines":"215, 245","arr":["215","245"],"terminus":0,"mode":"bus","color":"#0059a9","colorDark":"#00294f","angle":323.1,"snapDist":3,"label":1}},{"type":"Feature","geometry":{"type":"Point","coordinates":[8.44709,47.359686]},"properties":{"name":"Birmensdorf ZH, Untere Risi","lines":"215, 245","arr":["215","245"],"terminus":0,"mode":"bus","color":"#0059a9","colorDark":"#00294f","angle":222.9,"snapDist":3,"label":1}},{"type":"Feature","geometry":{"type":"Point","coordinates":[8.450898,47.359032]},"properties":{"name":"Birmensdorf ZH, Obere Risi B","lines":"215, 220, 245","arr":["215","220","245"],"terminus":0,"mode":"bus","color":"#0059a9","colorDark":"#00294f","angle":288.8,"snapDist":3,"label":1}},{"type":"Feature","geometry":{"type":"Point","coordinates":[8.460875,47.352833]},"properties":{"name":"Birmensdorf ZH, Landikon Dorf","lines":"215, 227, 245","arr":["215","227","245"],"terminus":0,"mode":"bus","color":"#0059a9","colorDark":"#00294f","angle":18.3,"snapDist":4,"label":1}},{"type":"Feature","geometry":{"type":"Point","coordinates":[8.445932,47.356072]},"properties":{"name":"Birmensdorf ZH, Weissenbrunnen","lines":"215, 227, 245","arr":["215","227","245"],"terminus":0,"mode":"bus","color":"#0059a9","colorDark":"#00294f","angle":351.8,"snapDist":4,"label":1}},{"type":"Feature","geometry":{"type":"Point","coordinates":[8.437471,47.353778]},"properties":{"name":"Birmensdorf ZH, Zentrum","lines":"215, 227, 245, 314","arr":["215","227","245","314"],"terminus":0,"mode":"bus","color":"#0059a9","colorDark":"#00294f","angle":322.7,"snapDist":3,"label":1}},{"type":"Feature","geometry":{"type":"Point","coordinates":[8.438381,47.350869]},"properties":{"name":"Birmensdorf ZH, Aescherstrasse","lines":"215, 245, N22","arr":["215","245","N22"],"terminus":0,"mode":"bus","color":"#0059a9","colorDark":"#00294f","angle":233.4,"snapDist":4,"label":1}},{"type":"Feature","geometry":{"type":"Point","coordinates":[8.43894,47.338449]},"properties":{"name":"Aesch ZH, Gemeindehaus","lines":"215, 245, N22","arr":["215","245","N22"],"terminus":0,"mode":"bus","color":"#0059a9","colorDark":"#00294f","angle":291.8,"snapDist":3,"label":1}},{"type":"Feature","geometry":{"type":"Point","coordinates":[8.436497,47.334708]},"properties":{"name":"Aesch ZH, Heligenmattstrasse","lines":"215, 245, N22","arr":["215","245","N22"],"terminus":0,"mode":"bus","color":"#0059a9","colorDark":"#00294f","angle":280.5,"snapDist":7,"label":1}},{"type":"Feature","geometry":{"type":"Point","coordinates":[8.423897,47.320028]},"properties":{"name":"Arni AG, Stockacker B","lines":"215, 245, N22","arr":["215","245","N22"],"terminus":0,"mode":"bus","color":"#0059a9","colorDark":"#00294f","angle":309.6,"snapDist":5,"label":1}},{"type":"Feature","geometry":{"type":"Point","coordinates":[8.420164,47.318508]},"properties":{"name":"Arni AG, Dorf","lines":"215, 245, N22","arr":["215","245","N22"],"terminus":0,"mode":"bus","color":"#0059a9","colorDark":"#00294f","angle":338.5,"snapDist":6,"label":1}},{"type":"Feature","geometry":{"type":"Point","coordinates":[8.398544,47.31336]},"properties":{"name":"Oberlunkhofen, Waldegg","lines":"215, 245, N22","arr":["215","245","N22"],"terminus":0,"mode":"bus","color":"#0059a9","colorDark":"#00294f","angle":341.5,"snapDist":6,"label":1}},{"type":"Feature","geometry":{"type":"Point","coordinates":[8.392959,47.312149]},"properties":{"name":"Oberlunkhofen, Oberdorf","lines":"215, 245, N22","arr":["215","245","N22"],"terminus":0,"mode":"bus","color":"#0059a9","colorDark":"#00294f","angle":244.2,"snapDist":4,"label":1}},{"type":"Feature","geometry":{"type":"Point","coordinates":[8.390332,47.311403]},"properties":{"name":"Oberlunkhofen, Dorfplatz","lines":"215, 245, N22","arr":["215","245","N22"],"terminus":0,"mode":"bus","color":"#0059a9","colorDark":"#00294f","angle":340.4,"snapDist":5,"label":1}},{"type":"Feature","geometry":{"type":"Point","coordinates":[8.393111,47.301814]},"properties":{"name":"Jonen, Radmühle","lines":"215, N22","arr":["215","N22"],"terminus":0,"mode":"bus","color":"#0059a9","colorDark":"#00294f","angle":245.2,"snapDist":3,"label":1}},{"type":"Feature","geometry":{"type":"Point","coordinates":[8.393926,47.299252]},"properties":{"name":"Jonen, Käppeli","lines":"215, N22","arr":["215","N22"],"terminus":0,"mode":"bus","color":"#0059a9","colorDark":"#00294f","angle":258.6,"snapDist":4,"label":1}},{"type":"Feature","geometry":{"type":"Point","coordinates":[8.395512,47.296079]},"properties":{"name":"Jonen, Taverne","lines":"215, N22","arr":["215","N22"],"terminus":0,"mode":"bus","color":"#0059a9","colorDark":"#00294f","angle":237.3,"snapDist":2,"label":1}},{"type":"Feature","geometry":{"type":"Point","coordinates":[8.397929,47.293522]},"properties":{"name":"Jonen, Weingasse","lines":"215, N22","arr":["215","N22"],"terminus":0,"mode":"bus","color":"#0059a9","colorDark":"#00294f","angle":239.2,"snapDist":5,"label":1}},{"type":"Feature","geometry":{"type":"Point","coordinates":[8.402639,47.283482]},"properties":{"name":"Ottenbach, Hinterdorf","lines":"215, N22","arr":["215","N22"],"terminus":0,"mode":"bus","color":"#0059a9","colorDark":"#00294f","angle":230.6,"snapDist":3,"label":1}},{"type":"Feature","geometry":{"type":"Point","coordinates":[8.404329,47.280208]},"properties":{"name":"Ottenbach, Zentrum","lines":"215, N22","arr":["215","N22"],"terminus":0,"mode":"bus","color":"#0059a9","colorDark":"#00294f","angle":264.5,"snapDist":4,"label":1}},{"type":"Feature","geometry":{"type":"Point","coordinates":[8.407856,47.277399]},"properties":{"name":"Ottenbach, Ulmenhof","lines":"215, N22","arr":["215","N22"],"terminus":0,"mode":"bus","color":"#0059a9","colorDark":"#00294f","angle":228.1,"snapDist":4,"label":1}},{"type":"Feature","geometry":{"type":"Point","coordinates":[8.428662,47.269705]},"properties":{"name":"Obfelden, Bickwil","lines":"215, N22","arr":["215","N22"],"terminus":0,"mode":"bus","color":"#0059a9","colorDark":"#00294f","angle":183.9,"snapDist":4,"label":1}},{"type":"Feature","geometry":{"type":"Point","coordinates":[8.440103,47.272791]},"properties":{"name":"Affoltern a.A., Moosbach","lines":"215","arr":["215"],"terminus":0,"mode":"bus","color":"#0059a9","colorDark":"#00294f","angle":150.1,"snapDist":1,"label":1}},{"type":"Feature","geometry":{"type":"Point","coordinates":[8.439662,47.27262]},"properties":{"name":"Affoltern a.A., Moosbach","lines":"215","arr":["215"],"terminus":0,"mode":"bus","color":"#0059a9","colorDark":"#00294f","angle":329.4,"snapDist":6,"label":0}},{"type":"Feature","geometry":{"type":"Point","coordinates":[8.428518,47.269711]},"properties":{"name":"Obfelden, Bickwil","lines":"215","arr":["215"],"terminus":0,"mode":"bus","color":"#0059a9","colorDark":"#00294f","angle":3.8,"snapDist":7,"label":0}},{"type":"Feature","geometry":{"type":"Point","coordinates":[8.407414,47.277745]},"properties":{"name":"Ottenbach, Ulmenhof","lines":"215","arr":["215"],"terminus":0,"mode":"bus","color":"#0059a9","colorDark":"#00294f","angle":49.7,"snapDist":3,"label":0}},{"type":"Feature","geometry":{"type":"Point","coordinates":[8.404366,47.280043]},"properties":{"name":"Ottenbach, Zentrum","lines":"215","arr":["215"],"terminus":0,"mode":"bus","color":"#0059a9","colorDark":"#00294f","angle":77.2,"snapDist":4,"label":0}},{"type":"Feature","geometry":{"type":"Point","coordinates":[8.402058,47.284292]},"properties":{"name":"Ottenbach, Hinterdorf","lines":"215","arr":["215"],"terminus":0,"mode":"bus","color":"#0059a9","colorDark":"#00294f","angle":68.8,"snapDist":2,"label":0}},{"type":"Feature","geometry":{"type":"Point","coordinates":[8.398107,47.293352]},"properties":{"name":"Jonen, Weingasse","lines":"215","arr":["215"],"terminus":0,"mode":"bus","color":"#0059a9","colorDark":"#00294f","angle":54.7,"snapDist":5,"label":0}},{"type":"Feature","geometry":{"type":"Point","coordinates":[8.395594,47.295995]},"properties":{"name":"Jonen, Taverne","lines":"215","arr":["215"],"terminus":0,"mode":"bus","color":"#0059a9","colorDark":"#00294f","angle":58.5,"snapDist":5,"label":0}},{"type":"Feature","geometry":{"type":"Point","coordinates":[8.393805,47.29975]},"properties":{"name":"Jonen, Käppeli","lines":"215","arr":["215"],"terminus":0,"mode":"bus","color":"#0059a9","colorDark":"#00294f","angle":82.4,"snapDist":5,"label":0}},{"type":"Feature","geometry":{"type":"Point","coordinates":[8.393006,47.301966]},"properties":{"name":"Jonen, Radmühle","lines":"215","arr":["215"],"terminus":0,"mode":"bus","color":"#0059a9","colorDark":"#00294f","angle":64.2,"snapDist":5,"label":0}},{"type":"Feature","geometry":{"type":"Point","coordinates":[8.390629,47.311481]},"properties":{"name":"Oberlunkhofen, Dorfplatz","lines":"215, 245","arr":["215","245"],"terminus":0,"mode":"bus","color":"#0059a9","colorDark":"#00294f","angle":156.4,"snapDist":4,"label":0}},{"type":"Feature","geometry":{"type":"Point","coordinates":[8.392535,47.312567]},"properties":{"name":"Oberlunkhofen, Oberdorf","lines":"215, 245","arr":["215","245"],"terminus":0,"mode":"bus","color":"#0059a9","colorDark":"#00294f","angle":37.2,"snapDist":3,"label":0}},{"type":"Feature","geometry":{"type":"Point","coordinates":[8.399169,47.313501]},"properties":{"name":"Oberlunkhofen, Waldegg","lines":"215, 245","arr":["215","245"],"terminus":0,"mode":"bus","color":"#0059a9","colorDark":"#00294f","angle":162.1,"snapDist":4,"label":0}},{"type":"Feature","geometry":{"type":"Point","coordinates":[8.419271,47.318323]},"properties":{"name":"Arni AG, Dorf","lines":"215, 245","arr":["215","245"],"terminus":0,"mode":"bus","color":"#0059a9","colorDark":"#00294f","angle":168.8,"snapDist":4,"label":0}},{"type":"Feature","geometry":{"type":"Point","coordinates":[8.42397,47.320088]},"properties":{"name":"Arni AG, Stockacker A","lines":"215, 245","arr":["215","245"],"terminus":0,"mode":"bus","color":"#0059a9","colorDark":"#00294f","angle":129.6,"snapDist":5,"label":1}},{"type":"Feature","geometry":{"type":"Point","coordinates":[8.436589,47.335056]},"properties":{"name":"Aesch ZH, Heligenmattstrasse","lines":"215, 245","arr":["215","245"],"terminus":0,"mode":"bus","color":"#0059a9","colorDark":"#00294f","angle":103,"snapDist":4,"label":0}},{"type":"Feature","geometry":{"type":"Point","coordinates":[8.438525,47.337839]},"properties":{"name":"Aesch ZH, Gemeindehaus","lines":"215, 245","arr":["215","245"],"terminus":0,"mode":"bus","color":"#0059a9","colorDark":"#00294f","angle":105.7,"snapDist":3,"label":0}},{"type":"Feature","geometry":{"type":"Point","coordinates":[8.438277,47.350963]},"properties":{"name":"Birmensdorf ZH, Aescherstrasse","lines":"215, 245","arr":["215","245"],"terminus":0,"mode":"bus","color":"#0059a9","colorDark":"#00294f","angle":53.4,"snapDist":3,"label":0}},{"type":"Feature","geometry":{"type":"Point","coordinates":[8.437901,47.354]},"properties":{"name":"Birmensdorf ZH, Zentrum","lines":"215, 245","arr":["215","245"],"terminus":0,"mode":"bus","color":"#0059a9","colorDark":"#00294f","angle":142.7,"snapDist":1,"label":0}},{"type":"Feature","geometry":{"type":"Point","coordinates":[8.446027,47.356081]},"properties":{"name":"Birmensdorf ZH, Weissenbrunnen","lines":"215, 227, 245","arr":["215","227","245"],"terminus":0,"mode":"bus","color":"#0059a9","colorDark":"#00294f","angle":172.4,"snapDist":3,"label":0}},{"type":"Feature","geometry":{"type":"Point","coordinates":[8.461287,47.35274]},"properties":{"name":"Birmensdorf ZH, Landikon Dorf","lines":"215, 227, 245","arr":["215","227","245"],"terminus":0,"mode":"bus","color":"#0059a9","colorDark":"#00294f","angle":198.3,"snapDist":5,"label":0}},{"type":"Feature","geometry":{"type":"Point","coordinates":[8.450944,47.359123]},"properties":{"name":"Birmensdorf ZH, Obere Risi A","lines":"215, 220, 245","arr":["215","220","245"],"terminus":0,"mode":"bus","color":"#0059a9","colorDark":"#00294f","angle":108.8,"snapDist":3,"label":1}},{"type":"Feature","geometry":{"type":"Point","coordinates":[8.446788,47.359851]},"properties":{"name":"Birmensdorf ZH, Untere Risi","lines":"215, 245, N14","arr":["215","245","N14"],"terminus":0,"mode":"bus","color":"#0059a9","colorDark":"#00294f","angle":31.6,"snapDist":2,"label":0}},{"type":"Feature","geometry":{"type":"Point","coordinates":[8.447573,47.367806]},"properties":{"name":"Uitikon, Schlössli","lines":"215, 245","arr":["215","245"],"terminus":0,"mode":"bus","color":"#0059a9","colorDark":"#00294f","angle":112.4,"snapDist":3,"label":0}},{"type":"Feature","geometry":{"type":"Point","coordinates":[8.46366,47.368411]},"properties":{"name":"Waldegg, Birmensdorferstrasse","lines":"215, 220, 235, 236, 245","arr":["215","220","235","236","245"],"terminus":0,"mode":"bus","color":"#0059a9","colorDark":"#00294f","angle":135.8,"snapDist":6,"label":1}},{"type":"Feature","geometry":{"type":"Point","coordinates":[8.487838,47.367759]},"properties":{"name":"Sädlenweg","lines":"215, 220, 235, 236, 245","arr":["215","220","235","236","245"],"terminus":0,"mode":"bus","color":"#0059a9","colorDark":"#00294f","angle":178.9,"snapDist":7,"label":0}},{"type":"Feature","geometry":{"type":"Point","coordinates":[8.4953,47.368022]},"properties":{"name":"Triemli","lines":"215, 220, 235, 236, 245, N14","arr":["215","220","235","236","245","N14"],"terminus":0,"mode":"bus","color":"#0059a9","colorDark":"#00294f","angle":151.9,"snapDist":1,"label":0}},{"type":"Feature","geometry":{"type":"Point","coordinates":[8.524456,47.371387]},"properties":{"name":"Bahnhof Wiedikon","lines":"215, 220, 235, 236, 245","arr":["215","220","235","236","245"],"terminus":1,"mode":"bus","color":"#0059a9","colorDark":"#00294f","angle":155.1,"snapDist":3,"label":0}},{"type":"Feature","geometry":{"type":"Point","coordinates":[8.523443,47.371856]},"properties":{"name":"Bahnhof Wiedikon","lines":"220","arr":["220"],"terminus":1,"mode":"bus","color":"#0059a9","colorDark":"#00294f","angle":220.2,"snapDist":4,"label":0}},{"type":"Feature","geometry":{"type":"Point","coordinates":[8.463239,47.368134]},"properties":{"name":"Waldegg, Birmensdorferstrasse","lines":"220, 235, 236, N14","arr":["220","235","236","N14"],"terminus":0,"mode":"bus","color":"#0059a9","colorDark":"#00294f","angle":315.8,"snapDist":6,"label":0}},{"type":"Feature","geometry":{"type":"Point","coordinates":[8.45959,47.362766]},"properties":{"name":"Waldegg, Leuen","lines":"220, N14","arr":["220","N14"],"terminus":0,"mode":"bus","color":"#0059a9","colorDark":"#00294f","angle":293.2,"snapDist":2,"label":1}},{"type":"Feature","geometry":{"type":"Point","coordinates":[8.456145,47.360099]},"properties":{"name":"Birmensdorf ZH, Sternen/WSL","lines":"220, N14","arr":["220","N14"],"terminus":0,"mode":"bus","color":"#0059a9","colorDark":"#00294f","angle":355.1,"snapDist":6,"label":1}},{"type":"Feature","geometry":{"type":"Point","coordinates":[8.46172,47.352257]},"properties":{"name":"Birmensdorf ZH, Landikon Bach","lines":"220","arr":["220"],"terminus":0,"mode":"bus","color":"#0059a9","colorDark":"#00294f","angle":268.2,"snapDist":4,"label":1}},{"type":"Feature","geometry":{"type":"Point","coordinates":[8.466962,47.345371]},"properties":{"name":"Wettswil a.A., Heidenchilen","lines":"220, 221, 229","arr":["220","221","229"],"terminus":1,"mode":"bus","color":"#0059a9","colorDark":"#00294f","angle":236.7,"snapDist":7,"label":1}},{"type":"Feature","geometry":{"type":"Point","coordinates":[8.469959,47.342427]},"properties":{"name":"Wettswil a.A., Bäumlisächer","lines":"220, 221, 229","arr":["220","221","229"],"terminus":0,"mode":"bus","color":"#0059a9","colorDark":"#00294f","angle":238.8,"snapDist":3,"label":1}},{"type":"Feature","geometry":{"type":"Point","coordinates":[8.474106,47.338067]},"properties":{"name":"Wettswil a.A., Dorf","lines":"220, 221, 229","arr":["220","221","229"],"terminus":0,"mode":"bus","color":"#0059a9","colorDark":"#00294f","angle":270.5,"snapDist":6,"label":1}},{"type":"Feature","geometry":{"type":"Point","coordinates":[8.474074,47.338362]},"properties":{"name":"Wettswil a.A., Dorf","lines":"220, 229, N23","arr":["220","229","N23"],"terminus":0,"mode":"bus","color":"#0059a9","colorDark":"#00294f","angle":75.3,"snapDist":4,"label":0}},{"type":"Feature","geometry":{"type":"Point","coordinates":[8.469735,47.342674]},"properties":{"name":"Wettswil a.A., Bäumlisächer","lines":"220, 229, N23","arr":["220","229","N23"],"terminus":0,"mode":"bus","color":"#0059a9","colorDark":"#00294f","angle":57.9,"snapDist":4,"label":0}},{"type":"Feature","geometry":{"type":"Point","coordinates":[8.466619,47.345675]},"properties":{"name":"Wettswil a.A., Heidenchilen","lines":"220, 221, 229, N23","arr":["220","221","229","N23"],"terminus":0,"mode":"bus","color":"#0059a9","colorDark":"#00294f","angle":44.7,"snapDist":5,"label":0}},{"type":"Feature","geometry":{"type":"Point","coordinates":[8.46171,47.352413]},"properties":{"name":"Birmensdorf ZH, Landikon Bach","lines":"220, N23","arr":["220","N23"],"terminus":0,"mode":"bus","color":"#0059a9","colorDark":"#00294f","angle":85.5,"snapDist":2,"label":0}},{"type":"Feature","geometry":{"type":"Point","coordinates":[8.456291,47.360108]},"properties":{"name":"Birmensdorf ZH, Sternen/WSL","lines":"220","arr":["220"],"terminus":0,"mode":"bus","color":"#0059a9","colorDark":"#00294f","angle":175.1,"snapDist":8,"label":0}},{"type":"Feature","geometry":{"type":"Point","coordinates":[8.459639,47.362844]},"properties":{"name":"Waldegg, Leuen","lines":"220","arr":["220"],"terminus":0,"mode":"bus","color":"#0059a9","colorDark":"#00294f","angle":113.2,"snapDist":8,"label":0}},{"type":"Feature","geometry":{"type":"Point","coordinates":[8.474916,47.337713]},"properties":{"name":"Wettswil a.A., Dettenbühl","lines":"221","arr":["221"],"terminus":0,"mode":"bus","color":"#0059a9","colorDark":"#00294f","angle":185.6,"snapDist":2,"label":1}},{"type":"Feature","geometry":{"type":"Point","coordinates":[8.477465,47.333764]},"properties":{"name":"Wettswil a.A., Schürli","lines":"221","arr":["221"],"terminus":0,"mode":"bus","color":"#0059a9","colorDark":"#00294f","angle":244.4,"snapDist":2,"label":1}},{"type":"Feature","geometry":{"type":"Point","coordinates":[8.479924,47.330372]},"properties":{"name":"Wettswil a.A., Beerimoos","lines":"221","arr":["221"],"terminus":0,"mode":"bus","color":"#0059a9","colorDark":"#00294f","angle":85,"snapDist":1,"label":1}},{"type":"Feature","geometry":{"type":"Point","coordinates":[8.478871,47.334008]},"properties":{"name":"Wettswil a.A., Chilenholzstr.","lines":"221","arr":["221"],"terminus":0,"mode":"bus","color":"#0059a9","colorDark":"#00294f","angle":59.8,"snapDist":3,"label":1}},{"type":"Feature","geometry":{"type":"Point","coordinates":[8.477875,47.337747]},"properties":{"name":"Wettswil a.A., Oberhusen","lines":"221","arr":["221"],"terminus":0,"mode":"bus","color":"#0059a9","colorDark":"#00294f","angle":72.6,"snapDist":2,"label":1}},{"type":"Feature","geometry":{"type":"Point","coordinates":[8.476326,47.340153]},"properties":{"name":"Wettswil a.A., Eggächer","lines":"221","arr":["221"],"terminus":0,"mode":"bus","color":"#0059a9","colorDark":"#00294f","angle":56.6,"snapDist":1,"label":1}},{"type":"Feature","geometry":{"type":"Point","coordinates":[8.474179,47.341811]},"properties":{"name":"Wettswil a.A., Heissächerstr.","lines":"221","arr":["221"],"terminus":0,"mode":"bus","color":"#0059a9","colorDark":"#00294f","angle":32.5,"snapDist":1,"label":1}},{"type":"Feature","geometry":{"type":"Point","coordinates":[8.47223,47.343064]},"properties":{"name":"Wettswil a.A., Strumbergächer","lines":"221","arr":["221"],"terminus":0,"mode":"bus","color":"#0059a9","colorDark":"#00294f","angle":57.4,"snapDist":3,"label":1}},{"type":"Feature","geometry":{"type":"Point","coordinates":[8.47051,47.344337]},"properties":{"name":"Wettswil a.A., Rehweid","lines":"221","arr":["221"],"terminus":0,"mode":"bus","color":"#0059a9","colorDark":"#00294f","angle":24.5,"snapDist":4,"label":1}},{"type":"Feature","geometry":{"type":"Point","coordinates":[8.469083,47.343728]},"properties":{"name":"Wettswil a.A., Langächer","lines":"221","arr":["221"],"terminus":0,"mode":"bus","color":"#0059a9","colorDark":"#00294f","angle":331,"snapDist":6,"label":1}},{"type":"Feature","geometry":{"type":"Point","coordinates":[8.446535,47.275641]},"properties":{"name":"Affoltern a.A., Bahnhof D","lines":"223, 225","arr":["223","225"],"terminus":1,"mode":"bus","color":"#0059a9","colorDark":"#00294f","angle":305.4,"snapDist":1,"label":1}},{"type":"Feature","geometry":{"type":"Point","coordinates":[8.444523,47.271149]},"properties":{"name":"Affoltern a.A., Lindenmoos","lines":"223","arr":["223"],"terminus":0,"mode":"bus","color":"#0059a9","colorDark":"#00294f","angle":307.8,"snapDist":5,"label":1}},{"type":"Feature","geometry":{"type":"Point","coordinates":[8.491847,47.248496]},"properties":{"name":"Rifferswil, Hausmatte","lines":"223","arr":["223"],"terminus":0,"mode":"bus","color":"#0059a9","colorDark":"#00294f","angle":142.3,"snapDist":14,"label":1}},{"type":"Feature","geometry":{"type":"Point","coordinates":[8.492834,47.248486]},"properties":{"name":"Rifferswil, Unterrifferswil","lines":"223","arr":["223"],"terminus":0,"mode":"bus","color":"#0059a9","colorDark":"#00294f","angle":65.3,"snapDist":133,"label":1}},{"type":"Feature","geometry":{"type":"Point","coordinates":[8.492834,47.248486]},"properties":{"name":"Rifferswil, Unterrifferswil","lines":"223, N24","arr":["223","N24"],"terminus":0,"mode":"bus","color":"#0059a9","colorDark":"#00294f","angle":65.3,"snapDist":129,"label":0}},{"type":"Feature","geometry":{"type":"Point","coordinates":[8.49173,47.248424]},"properties":{"name":"Rifferswil, Hausmatte","lines":"223","arr":["223"],"terminus":0,"mode":"bus","color":"#0059a9","colorDark":"#00294f","angle":322.5,"snapDist":0,"label":0}},{"type":"Feature","geometry":{"type":"Point","coordinates":[8.44463,47.271243]},"properties":{"name":"Affoltern a.A., Lindenmoos","lines":"223","arr":["223"],"terminus":0,"mode":"bus","color":"#0059a9","colorDark":"#00294f","angle":127.8,"snapDist":5,"label":0}},{"type":"Feature","geometry":{"type":"Point","coordinates":[8.456972,47.281056]},"properties":{"name":"Affoltern a.A., Bezirksspital","lines":"225, N24","arr":["225","N24"],"terminus":0,"mode":"bus","color":"#0059a9","colorDark":"#00294f","angle":234.8,"snapDist":6,"label":1}},{"type":"Feature","geometry":{"type":"Point","coordinates":[8.459033,47.278529]},"properties":{"name":"Affoltern a.A., Stigeli","lines":"225, N24","arr":["225","N24"],"terminus":0,"mode":"bus","color":"#0059a9","colorDark":"#00294f","angle":218,"snapDist":4,"label":1}},{"type":"Feature","geometry":{"type":"Point","coordinates":[8.461922,47.279166]},"properties":{"name":"Affoltern a.A., Weinberg","lines":"225, N24","arr":["225","N24"],"terminus":0,"mode":"bus","color":"#0059a9","colorDark":"#00294f","angle":73.7,"snapDist":1,"label":1}},{"type":"Feature","geometry":{"type":"Point","coordinates":[8.466856,47.278002]},"properties":{"name":"Affoltern a.A., Lilienberg","lines":"225, N24","arr":["225","N24"],"terminus":0,"mode":"bus","color":"#0059a9","colorDark":"#00294f","angle":213.1,"snapDist":4,"label":1}},{"type":"Feature","geometry":{"type":"Point","coordinates":[8.478495,47.281373]},"properties":{"name":"Aeugstertal, Müliberg","lines":"225, 235, N24","arr":["225","235","N24"],"terminus":0,"mode":"bus","color":"#0059a9","colorDark":"#00294f","angle":265.1,"snapDist":7,"label":1}},{"type":"Feature","geometry":{"type":"Point","coordinates":[8.481161,47.270564]},"properties":{"name":"Aeugst a.A., Höchweg","lines":"225, 235, N24","arr":["225","235","N24"],"terminus":0,"mode":"bus","color":"#0059a9","colorDark":"#00294f","angle":230.2,"snapDist":6,"label":1}},{"type":"Feature","geometry":{"type":"Point","coordinates":[8.485895,47.267566]},"properties":{"name":"Aeugst a.A., Dorf","lines":"225, 235, N24","arr":["225","235","N24"],"terminus":0,"mode":"bus","color":"#0059a9","colorDark":"#00294f","angle":202.8,"snapDist":3,"label":1}},{"type":"Feature","geometry":{"type":"Point","coordinates":[8.490834,47.266261]},"properties":{"name":"Aeugst a.A., Grossacher","lines":"225, 235","arr":["225","235"],"terminus":1,"mode":"bus","color":"#0059a9","colorDark":"#00294f","angle":19.7,"snapDist":5,"label":1}},{"type":"Feature","geometry":{"type":"Point","coordinates":[8.485999,47.267536]},"properties":{"name":"Aeugst a.A., Dorf","lines":"225, 235","arr":["225","235"],"terminus":0,"mode":"bus","color":"#0059a9","colorDark":"#00294f","angle":24,"snapDist":3,"label":0}},{"type":"Feature","geometry":{"type":"Point","coordinates":[8.480656,47.270882]},"properties":{"name":"Aeugst a.A., Höchweg","lines":"225, 235","arr":["225","235"],"terminus":0,"mode":"bus","color":"#0059a9","colorDark":"#00294f","angle":33.9,"snapDist":4,"label":0}},{"type":"Feature","geometry":{"type":"Point","coordinates":[8.478491,47.281401]},"properties":{"name":"Aeugstertal, Müliberg","lines":"225, 235","arr":["225","235"],"terminus":0,"mode":"bus","color":"#0059a9","colorDark":"#00294f","angle":85.1,"snapDist":5,"label":0}},{"type":"Feature","geometry":{"type":"Point","coordinates":[8.466613,47.278111]},"properties":{"name":"Affoltern a.A., Lilienberg","lines":"225","arr":["225"],"terminus":0,"mode":"bus","color":"#0059a9","colorDark":"#00294f","angle":38.7,"snapDist":2,"label":0}},{"type":"Feature","geometry":{"type":"Point","coordinates":[8.461402,47.279725]},"properties":{"name":"Affoltern a.A., Weinberg","lines":"225","arr":["225"],"terminus":0,"mode":"bus","color":"#0059a9","colorDark":"#00294f","angle":238.1,"snapDist":3,"label":0}},{"type":"Feature","geometry":{"type":"Point","coordinates":[8.457973,47.280218]},"properties":{"name":"Affoltern a.A., Bezirksspital","lines":"225","arr":["225"],"terminus":0,"mode":"bus","color":"#0059a9","colorDark":"#00294f","angle":55.3,"snapDist":3,"label":0}},{"type":"Feature","geometry":{"type":"Point","coordinates":[8.472323,47.323904]},"properties":{"name":"Bonstetten, Lärchenhof","lines":"227, 228","arr":["227","228"],"terminus":0,"mode":"bus","color":"#0059a9","colorDark":"#00294f","angle":275.4,"snapDist":3,"label":1}},{"type":"Feature","geometry":{"type":"Point","coordinates":[8.473508,47.312163]},"properties":{"name":"Bonstetten, Sunnenberg","lines":"227","arr":["227"],"terminus":0,"mode":"bus","color":"#0059a9","colorDark":"#00294f","angle":289.4,"snapDist":3,"label":1}},{"type":"Feature","geometry":{"type":"Point","coordinates":[8.485794,47.303113]},"properties":{"name":"Stallikon, Aumüli","lines":"227, 235, 236","arr":["227","235","236"],"terminus":0,"mode":"bus","color":"#0059a9","colorDark":"#00294f","angle":89.9,"snapDist":3,"label":0}},{"type":"Feature","geometry":{"type":"Point","coordinates":[8.493184,47.311062]},"properties":{"name":"Stallikon, Gamlikon","lines":"227, 235, 236","arr":["227","235","236"],"terminus":0,"mode":"bus","color":"#0059a9","colorDark":"#00294f","angle":134.6,"snapDist":2,"label":1}},{"type":"Feature","geometry":{"type":"Point","coordinates":[8.490499,47.320677]},"properties":{"name":"Stallikon, Aegerten","lines":"227, 235, 236","arr":["227","235","236"],"terminus":0,"mode":"bus","color":"#0059a9","colorDark":"#00294f","angle":86.9,"snapDist":3,"label":1}},{"type":"Feature","geometry":{"type":"Point","coordinates":[8.490199,47.323382]},"properties":{"name":"Stallikon, Langfuren","lines":"227, 235, 236","arr":["227","235","236"],"terminus":0,"mode":"bus","color":"#0059a9","colorDark":"#00294f","angle":88.5,"snapDist":4,"label":1}},{"type":"Feature","geometry":{"type":"Point","coordinates":[8.489874,47.327443]},"properties":{"name":"Stallikon, Dorf","lines":"227, 235, 236","arr":["227","235","236"],"terminus":0,"mode":"bus","color":"#0059a9","colorDark":"#00294f","angle":80.4,"snapDist":7,"label":1}},{"type":"Feature","geometry":{"type":"Point","coordinates":[8.488474,47.334028]},"properties":{"name":"Stallikon, Bleiki","lines":"227, 235, 236","arr":["227","235","236"],"terminus":0,"mode":"bus","color":"#0059a9","colorDark":"#00294f","angle":85.9,"snapDist":5,"label":1}},{"type":"Feature","geometry":{"type":"Point","coordinates":[8.485479,47.338492]},"properties":{"name":"Stallikon, Loomatt","lines":"227, 235, 236","arr":["227","235","236"],"terminus":0,"mode":"bus","color":"#0059a9","colorDark":"#00294f","angle":58.8,"snapDist":7,"label":1}},{"type":"Feature","geometry":{"type":"Point","coordinates":[8.482739,47.342593]},"properties":{"name":"Stallikon, Sellenbüren","lines":"227, 235, 236","arr":["227","235","236"],"terminus":0,"mode":"bus","color":"#0059a9","colorDark":"#00294f","angle":67.8,"snapDist":3,"label":1}},{"type":"Feature","geometry":{"type":"Point","coordinates":[8.476744,47.34841]},"properties":{"name":"Stallikon, Diebis","lines":"227, 235, 236","arr":["227","235","236"],"terminus":0,"mode":"bus","color":"#0059a9","colorDark":"#00294f","angle":64.5,"snapDist":6,"label":1}},{"type":"Feature","geometry":{"type":"Point","coordinates":[8.438933,47.35692]},"properties":{"name":"Birmensdorf ZH, Bahnhof B","lines":"227, 314","arr":["227","314"],"terminus":1,"mode":"bus","color":"#0059a9","colorDark":"#00294f","angle":192.6,"snapDist":2,"label":1}},{"type":"Feature","geometry":{"type":"Point","coordinates":[8.439529,47.35676]},"properties":{"name":"Birmensdorf ZH, Bahnhof A","lines":"227","arr":["227"],"terminus":1,"mode":"bus","color":"#0059a9","colorDark":"#00294f","angle":28.5,"snapDist":5,"label":1}},{"type":"Feature","geometry":{"type":"Point","coordinates":[8.43718,47.353914]},"properties":{"name":"Birmensdorf ZH, Zentrum","lines":"227, EV2, N22","arr":["227","EV2","N22"],"terminus":0,"mode":"bus","color":"#0059a9","colorDark":"#00294f","angle":274.9,"snapDist":4,"label":0}},{"type":"Feature","geometry":{"type":"Point","coordinates":[8.476275,47.348955]},"properties":{"name":"Stallikon, Diebis","lines":"227, 235, 236, N23","arr":["227","235","236","N23"],"terminus":0,"mode":"bus","color":"#0059a9","colorDark":"#00294f","angle":233.9,"snapDist":6,"label":0}},{"type":"Feature","geometry":{"type":"Point","coordinates":[8.482085,47.343274]},"properties":{"name":"Stallikon, Sellenbüren","lines":"227, 235, 236, N23","arr":["227","235","236","N23"],"terminus":0,"mode":"bus","color":"#0059a9","colorDark":"#00294f","angle":234.2,"snapDist":6,"label":0}},{"type":"Feature","geometry":{"type":"Point","coordinates":[8.485537,47.338427]},"properties":{"name":"Stallikon, Loomatt","lines":"227, 235, 236, N23","arr":["227","235","236","N23"],"terminus":0,"mode":"bus","color":"#0059a9","colorDark":"#00294f","angle":238.8,"snapDist":5,"label":0}},{"type":"Feature","geometry":{"type":"Point","coordinates":[8.488614,47.333176]},"properties":{"name":"Stallikon, Bleiki","lines":"227, 235, 236, N23","arr":["227","235","236","N23"],"terminus":0,"mode":"bus","color":"#0059a9","colorDark":"#00294f","angle":261.4,"snapDist":6,"label":0}},{"type":"Feature","geometry":{"type":"Point","coordinates":[8.489992,47.326893]},"properties":{"name":"Stallikon, Dorf","lines":"227, 235, 236, N23","arr":["227","235","236","N23"],"terminus":0,"mode":"bus","color":"#0059a9","colorDark":"#00294f","angle":266.1,"snapDist":6,"label":0}},{"type":"Feature","geometry":{"type":"Point","coordinates":[8.490202,47.323316]},"properties":{"name":"Stallikon, Langfuren","lines":"227, 235, 236, N23","arr":["227","235","236","N23"],"terminus":0,"mode":"bus","color":"#0059a9","colorDark":"#00294f","angle":268.5,"snapDist":4,"label":0}},{"type":"Feature","geometry":{"type":"Point","coordinates":[8.490565,47.31995]},"properties":{"name":"Stallikon, Aegerten","lines":"227, 235, 236, N23","arr":["227","235","236","N23"],"terminus":0,"mode":"bus","color":"#0059a9","colorDark":"#00294f","angle":267.4,"snapDist":6,"label":0}},{"type":"Feature","geometry":{"type":"Point","coordinates":[8.493326,47.311449]},"properties":{"name":"Stallikon, Gamlikon","lines":"227, 235, 236, N23","arr":["227","235","236","N23"],"terminus":0,"mode":"bus","color":"#0059a9","colorDark":"#00294f","angle":291.8,"snapDist":3,"label":0}},{"type":"Feature","geometry":{"type":"Point","coordinates":[8.48592,47.302158]},"properties":{"name":"Stallikon, Aumüli","lines":"227, 235, 236, N23","arr":["227","235","236","N23"],"terminus":1,"mode":"bus","color":"#0059a9","colorDark":"#00294f","angle":256.8,"snapDist":6,"label":1}},{"type":"Feature","geometry":{"type":"Point","coordinates":[8.473647,47.31245]},"properties":{"name":"Bonstetten, Sunnenberg","lines":"227, N23","arr":["227","N23"],"terminus":0,"mode":"bus","color":"#0059a9","colorDark":"#00294f","angle":100.8,"snapDist":3,"label":0}},{"type":"Feature","geometry":{"type":"Point","coordinates":[8.471804,47.315899]},"properties":{"name":"Bonstetten, Isenbach","lines":"227","arr":["227"],"terminus":0,"mode":"bus","color":"#0059a9","colorDark":"#00294f","angle":81.7,"snapDist":4,"label":0}},{"type":"Feature","geometry":{"type":"Point","coordinates":[8.472334,47.323986]},"properties":{"name":"Bonstetten, Lärchenhof","lines":"227","arr":["227"],"terminus":0,"mode":"bus","color":"#0059a9","colorDark":"#00294f","angle":95.4,"snapDist":1,"label":0}},{"type":"Feature","geometry":{"type":"Point","coordinates":[8.468371,47.326256]},"properties":{"name":"Bonstetten-Wettswil, Bahnhof A","lines":"228, 229, N23","arr":["228","229","N23"],"terminus":1,"mode":"bus","color":"#0059a9","colorDark":"#00294f","angle":275.4,"snapDist":0,"label":0}},{"type":"Feature","geometry":{"type":"Point","coordinates":[8.487413,47.298823]},"properties":{"name":"Stallikon, Tägerst","lines":"235, 236","arr":["235","236"],"terminus":0,"mode":"bus","color":"#0059a9","colorDark":"#00294f","angle":263.9,"snapDist":4,"label":1}},{"type":"Feature","geometry":{"type":"Point","coordinates":[8.485499,47.294339]},"properties":{"name":"Stallikon, Wolfenhof","lines":"235, 236","arr":["235","236"],"terminus":0,"mode":"bus","color":"#0059a9","colorDark":"#00294f","angle":277.9,"snapDist":6,"label":1}},{"type":"Feature","geometry":{"type":"Point","coordinates":[8.486954,47.284271]},"properties":{"name":"Aeugstertal, Kloster","lines":"235, 236","arr":["235","236"],"terminus":0,"mode":"bus","color":"#0059a9","colorDark":"#00294f","angle":224.9,"snapDist":4,"label":1}},{"type":"Feature","geometry":{"type":"Point","coordinates":[8.486767,47.284633]},"properties":{"name":"Aeugstertal, Kloster","lines":"235, 236","arr":["235","236"],"terminus":0,"mode":"bus","color":"#0059a9","colorDark":"#00294f","angle":52.6,"snapDist":1,"label":0}},{"type":"Feature","geometry":{"type":"Point","coordinates":[8.485598,47.294722]},"properties":{"name":"Stallikon, Wolfenhof","lines":"235, 236","arr":["235","236"],"terminus":0,"mode":"bus","color":"#0059a9","colorDark":"#00294f","angle":105.8,"snapDist":4,"label":0}},{"type":"Feature","geometry":{"type":"Point","coordinates":[8.487475,47.29847]},"properties":{"name":"Stallikon, Tägerst","lines":"235, 236","arr":["235","236"],"terminus":0,"mode":"bus","color":"#0059a9","colorDark":"#00294f","angle":82.9,"snapDist":7,"label":0}},{"type":"Feature","geometry":{"type":"Point","coordinates":[8.465133,47.359205]},"properties":{"name":"Ringlikon, Langwies","lines":"235, 236","arr":["235","236"],"terminus":0,"mode":"bus","color":"#0059a9","colorDark":"#00294f","angle":103.2,"snapDist":3,"label":0}},{"type":"Feature","geometry":{"type":"Point","coordinates":[8.501016,47.279417]},"properties":{"name":"Aeugstertal, Landhus","lines":"236","arr":["236"],"terminus":0,"mode":"bus","color":"#0059a9","colorDark":"#00294f","angle":238.6,"snapDist":4,"label":1}},{"type":"Feature","geometry":{"type":"Point","coordinates":[8.512583,47.267524]},"properties":{"name":"Hausen a.A., Türlersee","lines":"236","arr":["236"],"terminus":0,"mode":"bus","color":"#0059a9","colorDark":"#00294f","angle":216.5,"snapDist":4,"label":1}},{"type":"Feature","geometry":{"type":"Point","coordinates":[8.517487,47.262565]},"properties":{"name":"Hausen a.A., Riedmatt","lines":"236, 240, N24","arr":["236","240","N24"],"terminus":0,"mode":"bus","color":"#0059a9","colorDark":"#00294f","angle":245.7,"snapDist":7,"label":1}},{"type":"Feature","geometry":{"type":"Point","coordinates":[8.522074,47.259072]},"properties":{"name":"Hausen a.A., Tüfenbach","lines":"236, 240, N24","arr":["236","240","N24"],"terminus":0,"mode":"bus","color":"#0059a9","colorDark":"#00294f","angle":222.1,"snapDist":3,"label":1}},{"type":"Feature","geometry":{"type":"Point","coordinates":[8.530076,47.248851]},"properties":{"name":"Hausen a.A., Heisch","lines":"236, 240, N24","arr":["236","240","N24"],"terminus":0,"mode":"bus","color":"#0059a9","colorDark":"#00294f","angle":226.6,"snapDist":21,"label":1}},{"type":"Feature","geometry":{"type":"Point","coordinates":[8.530076,47.248851]},"properties":{"name":"Hausen a.A., Heisch","lines":"236, 240","arr":["236","240"],"terminus":0,"mode":"bus","color":"#0059a9","colorDark":"#00294f","angle":46.6,"snapDist":12,"label":0}},{"type":"Feature","geometry":{"type":"Point","coordinates":[8.521912,47.259171]},"properties":{"name":"Hausen a.A., Tüfenbach","lines":"236, 240","arr":["236","240"],"terminus":0,"mode":"bus","color":"#0059a9","colorDark":"#00294f","angle":42.1,"snapDist":4,"label":0}},{"type":"Feature","geometry":{"type":"Point","coordinates":[8.517269,47.262892]},"properties":{"name":"Hausen a.A., Riedmatt","lines":"236, 240","arr":["236","240"],"terminus":0,"mode":"bus","color":"#0059a9","colorDark":"#00294f","angle":65.7,"snapDist":5,"label":0}},{"type":"Feature","geometry":{"type":"Point","coordinates":[8.51267,47.267478]},"properties":{"name":"Hausen a.A., Türlersee","lines":"236","arr":["236"],"terminus":0,"mode":"bus","color":"#0059a9","colorDark":"#00294f","angle":44.7,"snapDist":3,"label":0}},{"type":"Feature","geometry":{"type":"Point","coordinates":[8.500593,47.279948]},"properties":{"name":"Aeugstertal, Landhus","lines":"236","arr":["236"],"terminus":0,"mode":"bus","color":"#0059a9","colorDark":"#00294f","angle":60.4,"snapDist":4,"label":0}},{"type":"Feature","geometry":{"type":"Point","coordinates":[8.565212,47.295888]},"properties":{"name":"Thalwil, Bahnhof C","lines":"240","arr":["240"],"terminus":1,"mode":"bus","color":"#0059a9","colorDark":"#00294f","angle":233.4,"snapDist":3,"label":1}},{"type":"Feature","geometry":{"type":"Point","coordinates":[8.527917,47.285893]},"properties":{"name":"Langnau am Albis, Unteralbis","lines":"240","arr":["240"],"terminus":0,"mode":"bus","color":"#0059a9","colorDark":"#00294f","angle":278.1,"snapDist":2,"label":1}},{"type":"Feature","geometry":{"type":"Point","coordinates":[8.530065,47.282413]},"properties":{"name":"Langnau am Albis,Oberrenggstr.","lines":"240","arr":["240"],"terminus":0,"mode":"bus","color":"#0059a9","colorDark":"#00294f","angle":241.8,"snapDist":5,"label":1}},{"type":"Feature","geometry":{"type":"Point","coordinates":[8.527834,47.276134]},"properties":{"name":"Langnau am Albis, Mittelalbis","lines":"240","arr":["240"],"terminus":0,"mode":"bus","color":"#0059a9","colorDark":"#00294f","angle":304.9,"snapDist":7,"label":1}},{"type":"Feature","geometry":{"type":"Point","coordinates":[8.521285,47.27586]},"properties":{"name":"Langnau a.A., Albispasshöhe","lines":"240","arr":["240"],"terminus":0,"mode":"bus","color":"#0059a9","colorDark":"#00294f","angle":182.1,"snapDist":3,"label":1}},{"type":"Feature","geometry":{"type":"Point","coordinates":[8.517819,47.274715]},"properties":{"name":"Langnau am Albis, Hinteralbis","lines":"240","arr":["240"],"terminus":0,"mode":"bus","color":"#0059a9","colorDark":"#00294f","angle":309.4,"snapDist":4,"label":1}},{"type":"Feature","geometry":{"type":"Point","coordinates":[8.517854,47.274744]},"properties":{"name":"Langnau am Albis, Hinteralbis","lines":"240","arr":["240"],"terminus":0,"mode":"bus","color":"#0059a9","colorDark":"#00294f","angle":129.4,"snapDist":3,"label":0}},{"type":"Feature","geometry":{"type":"Point","coordinates":[8.527703,47.27545]},"properties":{"name":"Langnau am Albis, Mittelalbis","lines":"240","arr":["240"],"terminus":0,"mode":"bus","color":"#0059a9","colorDark":"#00294f","angle":133.7,"snapDist":3,"label":0}},{"type":"Feature","geometry":{"type":"Point","coordinates":[8.529782,47.282846]},"properties":{"name":"Langnau am Albis,Oberrenggstr.","lines":"240","arr":["240"],"terminus":0,"mode":"bus","color":"#0059a9","colorDark":"#00294f","angle":68.5,"snapDist":4,"label":0}},{"type":"Feature","geometry":{"type":"Point","coordinates":[8.527858,47.285579]},"properties":{"name":"Langnau am Albis, Unteralbis","lines":"240","arr":["240"],"terminus":0,"mode":"bus","color":"#0059a9","colorDark":"#00294f","angle":96.9,"snapDist":6,"label":0}},{"type":"Feature","geometry":{"type":"Point","coordinates":[8.564185,47.295209]},"properties":{"name":"Thalwil, Zentrum B","lines":"240","arr":["240"],"terminus":0,"mode":"bus","color":"#0059a9","colorDark":"#00294f","angle":52.9,"snapDist":3,"label":1}},{"type":"Feature","geometry":{"type":"Point","coordinates":[8.382554,47.320511]},"properties":{"name":"Unterlunkhofen, Mühlegg","lines":"245","arr":["245"],"terminus":0,"mode":"bus","color":"#0059a9","colorDark":"#00294f","angle":56.9,"snapDist":2,"label":1}},{"type":"Feature","geometry":{"type":"Point","coordinates":[8.379992,47.320512]},"properties":{"name":"Unterlunkhofen, Gemeindehaus","lines":"245","arr":["245"],"terminus":0,"mode":"bus","color":"#0059a9","colorDark":"#00294f","angle":314.3,"snapDist":6,"label":1}},{"type":"Feature","geometry":{"type":"Point","coordinates":[8.372279,47.319091]},"properties":{"name":"Rottenschwil, Hecht","lines":"245","arr":["245"],"terminus":0,"mode":"bus","color":"#0059a9","colorDark":"#00294f","angle":352.6,"snapDist":4,"label":1}},{"type":"Feature","geometry":{"type":"Point","coordinates":[8.364431,47.316325]},"properties":{"name":"Rottenschwil, Seematten","lines":"245","arr":["245"],"terminus":0,"mode":"bus","color":"#0059a9","colorDark":"#00294f","angle":337.2,"snapDist":7,"label":1}},{"type":"Feature","geometry":{"type":"Point","coordinates":[8.362339,47.314004]},"properties":{"name":"Rottenschwil, Kapelle","lines":"245","arr":["245"],"terminus":0,"mode":"bus","color":"#0059a9","colorDark":"#00294f","angle":270.5,"snapDist":2,"label":1}},{"type":"Feature","geometry":{"type":"Point","coordinates":[8.36022,47.310855]},"properties":{"name":"Rottenschwil, Rebberg","lines":"245","arr":["245"],"terminus":0,"mode":"bus","color":"#0059a9","colorDark":"#00294f","angle":295.9,"snapDist":6,"label":1}},{"type":"Feature","geometry":{"type":"Point","coordinates":[8.357745,47.30827]},"properties":{"name":"Rottenschwil, Abzw. C","lines":"245","arr":["245"],"terminus":0,"mode":"bus","color":"#0059a9","colorDark":"#00294f","angle":312,"snapDist":4,"label":1}},{"type":"Feature","geometry":{"type":"Point","coordinates":[8.359928,47.29441]},"properties":{"name":"Aristau, Althäusern","lines":"245","arr":["245"],"terminus":0,"mode":"bus","color":"#0059a9","colorDark":"#00294f","angle":273.6,"snapDist":6,"label":1}},{"type":"Feature","geometry":{"type":"Point","coordinates":[8.362135,47.28614]},"properties":{"name":"Aristau, Dorf","lines":"245","arr":["245"],"terminus":0,"mode":"bus","color":"#0059a9","colorDark":"#00294f","angle":256.5,"snapDist":6,"label":1}},{"type":"Feature","geometry":{"type":"Point","coordinates":[8.362067,47.279246]},"properties":{"name":"Aristau, Birri","lines":"245","arr":["245"],"terminus":0,"mode":"bus","color":"#0059a9","colorDark":"#00294f","angle":18,"snapDist":4,"label":1}},{"type":"Feature","geometry":{"type":"Point","coordinates":[8.349,47.276887]},"properties":{"name":"Muri AG, Grindelstrasse","lines":"245","arr":["245"],"terminus":0,"mode":"bus","color":"#0059a9","colorDark":"#00294f","angle":13.7,"snapDist":2,"label":1}},{"type":"Feature","geometry":{"type":"Point","coordinates":[8.349965,47.276751]},"properties":{"name":"Muri AG, Grindelstrasse","lines":"245","arr":["245"],"terminus":0,"mode":"bus","color":"#0059a9","colorDark":"#00294f","angle":176,"snapDist":1,"label":0}},{"type":"Feature","geometry":{"type":"Point","coordinates":[8.362448,47.279166]},"properties":{"name":"Aristau, Birri","lines":"245","arr":["245"],"terminus":0,"mode":"bus","color":"#0059a9","colorDark":"#00294f","angle":197,"snapDist":3,"label":0}},{"type":"Feature","geometry":{"type":"Point","coordinates":[8.362022,47.286453]},"properties":{"name":"Aristau, Dorf","lines":"245","arr":["245"],"terminus":0,"mode":"bus","color":"#0059a9","colorDark":"#00294f","angle":76.2,"snapDist":4,"label":0}},{"type":"Feature","geometry":{"type":"Point","coordinates":[8.359948,47.294573]},"properties":{"name":"Aristau, Althäusern","lines":"245","arr":["245"],"terminus":0,"mode":"bus","color":"#0059a9","colorDark":"#00294f","angle":101.1,"snapDist":1,"label":0}},{"type":"Feature","geometry":{"type":"Point","coordinates":[8.357919,47.308219]},"properties":{"name":"Rottenschwil, Abzw. B","lines":"245","arr":["245"],"terminus":0,"mode":"bus","color":"#0059a9","colorDark":"#00294f","angle":66,"snapDist":1,"label":1}},{"type":"Feature","geometry":{"type":"Point","coordinates":[8.360623,47.311534]},"properties":{"name":"Rottenschwil, Rebberg","lines":"245","arr":["245"],"terminus":0,"mode":"bus","color":"#0059a9","colorDark":"#00294f","angle":106.3,"snapDist":3,"label":0}},{"type":"Feature","geometry":{"type":"Point","coordinates":[8.362341,47.314169]},"properties":{"name":"Rottenschwil, Kapelle","lines":"245","arr":["245"],"terminus":0,"mode":"bus","color":"#0059a9","colorDark":"#00294f","angle":90.5,"snapDist":1,"label":0}},{"type":"Feature","geometry":{"type":"Point","coordinates":[8.364419,47.316322]},"properties":{"name":"Rottenschwil, Seematten","lines":"245","arr":["245"],"terminus":0,"mode":"bus","color":"#0059a9","colorDark":"#00294f","angle":157.2,"snapDist":6,"label":0}},{"type":"Feature","geometry":{"type":"Point","coordinates":[8.37211,47.319067]},"properties":{"name":"Rottenschwil, Hecht","lines":"245","arr":["245"],"terminus":0,"mode":"bus","color":"#0059a9","colorDark":"#00294f","angle":167,"snapDist":3,"label":0}},{"type":"Feature","geometry":{"type":"Point","coordinates":[8.380328,47.32074]},"properties":{"name":"Unterlunkhofen, Gemeindehaus","lines":"245","arr":["245"],"terminus":0,"mode":"bus","color":"#0059a9","colorDark":"#00294f","angle":134,"snapDist":5,"label":0}},{"type":"Feature","geometry":{"type":"Point","coordinates":[8.382964,47.320082]},"properties":{"name":"Unterlunkhofen, Mühlegg","lines":"245","arr":["245"],"terminus":0,"mode":"bus","color":"#0059a9","colorDark":"#00294f","angle":237.5,"snapDist":5,"label":0}},{"type":"Feature","geometry":{"type":"Point","coordinates":[8.388965,47.313353]},"properties":{"name":"Oberlunkhofen, Haldenmatten","lines":"245","arr":["245"],"terminus":0,"mode":"bus","color":"#0059a9","colorDark":"#00294f","angle":227.1,"snapDist":3,"label":1}},{"type":"Feature","geometry":{"type":"Point","coordinates":[8.409447,47.42145]},"properties":{"name":"Geroldswil, Zentrum","lines":"301, 309","arr":["301","309"],"terminus":1,"mode":"bus","color":"#0059a9","colorDark":"#00294f","angle":296.3,"snapDist":5,"label":1}},{"type":"Feature","geometry":{"type":"Point","coordinates":[8.413065,47.419896]},"properties":{"name":"Geroldswil, Dorfstrasse","lines":"301, 302, N30","arr":["301","302","N30"],"terminus":0,"mode":"bus","color":"#0059a9","colorDark":"#00294f","angle":206.4,"snapDist":3,"label":1}},{"type":"Feature","geometry":{"type":"Point","coordinates":[8.415199,47.418006]},"properties":{"name":"Geroldswil, Grindlen","lines":"301","arr":["301"],"terminus":0,"mode":"bus","color":"#0059a9","colorDark":"#00294f","angle":307.2,"snapDist":3,"label":1}},{"type":"Feature","geometry":{"type":"Point","coordinates":[8.414113,47.414195]},"properties":{"name":"Fahrweid, Brunaustrasse","lines":"301","arr":["301"],"terminus":0,"mode":"bus","color":"#0059a9","colorDark":"#00294f","angle":266.9,"snapDist":3,"label":1}},{"type":"Feature","geometry":{"type":"Point","coordinates":[8.414277,47.411746]},"properties":{"name":"Fahrweid, Au","lines":"301","arr":["301"],"terminus":0,"mode":"bus","color":"#0059a9","colorDark":"#00294f","angle":267.5,"snapDist":5,"label":1}},{"type":"Feature","geometry":{"type":"Point","coordinates":[8.411912,47.407657]},"properties":{"name":"Fahrweid, Limmatbrücke","lines":"301","arr":["301"],"terminus":0,"mode":"bus","color":"#0059a9","colorDark":"#00294f","angle":305.7,"snapDist":2,"label":1}},{"type":"Feature","geometry":{"type":"Point","coordinates":[8.406418,47.408401]},"properties":{"name":"Dietikon, Heimstrasse","lines":"301","arr":["301"],"terminus":0,"mode":"bus","color":"#0059a9","colorDark":"#00294f","angle":25.8,"snapDist":4,"label":1}},{"type":"Feature","geometry":{"type":"Point","coordinates":[8.404286,47.405998]},"properties":{"name":"Dietikon, Bahnhof G","lines":"301, N34","arr":["301","N34"],"terminus":1,"mode":"bus","color":"#0059a9","colorDark":"#00294f","angle":131.1,"snapDist":1,"label":1}},{"type":"Feature","geometry":{"type":"Point","coordinates":[8.407403,47.408077]},"properties":{"name":"Dietikon, Heimstrasse","lines":"301, N34","arr":["301","N34"],"terminus":0,"mode":"bus","color":"#0059a9","colorDark":"#00294f","angle":206.2,"snapDist":7,"label":0}},{"type":"Feature","geometry":{"type":"Point","coordinates":[8.411928,47.40767]},"properties":{"name":"Fahrweid, Limmatbrücke","lines":"301, N34","arr":["301","N34"],"terminus":0,"mode":"bus","color":"#0059a9","colorDark":"#00294f","angle":128,"snapDist":6,"label":0}},{"type":"Feature","geometry":{"type":"Point","coordinates":[8.41426,47.412016]},"properties":{"name":"Fahrweid, Au","lines":"301, N34","arr":["301","N34"],"terminus":0,"mode":"bus","color":"#0059a9","colorDark":"#00294f","angle":87.5,"snapDist":3,"label":0}},{"type":"Feature","geometry":{"type":"Point","coordinates":[8.414086,47.414473]},"properties":{"name":"Fahrweid, Brunaustrasse","lines":"301, N34","arr":["301","N34"],"terminus":0,"mode":"bus","color":"#0059a9","colorDark":"#00294f","angle":85.8,"snapDist":0,"label":0}},{"type":"Feature","geometry":{"type":"Point","coordinates":[8.415448,47.418228]},"properties":{"name":"Geroldswil, Grindlen","lines":"301, N34","arr":["301","N34"],"terminus":0,"mode":"bus","color":"#0059a9","colorDark":"#00294f","angle":127.1,"snapDist":3,"label":0}},{"type":"Feature","geometry":{"type":"Point","coordinates":[8.412547,47.42007]},"properties":{"name":"Geroldswil, Dorfstrasse","lines":"301, 302, N30, N34","arr":["301","302","N30","N34"],"terminus":0,"mode":"bus","color":"#0059a9","colorDark":"#00294f","angle":26.4,"snapDist":2,"label":0}},{"type":"Feature","geometry":{"type":"Point","coordinates":[8.409717,47.420946]},"properties":{"name":"Geroldswil, Zentrum","lines":"302, N30, N34","arr":["302","N30","N34"],"terminus":1,"mode":"bus","color":"#0059a9","colorDark":"#00294f","angle":212.5,"snapDist":3,"label":0}},{"type":"Feature","geometry":{"type":"Point","coordinates":[8.438874,47.417855]},"properties":{"name":"Weiningen ZH, Ausserdorf","lines":"302, N30","arr":["302","N30"],"terminus":0,"mode":"bus","color":"#0059a9","colorDark":"#00294f","angle":21,"snapDist":3,"label":1}},{"type":"Feature","geometry":{"type":"Point","coordinates":[8.435203,47.419324]},"properties":{"name":"Weiningen ZH, Lindenplatz","lines":"302, N30","arr":["302","N30"],"terminus":0,"mode":"bus","color":"#0059a9","colorDark":"#00294f","angle":35.7,"snapDist":2,"label":1}},{"type":"Feature","geometry":{"type":"Point","coordinates":[8.440175,47.417477]},"properties":{"name":"Weiningen ZH, Ausserdorf","lines":"302, N30","arr":["302","N30"],"terminus":0,"mode":"bus","color":"#0059a9","colorDark":"#00294f","angle":205.1,"snapDist":3,"label":0}},{"type":"Feature","geometry":{"type":"Point","coordinates":[8.444653,47.415543]},"properties":{"name":"Weiningen ZH, Aegelsee","lines":"302, N30","arr":["302","N30"],"terminus":0,"mode":"bus","color":"#0059a9","colorDark":"#00294f","angle":215.1,"snapDist":4,"label":1}},{"type":"Feature","geometry":{"type":"Point","coordinates":[8.448942,47.410416]},"properties":{"name":"Unterengstringen, Eckstein","lines":"302, N30","arr":["302","N30"],"terminus":0,"mode":"bus","color":"#0059a9","colorDark":"#00294f","angle":292.1,"snapDist":8,"label":1}},{"type":"Feature","geometry":{"type":"Point","coordinates":[8.447922,47.408787]},"properties":{"name":"Unterengstringen, Langwisen","lines":"302, N30","arr":["302","N30"],"terminus":0,"mode":"bus","color":"#0059a9","colorDark":"#00294f","angle":294,"snapDist":4,"label":1}},{"type":"Feature","geometry":{"type":"Point","coordinates":[8.447753,47.405532]},"properties":{"name":"Schlieren, Talacker-Windegg","lines":"302, N30","arr":["302","N30"],"terminus":0,"mode":"bus","color":"#0059a9","colorDark":"#00294f","angle":265,"snapDist":2,"label":1}},{"type":"Feature","geometry":{"type":"Point","coordinates":[8.447919,47.403216]},"properties":{"name":"Schlieren, Feldstrasse","lines":"302, N30","arr":["302","N30"],"terminus":0,"mode":"bus","color":"#0059a9","colorDark":"#00294f","angle":267.4,"snapDist":4,"label":1}},{"type":"Feature","geometry":{"type":"Point","coordinates":[8.448564,47.399461]},"properties":{"name":"Schlieren, Bahnhof","lines":"302, 307, 317, N30, N34","arr":["302","307","317","N30","N34"],"terminus":1,"mode":"bus","color":"#0059a9","colorDark":"#00294f","angle":263.9,"snapDist":5,"label":1}},{"type":"Feature","geometry":{"type":"Point","coordinates":[8.448206,47.398012]},"properties":{"name":"Schlieren, Zentrum/Bahnhof","lines":"302, 307, 317, EV2, N34","arr":["302","307","317","EV2","N34"],"terminus":1,"mode":"bus","color":"#0059a9","colorDark":"#00294f","angle":0.2,"snapDist":0,"label":0}},{"type":"Feature","geometry":{"type":"Point","coordinates":[8.441561,47.394845]},"properties":{"name":"Schlieren, Nassacker","lines":"302","arr":["302"],"terminus":0,"mode":"bus","color":"#0059a9","colorDark":"#00294f","angle":356.8,"snapDist":3,"label":1}},{"type":"Feature","geometry":{"type":"Point","coordinates":[8.437276,47.394541]},"properties":{"name":"Schlieren, Heimeliweg","lines":"302","arr":["302"],"terminus":0,"mode":"bus","color":"#0059a9","colorDark":"#00294f","angle":348.7,"snapDist":1,"label":1}},{"type":"Feature","geometry":{"type":"Point","coordinates":[8.431337,47.393078]},"properties":{"name":"Schlieren, Spital Limmattal","lines":"302","arr":["302"],"terminus":0,"mode":"bus","color":"#0059a9","colorDark":"#00294f","angle":337.9,"snapDist":2,"label":1}},{"type":"Feature","geometry":{"type":"Point","coordinates":[8.427968,47.392067]},"properties":{"name":"Urdorf, Feldegg","lines":"302, N34","arr":["302","N34"],"terminus":0,"mode":"bus","color":"#0059a9","colorDark":"#00294f","angle":332.8,"snapDist":2,"label":1}},{"type":"Feature","geometry":{"type":"Point","coordinates":[8.425127,47.389147]},"properties":{"name":"Urdorf, Rainweg","lines":"302, N34","arr":["302","N34"],"terminus":0,"mode":"bus","color":"#0059a9","colorDark":"#00294f","angle":298.8,"snapDist":6,"label":1}},{"type":"Feature","geometry":{"type":"Point","coordinates":[8.423076,47.387317]},"properties":{"name":"Urdorf, Neumattstrasse","lines":"302, N34","arr":["302","N34"],"terminus":0,"mode":"bus","color":"#0059a9","colorDark":"#00294f","angle":339.4,"snapDist":9,"label":1}},{"type":"Feature","geometry":{"type":"Point","coordinates":[8.421726,47.384321]},"properties":{"name":"Urdorf, Spitzacker","lines":"302, 314, 317","arr":["302","314","317"],"terminus":0,"mode":"bus","color":"#0059a9","colorDark":"#00294f","angle":246.4,"snapDist":5,"label":1}},{"type":"Feature","geometry":{"type":"Point","coordinates":[8.425836,47.382154]},"properties":{"name":"Urdorf, Uitikonerstrasse","lines":"302","arr":["302"],"terminus":0,"mode":"bus","color":"#0059a9","colorDark":"#00294f","angle":297.3,"snapDist":6,"label":1}},{"type":"Feature","geometry":{"type":"Point","coordinates":[8.429723,47.38016]},"properties":{"name":"Urdorf Weihermatt, Bahnhof","lines":"302, EV2","arr":["302","EV2"],"terminus":1,"mode":"bus","color":"#0059a9","colorDark":"#00294f","angle":33.7,"snapDist":3,"label":1}},{"type":"Feature","geometry":{"type":"Point","coordinates":[8.426052,47.382462]},"properties":{"name":"Urdorf, Uitikonerstrasse","lines":"302","arr":["302"],"terminus":0,"mode":"bus","color":"#0059a9","colorDark":"#00294f","angle":113.1,"snapDist":1,"label":0}},{"type":"Feature","geometry":{"type":"Point","coordinates":[8.421652,47.384439]},"properties":{"name":"Urdorf, Spitzacker","lines":"302, 314, 317","arr":["302","314","317"],"terminus":0,"mode":"bus","color":"#0059a9","colorDark":"#00294f","angle":67.1,"snapDist":6,"label":0}},{"type":"Feature","geometry":{"type":"Point","coordinates":[8.423128,47.387331]},"properties":{"name":"Urdorf, Neumattstrasse","lines":"302","arr":["302"],"terminus":0,"mode":"bus","color":"#0059a9","colorDark":"#00294f","angle":158.2,"snapDist":3,"label":0}},{"type":"Feature","geometry":{"type":"Point","coordinates":[8.425625,47.389863]},"properties":{"name":"Urdorf, Rainweg","lines":"302","arr":["302"],"terminus":0,"mode":"bus","color":"#0059a9","colorDark":"#00294f","angle":116.7,"snapDist":2,"label":0}},{"type":"Feature","geometry":{"type":"Point","coordinates":[8.428064,47.392101]},"properties":{"name":"Urdorf, Feldegg","lines":"302, N36","arr":["302","N36"],"terminus":0,"mode":"bus","color":"#0059a9","colorDark":"#00294f","angle":152.8,"snapDist":3,"label":0}},{"type":"Feature","geometry":{"type":"Point","coordinates":[8.431113,47.393016]},"properties":{"name":"Schlieren, Spital Limmattal","lines":"302","arr":["302"],"terminus":0,"mode":"bus","color":"#0059a9","colorDark":"#00294f","angle":157.9,"snapDist":5,"label":0}},{"type":"Feature","geometry":{"type":"Point","coordinates":[8.438401,47.394659]},"properties":{"name":"Schlieren, Heimeliweg","lines":"302","arr":["302"],"terminus":0,"mode":"bus","color":"#0059a9","colorDark":"#00294f","angle":172.6,"snapDist":3,"label":0}},{"type":"Feature","geometry":{"type":"Point","coordinates":[8.441413,47.394839]},"properties":{"name":"Schlieren, Nassacker","lines":"302","arr":["302"],"terminus":0,"mode":"bus","color":"#0059a9","colorDark":"#00294f","angle":176.8,"snapDist":3,"label":0}},{"type":"Feature","geometry":{"type":"Point","coordinates":[8.448511,47.399805]},"properties":{"name":"Schlieren, Bahnhof","lines":"302, 307, 317, N30","arr":["302","307","317","N30"],"terminus":0,"mode":"bus","color":"#0059a9","colorDark":"#00294f","angle":84.2,"snapDist":4,"label":0}},{"type":"Feature","geometry":{"type":"Point","coordinates":[8.44791,47.403365]},"properties":{"name":"Schlieren, Feldstrasse","lines":"302, N30","arr":["302","N30"],"terminus":0,"mode":"bus","color":"#0059a9","colorDark":"#00294f","angle":87.7,"snapDist":3,"label":0}},{"type":"Feature","geometry":{"type":"Point","coordinates":[8.447844,47.405726]},"properties":{"name":"Schlieren, Talacker-Windegg","lines":"302, N30","arr":["302","N30"],"terminus":0,"mode":"bus","color":"#0059a9","colorDark":"#00294f","angle":83.5,"snapDist":4,"label":0}},{"type":"Feature","geometry":{"type":"Point","coordinates":[8.448118,47.409086]},"properties":{"name":"Unterengstringen, Langwisen","lines":"302, N30","arr":["302","N30"],"terminus":0,"mode":"bus","color":"#0059a9","colorDark":"#00294f","angle":113.8,"snapDist":6,"label":0}},{"type":"Feature","geometry":{"type":"Point","coordinates":[8.449063,47.410597]},"properties":{"name":"Unterengstringen, Eckstein","lines":"302, N30","arr":["302","N30"],"terminus":0,"mode":"bus","color":"#0059a9","colorDark":"#00294f","angle":114.7,"snapDist":9,"label":0}},{"type":"Feature","geometry":{"type":"Point","coordinates":[8.445678,47.415121]},"properties":{"name":"Unterengstringen, Aegelsee","lines":"302, N30","arr":["302","N30"],"terminus":0,"mode":"bus","color":"#0059a9","colorDark":"#00294f","angle":34.5,"snapDist":5,"label":1}},{"type":"Feature","geometry":{"type":"Point","coordinates":[8.404419,47.405781]},"properties":{"name":"Dietikon, Bahnhof C","lines":"305, 314, N34, N36","arr":["305","314","N34","N36"],"terminus":1,"mode":"bus","color":"#0059a9","colorDark":"#00294f","angle":131.4,"snapDist":1,"label":1}},{"type":"Feature","geometry":{"type":"Point","coordinates":[8.400556,47.402506]},"properties":{"name":"Dietikon, Stadthaus","lines":"305, 306, 325","arr":["305","306","325"],"terminus":0,"mode":"bus","color":"#0059a9","colorDark":"#00294f","angle":333.7,"snapDist":6,"label":1}},{"type":"Feature","geometry":{"type":"Point","coordinates":[8.394198,47.399]},"properties":{"name":"Dietikon, Marmori-Weiher","lines":"305, 315","arr":["305","315"],"terminus":0,"mode":"bus","color":"#0059a9","colorDark":"#00294f","angle":305,"snapDist":2,"label":1}},{"type":"Feature","geometry":{"type":"Point","coordinates":[8.392562,47.393066]},"properties":{"name":"Bergdietikon, Baltenschwil","lines":"305, 315","arr":["305","315"],"terminus":0,"mode":"bus","color":"#0059a9","colorDark":"#00294f","angle":288.6,"snapDist":2,"label":1}},{"type":"Feature","geometry":{"type":"Point","coordinates":[8.390612,47.393366]},"properties":{"name":"Bergdietikon, Rietwies","lines":"305, 315","arr":["305","315"],"terminus":0,"mode":"bus","color":"#0059a9","colorDark":"#00294f","angle":44.1,"snapDist":3,"label":1}},{"type":"Feature","geometry":{"type":"Point","coordinates":[8.389454,47.390981]},"properties":{"name":"Bergdietikon, Bergli","lines":"305, 315","arr":["305","315"],"terminus":0,"mode":"bus","color":"#0059a9","colorDark":"#00294f","angle":307.8,"snapDist":4,"label":1}},{"type":"Feature","geometry":{"type":"Point","coordinates":[8.388121,47.38795]},"properties":{"name":"Bergdietikon, Bernold","lines":"305, 315","arr":["305","315"],"terminus":0,"mode":"bus","color":"#0059a9","colorDark":"#00294f","angle":288.2,"snapDist":2,"label":1}},{"type":"Feature","geometry":{"type":"Point","coordinates":[8.384934,47.389774]},"properties":{"name":"Bergdietikon, Vorbühl","lines":"305, 315","arr":["305","315"],"terminus":0,"mode":"bus","color":"#0059a9","colorDark":"#00294f","angle":65.1,"snapDist":2,"label":1}},{"type":"Feature","geometry":{"type":"Point","coordinates":[8.380311,47.394408]},"properties":{"name":"Kindhausen AG, Eichholz","lines":"305, 315","arr":["305","315"],"terminus":0,"mode":"bus","color":"#0059a9","colorDark":"#00294f","angle":47.3,"snapDist":4,"label":1}},{"type":"Feature","geometry":{"type":"Point","coordinates":[8.376038,47.394098]},"properties":{"name":"Kindhausen AG","lines":"305, 315","arr":["305","315"],"terminus":1,"mode":"bus","color":"#0059a9","colorDark":"#00294f","angle":355.5,"snapDist":2,"label":1}},{"type":"Feature","geometry":{"type":"Point","coordinates":[8.380535,47.394232]},"properties":{"name":"Kindhausen AG, Eichholz","lines":"305, 315","arr":["305","315"],"terminus":0,"mode":"bus","color":"#0059a9","colorDark":"#00294f","angle":231,"snapDist":9,"label":0}},{"type":"Feature","geometry":{"type":"Point","coordinates":[8.385404,47.389359]},"properties":{"name":"Bergdietikon, Vorbühl","lines":"305, 315","arr":["305","315"],"terminus":0,"mode":"bus","color":"#0059a9","colorDark":"#00294f","angle":221.3,"snapDist":5,"label":0}},{"type":"Feature","geometry":{"type":"Point","coordinates":[8.388149,47.388014]},"properties":{"name":"Bergdietikon, Bernold","lines":"305, 315","arr":["305","315"],"terminus":0,"mode":"bus","color":"#0059a9","colorDark":"#00294f","angle":104.6,"snapDist":4,"label":0}},{"type":"Feature","geometry":{"type":"Point","coordinates":[8.389629,47.391144]},"properties":{"name":"Bergdietikon, Bergli","lines":"305, 315","arr":["305","315"],"terminus":0,"mode":"bus","color":"#0059a9","colorDark":"#00294f","angle":125.4,"snapDist":2,"label":0}},{"type":"Feature","geometry":{"type":"Point","coordinates":[8.390733,47.393267]},"properties":{"name":"Bergdietikon, Rietwies","lines":"305, 315","arr":["305","315"],"terminus":0,"mode":"bus","color":"#0059a9","colorDark":"#00294f","angle":241.9,"snapDist":2,"label":0}},{"type":"Feature","geometry":{"type":"Point","coordinates":[8.392669,47.392505]},"properties":{"name":"Bergdietikon, Baltenschwil","lines":"305, 315","arr":["305","315"],"terminus":0,"mode":"bus","color":"#0059a9","colorDark":"#00294f","angle":77.6,"snapDist":4,"label":0}},{"type":"Feature","geometry":{"type":"Point","coordinates":[8.393142,47.394462]},"properties":{"name":"Bergdietikon, Dünni","lines":"305, 315","arr":["305","315"],"terminus":0,"mode":"bus","color":"#0059a9","colorDark":"#00294f","angle":80.1,"snapDist":5,"label":1}},{"type":"Feature","geometry":{"type":"Point","coordinates":[8.394661,47.399405]},"properties":{"name":"Dietikon, Marmori-Weiher","lines":"305, 315","arr":["305","315"],"terminus":0,"mode":"bus","color":"#0059a9","colorDark":"#00294f","angle":133.6,"snapDist":2,"label":0}},{"type":"Feature","geometry":{"type":"Point","coordinates":[8.400863,47.402609]},"properties":{"name":"Dietikon, Stadthaus","lines":"305, 306, 325","arr":["305","306","325"],"terminus":0,"mode":"bus","color":"#0059a9","colorDark":"#00294f","angle":153.7,"snapDist":3,"label":0}},{"type":"Feature","geometry":{"type":"Point","coordinates":[8.40445,47.405724]},"properties":{"name":"Dietikon, Bahnhof B","lines":"305, 314","arr":["305","314"],"terminus":1,"mode":"bus","color":"#0059a9","colorDark":"#00294f","angle":131.4,"snapDist":1,"label":1}},{"type":"Feature","geometry":{"type":"Point","coordinates":[8.404381,47.405831]},"properties":{"name":"Dietikon, Bahnhof D","lines":"306, 325","arr":["306","325"],"terminus":1,"mode":"bus","color":"#0059a9","colorDark":"#00294f","angle":131.3,"snapDist":1,"label":1}},{"type":"Feature","geometry":{"type":"Point","coordinates":[8.396548,47.40165]},"properties":{"name":"Dietikon, Oberdorf","lines":"306, 325","arr":["306","325"],"terminus":0,"mode":"bus","color":"#0059a9","colorDark":"#00294f","angle":34.8,"snapDist":4,"label":1}},{"type":"Feature","geometry":{"type":"Point","coordinates":[8.394222,47.402324]},"properties":{"name":"Dietikon, Hätschen","lines":"306, 325","arr":["306","325"],"terminus":0,"mode":"bus","color":"#0059a9","colorDark":"#00294f","angle":312.6,"snapDist":2,"label":1}},{"type":"Feature","geometry":{"type":"Point","coordinates":[8.390943,47.40176]},"properties":{"name":"Dietikon, Staffelackerstrasse","lines":"306","arr":["306"],"terminus":0,"mode":"bus","color":"#0059a9","colorDark":"#00294f","angle":58.2,"snapDist":3,"label":1}},{"type":"Feature","geometry":{"type":"Point","coordinates":[8.391225,47.404594]},"properties":{"name":"Dietikon, Stelzenacker","lines":"306","arr":["306"],"terminus":0,"mode":"bus","color":"#0059a9","colorDark":"#00294f","angle":145.2,"snapDist":5,"label":1}},{"type":"Feature","geometry":{"type":"Point","coordinates":[8.390279,47.405558]},"properties":{"name":"Dietikon, Stadthalle Ost","lines":"306","arr":["306"],"terminus":1,"mode":"bus","color":"#0059a9","colorDark":"#00294f","angle":225.6,"snapDist":4,"label":1}},{"type":"Feature","geometry":{"type":"Point","coordinates":[8.392283,47.403913]},"properties":{"name":"Dietikon, Stelzenacker","lines":"306, N36","arr":["306","N36"],"terminus":0,"mode":"bus","color":"#0059a9","colorDark":"#00294f","angle":234.9,"snapDist":5,"label":0}},{"type":"Feature","geometry":{"type":"Point","coordinates":[8.393422,47.402482]},"properties":{"name":"Dietikon, Hätschen","lines":"306, N36","arr":["306","N36"],"terminus":0,"mode":"bus","color":"#0059a9","colorDark":"#00294f","angle":240.3,"snapDist":4,"label":0}},{"type":"Feature","geometry":{"type":"Point","coordinates":[8.39645,47.401701]},"properties":{"name":"Dietikon, Oberdorf","lines":"306, 325, N36","arr":["306","325","N36"],"terminus":0,"mode":"bus","color":"#0059a9","colorDark":"#00294f","angle":228.3,"snapDist":3,"label":0}},{"type":"Feature","geometry":{"type":"Point","coordinates":[8.449147,47.40102]},"properties":{"name":"Schlieren, Bahnhof Nord","lines":"307","arr":["307"],"terminus":0,"mode":"bus","color":"#0059a9","colorDark":"#00294f","angle":190,"snapDist":3,"label":1}},{"type":"Feature","geometry":{"type":"Point","coordinates":[8.45371,47.40078]},"properties":{"name":"Schlieren, Rütistrasse","lines":"307","arr":["307"],"terminus":0,"mode":"bus","color":"#0059a9","colorDark":"#00294f","angle":176,"snapDist":2,"label":1}},{"type":"Feature","geometry":{"type":"Point","coordinates":[8.46326,47.400884]},"properties":{"name":"Schlieren, Industrie Gaswerk","lines":"307","arr":["307"],"terminus":0,"mode":"bus","color":"#0059a9","colorDark":"#00294f","angle":201,"snapDist":7,"label":1}},{"type":"Feature","geometry":{"type":"Point","coordinates":[8.472584,47.398474]},"properties":{"name":"Juchhof","lines":"307","arr":["307"],"terminus":0,"mode":"bus","color":"#0059a9","colorDark":"#00294f","angle":201.9,"snapDist":3,"label":1}},{"type":"Feature","geometry":{"type":"Point","coordinates":[8.481857,47.397584]},"properties":{"name":"Werdhölzli","lines":"307, N17","arr":["307","N17"],"terminus":0,"mode":"bus","color":"#0059a9","colorDark":"#00294f","angle":198.8,"snapDist":2,"label":0}},{"type":"Feature","geometry":{"type":"Point","coordinates":[8.489706,47.392422]},"properties":{"name":"Bahnhof Altstetten N M","lines":"307, 485","arr":["307","485"],"terminus":1,"mode":"bus","color":"#0059a9","colorDark":"#00294f","angle":292,"snapDist":1,"label":1}},{"type":"Feature","geometry":{"type":"Point","coordinates":[8.481968,47.397865]},"properties":{"name":"Werdhölzli","lines":"307","arr":["307"],"terminus":0,"mode":"bus","color":"#0059a9","colorDark":"#00294f","angle":109.4,"snapDist":3,"label":0}},{"type":"Feature","geometry":{"type":"Point","coordinates":[8.473732,47.398167]},"properties":{"name":"Juchhof","lines":"307","arr":["307"],"terminus":0,"mode":"bus","color":"#0059a9","colorDark":"#00294f","angle":18.8,"snapDist":9,"label":0}},{"type":"Feature","geometry":{"type":"Point","coordinates":[8.462021,47.401206]},"properties":{"name":"Schlieren, Industrie Gaswerk","lines":"307","arr":["307"],"terminus":0,"mode":"bus","color":"#0059a9","colorDark":"#00294f","angle":20.7,"snapDist":6,"label":0}},{"type":"Feature","geometry":{"type":"Point","coordinates":[8.45354,47.400776]},"properties":{"name":"Schlieren, Rütistrasse","lines":"307","arr":["307"],"terminus":0,"mode":"bus","color":"#0059a9","colorDark":"#00294f","angle":1.9,"snapDist":4,"label":0}},{"type":"Feature","geometry":{"type":"Point","coordinates":[8.448618,47.401082]},"properties":{"name":"Schlieren, Bahnhof Nord","lines":"307","arr":["307"],"terminus":0,"mode":"bus","color":"#0059a9","colorDark":"#00294f","angle":10,"snapDist":5,"label":0}},{"type":"Feature","geometry":{"type":"Point","coordinates":[8.403158,47.423639]},"properties":{"name":"Oetwil a.d.L., Schweizäcker","lines":"309, N34","arr":["309","N34"],"terminus":0,"mode":"bus","color":"#0059a9","colorDark":"#00294f","angle":42.9,"snapDist":4,"label":1}},{"type":"Feature","geometry":{"type":"Point","coordinates":[8.39979,47.425551]},"properties":{"name":"Oetwil an der Limmat, Halde","lines":"309, N34","arr":["309","N34"],"terminus":0,"mode":"bus","color":"#0059a9","colorDark":"#00294f","angle":25.9,"snapDist":4,"label":1}},{"type":"Feature","geometry":{"type":"Point","coordinates":[8.394386,47.427666]},"properties":{"name":"Oetwil an der Limmat, Zentrum","lines":"309, N34","arr":["309","N34"],"terminus":1,"mode":"bus","color":"#0059a9","colorDark":"#00294f","angle":32.7,"snapDist":3,"label":1}},{"type":"Feature","geometry":{"type":"Point","coordinates":[8.392915,47.418265]},"properties":{"name":"Dietikon, Silbern","lines":"309","arr":["309"],"terminus":0,"mode":"bus","color":"#0059a9","colorDark":"#00294f","angle":226.4,"snapDist":5,"label":1}},{"type":"Feature","geometry":{"type":"Point","coordinates":[8.394023,47.419318]},"properties":{"name":"Dietikon, Moosmatt","lines":"309","arr":["309"],"terminus":0,"mode":"bus","color":"#0059a9","colorDark":"#00294f","angle":226.8,"snapDist":6,"label":1}},{"type":"Feature","geometry":{"type":"Point","coordinates":[8.396556,47.417494]},"properties":{"name":"Dietikon, Hagackerstrasse","lines":"309","arr":["309"],"terminus":0,"mode":"bus","color":"#0059a9","colorDark":"#00294f","angle":226.8,"snapDist":7,"label":1}},{"type":"Feature","geometry":{"type":"Point","coordinates":[8.399152,47.417415]},"properties":{"name":"Dietikon, Lerzen","lines":"309","arr":["309"],"terminus":0,"mode":"bus","color":"#0059a9","colorDark":"#00294f","angle":260.9,"snapDist":4,"label":1}},{"type":"Feature","geometry":{"type":"Point","coordinates":[8.399913,47.414042]},"properties":{"name":"Dietikon, Pestalozzi","lines":"309, N34","arr":["309","N34"],"terminus":0,"mode":"bus","color":"#0059a9","colorDark":"#00294f","angle":206.6,"snapDist":0,"label":1}},{"type":"Feature","geometry":{"type":"Point","coordinates":[8.405106,47.410034]},"properties":{"name":"Dietikon, Rapidplatz","lines":"309, N34","arr":["309","N34"],"terminus":0,"mode":"bus","color":"#0059a9","colorDark":"#00294f","angle":256,"snapDist":5,"label":1}},{"type":"Feature","geometry":{"type":"Point","coordinates":[8.404333,47.405955]},"properties":{"name":"Dietikon, Bahnhof F","lines":"309","arr":["309"],"terminus":1,"mode":"bus","color":"#0059a9","colorDark":"#00294f","angle":131.1,"snapDist":1,"label":1}},{"type":"Feature","geometry":{"type":"Point","coordinates":[8.404928,47.410484]},"properties":{"name":"Dietikon, Rapidplatz","lines":"309","arr":["309"],"terminus":0,"mode":"bus","color":"#0059a9","colorDark":"#00294f","angle":74.2,"snapDist":0,"label":0}},{"type":"Feature","geometry":{"type":"Point","coordinates":[8.399612,47.414145]},"properties":{"name":"Dietikon, Pestalozzi","lines":"309","arr":["309"],"terminus":0,"mode":"bus","color":"#0059a9","colorDark":"#00294f","angle":26.6,"snapDist":2,"label":0}},{"type":"Feature","geometry":{"type":"Point","coordinates":[8.399066,47.417751]},"properties":{"name":"Dietikon, Lerzen","lines":"309","arr":["309"],"terminus":0,"mode":"bus","color":"#0059a9","colorDark":"#00294f","angle":79.4,"snapDist":3,"label":0}},{"type":"Feature","geometry":{"type":"Point","coordinates":[8.397037,47.417463]},"properties":{"name":"Dietikon, Hagackerstrasse","lines":"309","arr":["309"],"terminus":0,"mode":"bus","color":"#0059a9","colorDark":"#00294f","angle":317,"snapDist":5,"label":0}},{"type":"Feature","geometry":{"type":"Point","coordinates":[8.393851,47.419442]},"properties":{"name":"Dietikon, Moosmatt","lines":"309","arr":["309"],"terminus":0,"mode":"bus","color":"#0059a9","colorDark":"#00294f","angle":46.8,"snapDist":4,"label":0}},{"type":"Feature","geometry":{"type":"Point","coordinates":[8.391813,47.429925]},"properties":{"name":"Oetwil an der Limmat, Gässliacker 50","lines":"309","arr":["309"],"terminus":0,"mode":"bus","color":"#0059a9","colorDark":"#00294f","angle":220.4,"snapDist":6,"label":1}},{"type":"Feature","geometry":{"type":"Point","coordinates":[8.398094,47.427704]},"properties":{"name":"Oetwil an der Limmat, Oberdorf","lines":"309","arr":["309"],"terminus":0,"mode":"bus","color":"#0059a9","colorDark":"#00294f","angle":243.9,"snapDist":1,"label":1}},{"type":"Feature","geometry":{"type":"Point","coordinates":[8.400239,47.425785]},"properties":{"name":"Oetwil an der Limmat, Halde","lines":"309","arr":["309"],"terminus":0,"mode":"bus","color":"#0059a9","colorDark":"#00294f","angle":203.4,"snapDist":2,"label":0}},{"type":"Feature","geometry":{"type":"Point","coordinates":[8.404313,47.422987]},"properties":{"name":"Geroldswil, Schweizäcker","lines":"309","arr":["309"],"terminus":0,"mode":"bus","color":"#0059a9","colorDark":"#00294f","angle":217.5,"snapDist":3,"label":1}},{"type":"Feature","geometry":{"type":"Point","coordinates":[8.405437,47.402749]},"properties":{"name":"Dietikon, Sommerau","lines":"314","arr":["314"],"terminus":0,"mode":"bus","color":"#0059a9","colorDark":"#00294f","angle":217.9,"snapDist":2,"label":1}},{"type":"Feature","geometry":{"type":"Point","coordinates":[8.40692,47.400249]},"properties":{"name":"Dietikon, Dörfli","lines":"314, N36","arr":["314","N36"],"terminus":0,"mode":"bus","color":"#0059a9","colorDark":"#00294f","angle":221.6,"snapDist":3,"label":1}},{"type":"Feature","geometry":{"type":"Point","coordinates":[8.411642,47.398312]},"properties":{"name":"Dietikon, Hofacker","lines":"314, N36","arr":["314","N36"],"terminus":0,"mode":"bus","color":"#0059a9","colorDark":"#00294f","angle":201.3,"snapDist":1,"label":1}},{"type":"Feature","geometry":{"type":"Point","coordinates":[8.417169,47.397706]},"properties":{"name":"Dietikon, Birmensdorferstrasse","lines":"314, N36","arr":["314","N36"],"terminus":0,"mode":"bus","color":"#0059a9","colorDark":"#00294f","angle":180.4,"snapDist":2,"label":0}},{"type":"Feature","geometry":{"type":"Point","coordinates":[8.418559,47.390265]},"properties":{"name":"Urdorf, Niederurdorf","lines":"314, 317","arr":["314","317"],"terminus":0,"mode":"bus","color":"#0059a9","colorDark":"#00294f","angle":257.3,"snapDist":2,"label":1}},{"type":"Feature","geometry":{"type":"Point","coordinates":[8.420592,47.386914]},"properties":{"name":"Urdorf, Neumatt","lines":"314, 317","arr":["314","317"],"terminus":0,"mode":"bus","color":"#0059a9","colorDark":"#00294f","angle":243.6,"snapDist":2,"label":1}},{"type":"Feature","geometry":{"type":"Point","coordinates":[8.422806,47.381099]},"properties":{"name":"Urdorf, Sonne","lines":"314, 317","arr":["314","317"],"terminus":0,"mode":"bus","color":"#0059a9","colorDark":"#00294f","angle":261.8,"snapDist":2,"label":1}},{"type":"Feature","geometry":{"type":"Point","coordinates":[8.42283,47.377758]},"properties":{"name":"Urdorf, Oberurdorf","lines":"314, 317","arr":["314","317"],"terminus":1,"mode":"bus","color":"#0059a9","colorDark":"#00294f","angle":294.6,"snapDist":4,"label":1}},{"type":"Feature","geometry":{"type":"Point","coordinates":[8.424472,47.370804]},"properties":{"name":"Urdorf, Heinrich-Stutz-Strasse","lines":"314","arr":["314"],"terminus":0,"mode":"bus","color":"#0059a9","colorDark":"#00294f","angle":249.4,"snapDist":2,"label":1}},{"type":"Feature","geometry":{"type":"Point","coordinates":[8.428822,47.365484]},"properties":{"name":"Birmensdorf ZH, Ristet","lines":"314","arr":["314"],"terminus":0,"mode":"bus","color":"#0059a9","colorDark":"#00294f","angle":334.1,"snapDist":3,"label":1}},{"type":"Feature","geometry":{"type":"Point","coordinates":[8.437437,47.35715]},"properties":{"name":"Birmensdorf ZH, Bahnhof Süd","lines":"314","arr":["314"],"terminus":0,"mode":"bus","color":"#0059a9","colorDark":"#00294f","angle":188.6,"snapDist":1,"label":1}},{"type":"Feature","geometry":{"type":"Point","coordinates":[8.437362,47.357157]},"properties":{"name":"Birmensdorf ZH, Bahnhof D","lines":"314","arr":["314"],"terminus":1,"mode":"bus","color":"#0059a9","colorDark":"#00294f","angle":188.6,"snapDist":5,"label":1}},{"type":"Feature","geometry":{"type":"Point","coordinates":[8.424934,47.370561]},"properties":{"name":"Urdorf, Heinrich-Stutz-Strasse","lines":"314","arr":["314"],"terminus":0,"mode":"bus","color":"#0059a9","colorDark":"#00294f","angle":348.9,"snapDist":1,"label":0}},{"type":"Feature","geometry":{"type":"Point","coordinates":[8.423078,47.378146]},"properties":{"name":"Urdorf, Oberurdorf","lines":"314, 317","arr":["314","317"],"terminus":1,"mode":"bus","color":"#0059a9","colorDark":"#00294f","angle":90.1,"snapDist":3,"label":0}},{"type":"Feature","geometry":{"type":"Point","coordinates":[8.42266,47.381729]},"properties":{"name":"Urdorf, Sonne","lines":"314, 317","arr":["314","317"],"terminus":0,"mode":"bus","color":"#0059a9","colorDark":"#00294f","angle":81.5,"snapDist":4,"label":0}},{"type":"Feature","geometry":{"type":"Point","coordinates":[8.420298,47.387331]},"properties":{"name":"Urdorf, Neumatt","lines":"314, 317, N34","arr":["314","317","N34"],"terminus":0,"mode":"bus","color":"#0059a9","colorDark":"#00294f","angle":64,"snapDist":3,"label":0}},{"type":"Feature","geometry":{"type":"Point","coordinates":[8.41852,47.390372]},"properties":{"name":"Urdorf, Niederurdorf","lines":"314, 317, N34","arr":["314","317","N34"],"terminus":0,"mode":"bus","color":"#0059a9","colorDark":"#00294f","angle":75.9,"snapDist":5,"label":0}},{"type":"Feature","geometry":{"type":"Point","coordinates":[8.417088,47.397707]},"properties":{"name":"Dietikon, Birmensdorferstrasse","lines":"314, N34","arr":["314","N34"],"terminus":0,"mode":"bus","color":"#0059a9","colorDark":"#00294f","angle":0.4,"snapDist":4,"label":0}},{"type":"Feature","geometry":{"type":"Point","coordinates":[8.411172,47.398438]},"properties":{"name":"Dietikon, Hofacker","lines":"314, N34","arr":["314","N34"],"terminus":0,"mode":"bus","color":"#0059a9","colorDark":"#00294f","angle":21.7,"snapDist":1,"label":0}},{"type":"Feature","geometry":{"type":"Point","coordinates":[8.406247,47.400651]},"properties":{"name":"Dietikon, Dörfli","lines":"314, N34","arr":["314","N34"],"terminus":0,"mode":"bus","color":"#0059a9","colorDark":"#00294f","angle":37.4,"snapDist":2,"label":0}},{"type":"Feature","geometry":{"type":"Point","coordinates":[8.405474,47.402875]},"properties":{"name":"Dietikon, Sommerau","lines":"314, N34","arr":["314","N34"],"terminus":0,"mode":"bus","color":"#0059a9","colorDark":"#00294f","angle":37.8,"snapDist":3,"label":0}},{"type":"Feature","geometry":{"type":"Point","coordinates":[8.362951,47.420837]},"properties":{"name":"Spreitenbach, Glattler","lines":"315","arr":["315"],"terminus":1,"mode":"bus","color":"#0059a9","colorDark":"#00294f","angle":111,"snapDist":3,"label":1}},{"type":"Feature","geometry":{"type":"Point","coordinates":[8.442792,47.401298]},"properties":{"name":"Schlieren, Am Rietpark","lines":"317","arr":["317"],"terminus":0,"mode":"bus","color":"#0059a9","colorDark":"#00294f","angle":357.3,"snapDist":4,"label":1}},{"type":"Feature","geometry":{"type":"Point","coordinates":[8.439357,47.400686]},"properties":{"name":"Schlieren, Goldschlägistrasse","lines":"317","arr":["317"],"terminus":0,"mode":"bus","color":"#0059a9","colorDark":"#00294f","angle":266.6,"snapDist":2,"label":1}},{"type":"Feature","geometry":{"type":"Point","coordinates":[8.435355,47.400064]},"properties":{"name":"Schlieren, Meuchwis","lines":"317","arr":["317"],"terminus":0,"mode":"bus","color":"#0059a9","colorDark":"#00294f","angle":336.8,"snapDist":1,"label":1}},{"type":"Feature","geometry":{"type":"Point","coordinates":[8.429931,47.398815]},"properties":{"name":"Dietikon, Wasserburg","lines":"317","arr":["317"],"terminus":0,"mode":"bus","color":"#0059a9","colorDark":"#00294f","angle":327,"snapDist":4,"label":1}},{"type":"Feature","geometry":{"type":"Point","coordinates":[8.42449,47.397207]},"properties":{"name":"Dietikon, Schönenwerd","lines":"317","arr":["317"],"terminus":0,"mode":"bus","color":"#0059a9","colorDark":"#00294f","angle":2.3,"snapDist":2,"label":1}},{"type":"Feature","geometry":{"type":"Point","coordinates":[8.419039,47.398821]},"properties":{"name":"Glanzenberg, Bahnhof","lines":"317","arr":["317"],"terminus":0,"mode":"bus","color":"#0059a9","colorDark":"#00294f","angle":20.8,"snapDist":5,"label":1}},{"type":"Feature","geometry":{"type":"Point","coordinates":[8.419599,47.398651]},"properties":{"name":"Glanzenberg, Bahnhof","lines":"317","arr":["317"],"terminus":0,"mode":"bus","color":"#0059a9","colorDark":"#00294f","angle":204.3,"snapDist":6,"label":0}},{"type":"Feature","geometry":{"type":"Point","coordinates":[8.424781,47.397199]},"properties":{"name":"Dietikon, Schönenwerd","lines":"317","arr":["317"],"terminus":0,"mode":"bus","color":"#0059a9","colorDark":"#00294f","angle":182.3,"snapDist":5,"label":0}},{"type":"Feature","geometry":{"type":"Point","coordinates":[8.430471,47.399065]},"properties":{"name":"Dietikon, Wasserburg","lines":"317","arr":["317"],"terminus":0,"mode":"bus","color":"#0059a9","colorDark":"#00294f","angle":142.9,"snapDist":1,"label":0}},{"type":"Feature","geometry":{"type":"Point","coordinates":[8.435628,47.400146]},"properties":{"name":"Schlieren, Meuchwis","lines":"317","arr":["317"],"terminus":0,"mode":"bus","color":"#0059a9","colorDark":"#00294f","angle":129.9,"snapDist":5,"label":0}},{"type":"Feature","geometry":{"type":"Point","coordinates":[8.439345,47.400822]},"properties":{"name":"Schlieren, Goldschlägistrasse","lines":"317","arr":["317"],"terminus":0,"mode":"bus","color":"#0059a9","colorDark":"#00294f","angle":86.6,"snapDist":4,"label":0}},{"type":"Feature","geometry":{"type":"Point","coordinates":[8.445013,47.401385]},"properties":{"name":"Schlieren, Am Rietpark","lines":"317","arr":["317"],"terminus":0,"mode":"bus","color":"#0059a9","colorDark":"#00294f","angle":176.6,"snapDist":5,"label":0}},{"type":"Feature","geometry":{"type":"Point","coordinates":[8.39134,47.400625]},"properties":{"name":"Dietikon, Gyrhalden","lines":"325","arr":["325"],"terminus":0,"mode":"bus","color":"#0059a9","colorDark":"#00294f","angle":351.1,"snapDist":3,"label":1}},{"type":"Feature","geometry":{"type":"Point","coordinates":[8.387927,47.400838]},"properties":{"name":"Dietikon, Weidstrasse","lines":"325","arr":["325"],"terminus":0,"mode":"bus","color":"#0059a9","colorDark":"#00294f","angle":31.2,"snapDist":3,"label":1}},{"type":"Feature","geometry":{"type":"Point","coordinates":[8.385534,47.40206]},"properties":{"name":"Dietikon, Lätten","lines":"325","arr":["325"],"terminus":0,"mode":"bus","color":"#0059a9","colorDark":"#00294f","angle":30.2,"snapDist":2,"label":1}},{"type":"Feature","geometry":{"type":"Point","coordinates":[8.381485,47.402031]},"properties":{"name":"Dietikon, Weinberg","lines":"325","arr":["325"],"terminus":1,"mode":"bus","color":"#0059a9","colorDark":"#00294f","angle":149.2,"snapDist":4,"label":1}},{"type":"Feature","geometry":{"type":"Point","coordinates":[8.384439,47.402346]},"properties":{"name":"Dietikon, Lätten","lines":"325","arr":["325"],"terminus":0,"mode":"bus","color":"#0059a9","colorDark":"#00294f","angle":192.9,"snapDist":2,"label":0}},{"type":"Feature","geometry":{"type":"Point","coordinates":[8.388132,47.400761]},"properties":{"name":"Dietikon, Weidstrasse","lines":"325","arr":["325"],"terminus":0,"mode":"bus","color":"#0059a9","colorDark":"#00294f","angle":204.1,"snapDist":3,"label":0}},{"type":"Feature","geometry":{"type":"Point","coordinates":[8.391429,47.400635]},"properties":{"name":"Dietikon, Gyrhalden","lines":"325","arr":["325"],"terminus":0,"mode":"bus","color":"#0059a9","colorDark":"#00294f","angle":171.1,"snapDist":6,"label":0}},{"type":"Feature","geometry":{"type":"Point","coordinates":[8.393608,47.401825]},"properties":{"name":"Dietikon, Hätschen","lines":"325","arr":["325"],"terminus":0,"mode":"bus","color":"#0059a9","colorDark":"#00294f","angle":127.7,"snapDist":1,"label":0}},{"type":"Feature","geometry":{"type":"Point","coordinates":[8.438642,47.440022]},"properties":{"name":"Dällikon, Dorf","lines":"449","arr":["449"],"terminus":1,"mode":"bus","color":"#0059a9","colorDark":"#00294f","angle":110.9,"snapDist":4,"label":1}},{"type":"Feature","geometry":{"type":"Point","coordinates":[8.438741,47.44511]},"properties":{"name":"Dällikon, Industrie","lines":"449","arr":["449"],"terminus":0,"mode":"bus","color":"#0059a9","colorDark":"#00294f","angle":86.2,"snapDist":6,"label":1}},{"type":"Feature","geometry":{"type":"Point","coordinates":[8.438375,47.448756]},"properties":{"name":"Buchs ZH, Industrie","lines":"449","arr":["449"],"terminus":0,"mode":"bus","color":"#0059a9","colorDark":"#00294f","angle":85.7,"snapDist":4,"label":1}},{"type":"Feature","geometry":{"type":"Point","coordinates":[8.437496,47.453047]},"properties":{"name":"Buchs-Dällikon, Bahnhof","lines":"449","arr":["449"],"terminus":1,"mode":"bus","color":"#0059a9","colorDark":"#00294f","angle":7.3,"snapDist":1,"label":1}},{"type":"Feature","geometry":{"type":"Point","coordinates":[8.438239,47.450018]},"properties":{"name":"Buchs ZH, Industrie","lines":"449, N45","arr":["449","N45"],"terminus":0,"mode":"bus","color":"#0059a9","colorDark":"#00294f","angle":265.6,"snapDist":3,"label":0}},{"type":"Feature","geometry":{"type":"Point","coordinates":[8.438816,47.444308]},"properties":{"name":"Dällikon, Industrie","lines":"449, N45","arr":["449","N45"],"terminus":0,"mode":"bus","color":"#0059a9","colorDark":"#00294f","angle":266.6,"snapDist":5,"label":0}},{"type":"Feature","geometry":{"type":"Point","coordinates":[8.407196,47.46874]},"properties":{"name":"Boppelsen, Hand","lines":"450, N45","arr":["450","N45"],"terminus":1,"mode":"bus","color":"#0059a9","colorDark":"#00294f","angle":223.6,"snapDist":1,"label":1}},{"type":"Feature","geometry":{"type":"Point","coordinates":[8.40192,47.470064]},"properties":{"name":"Boppelsen, Dorf","lines":"450","arr":["450"],"terminus":0,"mode":"bus","color":"#0059a9","colorDark":"#00294f","angle":320.5,"snapDist":4,"label":0}},{"type":"Feature","geometry":{"type":"Point","coordinates":[8.390097,47.462657]},"properties":{"name":"Otelfingen, Schule","lines":"450","arr":["450"],"terminus":0,"mode":"bus","color":"#0059a9","colorDark":"#00294f","angle":265.9,"snapDist":2,"label":1}},{"type":"Feature","geometry":{"type":"Point","coordinates":[8.39011,47.460466]},"properties":{"name":"Otelfingen, Alte Post","lines":"450","arr":["450"],"terminus":0,"mode":"bus","color":"#0059a9","colorDark":"#00294f","angle":275.6,"snapDist":4,"label":1}},{"type":"Feature","geometry":{"type":"Point","coordinates":[8.38671,47.459246]},"properties":{"name":"Otelfingen, Landstrasse","lines":"450","arr":["450"],"terminus":0,"mode":"bus","color":"#0059a9","colorDark":"#00294f","angle":262.7,"snapDist":3,"label":0}},{"type":"Feature","geometry":{"type":"Point","coordinates":[8.388315,47.455183]},"properties":{"name":"Otelfingen, Bahnhof","lines":"450, N45","arr":["450","N45"],"terminus":1,"mode":"bus","color":"#0059a9","colorDark":"#00294f","angle":156.1,"snapDist":3,"label":1}},{"type":"Feature","geometry":{"type":"Point","coordinates":[8.386675,47.459504]},"properties":{"name":"Otelfingen, Landstrasse","lines":"450, N45","arr":["450","N45"],"terminus":1,"mode":"bus","color":"#0059a9","colorDark":"#00294f","angle":89.5,"snapDist":5,"label":1}},{"type":"Feature","geometry":{"type":"Point","coordinates":[8.390147,47.460726]},"properties":{"name":"Otelfingen, Alte Post","lines":"450, N45","arr":["450","N45"],"terminus":0,"mode":"bus","color":"#0059a9","colorDark":"#00294f","angle":92.1,"snapDist":3,"label":0}},{"type":"Feature","geometry":{"type":"Point","coordinates":[8.390105,47.462562]},"properties":{"name":"Otelfingen, Schule","lines":"450, N45","arr":["450","N45"],"terminus":0,"mode":"bus","color":"#0059a9","colorDark":"#00294f","angle":87.1,"snapDist":7,"label":0}},{"type":"Feature","geometry":{"type":"Point","coordinates":[8.40193,47.470069]},"properties":{"name":"Boppelsen, Dorf","lines":"450, N45","arr":["450","N45"],"terminus":0,"mode":"bus","color":"#0059a9","colorDark":"#00294f","angle":140.5,"snapDist":2,"label":0}},{"type":"Feature","geometry":{"type":"Point","coordinates":[8.467062,47.452598]},"properties":{"name":"Adlikon b. R., Leematten","lines":"451","arr":["451"],"terminus":1,"mode":"bus","color":"#0059a9","colorDark":"#00294f","angle":181.1,"snapDist":2,"label":1}},{"type":"Feature","geometry":{"type":"Point","coordinates":[8.471127,47.448986]},"properties":{"name":"Watt, Haldensteig","lines":"451","arr":["451"],"terminus":0,"mode":"bus","color":"#0059a9","colorDark":"#00294f","angle":199.6,"snapDist":1,"label":1}},{"type":"Feature","geometry":{"type":"Point","coordinates":[8.477821,47.447486]},"properties":{"name":"Watt, Laubisser","lines":"451","arr":["451"],"terminus":0,"mode":"bus","color":"#0059a9","colorDark":"#00294f","angle":174.5,"snapDist":2,"label":1}},{"type":"Feature","geometry":{"type":"Point","coordinates":[8.481688,47.44612]},"properties":{"name":"Watt, Brünigstrasse","lines":"451","arr":["451"],"terminus":0,"mode":"bus","color":"#0059a9","colorDark":"#00294f","angle":219.2,"snapDist":2,"label":1}},{"type":"Feature","geometry":{"type":"Point","coordinates":[8.480545,47.442072]},"properties":{"name":"Watt","lines":"451, 485, N45","arr":["451","485","N45"],"terminus":0,"mode":"bus","color":"#0059a9","colorDark":"#00294f","angle":303.2,"snapDist":3,"label":1}},{"type":"Feature","geometry":{"type":"Point","coordinates":[8.476446,47.43944]},"properties":{"name":"Watt, Geerenweg","lines":"451, 485, N45","arr":["451","485","N45"],"terminus":0,"mode":"bus","color":"#0059a9","colorDark":"#00294f","angle":41.8,"snapDist":3,"label":1}},{"type":"Feature","geometry":{"type":"Point","coordinates":[8.473299,47.437069]},"properties":{"name":"Regensdorf-Watt, Bahnhof A","lines":"451","arr":["451"],"terminus":0,"mode":"bus","color":"#0059a9","colorDark":"#00294f","angle":301.6,"snapDist":9,"label":1}},{"type":"Feature","geometry":{"type":"Point","coordinates":[8.470217,47.43059]},"properties":{"name":"Regensdorf, Zentrum Ost","lines":"451, 452, 491, 492","arr":["451","452","491","492"],"terminus":0,"mode":"bus","color":"#0059a9","colorDark":"#00294f","angle":294.8,"snapDist":7,"label":1}},{"type":"Feature","geometry":{"type":"Point","coordinates":[8.468278,47.429318]},"properties":{"name":"Regensdorf, Obstgarten","lines":"451, 452, 485, 491, 492","arr":["451","452","485","491","492"],"terminus":0,"mode":"bus","color":"#0059a9","colorDark":"#00294f","angle":13.6,"snapDist":5,"label":1}},{"type":"Feature","geometry":{"type":"Point","coordinates":[8.466567,47.431834]},"properties":{"name":"Regensdorf, Zentrum","lines":"451, 452, 492","arr":["451","452","492"],"terminus":1,"mode":"bus","color":"#0059a9","colorDark":"#00294f","angle":122.5,"snapDist":6,"label":1}},{"type":"Feature","geometry":{"type":"Point","coordinates":[8.46628,47.431448]},"properties":{"name":"Regensdorf, Zentrum","lines":"451","arr":["451"],"terminus":1,"mode":"bus","color":"#0059a9","colorDark":"#00294f","angle":108.3,"snapDist":5,"label":0}},{"type":"Feature","geometry":{"type":"Point","coordinates":[8.471167,47.432193]},"properties":{"name":"Regensdorf, Ostring","lines":"451, 485, 492","arr":["451","485","492"],"terminus":0,"mode":"bus","color":"#0059a9","colorDark":"#00294f","angle":96.6,"snapDist":3,"label":1}},{"type":"Feature","geometry":{"type":"Point","coordinates":[8.472745,47.4367]},"properties":{"name":"Regensdorf-Watt, Bahnhof C","lines":"451, 454, 485, 492, N45","arr":["451","454","485","492","N45"],"terminus":1,"mode":"bus","color":"#0059a9","colorDark":"#00294f","angle":37.7,"snapDist":2,"label":1}},{"type":"Feature","geometry":{"type":"Point","coordinates":[8.456741,47.439887]},"properties":{"name":"Regensdorf, Moosächer","lines":"452","arr":["452"],"terminus":1,"mode":"bus","color":"#0059a9","colorDark":"#00294f","angle":291.8,"snapDist":2,"label":1}},{"type":"Feature","geometry":{"type":"Point","coordinates":[8.460808,47.437678]},"properties":{"name":"Regensdorf, Sportanl Wisacher","lines":"452","arr":["452"],"terminus":0,"mode":"bus","color":"#0059a9","colorDark":"#00294f","angle":209.6,"snapDist":2,"label":1}},{"type":"Feature","geometry":{"type":"Point","coordinates":[8.465027,47.438187]},"properties":{"name":"Regensdorf, Dreispitz","lines":"452","arr":["452"],"terminus":0,"mode":"bus","color":"#0059a9","colorDark":"#00294f","angle":217.2,"snapDist":2,"label":1}},{"type":"Feature","geometry":{"type":"Point","coordinates":[8.464593,47.435885]},"properties":{"name":"Regensdorf, Feldblumenstrasse","lines":"452","arr":["452"],"terminus":0,"mode":"bus","color":"#0059a9","colorDark":"#00294f","angle":216.3,"snapDist":3,"label":1}},{"type":"Feature","geometry":{"type":"Point","coordinates":[8.467356,47.434521]},"properties":{"name":"Regensdorf, Altersheim","lines":"452","arr":["452"],"terminus":0,"mode":"bus","color":"#0059a9","colorDark":"#00294f","angle":217.1,"snapDist":3,"label":1}},{"type":"Feature","geometry":{"type":"Point","coordinates":[8.469586,47.434188]},"properties":{"name":"Regensdorf, Gemeindehaus","lines":"452, 491","arr":["452","491"],"terminus":0,"mode":"bus","color":"#0059a9","colorDark":"#00294f","angle":152.8,"snapDist":3,"label":1}},{"type":"Feature","geometry":{"type":"Point","coordinates":[8.472692,47.436137]},"properties":{"name":"Regensdorf-Watt, Bahnhof D","lines":"452","arr":["452"],"terminus":0,"mode":"bus","color":"#0059a9","colorDark":"#00294f","angle":28,"snapDist":2,"label":0}},{"type":"Feature","geometry":{"type":"Point","coordinates":[8.469569,47.434182]},"properties":{"name":"Regensdorf, Gemeindehaus","lines":"452","arr":["452"],"terminus":0,"mode":"bus","color":"#0059a9","colorDark":"#00294f","angle":152.8,"snapDist":5,"label":0}},{"type":"Feature","geometry":{"type":"Point","coordinates":[8.469565,47.434181]},"properties":{"name":"Regensdorf, Gemeindehaus","lines":"452","arr":["452"],"terminus":0,"mode":"bus","color":"#0059a9","colorDark":"#00294f","angle":152.8,"snapDist":2,"label":0}},{"type":"Feature","geometry":{"type":"Point","coordinates":[8.47254,47.43619]},"properties":{"name":"Regensdorf-Watt, Bahnhof D","lines":"452","arr":["452"],"terminus":0,"mode":"bus","color":"#0059a9","colorDark":"#00294f","angle":20.6,"snapDist":4,"label":0}},{"type":"Feature","geometry":{"type":"Point","coordinates":[8.469569,47.434182]},"properties":{"name":"Regensdorf, Gemeindehaus","lines":"452, 491","arr":["452","491"],"terminus":0,"mode":"bus","color":"#0059a9","colorDark":"#00294f","angle":152.8,"snapDist":5,"label":0}},{"type":"Feature","geometry":{"type":"Point","coordinates":[8.467172,47.434613]},"properties":{"name":"Regensdorf, Altersheim","lines":"452","arr":["452"],"terminus":0,"mode":"bus","color":"#0059a9","colorDark":"#00294f","angle":36,"snapDist":4,"label":0}},{"type":"Feature","geometry":{"type":"Point","coordinates":[8.464011,47.436171]},"properties":{"name":"Regensdorf, Feldblumenstrasse","lines":"452","arr":["452"],"terminus":0,"mode":"bus","color":"#0059a9","colorDark":"#00294f","angle":35.8,"snapDist":6,"label":0}},{"type":"Feature","geometry":{"type":"Point","coordinates":[8.464417,47.438488]},"properties":{"name":"Regensdorf, Dreispitz","lines":"452","arr":["452"],"terminus":0,"mode":"bus","color":"#0059a9","colorDark":"#00294f","angle":35.4,"snapDist":3,"label":0}},{"type":"Feature","geometry":{"type":"Point","coordinates":[8.461283,47.439807]},"properties":{"name":"Regensdorf, Strassenverkehrs.","lines":"452","arr":["452"],"terminus":0,"mode":"bus","color":"#0059a9","colorDark":"#00294f","angle":27.5,"snapDist":0,"label":1}},{"type":"Feature","geometry":{"type":"Point","coordinates":[8.456822,47.440578]},"properties":{"name":"Regensdorf, Moosächer","lines":"452","arr":["452"],"terminus":1,"mode":"bus","color":"#0059a9","colorDark":"#00294f","angle":200.6,"snapDist":0,"label":0}},{"type":"Feature","geometry":{"type":"Point","coordinates":[8.459015,47.453195]},"properties":{"name":"Adlikon b. R., Sonnhalde West","lines":"453, 485, N45","arr":["453","485","N45"],"terminus":1,"mode":"bus","color":"#0059a9","colorDark":"#00294f","angle":221.6,"snapDist":1,"label":1}},{"type":"Feature","geometry":{"type":"Point","coordinates":[8.462245,47.451966]},"properties":{"name":"Adlikon b. R., Sonnhalde","lines":"453, 485, N45","arr":["453","485","N45"],"terminus":0,"mode":"bus","color":"#0059a9","colorDark":"#00294f","angle":219.5,"snapDist":1,"label":1}},{"type":"Feature","geometry":{"type":"Point","coordinates":[8.466511,47.447815]},"properties":{"name":"Adlikon b. R., Dorf","lines":"453, 456, 485, N45","arr":["453","456","485","N45"],"terminus":0,"mode":"bus","color":"#0059a9","colorDark":"#00294f","angle":259.9,"snapDist":3,"label":1}},{"type":"Feature","geometry":{"type":"Point","coordinates":[8.466693,47.444435]},"properties":{"name":"Regensdorf, Furtbächli","lines":"453, 456","arr":["453","456"],"terminus":0,"mode":"bus","color":"#0059a9","colorDark":"#00294f","angle":234.2,"snapDist":2,"label":1}},{"type":"Feature","geometry":{"type":"Point","coordinates":[8.465742,47.441721]},"properties":{"name":"Regensdorf, Hardhölzli","lines":"453, 454, 456","arr":["453","454","456"],"terminus":0,"mode":"bus","color":"#0059a9","colorDark":"#00294f","angle":228.7,"snapDist":4,"label":1}},{"type":"Feature","geometry":{"type":"Point","coordinates":[8.470325,47.438081]},"properties":{"name":"Regensdorf, Althard/Bahnhof","lines":"453, 454, 456","arr":["453","454","456"],"terminus":1,"mode":"bus","color":"#0059a9","colorDark":"#00294f","angle":230.4,"snapDist":4,"label":1}},{"type":"Feature","geometry":{"type":"Point","coordinates":[8.472485,47.436835]},"properties":{"name":"Regensdorf-Watt, Bahnhof C","lines":"453, 456","arr":["453","456"],"terminus":1,"mode":"bus","color":"#0059a9","colorDark":"#00294f","angle":37.5,"snapDist":1,"label":0}},{"type":"Feature","geometry":{"type":"Point","coordinates":[8.469986,47.438357]},"properties":{"name":"Regensdorf, Althard/Bahnhof","lines":"453, 454, 456","arr":["453","454","456"],"terminus":0,"mode":"bus","color":"#0059a9","colorDark":"#00294f","angle":50.3,"snapDist":2,"label":0}},{"type":"Feature","geometry":{"type":"Point","coordinates":[8.466035,47.441488]},"properties":{"name":"Regensdorf, Hardhölzli","lines":"453, 454, 456","arr":["453","454","456"],"terminus":0,"mode":"bus","color":"#0059a9","colorDark":"#00294f","angle":49.8,"snapDist":3,"label":0}},{"type":"Feature","geometry":{"type":"Point","coordinates":[8.462039,47.452081]},"properties":{"name":"Adlikon b. R., Sonnhalde","lines":"453, 485, N45","arr":["453","485","N45"],"terminus":0,"mode":"bus","color":"#0059a9","colorDark":"#00294f","angle":39.5,"snapDist":10,"label":0}},{"type":"Feature","geometry":{"type":"Point","coordinates":[8.45879,47.453343]},"properties":{"name":"Adlikon b. R., Sonnhalde West","lines":"453, 485, N45","arr":["453","485","N45"],"terminus":1,"mode":"bus","color":"#0059a9","colorDark":"#00294f","angle":40.4,"snapDist":3,"label":0}},{"type":"Feature","geometry":{"type":"Point","coordinates":[8.458129,47.447311]},"properties":{"name":"Regensdorf, Allmend","lines":"454","arr":["454"],"terminus":1,"mode":"bus","color":"#0059a9","colorDark":"#00294f","angle":45.4,"snapDist":2,"label":1}},{"type":"Feature","geometry":{"type":"Point","coordinates":[8.454732,47.446707]},"properties":{"name":"Regensdorf, Spittelhölzli","lines":"454","arr":["454"],"terminus":0,"mode":"bus","color":"#0059a9","colorDark":"#00294f","angle":325.6,"snapDist":3,"label":1}},{"type":"Feature","geometry":{"type":"Point","coordinates":[8.462336,47.444401]},"properties":{"name":"Regensdorf, Querstrasse","lines":"454, 456","arr":["454","456"],"terminus":0,"mode":"bus","color":"#0059a9","colorDark":"#00294f","angle":228.5,"snapDist":3,"label":1}},{"type":"Feature","geometry":{"type":"Point","coordinates":[8.462039,47.444624]},"properties":{"name":"Regensdorf, Querstrasse","lines":"454, 456","arr":["454","456"],"terminus":0,"mode":"bus","color":"#0059a9","colorDark":"#00294f","angle":48,"snapDist":6,"label":0}},{"type":"Feature","geometry":{"type":"Point","coordinates":[8.437449,47.453335]},"properties":{"name":"Buchs-Dällikon, Bahnhof","lines":"455","arr":["455"],"terminus":1,"mode":"bus","color":"#0059a9","colorDark":"#00294f","angle":186.5,"snapDist":3,"label":0}},{"type":"Feature","geometry":{"type":"Point","coordinates":[8.437696,47.455559]},"properties":{"name":"Buchs ZH, Furttalstrasse","lines":"455","arr":["455"],"terminus":0,"mode":"bus","color":"#0059a9","colorDark":"#00294f","angle":263.5,"snapDist":3,"label":1}},{"type":"Feature","geometry":{"type":"Point","coordinates":[8.44264,47.457721]},"properties":{"name":"Buchs ZH, Petermoos","lines":"455, 485, N45","arr":["455","485","N45"],"terminus":0,"mode":"bus","color":"#0059a9","colorDark":"#00294f","angle":36.1,"snapDist":3,"label":1}},{"type":"Feature","geometry":{"type":"Point","coordinates":[8.440151,47.458432]},"properties":{"name":"Buchs ZH, Linde","lines":"455, 485, N45","arr":["455","485","N45"],"terminus":0,"mode":"bus","color":"#0059a9","colorDark":"#00294f","angle":350.3,"snapDist":5,"label":0}},{"type":"Feature","geometry":{"type":"Point","coordinates":[8.437582,47.456632]},"properties":{"name":"Buchs ZH, Post","lines":"455, 485, N45","arr":["455","485","N45"],"terminus":1,"mode":"bus","color":"#0059a9","colorDark":"#00294f","angle":266.2,"snapDist":2,"label":1}},{"type":"Feature","geometry":{"type":"Point","coordinates":[8.437156,47.453357]},"properties":{"name":"Buchs-Dällikon, Bahnhof","lines":"455","arr":["455"],"terminus":1,"mode":"bus","color":"#0059a9","colorDark":"#00294f","angle":6.4,"snapDist":1,"label":0}},{"type":"Feature","geometry":{"type":"Point","coordinates":[8.458959,47.482882]},"properties":{"name":"Dielsdorf, Bahnhof","lines":"456","arr":["456"],"terminus":1,"mode":"bus","color":"#0059a9","colorDark":"#00294f","angle":107.2,"snapDist":0,"label":1}},{"type":"Feature","geometry":{"type":"Point","coordinates":[8.453629,47.481452]},"properties":{"name":"Dielsdorf, Dorfzentrum","lines":"456, N51","arr":["456","N51"],"terminus":0,"mode":"bus","color":"#0059a9","colorDark":"#00294f","angle":263.1,"snapDist":3,"label":1}},{"type":"Feature","geometry":{"type":"Point","coordinates":[8.454846,47.476062]},"properties":{"name":"Dielsdorf, Altmoos","lines":"456, N51","arr":["456","N51"],"terminus":0,"mode":"bus","color":"#0059a9","colorDark":"#00294f","angle":277.3,"snapDist":2,"label":1}},{"type":"Feature","geometry":{"type":"Point","coordinates":[8.466011,47.451756]},"properties":{"name":"Adlikon b. R., Ziegelhütte","lines":"456","arr":["456"],"terminus":0,"mode":"bus","color":"#0059a9","colorDark":"#00294f","angle":266.5,"snapDist":4,"label":1}},{"type":"Feature","geometry":{"type":"Point","coordinates":[8.462288,47.44612]},"properties":{"name":"Regensdorf, Pumpwerkstrasse","lines":"456","arr":["456"],"terminus":0,"mode":"bus","color":"#0059a9","colorDark":"#00294f","angle":320.1,"snapDist":4,"label":1}},{"type":"Feature","geometry":{"type":"Point","coordinates":[8.462584,47.446205]},"properties":{"name":"Regensdorf, Pumpwerkstrasse","lines":"456","arr":["456"],"terminus":0,"mode":"bus","color":"#0059a9","colorDark":"#00294f","angle":144.4,"snapDist":1,"label":0}},{"type":"Feature","geometry":{"type":"Point","coordinates":[8.466488,47.444599]},"properties":{"name":"Regensdorf, Furtbächli","lines":"456","arr":["456"],"terminus":0,"mode":"bus","color":"#0059a9","colorDark":"#00294f","angle":50.7,"snapDist":6,"label":0}},{"type":"Feature","geometry":{"type":"Point","coordinates":[8.466451,47.448163]},"properties":{"name":"Adlikon b. R., Dorf","lines":"456, 485, N45","arr":["456","485","N45"],"terminus":0,"mode":"bus","color":"#0059a9","colorDark":"#00294f","angle":87.1,"snapDist":1,"label":0}},{"type":"Feature","geometry":{"type":"Point","coordinates":[8.466127,47.453063]},"properties":{"name":"Adlikon b. R., Ziegelhütte","lines":"456","arr":["456"],"terminus":0,"mode":"bus","color":"#0059a9","colorDark":"#00294f","angle":94.1,"snapDist":6,"label":0}},{"type":"Feature","geometry":{"type":"Point","coordinates":[8.454824,47.475948]},"properties":{"name":"Dielsdorf, Altmoos","lines":"456, N51","arr":["456","N51"],"terminus":0,"mode":"bus","color":"#0059a9","colorDark":"#00294f","angle":98.1,"snapDist":4,"label":0}},{"type":"Feature","geometry":{"type":"Point","coordinates":[8.453585,47.4818]},"properties":{"name":"Dielsdorf, Dorfzentrum","lines":"456, N51","arr":["456","N51"],"terminus":0,"mode":"bus","color":"#0059a9","colorDark":"#00294f","angle":86.3,"snapDist":2,"label":0}},{"type":"Feature","geometry":{"type":"Point","coordinates":[8.440491,47.458477]},"properties":{"name":"Buchs ZH, Linde","lines":"485, N45","arr":["485","N45"],"terminus":1,"mode":"bus","color":"#0059a9","colorDark":"#00294f","angle":170.3,"snapDist":3,"label":1}},{"type":"Feature","geometry":{"type":"Point","coordinates":[8.442945,47.45757]},"properties":{"name":"Buchs ZH, Petermoos","lines":"485, N45","arr":["485","N45"],"terminus":0,"mode":"bus","color":"#0059a9","colorDark":"#00294f","angle":216.1,"snapDist":4,"label":0}},{"type":"Feature","geometry":{"type":"Point","coordinates":[8.470214,47.44582]},"properties":{"name":"Adlikon b. R., Pächterried","lines":"485, N45","arr":["485","N45"],"terminus":0,"mode":"bus","color":"#0059a9","colorDark":"#00294f","angle":200.9,"snapDist":2,"label":1}},{"type":"Feature","geometry":{"type":"Point","coordinates":[8.477833,47.443953]},"properties":{"name":"Watt, Schulhaus","lines":"485, N45","arr":["485","N45"],"terminus":0,"mode":"bus","color":"#0059a9","colorDark":"#00294f","angle":200.6,"snapDist":6,"label":1}},{"type":"Feature","geometry":{"type":"Point","coordinates":[8.473023,47.43676]},"properties":{"name":"Regensdorf-Watt, Bahnhof A","lines":"485, 492","arr":["485","492"],"terminus":0,"mode":"bus","color":"#0059a9","colorDark":"#00294f","angle":299.4,"snapDist":7,"label":0}},{"type":"Feature","geometry":{"type":"Point","coordinates":[8.470963,47.432037]},"properties":{"name":"Regensdorf, Ostring","lines":"485","arr":["485"],"terminus":0,"mode":"bus","color":"#0059a9","colorDark":"#00294f","angle":284.4,"snapDist":6,"label":0}},{"type":"Feature","geometry":{"type":"Point","coordinates":[8.466095,47.431022]},"properties":{"name":"Regensdorf, Zentrum","lines":"485","arr":["485"],"terminus":0,"mode":"bus","color":"#0059a9","colorDark":"#00294f","angle":285.6,"snapDist":8,"label":0}},{"type":"Feature","geometry":{"type":"Point","coordinates":[8.468961,47.428457]},"properties":{"name":"Regensdorf, Obstgarten","lines":"485","arr":["485"],"terminus":0,"mode":"bus","color":"#0059a9","colorDark":"#00294f","angle":263.8,"snapDist":4,"label":0}},{"type":"Feature","geometry":{"type":"Point","coordinates":[8.483177,47.417226]},"properties":{"name":"Grünwald","lines":"485","arr":["485"],"terminus":0,"mode":"bus","color":"#0059a9","colorDark":"#00294f","angle":265.4,"snapDist":7,"label":1}},{"type":"Feature","geometry":{"type":"Point","coordinates":[8.48177,47.405416]},"properties":{"name":"Frankental","lines":"485","arr":["485"],"terminus":0,"mode":"bus","color":"#0059a9","colorDark":"#00294f","angle":244.2,"snapDist":0,"label":0}},{"type":"Feature","geometry":{"type":"Point","coordinates":[8.481775,47.405408]},"properties":{"name":"Frankental","lines":"485","arr":["485"],"terminus":1,"mode":"bus","color":"#0059a9","colorDark":"#00294f","angle":239.4,"snapDist":1,"label":1}},{"type":"Feature","geometry":{"type":"Point","coordinates":[8.483156,47.417401]},"properties":{"name":"Grünwald","lines":"485","arr":["485"],"terminus":0,"mode":"bus","color":"#0059a9","colorDark":"#00294f","angle":85,"snapDist":3,"label":0}},{"type":"Feature","geometry":{"type":"Point","coordinates":[8.471781,47.425817]},"properties":{"name":"Regensdorf, Lettenhau","lines":"485","arr":["485"],"terminus":0,"mode":"bus","color":"#0059a9","colorDark":"#00294f","angle":37.6,"snapDist":4,"label":1}},{"type":"Feature","geometry":{"type":"Point","coordinates":[8.466116,47.431071]},"properties":{"name":"Regensdorf, Zentrum","lines":"485, 491","arr":["485","491"],"terminus":0,"mode":"bus","color":"#0059a9","colorDark":"#00294f","angle":105.6,"snapDist":7,"label":0}},{"type":"Feature","geometry":{"type":"Point","coordinates":[8.477895,47.439462]},"properties":{"name":"Watt, Geerenweg","lines":"485, N45","arr":["485","N45"],"terminus":0,"mode":"bus","color":"#0059a9","colorDark":"#00294f","angle":128.7,"snapDist":1,"label":0}},{"type":"Feature","geometry":{"type":"Point","coordinates":[8.481157,47.442711]},"properties":{"name":"Watt","lines":"485, N45","arr":["485","N45"],"terminus":0,"mode":"bus","color":"#0059a9","colorDark":"#00294f","angle":121.8,"snapDist":1,"label":0}},{"type":"Feature","geometry":{"type":"Point","coordinates":[8.47743,47.44405]},"properties":{"name":"Watt, Schulhaus","lines":"485, N45","arr":["485","N45"],"terminus":0,"mode":"bus","color":"#0059a9","colorDark":"#00294f","angle":19.5,"snapDist":4,"label":0}},{"type":"Feature","geometry":{"type":"Point","coordinates":[8.469685,47.445949]},"properties":{"name":"Adlikon b. R., Pächterried","lines":"485, N45","arr":["485","N45"],"terminus":0,"mode":"bus","color":"#0059a9","colorDark":"#00294f","angle":19.9,"snapDist":4,"label":0}},{"type":"Feature","geometry":{"type":"Point","coordinates":[8.407023,47.468895]},"properties":{"name":"Boppelsen, Hand","lines":"485","arr":["485"],"terminus":0,"mode":"bus","color":"#0059a9","colorDark":"#00294f","angle":70.9,"snapDist":5,"label":0}},{"type":"Feature","geometry":{"type":"Point","coordinates":[8.403522,47.469985]},"properties":{"name":"Boppelsen, Dorf","lines":"485","arr":["485"],"terminus":1,"mode":"bus","color":"#0059a9","colorDark":"#00294f","angle":119.5,"snapDist":0,"label":1}},{"type":"Feature","geometry":{"type":"Point","coordinates":[8.386887,47.446101]},"properties":{"name":"Hüttikon","lines":"491","arr":["491"],"terminus":1,"mode":"bus","color":"#0059a9","colorDark":"#00294f","angle":179.7,"snapDist":1,"label":1}},{"type":"Feature","geometry":{"type":"Point","coordinates":[8.397533,47.44705]},"properties":{"name":"Dänikon, Rotflue","lines":"491","arr":["491"],"terminus":0,"mode":"bus","color":"#0059a9","colorDark":"#00294f","angle":188.6,"snapDist":1,"label":1}},{"type":"Feature","geometry":{"type":"Point","coordinates":[8.405976,47.445856]},"properties":{"name":"Dänikon, Gemeindehaus","lines":"491","arr":["491"],"terminus":0,"mode":"bus","color":"#0059a9","colorDark":"#00294f","angle":178.1,"snapDist":1,"label":1}},{"type":"Feature","geometry":{"type":"Point","coordinates":[8.439342,47.439753]},"properties":{"name":"Dällikon, Dorf","lines":"491","arr":["491"],"terminus":0,"mode":"bus","color":"#0059a9","colorDark":"#00294f","angle":183.6,"snapDist":3,"label":0}},{"type":"Feature","geometry":{"type":"Point","coordinates":[8.444553,47.438801]},"properties":{"name":"Dällikon, Seitenacker","lines":"491","arr":["491"],"terminus":0,"mode":"bus","color":"#0059a9","colorDark":"#00294f","angle":197.8,"snapDist":3,"label":1}},{"type":"Feature","geometry":{"type":"Point","coordinates":[8.461246,47.430947]},"properties":{"name":"Regensdorf, Holenbach","lines":"491","arr":["491"],"terminus":0,"mode":"bus","color":"#0059a9","colorDark":"#00294f","angle":228.3,"snapDist":1,"label":1}},{"type":"Feature","geometry":{"type":"Point","coordinates":[8.472556,47.436186]},"properties":{"name":"Regensdorf-Watt, Bahnhof D","lines":"491","arr":["491"],"terminus":1,"mode":"bus","color":"#0059a9","colorDark":"#00294f","angle":28,"snapDist":3,"label":1}},{"type":"Feature","geometry":{"type":"Point","coordinates":[8.460606,47.431655]},"properties":{"name":"Regensdorf, Holenbach","lines":"491","arr":["491"],"terminus":0,"mode":"bus","color":"#0059a9","colorDark":"#00294f","angle":66.1,"snapDist":5,"label":0}},{"type":"Feature","geometry":{"type":"Point","coordinates":[8.444918,47.438733]},"properties":{"name":"Dällikon, Seitenacker","lines":"491","arr":["491"],"terminus":0,"mode":"bus","color":"#0059a9","colorDark":"#00294f","angle":18.4,"snapDist":2,"label":0}},{"type":"Feature","geometry":{"type":"Point","coordinates":[8.439615,47.439742]},"properties":{"name":"Dällikon, Dorf","lines":"491","arr":["491"],"terminus":0,"mode":"bus","color":"#0059a9","colorDark":"#00294f","angle":3.5,"snapDist":4,"label":0}},{"type":"Feature","geometry":{"type":"Point","coordinates":[8.407647,47.445824]},"properties":{"name":"Dänikon, Gemeindehaus","lines":"491, N45","arr":["491","N45"],"terminus":0,"mode":"bus","color":"#0059a9","colorDark":"#00294f","angle":2,"snapDist":1,"label":0}},{"type":"Feature","geometry":{"type":"Point","coordinates":[8.397268,47.447078]},"properties":{"name":"Dänikon, Rotflue","lines":"491, N45","arr":["491","N45"],"terminus":0,"mode":"bus","color":"#0059a9","colorDark":"#00294f","angle":8.6,"snapDist":2,"label":0}},{"type":"Feature","geometry":{"type":"Point","coordinates":[8.537839,47.522854]},"properties":{"name":"Bülach, Bahnhof B","lines":"504","arr":["504"],"terminus":1,"mode":"bus","color":"#0059a9","colorDark":"#00294f","angle":163,"snapDist":2,"label":1}},{"type":"Feature","geometry":{"type":"Point","coordinates":[8.539771,47.520694]},"properties":{"name":"Bülach, Sonnenhof","lines":"504, 525, 530, 531","arr":["504","525","530","531"],"terminus":0,"mode":"bus","color":"#0059a9","colorDark":"#00294f","angle":241.9,"snapDist":5,"label":1}},{"type":"Feature","geometry":{"type":"Point","coordinates":[8.539658,47.518802]},"properties":{"name":"Bülach, Gewerbehaus","lines":"504, 525","arr":["504","525"],"terminus":0,"mode":"bus","color":"#0059a9","colorDark":"#00294f","angle":326.7,"snapDist":4,"label":1}},{"type":"Feature","geometry":{"type":"Point","coordinates":[8.539296,47.516806]},"properties":{"name":"Bülach, Grampenweg","lines":"504, N54","arr":["504","N54"],"terminus":0,"mode":"bus","color":"#0059a9","colorDark":"#00294f","angle":241.6,"snapDist":4,"label":1}},{"type":"Feature","geometry":{"type":"Point","coordinates":[8.536597,47.515324]},"properties":{"name":"Bülach, Stadthalle","lines":"504","arr":["504"],"terminus":0,"mode":"bus","color":"#0059a9","colorDark":"#00294f","angle":345.1,"snapDist":2,"label":1}},{"type":"Feature","geometry":{"type":"Point","coordinates":[8.53294,47.514632]},"properties":{"name":"Bülach, Tiefengasse","lines":"504","arr":["504"],"terminus":0,"mode":"bus","color":"#0059a9","colorDark":"#00294f","angle":337.4,"snapDist":3,"label":1}},{"type":"Feature","geometry":{"type":"Point","coordinates":[8.536006,47.51192]},"properties":{"name":"Bülach, Kaffeestrasse","lines":"504","arr":["504"],"terminus":0,"mode":"bus","color":"#0059a9","colorDark":"#00294f","angle":230.2,"snapDist":2,"label":1}},{"type":"Feature","geometry":{"type":"Point","coordinates":[8.539582,47.50902]},"properties":{"name":"Bülach, Einkaufszentrum Süd","lines":"504","arr":["504"],"terminus":0,"mode":"bus","color":"#0059a9","colorDark":"#00294f","angle":229.4,"snapDist":3,"label":1}},{"type":"Feature","geometry":{"type":"Point","coordinates":[8.5413,47.504652]},"properties":{"name":"Bachenbülach, Bramenstrasse","lines":"504","arr":["504"],"terminus":0,"mode":"bus","color":"#0059a9","colorDark":"#00294f","angle":248.7,"snapDist":3,"label":1}},{"type":"Feature","geometry":{"type":"Point","coordinates":[8.53709,47.502906]},"properties":{"name":"Bachenbülach, Bramenländli","lines":"504","arr":["504"],"terminus":0,"mode":"bus","color":"#0059a9","colorDark":"#00294f","angle":332.7,"snapDist":2,"label":1}},{"type":"Feature","geometry":{"type":"Point","coordinates":[8.528012,47.484673]},"properties":{"name":"Oberglatt ZH, Pistenende","lines":"504","arr":["504"],"terminus":0,"mode":"bus","color":"#0059a9","colorDark":"#00294f","angle":276.6,"snapDist":6,"label":1}},{"type":"Feature","geometry":{"type":"Point","coordinates":[8.523004,47.479991]},"properties":{"name":"Oberglatt ZH, Bälen","lines":"504","arr":["504"],"terminus":0,"mode":"bus","color":"#0059a9","colorDark":"#00294f","angle":339.5,"snapDist":1,"label":1}},{"type":"Feature","geometry":{"type":"Point","coordinates":[8.520868,47.476102]},"properties":{"name":"Oberglatt ZH, Zentrum","lines":"504, 510","arr":["504","510"],"terminus":0,"mode":"bus","color":"#0059a9","colorDark":"#00294f","angle":284.2,"snapDist":5,"label":1}},{"type":"Feature","geometry":{"type":"Point","coordinates":[8.516295,47.474568]},"properties":{"name":"Oberglatt ZH, Rietli","lines":"504, 510","arr":["504","510"],"terminus":0,"mode":"bus","color":"#0059a9","colorDark":"#00294f","angle":31.5,"snapDist":4,"label":1}},{"type":"Feature","geometry":{"type":"Point","coordinates":[8.510701,47.47046]},"properties":{"name":"Oberglatt ZH, Bahnhof","lines":"504, 510, 525, N51","arr":["504","510","525","N51"],"terminus":1,"mode":"bus","color":"#0059a9","colorDark":"#00294f","angle":242.4,"snapDist":1,"label":1}},{"type":"Feature","geometry":{"type":"Point","coordinates":[8.516437,47.474509]},"properties":{"name":"Oberglatt ZH, Rietli","lines":"504, 510","arr":["504","510"],"terminus":0,"mode":"bus","color":"#0059a9","colorDark":"#00294f","angle":211.5,"snapDist":3,"label":0}},{"type":"Feature","geometry":{"type":"Point","coordinates":[8.520905,47.476201]},"properties":{"name":"Oberglatt ZH, Zentrum","lines":"504, 510","arr":["504","510"],"terminus":0,"mode":"bus","color":"#0059a9","colorDark":"#00294f","angle":104.1,"snapDist":2,"label":0}},{"type":"Feature","geometry":{"type":"Point","coordinates":[8.523496,47.480109]},"properties":{"name":"Oberglatt ZH, Bälen","lines":"504","arr":["504"],"terminus":0,"mode":"bus","color":"#0059a9","colorDark":"#00294f","angle":161.2,"snapDist":2,"label":0}},{"type":"Feature","geometry":{"type":"Point","coordinates":[8.527667,47.483671]},"properties":{"name":"Oberglatt ZH, Pistenende","lines":"504","arr":["504"],"terminus":0,"mode":"bus","color":"#0059a9","colorDark":"#00294f","angle":104.1,"snapDist":5,"label":0}},{"type":"Feature","geometry":{"type":"Point","coordinates":[8.537398,47.503015]},"properties":{"name":"Bachenbülach, Bramenländli","lines":"504","arr":["504"],"terminus":0,"mode":"bus","color":"#0059a9","colorDark":"#00294f","angle":151.2,"snapDist":5,"label":0}},{"type":"Feature","geometry":{"type":"Point","coordinates":[8.541115,47.504998]},"properties":{"name":"Bachenbülach, Bramenstrasse","lines":"504","arr":["504"],"terminus":0,"mode":"bus","color":"#0059a9","colorDark":"#00294f","angle":70.1,"snapDist":2,"label":0}},{"type":"Feature","geometry":{"type":"Point","coordinates":[8.539468,47.509111]},"properties":{"name":"Bülach, Einkaufszentrum Süd","lines":"504","arr":["504"],"terminus":0,"mode":"bus","color":"#0059a9","colorDark":"#00294f","angle":49.4,"snapDist":2,"label":0}},{"type":"Feature","geometry":{"type":"Point","coordinates":[8.536306,47.511711]},"properties":{"name":"Bülach, Kaffeestrasse","lines":"504","arr":["504"],"terminus":0,"mode":"bus","color":"#0059a9","colorDark":"#00294f","angle":38.8,"snapDist":1,"label":0}},{"type":"Feature","geometry":{"type":"Point","coordinates":[8.533088,47.514674]},"properties":{"name":"Bülach, Tiefengasse","lines":"504","arr":["504"],"terminus":0,"mode":"bus","color":"#0059a9","colorDark":"#00294f","angle":157.3,"snapDist":2,"label":0}},{"type":"Feature","geometry":{"type":"Point","coordinates":[8.536891,47.515378]},"properties":{"name":"Bülach, Stadthalle","lines":"504","arr":["504"],"terminus":0,"mode":"bus","color":"#0059a9","colorDark":"#00294f","angle":164.4,"snapDist":2,"label":0}},{"type":"Feature","geometry":{"type":"Point","coordinates":[8.539208,47.516916]},"properties":{"name":"Bülach, Grampenweg","lines":"504, N54","arr":["504","N54"],"terminus":0,"mode":"bus","color":"#0059a9","colorDark":"#00294f","angle":61.8,"snapDist":4,"label":0}},{"type":"Feature","geometry":{"type":"Point","coordinates":[8.538906,47.518483]},"properties":{"name":"Bülach, Gewerbehaus","lines":"504, 525","arr":["504","525"],"terminus":0,"mode":"bus","color":"#0059a9","colorDark":"#00294f","angle":151.4,"snapDist":5,"label":0}},{"type":"Feature","geometry":{"type":"Point","coordinates":[8.539597,47.520915]},"properties":{"name":"Bülach, Sonnenhof","lines":"504, 525, 530, 531","arr":["504","525","530","531"],"terminus":0,"mode":"bus","color":"#0059a9","colorDark":"#00294f","angle":61.9,"snapDist":4,"label":0}},{"type":"Feature","geometry":{"type":"Point","coordinates":[8.537914,47.522821]},"properties":{"name":"Bülach, Bahnhof C","lines":"504, 525","arr":["504","525"],"terminus":1,"mode":"bus","color":"#0059a9","colorDark":"#00294f","angle":161.6,"snapDist":2,"label":1}},{"type":"Feature","geometry":{"type":"Point","coordinates":[8.563816,47.449759]},"properties":{"name":"Zürich Flughafen, Bahnhof N","lines":"510","arr":["510"],"terminus":1,"mode":"bus","color":"#0059a9","colorDark":"#00294f","angle":345.6,"snapDist":2,"label":1}},{"type":"Feature","geometry":{"type":"Point","coordinates":[8.570389,47.445412]},"properties":{"name":"Zürich Flughafen, Werft C","lines":"510, 732, 735, 736, 759, 768, N10","arr":["510","732","735","736","759","768","N10"],"terminus":0,"mode":"bus","color":"#0059a9","colorDark":"#00294f","angle":261.2,"snapDist":1,"label":1}},{"type":"Feature","geometry":{"type":"Point","coordinates":[8.568248,47.441647]},"properties":{"name":"Kloten Balsberg, Bahnhof","lines":"510","arr":["510"],"terminus":0,"mode":"bus","color":"#0059a9","colorDark":"#00294f","angle":324.9,"snapDist":5,"label":1}},{"type":"Feature","geometry":{"type":"Point","coordinates":[8.562448,47.437976]},"properties":{"name":"Glattbrugg, Unterriet","lines":"510","arr":["510"],"terminus":0,"mode":"bus","color":"#0059a9","colorDark":"#00294f","angle":319.3,"snapDist":2,"label":1}},{"type":"Feature","geometry":{"type":"Point","coordinates":[8.558804,47.436089]},"properties":{"name":"Rümlang, Bäuler","lines":"510","arr":["510"],"terminus":0,"mode":"bus","color":"#0059a9","colorDark":"#00294f","angle":323.9,"snapDist":2,"label":1}},{"type":"Feature","geometry":{"type":"Point","coordinates":[8.540159,47.44986]},"properties":{"name":"Rümlang, Rümelbach","lines":"510","arr":["510"],"terminus":0,"mode":"bus","color":"#0059a9","colorDark":"#00294f","angle":49.9,"snapDist":1,"label":1}},{"type":"Feature","geometry":{"type":"Point","coordinates":[8.53259,47.453995]},"properties":{"name":"Rümlang, Bahnhof","lines":"510, 742, 795, 797","arr":["510","742","795","797"],"terminus":1,"mode":"bus","color":"#0059a9","colorDark":"#00294f","angle":51.1,"snapDist":2,"label":1}},{"type":"Feature","geometry":{"type":"Point","coordinates":[8.52763,47.46236]},"properties":{"name":"Rümlang, Riedmatt","lines":"510","arr":["510"],"terminus":0,"mode":"bus","color":"#0059a9","colorDark":"#00294f","angle":75.2,"snapDist":5,"label":1}},{"type":"Feature","geometry":{"type":"Point","coordinates":[8.504479,47.478577]},"properties":{"name":"Oberglatt ZH, Mösli Hofstetten","lines":"510, 525, N51","arr":["510","525","N51"],"terminus":0,"mode":"bus","color":"#0059a9","colorDark":"#00294f","angle":88.7,"snapDist":5,"label":1}},{"type":"Feature","geometry":{"type":"Point","coordinates":[8.494381,47.482683]},"properties":{"name":"Niederhasli, Hofstetterstrasse A","lines":"510","arr":["510"],"terminus":0,"mode":"bus","color":"#0059a9","colorDark":"#00294f","angle":136.7,"snapDist":6,"label":1}},{"type":"Feature","geometry":{"type":"Point","coordinates":[8.498399,47.487136]},"properties":{"name":"Niederglatt ZH, Seeblerstrasse","lines":"510","arr":["510"],"terminus":0,"mode":"bus","color":"#0059a9","colorDark":"#00294f","angle":105.2,"snapDist":5,"label":1}},{"type":"Feature","geometry":{"type":"Point","coordinates":[8.503209,47.4909]},"properties":{"name":"Niederglatt ZH, Zentrum","lines":"510, 525","arr":["510","525"],"terminus":0,"mode":"bus","color":"#0059a9","colorDark":"#00294f","angle":79.1,"snapDist":1,"label":1}},{"type":"Feature","geometry":{"type":"Point","coordinates":[8.499195,47.492862]},"properties":{"name":"Niederglatt ZH,Altes Schulhaus","lines":"510, 525","arr":["510","525"],"terminus":0,"mode":"bus","color":"#0059a9","colorDark":"#00294f","angle":26.8,"snapDist":3,"label":1}},{"type":"Feature","geometry":{"type":"Point","coordinates":[8.4949,47.495762]},"properties":{"name":"Niederglatt ZH, Nöschikon","lines":"510, 525","arr":["510","525"],"terminus":0,"mode":"bus","color":"#0059a9","colorDark":"#00294f","angle":50,"snapDist":5,"label":1}},{"type":"Feature","geometry":{"type":"Point","coordinates":[8.473508,47.500779]},"properties":{"name":"Riedt bei Neerach, Riedacher","lines":"510","arr":["510"],"terminus":0,"mode":"bus","color":"#0059a9","colorDark":"#00294f","angle":78.9,"snapDist":2,"label":1}},{"type":"Feature","geometry":{"type":"Point","coordinates":[8.471572,47.510946]},"properties":{"name":"Neerach, Gemeindehaus","lines":"510","arr":["510"],"terminus":0,"mode":"bus","color":"#0059a9","colorDark":"#00294f","angle":140.7,"snapDist":4,"label":1}},{"type":"Feature","geometry":{"type":"Point","coordinates":[8.474874,47.513021]},"properties":{"name":"Neerach, Post","lines":"510","arr":["510"],"terminus":0,"mode":"bus","color":"#0059a9","colorDark":"#00294f","angle":60.3,"snapDist":4,"label":1}},{"type":"Feature","geometry":{"type":"Point","coordinates":[8.466297,47.528201]},"properties":{"name":"Stadel b. N., Zentrum","lines":"510","arr":["510"],"terminus":0,"mode":"bus","color":"#0059a9","colorDark":"#00294f","angle":16.5,"snapDist":3,"label":1}},{"type":"Feature","geometry":{"type":"Point","coordinates":[8.466153,47.531202]},"properties":{"name":"Stadel b. N., Musterplatz","lines":"510","arr":["510"],"terminus":0,"mode":"bus","color":"#0059a9","colorDark":"#00294f","angle":89.9,"snapDist":4,"label":1}},{"type":"Feature","geometry":{"type":"Point","coordinates":[8.46996,47.534304]},"properties":{"name":"Stadel b. N., Neuwis-Huus","lines":"510","arr":["510"],"terminus":0,"mode":"bus","color":"#0059a9","colorDark":"#00294f","angle":105.7,"snapDist":1,"label":1}},{"type":"Feature","geometry":{"type":"Point","coordinates":[8.470963,47.538787]},"properties":{"name":"Windlach, Kreuz","lines":"510","arr":["510"],"terminus":0,"mode":"bus","color":"#0059a9","colorDark":"#00294f","angle":31.5,"snapDist":4,"label":1}},{"type":"Feature","geometry":{"type":"Point","coordinates":[8.459423,47.544591]},"properties":{"name":"Windlach, Raat","lines":"510","arr":["510"],"terminus":0,"mode":"bus","color":"#0059a9","colorDark":"#00294f","angle":3.1,"snapDist":5,"label":1}},{"type":"Feature","geometry":{"type":"Point","coordinates":[8.443009,47.553553]},"properties":{"name":"Weiach, Oberdorfstrasse","lines":"510","arr":["510"],"terminus":0,"mode":"bus","color":"#0059a9","colorDark":"#00294f","angle":-152.5,"snapDist":95,"label":1}},{"type":"Feature","geometry":{"type":"Point","coordinates":[8.443009,47.553553]},"properties":{"name":"Weiach, Oberdorfstrasse","lines":"510","arr":["510"],"terminus":0,"mode":"bus","color":"#0059a9","colorDark":"#00294f","angle":207.5,"snapDist":21,"label":0}},{"type":"Feature","geometry":{"type":"Point","coordinates":[8.457885,47.545471]},"properties":{"name":"Windlach, Raat","lines":"510","arr":["510"],"terminus":0,"mode":"bus","color":"#0059a9","colorDark":"#00294f","angle":279.1,"snapDist":5,"label":0}},{"type":"Feature","geometry":{"type":"Point","coordinates":[8.471181,47.538696]},"properties":{"name":"Windlach, Kreuz","lines":"510","arr":["510"],"terminus":0,"mode":"bus","color":"#0059a9","colorDark":"#00294f","angle":211.6,"snapDist":2,"label":0}},{"type":"Feature","geometry":{"type":"Point","coordinates":[8.469972,47.534148]},"properties":{"name":"Stadel b. N., Neuwis-Huus","lines":"510","arr":["510"],"terminus":0,"mode":"bus","color":"#0059a9","colorDark":"#00294f","angle":286.6,"snapDist":1,"label":0}},{"type":"Feature","geometry":{"type":"Point","coordinates":[8.46615,47.530916]},"properties":{"name":"Stadel b. N., Musterplatz","lines":"510","arr":["510"],"terminus":0,"mode":"bus","color":"#0059a9","colorDark":"#00294f","angle":271.5,"snapDist":6,"label":0}},{"type":"Feature","geometry":{"type":"Point","coordinates":[8.466965,47.528066]},"properties":{"name":"Stadel b. N., Zentrum","lines":"510","arr":["510"],"terminus":0,"mode":"bus","color":"#0059a9","colorDark":"#00294f","angle":198.4,"snapDist":3,"label":0}},{"type":"Feature","geometry":{"type":"Point","coordinates":[8.474958,47.512932]},"properties":{"name":"Neerach, Post","lines":"510","arr":["510"],"terminus":0,"mode":"bus","color":"#0059a9","colorDark":"#00294f","angle":236.7,"snapDist":7,"label":0}},{"type":"Feature","geometry":{"type":"Point","coordinates":[8.47147,47.510889]},"properties":{"name":"Neerach, Gemeindehaus","lines":"510","arr":["510"],"terminus":0,"mode":"bus","color":"#0059a9","colorDark":"#00294f","angle":320.7,"snapDist":4,"label":0}},{"type":"Feature","geometry":{"type":"Point","coordinates":[8.47335,47.501071]},"properties":{"name":"Riedt bei Neerach, Riedacher","lines":"510","arr":["510"],"terminus":0,"mode":"bus","color":"#0059a9","colorDark":"#00294f","angle":242.1,"snapDist":4,"label":0}},{"type":"Feature","geometry":{"type":"Point","coordinates":[8.495268,47.495462]},"properties":{"name":"Niederglatt ZH, Nöschikon","lines":"510, 525","arr":["510","525"],"terminus":0,"mode":"bus","color":"#0059a9","colorDark":"#00294f","angle":230.7,"snapDist":7,"label":0}},{"type":"Feature","geometry":{"type":"Point","coordinates":[8.498908,47.49296]},"properties":{"name":"Niederglatt ZH,Altes Schulhaus","lines":"510, 525","arr":["510","525"],"terminus":0,"mode":"bus","color":"#0059a9","colorDark":"#00294f","angle":206.7,"snapDist":3,"label":0}},{"type":"Feature","geometry":{"type":"Point","coordinates":[8.50284,47.490395]},"properties":{"name":"Niederglatt ZH, Sonnenbergstr.","lines":"510","arr":["510"],"terminus":0,"mode":"bus","color":"#0059a9","colorDark":"#00294f","angle":343.3,"snapDist":7,"label":1}},{"type":"Feature","geometry":{"type":"Point","coordinates":[8.49857,47.487497]},"properties":{"name":"Niederglatt ZH, Seeblerstrasse","lines":"510","arr":["510"],"terminus":0,"mode":"bus","color":"#0059a9","colorDark":"#00294f","angle":290.3,"snapDist":5,"label":0}},{"type":"Feature","geometry":{"type":"Point","coordinates":[8.494147,47.482534]},"properties":{"name":"Niederhasli, Hofstetterstrasse B","lines":"510","arr":["510"],"terminus":0,"mode":"bus","color":"#0059a9","colorDark":"#00294f","angle":316.7,"snapDist":4,"label":1}},{"type":"Feature","geometry":{"type":"Point","coordinates":[8.50448,47.478922]},"properties":{"name":"Oberglatt ZH, Mösli Hofstetten","lines":"510, 525, N51","arr":["510","525","N51"],"terminus":0,"mode":"bus","color":"#0059a9","colorDark":"#00294f","angle":271.9,"snapDist":7,"label":0}},{"type":"Feature","geometry":{"type":"Point","coordinates":[8.527652,47.462304]},"properties":{"name":"Rümlang, Riedmatt","lines":"510","arr":["510"],"terminus":0,"mode":"bus","color":"#0059a9","colorDark":"#00294f","angle":255.2,"snapDist":6,"label":0}},{"type":"Feature","geometry":{"type":"Point","coordinates":[8.539793,47.450219]},"properties":{"name":"Rümlang, Rümelbach","lines":"510","arr":["510"],"terminus":0,"mode":"bus","color":"#0059a9","colorDark":"#00294f","angle":235.3,"snapDist":3,"label":0}},{"type":"Feature","geometry":{"type":"Point","coordinates":[8.558199,47.435857]},"properties":{"name":"Rümlang, Bäuler","lines":"510","arr":["510"],"terminus":0,"mode":"bus","color":"#0059a9","colorDark":"#00294f","angle":140.9,"snapDist":4,"label":0}},{"type":"Feature","geometry":{"type":"Point","coordinates":[8.560592,47.437511]},"properties":{"name":"Glattbrugg, Unterriet","lines":"510","arr":["510"],"terminus":0,"mode":"bus","color":"#0059a9","colorDark":"#00294f","angle":54.9,"snapDist":5,"label":0}},{"type":"Feature","geometry":{"type":"Point","coordinates":[8.568542,47.441722]},"properties":{"name":"Kloten Balsberg, Bahnhof","lines":"510","arr":["510"],"terminus":0,"mode":"bus","color":"#0059a9","colorDark":"#00294f","angle":144.8,"snapDist":1,"label":0}},{"type":"Feature","geometry":{"type":"Point","coordinates":[8.586829,47.52041]},"properties":{"name":"Embrach-Rorbas, Bahnhof","lines":"520, N52","arr":["520","N52"],"terminus":1,"mode":"bus","color":"#0059a9","colorDark":"#00294f","angle":357,"snapDist":6,"label":1}},{"type":"Feature","geometry":{"type":"Point","coordinates":[8.58967,47.515677]},"properties":{"name":"Embrach, Illingerweg","lines":"520","arr":["520"],"terminus":0,"mode":"bus","color":"#0059a9","colorDark":"#00294f","angle":253.7,"snapDist":4,"label":1}},{"type":"Feature","geometry":{"type":"Point","coordinates":[8.591406,47.512421]},"properties":{"name":"Embrach, Alterszentrum","lines":"520","arr":["520"],"terminus":0,"mode":"bus","color":"#0059a9","colorDark":"#00294f","angle":242.6,"snapDist":4,"label":1}},{"type":"Feature","geometry":{"type":"Point","coordinates":[8.593837,47.509845]},"properties":{"name":"Embrach, Dreispitz","lines":"520, 521, N52","arr":["520","521","N52"],"terminus":0,"mode":"bus","color":"#0059a9","colorDark":"#00294f","angle":266.9,"snapDist":7,"label":1}},{"type":"Feature","geometry":{"type":"Point","coordinates":[8.593739,47.505374]},"properties":{"name":"Embrach, Post","lines":"520, 521, N52","arr":["520","521","N52"],"terminus":0,"mode":"bus","color":"#0059a9","colorDark":"#00294f","angle":254.3,"snapDist":7,"label":1}},{"type":"Feature","geometry":{"type":"Point","coordinates":[8.594822,47.502546]},"properties":{"name":"Embrach, Gemeindehaus","lines":"520, 521, N52","arr":["520","521","N52"],"terminus":0,"mode":"bus","color":"#0059a9","colorDark":"#00294f","angle":272.7,"snapDist":6,"label":1}},{"type":"Feature","geometry":{"type":"Point","coordinates":[8.594909,47.499513]},"properties":{"name":"Embrach, Zürcherstrasse","lines":"520, 521, N52","arr":["520","521","N52"],"terminus":0,"mode":"bus","color":"#0059a9","colorDark":"#00294f","angle":252,"snapDist":6,"label":1}},{"type":"Feature","geometry":{"type":"Point","coordinates":[8.595499,47.490371]},"properties":{"name":"Lufingen, Unterdorf","lines":"520, 521, 524, N52","arr":["520","521","524","N52"],"terminus":0,"mode":"bus","color":"#0059a9","colorDark":"#00294f","angle":347.9,"snapDist":5,"label":1}},{"type":"Feature","geometry":{"type":"Point","coordinates":[8.593429,47.488306]},"properties":{"name":"Lufingen, Dorf","lines":"520, 521, 524, N52","arr":["520","521","524","N52"],"terminus":0,"mode":"bus","color":"#0059a9","colorDark":"#00294f","angle":293.4,"snapDist":6,"label":1}},{"type":"Feature","geometry":{"type":"Point","coordinates":[8.589887,47.481711]},"properties":{"name":"Lufingen, Hintermarchlen","lines":"520, 521, 524, N52","arr":["520","521","524","N52"],"terminus":0,"mode":"bus","color":"#0059a9","colorDark":"#00294f","angle":269.5,"snapDist":7,"label":1}},{"type":"Feature","geometry":{"type":"Point","coordinates":[8.592123,47.476657]},"properties":{"name":"Lufingen, Augwil","lines":"520, 521, 524, N52","arr":["520","521","524","N52"],"terminus":0,"mode":"bus","color":"#0059a9","colorDark":"#00294f","angle":254.9,"snapDist":7,"label":1}},{"type":"Feature","geometry":{"type":"Point","coordinates":[8.583276,47.463143]},"properties":{"name":"Kloten, Freienberg","lines":"520, 521, 524, 732, 734, N52","arr":["520","521","524","732","734","N52"],"terminus":0,"mode":"bus","color":"#0059a9","colorDark":"#00294f","angle":344.3,"snapDist":5,"label":1}},{"type":"Feature","geometry":{"type":"Point","coordinates":[8.579468,47.453555]},"properties":{"name":"Kloten, Zum Wilden Mann A","lines":"520, 521, 524, 530, 731, 733, 734, 765, N10","arr":["520","521","524","530","731","733","734","765","N10"],"terminus":0,"mode":"bus","color":"#0059a9","colorDark":"#00294f","angle":347.1,"snapDist":3,"label":1}},{"type":"Feature","geometry":{"type":"Point","coordinates":[8.571951,47.452374]},"properties":{"name":"Zürich Flughafen, Fracht","lines":"520, 521, 524, 530, 531, 731, 733, 734, 739, 765, N10","arr":["520","521","524","530","531","731","733","734","739","765","N10"],"terminus":0,"mode":"bus","color":"#0059a9","colorDark":"#00294f","angle":299.1,"snapDist":3,"label":1}},{"type":"Feature","geometry":{"type":"Point","coordinates":[8.566061,47.452468]},"properties":{"name":"Zürich Flughafen, OPC","lines":"520, 521, 524, 530, 531, 731, 733, 734, 739, 765, N10","arr":["520","521","524","530","531","731","733","734","739","765","N10"],"terminus":0,"mode":"bus","color":"#0059a9","colorDark":"#00294f","angle":350,"snapDist":2,"label":1}},{"type":"Feature","geometry":{"type":"Point","coordinates":[8.563896,47.449587]},"properties":{"name":"Zürich Flughafen, Bahnhof Q","lines":"520, 521, 524, 530","arr":["520","521","524","530"],"terminus":1,"mode":"bus","color":"#0059a9","colorDark":"#00294f","angle":340.9,"snapDist":1,"label":1}},{"type":"Feature","geometry":{"type":"Point","coordinates":[8.565548,47.452375]},"properties":{"name":"Zürich Flughafen, OPC","lines":"520, 521, 524, 530, 531, 731, 733, 734, 739, 765, N10","arr":["520","521","524","530","531","731","733","734","739","765","N10"],"terminus":0,"mode":"bus","color":"#0059a9","colorDark":"#00294f","angle":160.6,"snapDist":3,"label":0}},{"type":"Feature","geometry":{"type":"Point","coordinates":[8.572124,47.452577]},"properties":{"name":"Zürich Flughafen, Fracht","lines":"520, 521, 524, 530, 531, 731, 733, 734, 739, 765, N10","arr":["520","521","524","530","531","731","733","734","739","765","N10"],"terminus":0,"mode":"bus","color":"#0059a9","colorDark":"#00294f","angle":120.3,"snapDist":4,"label":0}},{"type":"Feature","geometry":{"type":"Point","coordinates":[8.58006,47.453974]},"properties":{"name":"Kloten, Zum Wilden Mann D","lines":"520, 521, 524, 530, 732, 734, N52, N54","arr":["520","521","524","530","732","734","N52","N54"],"terminus":0,"mode":"bus","color":"#0059a9","colorDark":"#00294f","angle":71,"snapDist":5,"label":1}},{"type":"Feature","geometry":{"type":"Point","coordinates":[8.58356,47.46313]},"properties":{"name":"Kloten, Freienberg","lines":"520, 521, 524","arr":["520","521","524"],"terminus":0,"mode":"bus","color":"#0059a9","colorDark":"#00294f","angle":163.1,"snapDist":4,"label":0}},{"type":"Feature","geometry":{"type":"Point","coordinates":[8.591766,47.477437]},"properties":{"name":"Lufingen, Augwil","lines":"520, 521, 524, N52","arr":["520","521","524","N52"],"terminus":0,"mode":"bus","color":"#0059a9","colorDark":"#00294f","angle":70.1,"snapDist":6,"label":0}},{"type":"Feature","geometry":{"type":"Point","coordinates":[8.589886,47.481765]},"properties":{"name":"Lufingen, Hintermarchlen","lines":"520, 521, 524, N52","arr":["520","521","524","N52"],"terminus":0,"mode":"bus","color":"#0059a9","colorDark":"#00294f","angle":89.5,"snapDist":4,"label":0}},{"type":"Feature","geometry":{"type":"Point","coordinates":[8.593387,47.48824]},"properties":{"name":"Lufingen, Dorf","lines":"520, 521, 524, N52","arr":["520","521","524","N52"],"terminus":0,"mode":"bus","color":"#0059a9","colorDark":"#00294f","angle":113.4,"snapDist":3,"label":0}},{"type":"Feature","geometry":{"type":"Point","coordinates":[8.596465,47.490611]},"properties":{"name":"Lufingen, Unterdorf","lines":"520, 521, 524, N52","arr":["520","521","524","N52"],"terminus":0,"mode":"bus","color":"#0059a9","colorDark":"#00294f","angle":136.5,"snapDist":5,"label":0}},{"type":"Feature","geometry":{"type":"Point","coordinates":[8.594553,47.500329]},"properties":{"name":"Embrach, Zürcherstrasse","lines":"520, 521","arr":["520","521"],"terminus":0,"mode":"bus","color":"#0059a9","colorDark":"#00294f","angle":69.8,"snapDist":3,"label":0}},{"type":"Feature","geometry":{"type":"Point","coordinates":[8.594816,47.502273]},"properties":{"name":"Embrach, Gemeindehaus","lines":"520, 521, N52","arr":["520","521","N52"],"terminus":0,"mode":"bus","color":"#0059a9","colorDark":"#00294f","angle":87.2,"snapDist":4,"label":0}},{"type":"Feature","geometry":{"type":"Point","coordinates":[8.593549,47.506255]},"properties":{"name":"Embrach, Post","lines":"520, 521, N52","arr":["520","521","N52"],"terminus":0,"mode":"bus","color":"#0059a9","colorDark":"#00294f","angle":88.7,"snapDist":4,"label":0}},{"type":"Feature","geometry":{"type":"Point","coordinates":[8.593829,47.509956]},"properties":{"name":"Embrach, Dreispitz","lines":"520, 521, N52","arr":["520","521","N52"],"terminus":0,"mode":"bus","color":"#0059a9","colorDark":"#00294f","angle":86.9,"snapDist":2,"label":0}},{"type":"Feature","geometry":{"type":"Point","coordinates":[8.591364,47.512476]},"properties":{"name":"Embrach, Alterszentrum","lines":"520, N52","arr":["520","N52"],"terminus":0,"mode":"bus","color":"#0059a9","colorDark":"#00294f","angle":62.6,"snapDist":3,"label":0}},{"type":"Feature","geometry":{"type":"Point","coordinates":[8.589505,47.51605]},"properties":{"name":"Embrach, Illingerweg","lines":"520, N52","arr":["520","N52"],"terminus":0,"mode":"bus","color":"#0059a9","colorDark":"#00294f","angle":73.5,"snapDist":2,"label":0}},{"type":"Feature","geometry":{"type":"Point","coordinates":[8.58077,47.530385]},"properties":{"name":"Freienstein, Alte Brücke","lines":"521","arr":["521"],"terminus":1,"mode":"bus","color":"#0059a9","colorDark":"#00294f","angle":321.9,"snapDist":3,"label":1}},{"type":"Feature","geometry":{"type":"Point","coordinates":[8.579575,47.529853]},"properties":{"name":"Rorbas, Dorfplatz","lines":"521","arr":["521"],"terminus":0,"mode":"bus","color":"#0059a9","colorDark":"#00294f","angle":331.7,"snapDist":3,"label":1}},{"type":"Feature","geometry":{"type":"Point","coordinates":[8.574811,47.530785]},"properties":{"name":"Rorbas, Hirschen","lines":"521","arr":["521"],"terminus":0,"mode":"bus","color":"#0059a9","colorDark":"#00294f","angle":332.2,"snapDist":4,"label":1}},{"type":"Feature","geometry":{"type":"Point","coordinates":[8.579622,47.525237]},"properties":{"name":"Rorbas, Aubrücke","lines":"521","arr":["521"],"terminus":0,"mode":"bus","color":"#0059a9","colorDark":"#00294f","angle":216.7,"snapDist":5,"label":1}},{"type":"Feature","geometry":{"type":"Point","coordinates":[8.585475,47.522657]},"properties":{"name":"Embrach, Hard","lines":"521","arr":["521"],"terminus":0,"mode":"bus","color":"#0059a9","colorDark":"#00294f","angle":186.9,"snapDist":4,"label":1}},{"type":"Feature","geometry":{"type":"Point","coordinates":[8.593825,47.517758]},"properties":{"name":"Embrach, Embraport","lines":"521, N52","arr":["521","N52"],"terminus":1,"mode":"bus","color":"#0059a9","colorDark":"#00294f","angle":273.4,"snapDist":4,"label":1}},{"type":"Feature","geometry":{"type":"Point","coordinates":[8.593693,47.513508]},"properties":{"name":"Embrach, Im Feld","lines":"521, N52","arr":["521","N52"],"terminus":0,"mode":"bus","color":"#0059a9","colorDark":"#00294f","angle":269.4,"snapDist":6,"label":1}},{"type":"Feature","geometry":{"type":"Point","coordinates":[8.593702,47.513941]},"properties":{"name":"Embrach, Im Feld","lines":"521","arr":["521"],"terminus":0,"mode":"bus","color":"#0059a9","colorDark":"#00294f","angle":100.5,"snapDist":6,"label":0}},{"type":"Feature","geometry":{"type":"Point","coordinates":[8.594044,47.518593]},"properties":{"name":"Embrach, Embraport","lines":"521, N52","arr":["521","N52"],"terminus":0,"mode":"bus","color":"#0059a9","colorDark":"#00294f","angle":95.1,"snapDist":2,"label":0}},{"type":"Feature","geometry":{"type":"Point","coordinates":[8.585536,47.522715]},"properties":{"name":"Embrach, Hard","lines":"521, N52","arr":["521","N52"],"terminus":0,"mode":"bus","color":"#0059a9","colorDark":"#00294f","angle":9.3,"snapDist":2,"label":0}},{"type":"Feature","geometry":{"type":"Point","coordinates":[8.579516,47.525291]},"properties":{"name":"Rorbas, Aubrücke","lines":"521, N52","arr":["521","N52"],"terminus":0,"mode":"bus","color":"#0059a9","colorDark":"#00294f","angle":36.7,"snapDist":3,"label":0}},{"type":"Feature","geometry":{"type":"Point","coordinates":[8.619272,47.487104]},"properties":{"name":"Oberembrach, Dorf","lines":"524, N52","arr":["524","N52"],"terminus":1,"mode":"bus","color":"#0059a9","colorDark":"#00294f","angle":10.8,"snapDist":4,"label":1}},{"type":"Feature","geometry":{"type":"Point","coordinates":[8.563878,47.449647]},"properties":{"name":"Zürich Flughafen, Bahnhof P","lines":"524","arr":["524"],"terminus":1,"mode":"bus","color":"#0059a9","colorDark":"#00294f","angle":341.5,"snapDist":1,"label":1}},{"type":"Feature","geometry":{"type":"Point","coordinates":[8.530791,47.515381]},"properties":{"name":"Bülach, Niederflachs","lines":"525, N54","arr":["525","N54"],"terminus":0,"mode":"bus","color":"#0059a9","colorDark":"#00294f","angle":322.4,"snapDist":3,"label":1}},{"type":"Feature","geometry":{"type":"Point","coordinates":[8.52583,47.513101]},"properties":{"name":"Bülach, Kaserne","lines":"525, N54","arr":["525","N54"],"terminus":0,"mode":"bus","color":"#0059a9","colorDark":"#00294f","angle":325.6,"snapDist":2,"label":1}},{"type":"Feature","geometry":{"type":"Point","coordinates":[8.515624,47.509633]},"properties":{"name":"Höri, Fuhrstrasse","lines":"525, N54","arr":["525","N54"],"terminus":0,"mode":"bus","color":"#0059a9","colorDark":"#00294f","angle":335.3,"snapDist":5,"label":1}},{"type":"Feature","geometry":{"type":"Point","coordinates":[8.510129,47.508166]},"properties":{"name":"Höri, Gemeindehaus","lines":"525, N54","arr":["525","N54"],"terminus":0,"mode":"bus","color":"#0059a9","colorDark":"#00294f","angle":332.7,"snapDist":5,"label":1}},{"type":"Feature","geometry":{"type":"Point","coordinates":[8.500385,47.503983]},"properties":{"name":"Höri, Oberhöri","lines":"525, N54","arr":["525","N54"],"terminus":1,"mode":"bus","color":"#0059a9","colorDark":"#00294f","angle":330.5,"snapDist":4,"label":1}},{"type":"Feature","geometry":{"type":"Point","coordinates":[8.503397,47.490236]},"properties":{"name":"Niederglatt ZH, Zentrum","lines":"525","arr":["525"],"terminus":0,"mode":"bus","color":"#0059a9","colorDark":"#00294f","angle":261.7,"snapDist":7,"label":0}},{"type":"Feature","geometry":{"type":"Point","coordinates":[8.500429,47.504]},"properties":{"name":"Höri, Oberhöri","lines":"525, N54","arr":["525","N54"],"terminus":1,"mode":"bus","color":"#0059a9","colorDark":"#00294f","angle":149.1,"snapDist":3,"label":0}},{"type":"Feature","geometry":{"type":"Point","coordinates":[8.51032,47.508233]},"properties":{"name":"Höri, Gemeindehaus","lines":"525, N54","arr":["525","N54"],"terminus":0,"mode":"bus","color":"#0059a9","colorDark":"#00294f","angle":156.7,"snapDist":4,"label":0}},{"type":"Feature","geometry":{"type":"Point","coordinates":[8.515088,47.509459]},"properties":{"name":"Höri, Fuhrstrasse","lines":"525, N54","arr":["525","N54"],"terminus":0,"mode":"bus","color":"#0059a9","colorDark":"#00294f","angle":154.9,"snapDist":4,"label":0}},{"type":"Feature","geometry":{"type":"Point","coordinates":[8.52603,47.513194]},"properties":{"name":"Bülach, Kaserne","lines":"525, N54","arr":["525","N54"],"terminus":0,"mode":"bus","color":"#0059a9","colorDark":"#00294f","angle":145.6,"snapDist":2,"label":0}},{"type":"Feature","geometry":{"type":"Point","coordinates":[8.531153,47.515569]},"properties":{"name":"Bülach, Niederflachs","lines":"525, N54","arr":["525","N54"],"terminus":0,"mode":"bus","color":"#0059a9","colorDark":"#00294f","angle":142.5,"snapDist":2,"label":0}},{"type":"Feature","geometry":{"type":"Point","coordinates":[8.537924,47.522776]},"properties":{"name":"Bülach, Bahnhof D","lines":"530, 531","arr":["530","531"],"terminus":1,"mode":"bus","color":"#0059a9","colorDark":"#00294f","angle":159.3,"snapDist":1,"label":1}},{"type":"Feature","geometry":{"type":"Point","coordinates":[8.542122,47.515598]},"properties":{"name":"Bülach, Untertor","lines":"530, 531, N54","arr":["530","531","N54"],"terminus":0,"mode":"bus","color":"#0059a9","colorDark":"#00294f","angle":247.6,"snapDist":6,"label":1}},{"type":"Feature","geometry":{"type":"Point","coordinates":[8.543539,47.512247]},"properties":{"name":"Bülach, Mettmenriet","lines":"530, 531, N54","arr":["530","531","N54"],"terminus":0,"mode":"bus","color":"#0059a9","colorDark":"#00294f","angle":256.9,"snapDist":7,"label":1}},{"type":"Feature","geometry":{"type":"Point","coordinates":[8.54454,47.509353]},"properties":{"name":"Bülach, Cholplatz","lines":"530, 531, N54","arr":["530","531","N54"],"terminus":0,"mode":"bus","color":"#0059a9","colorDark":"#00294f","angle":262,"snapDist":7,"label":1}},{"type":"Feature","geometry":{"type":"Point","coordinates":[8.546074,47.504722]},"properties":{"name":"Bachenbülach, Alte Post","lines":"530, 531, N54","arr":["530","531","N54"],"terminus":0,"mode":"bus","color":"#0059a9","colorDark":"#00294f","angle":263.1,"snapDist":7,"label":1}},{"type":"Feature","geometry":{"type":"Point","coordinates":[8.545008,47.500917]},"properties":{"name":"Bachenbülach, Schmiede","lines":"530, 531, N54","arr":["530","531","N54"],"terminus":0,"mode":"bus","color":"#0059a9","colorDark":"#00294f","angle":282.5,"snapDist":5,"label":1}},{"type":"Feature","geometry":{"type":"Point","coordinates":[8.547175,47.492477]},"properties":{"name":"Winkel, Seebüel","lines":"530, 531, N54","arr":["530","531","N54"],"terminus":0,"mode":"bus","color":"#0059a9","colorDark":"#00294f","angle":250.7,"snapDist":5,"label":1}},{"type":"Feature","geometry":{"type":"Point","coordinates":[8.552373,47.492627]},"properties":{"name":"Winkel, Zentrum","lines":"530","arr":["530"],"terminus":0,"mode":"bus","color":"#0059a9","colorDark":"#00294f","angle":127.9,"snapDist":4,"label":1}},{"type":"Feature","geometry":{"type":"Point","coordinates":[8.555514,47.491163]},"properties":{"name":"Winkel, Oberdorf","lines":"530","arr":["530"],"terminus":0,"mode":"bus","color":"#0059a9","colorDark":"#00294f","angle":253.8,"snapDist":5,"label":1}},{"type":"Feature","geometry":{"type":"Point","coordinates":[8.560837,47.483195]},"properties":{"name":"Winkel, Bühlhof","lines":"530","arr":["530"],"terminus":0,"mode":"bus","color":"#0059a9","colorDark":"#00294f","angle":232.6,"snapDist":5,"label":1}},{"type":"Feature","geometry":{"type":"Point","coordinates":[8.563076,47.479903]},"properties":{"name":"Winkel, Oberrüti","lines":"530","arr":["530"],"terminus":0,"mode":"bus","color":"#0059a9","colorDark":"#00294f","angle":357.6,"snapDist":5,"label":1}},{"type":"Feature","geometry":{"type":"Point","coordinates":[8.554906,47.478005]},"properties":{"name":"Winkel, Wisental","lines":"530, 531, N54","arr":["530","531","N54"],"terminus":0,"mode":"bus","color":"#0059a9","colorDark":"#00294f","angle":235.6,"snapDist":6,"label":1}},{"type":"Feature","geometry":{"type":"Point","coordinates":[8.577226,47.461952]},"properties":{"name":"Kloten, Sporthalle Ruebisbach","lines":"530, N54","arr":["530","N54"],"terminus":0,"mode":"bus","color":"#0059a9","colorDark":"#00294f","angle":202.1,"snapDist":4,"label":1}},{"type":"Feature","geometry":{"type":"Point","coordinates":[8.580194,47.45738]},"properties":{"name":"Kloten, Kaserne Ost","lines":"530, 732, 734, N52, N54","arr":["530","732","734","N52","N54"],"terminus":0,"mode":"bus","color":"#0059a9","colorDark":"#00294f","angle":288.5,"snapDist":6,"label":1}},{"type":"Feature","geometry":{"type":"Point","coordinates":[8.563835,47.449703]},"properties":{"name":"Zürich Flughafen, Bahnhof O","lines":"530, 531","arr":["530","531"],"terminus":1,"mode":"bus","color":"#0059a9","colorDark":"#00294f","angle":342.7,"snapDist":2,"label":1}},{"type":"Feature","geometry":{"type":"Point","coordinates":[8.580217,47.457428]},"properties":{"name":"Kloten, Kaserne Ost","lines":"530, 732, 734, N52, N54","arr":["530","732","734","N52","N54"],"terminus":0,"mode":"bus","color":"#0059a9","colorDark":"#00294f","angle":108.5,"snapDist":5,"label":0}},{"type":"Feature","geometry":{"type":"Point","coordinates":[8.577209,47.461957]},"properties":{"name":"Kloten, Sporthalle Ruebisbach","lines":"530, N54","arr":["530","N54"],"terminus":0,"mode":"bus","color":"#0059a9","colorDark":"#00294f","angle":22.1,"snapDist":4,"label":0}},{"type":"Feature","geometry":{"type":"Point","coordinates":[8.555026,47.477875]},"properties":{"name":"Winkel, Wisental","lines":"530, 531, N54","arr":["530","531","N54"],"terminus":0,"mode":"bus","color":"#0059a9","colorDark":"#00294f","angle":58.1,"snapDist":5,"label":0}},{"type":"Feature","geometry":{"type":"Point","coordinates":[8.561758,47.479909]},"properties":{"name":"Winkel, Oberrüti","lines":"530, N54","arr":["530","N54"],"terminus":0,"mode":"bus","color":"#0059a9","colorDark":"#00294f","angle":183.3,"snapDist":6,"label":0}},{"type":"Feature","geometry":{"type":"Point","coordinates":[8.560606,47.483399]},"properties":{"name":"Winkel, Bühlhof","lines":"530, N54","arr":["530","N54"],"terminus":0,"mode":"bus","color":"#0059a9","colorDark":"#00294f","angle":52.5,"snapDist":3,"label":0}},{"type":"Feature","geometry":{"type":"Point","coordinates":[8.555519,47.491661]},"properties":{"name":"Winkel, Oberdorf","lines":"530, N54","arr":["530","N54"],"terminus":0,"mode":"bus","color":"#0059a9","colorDark":"#00294f","angle":92.4,"snapDist":3,"label":0}},{"type":"Feature","geometry":{"type":"Point","coordinates":[8.552387,47.492639]},"properties":{"name":"Winkel, Zentrum","lines":"530, N54","arr":["530","N54"],"terminus":0,"mode":"bus","color":"#0059a9","colorDark":"#00294f","angle":307.9,"snapDist":6,"label":0}},{"type":"Feature","geometry":{"type":"Point","coordinates":[8.547279,47.492299]},"properties":{"name":"Winkel, Seebüel","lines":"530, 531, N54","arr":["530","531","N54"],"terminus":0,"mode":"bus","color":"#0059a9","colorDark":"#00294f","angle":68.3,"snapDist":3,"label":0}},{"type":"Feature","geometry":{"type":"Point","coordinates":[8.54502,47.500956]},"properties":{"name":"Bachenbülach, Schmiede","lines":"530, 531, N54","arr":["530","531","N54"],"terminus":0,"mode":"bus","color":"#0059a9","colorDark":"#00294f","angle":102,"snapDist":5,"label":0}},{"type":"Feature","geometry":{"type":"Point","coordinates":[8.545928,47.505235]},"properties":{"name":"Bachenbülach, Alte Post","lines":"530, 531, N54","arr":["530","531","N54"],"terminus":0,"mode":"bus","color":"#0059a9","colorDark":"#00294f","angle":77.9,"snapDist":7,"label":0}},{"type":"Feature","geometry":{"type":"Point","coordinates":[8.544435,47.509716]},"properties":{"name":"Bülach, Cholplatz","lines":"530, 531, N54","arr":["530","531","N54"],"terminus":0,"mode":"bus","color":"#0059a9","colorDark":"#00294f","angle":76.9,"snapDist":8,"label":0}},{"type":"Feature","geometry":{"type":"Point","coordinates":[8.543508,47.512336]},"properties":{"name":"Bülach, Mettmenriet","lines":"530, 531, N54","arr":["530","531","N54"],"terminus":0,"mode":"bus","color":"#0059a9","colorDark":"#00294f","angle":76.9,"snapDist":3,"label":0}},{"type":"Feature","geometry":{"type":"Point","coordinates":[8.542183,47.516532]},"properties":{"name":"Bülach, Untertor","lines":"530, 531","arr":["530","531"],"terminus":0,"mode":"bus","color":"#0059a9","colorDark":"#00294f","angle":120.6,"snapDist":4,"label":0}},{"type":"Feature","geometry":{"type":"Point","coordinates":[8.488479,47.478474]},"properties":{"name":"Niederhasli, Bahnhof","lines":"533, 534","arr":["533","534"],"terminus":1,"mode":"bus","color":"#0059a9","colorDark":"#00294f","angle":191.5,"snapDist":1,"label":1}},{"type":"Feature","geometry":{"type":"Point","coordinates":[8.471525,47.465722]},"properties":{"name":"Niederhasli, Nassenwil","lines":"533","arr":["533"],"terminus":1,"mode":"bus","color":"#0059a9","colorDark":"#00294f","angle":110.1,"snapDist":2,"label":1}},{"type":"Feature","geometry":{"type":"Point","coordinates":[8.490069,47.459133]},"properties":{"name":"Oberhasli, Industrie","lines":"534","arr":["534"],"terminus":1,"mode":"bus","color":"#0059a9","colorDark":"#00294f","angle":252.9,"snapDist":4,"label":1}},{"type":"Feature","geometry":{"type":"Point","coordinates":[8.436245,47.482957]},"properties":{"name":"Regensberg, Dorf","lines":"593","arr":["593"],"terminus":1,"mode":"bus","color":"#0059a9","colorDark":"#00294f","angle":100.7,"snapDist":7,"label":1}},{"type":"Feature","geometry":{"type":"Point","coordinates":[8.450655,47.481512]},"properties":{"name":"Dielsdorf, Spitalstrasse","lines":"593","arr":["593"],"terminus":0,"mode":"bus","color":"#0059a9","colorDark":"#00294f","angle":87.2,"snapDist":4,"label":1}},{"type":"Feature","geometry":{"type":"Point","coordinates":[8.450632,47.479502]},"properties":{"name":"Dielsdorf, Gesundheitszentrum","lines":"593","arr":["593"],"terminus":0,"mode":"bus","color":"#0059a9","colorDark":"#00294f","angle":262.1,"snapDist":1,"label":1}},{"type":"Feature","geometry":{"type":"Point","coordinates":[8.452631,47.481955]},"properties":{"name":"Dielsdorf, Bezirksgebäude","lines":"593","arr":["593"],"terminus":0,"mode":"bus","color":"#0059a9","colorDark":"#00294f","angle":329.1,"snapDist":2,"label":1}},{"type":"Feature","geometry":{"type":"Point","coordinates":[8.458903,47.482925]},"properties":{"name":"Dielsdorf, Bahnhof","lines":"593","arr":["593"],"terminus":1,"mode":"bus","color":"#0059a9","colorDark":"#00294f","angle":105.4,"snapDist":0,"label":0}},{"type":"Feature","geometry":{"type":"Point","coordinates":[8.696216,47.454757]},"properties":{"name":"Winterberg ZH, Wältiwis","lines":"650, 657","arr":["650","657"],"terminus":1,"mode":"bus","color":"#0059a9","colorDark":"#00294f","angle":71.2,"snapDist":1,"label":1}},{"type":"Feature","geometry":{"type":"Point","coordinates":[8.692897,47.456453]},"properties":{"name":"Winterberg ZH, Dorf","lines":"650","arr":["650"],"terminus":0,"mode":"bus","color":"#0059a9","colorDark":"#00294f","angle":22,"snapDist":0,"label":1}},{"type":"Feature","geometry":{"type":"Point","coordinates":[8.682115,47.447898]},"properties":{"name":"Lindau, Eschikon","lines":"650, 656, 662","arr":["650","656","662"],"terminus":0,"mode":"bus","color":"#0059a9","colorDark":"#00294f","angle":299.3,"snapDist":4,"label":1}},{"type":"Feature","geometry":{"type":"Point","coordinates":[8.677435,47.440206]},"properties":{"name":"Lindau, Rigacher","lines":"650","arr":["650"],"terminus":0,"mode":"bus","color":"#0059a9","colorDark":"#00294f","angle":5.6,"snapDist":3,"label":1}},{"type":"Feature","geometry":{"type":"Point","coordinates":[8.671479,47.441431]},"properties":{"name":"Lindau, Dorf","lines":"650","arr":["650"],"terminus":0,"mode":"bus","color":"#0059a9","colorDark":"#00294f","angle":284.1,"snapDist":3,"label":1}},{"type":"Feature","geometry":{"type":"Point","coordinates":[8.672916,47.433696]},"properties":{"name":"Tagelswangen, Buckstrasse","lines":"650","arr":["650"],"terminus":0,"mode":"bus","color":"#0059a9","colorDark":"#00294f","angle":320.7,"snapDist":3,"label":1}},{"type":"Feature","geometry":{"type":"Point","coordinates":[8.668114,47.431491]},"properties":{"name":"Tagelswangen, Gerenhalde","lines":"650","arr":["650"],"terminus":0,"mode":"bus","color":"#0059a9","colorDark":"#00294f","angle":287.8,"snapDist":2,"label":1}},{"type":"Feature","geometry":{"type":"Point","coordinates":[8.671741,47.43034]},"properties":{"name":"Tagelswangen, Dorf","lines":"650","arr":["650"],"terminus":0,"mode":"bus","color":"#0059a9","colorDark":"#00294f","angle":154.3,"snapDist":3,"label":1}},{"type":"Feature","geometry":{"type":"Point","coordinates":[8.678244,47.431366]},"properties":{"name":"Tagelswangen, Oberwis","lines":"650, 658, 659","arr":["650","658","659"],"terminus":0,"mode":"bus","color":"#0059a9","colorDark":"#00294f","angle":227.6,"snapDist":2,"label":1}},{"type":"Feature","geometry":{"type":"Point","coordinates":[8.686485,47.427519]},"properties":{"name":"Effretikon, Zentrum","lines":"650, 652, 655, 657, 658, 659, 662","arr":["650","652","655","657","658","659","662"],"terminus":0,"mode":"bus","color":"#0059a9","colorDark":"#00294f","angle":257.7,"snapDist":4,"label":1}},{"type":"Feature","geometry":{"type":"Point","coordinates":[8.686236,47.425409]},"properties":{"name":"Effretikon, Bahnhof A","lines":"650, 655, 657","arr":["650","655","657"],"terminus":1,"mode":"bus","color":"#0059a9","colorDark":"#00294f","angle":110.5,"snapDist":0,"label":1}},{"type":"Feature","geometry":{"type":"Point","coordinates":[8.686406,47.427836]},"properties":{"name":"Effretikon, Zentrum","lines":"650, 652, 655, 657, 658, 659, 662, N62","arr":["650","652","655","657","658","659","662","N62"],"terminus":0,"mode":"bus","color":"#0059a9","colorDark":"#00294f","angle":84.7,"snapDist":3,"label":0}},{"type":"Feature","geometry":{"type":"Point","coordinates":[8.677907,47.4316]},"properties":{"name":"Tagelswangen, Oberwis","lines":"650, 658, 659, N70","arr":["650","658","659","N70"],"terminus":0,"mode":"bus","color":"#0059a9","colorDark":"#00294f","angle":42.9,"snapDist":3,"label":0}},{"type":"Feature","geometry":{"type":"Point","coordinates":[8.671361,47.430232]},"properties":{"name":"Tagelswangen, Dorf","lines":"650","arr":["650"],"terminus":0,"mode":"bus","color":"#0059a9","colorDark":"#00294f","angle":343.5,"snapDist":4,"label":0}},{"type":"Feature","geometry":{"type":"Point","coordinates":[8.667837,47.431426]},"properties":{"name":"Tagelswangen, Gerenhalde","lines":"650","arr":["650"],"terminus":0,"mode":"bus","color":"#0059a9","colorDark":"#00294f","angle":199.4,"snapDist":2,"label":0}},{"type":"Feature","geometry":{"type":"Point","coordinates":[8.673015,47.433751]},"properties":{"name":"Tagelswangen, Buckstrasse","lines":"650","arr":["650"],"terminus":0,"mode":"bus","color":"#0059a9","colorDark":"#00294f","angle":140.6,"snapDist":2,"label":0}},{"type":"Feature","geometry":{"type":"Point","coordinates":[8.671535,47.441582]},"properties":{"name":"Lindau, Dorf","lines":"650","arr":["650"],"terminus":0,"mode":"bus","color":"#0059a9","colorDark":"#00294f","angle":104.1,"snapDist":2,"label":0}},{"type":"Feature","geometry":{"type":"Point","coordinates":[8.677601,47.440194]},"properties":{"name":"Lindau, Rigacher","lines":"650","arr":["650"],"terminus":0,"mode":"bus","color":"#0059a9","colorDark":"#00294f","angle":185.8,"snapDist":1,"label":0}},{"type":"Feature","geometry":{"type":"Point","coordinates":[8.682458,47.448276]},"properties":{"name":"Lindau, Eschikon","lines":"650, 656, 662","arr":["650","656","662"],"terminus":0,"mode":"bus","color":"#0059a9","colorDark":"#00294f","angle":117.7,"snapDist":1,"label":0}},{"type":"Feature","geometry":{"type":"Point","coordinates":[8.693209,47.456371]},"properties":{"name":"Winterberg ZH, Dorf","lines":"650, N70","arr":["650","N70"],"terminus":0,"mode":"bus","color":"#0059a9","colorDark":"#00294f","angle":201.4,"snapDist":7,"label":0}},{"type":"Feature","geometry":{"type":"Point","coordinates":[8.696321,47.454555]},"properties":{"name":"Winterberg ZH, Wältiwis","lines":"650, 657, N70","arr":["650","657","N70"],"terminus":1,"mode":"bus","color":"#0059a9","colorDark":"#00294f","angle":245.6,"snapDist":4,"label":0}},{"type":"Feature","geometry":{"type":"Point","coordinates":[8.722896,47.40856]},"properties":{"name":"Illnau, Bahnhof","lines":"652","arr":["652"],"terminus":1,"mode":"bus","color":"#0059a9","colorDark":"#00294f","angle":244.4,"snapDist":0,"label":1}},{"type":"Feature","geometry":{"type":"Point","coordinates":[8.718738,47.405632]},"properties":{"name":"Illnau, Chrummenacher","lines":"652","arr":["652"],"terminus":0,"mode":"bus","color":"#0059a9","colorDark":"#00294f","angle":36.6,"snapDist":3,"label":1}},{"type":"Feature","geometry":{"type":"Point","coordinates":[8.712331,47.410555]},"properties":{"name":"Illnau, Wingert","lines":"652","arr":["652"],"terminus":0,"mode":"bus","color":"#0059a9","colorDark":"#00294f","angle":357.7,"snapDist":4,"label":1}},{"type":"Feature","geometry":{"type":"Point","coordinates":[8.713703,47.411804]},"properties":{"name":"Illnau, Steinacher","lines":"652","arr":["652"],"terminus":0,"mode":"bus","color":"#0059a9","colorDark":"#00294f","angle":130.4,"snapDist":1,"label":1}},{"type":"Feature","geometry":{"type":"Point","coordinates":[8.717348,47.414457]},"properties":{"name":"Illnau, Kirche","lines":"652","arr":["652"],"terminus":0,"mode":"bus","color":"#0059a9","colorDark":"#00294f","angle":103.9,"snapDist":1,"label":1}},{"type":"Feature","geometry":{"type":"Point","coordinates":[8.717,47.416618]},"properties":{"name":"Illnau, Löwen","lines":"652","arr":["652"],"terminus":0,"mode":"bus","color":"#0059a9","colorDark":"#00294f","angle":43.6,"snapDist":4,"label":1}},{"type":"Feature","geometry":{"type":"Point","coordinates":[8.703712,47.421877]},"properties":{"name":"Effretikon, Eselriet","lines":"652","arr":["652"],"terminus":0,"mode":"bus","color":"#0059a9","colorDark":"#00294f","angle":50.4,"snapDist":2,"label":1}},{"type":"Feature","geometry":{"type":"Point","coordinates":[8.699225,47.42629]},"properties":{"name":"Effretikon, Lindenwiese","lines":"652","arr":["652"],"terminus":0,"mode":"bus","color":"#0059a9","colorDark":"#00294f","angle":55.8,"snapDist":2,"label":1}},{"type":"Feature","geometry":{"type":"Point","coordinates":[8.696443,47.429132]},"properties":{"name":"Effretikon, Müselacher","lines":"652","arr":["652"],"terminus":0,"mode":"bus","color":"#0059a9","colorDark":"#00294f","angle":38.7,"snapDist":4,"label":1}},{"type":"Feature","geometry":{"type":"Point","coordinates":[8.694431,47.427113]},"properties":{"name":"Effretikon, Wattspitz","lines":"652","arr":["652"],"terminus":0,"mode":"bus","color":"#0059a9","colorDark":"#00294f","angle":2.5,"snapDist":5,"label":1}},{"type":"Feature","geometry":{"type":"Point","coordinates":[8.686222,47.425384]},"properties":{"name":"Effretikon, Bahnhof A","lines":"652, 655","arr":["652","655"],"terminus":1,"mode":"bus","color":"#0059a9","colorDark":"#00294f","angle":110.5,"snapDist":0,"label":0}},{"type":"Feature","geometry":{"type":"Point","coordinates":[8.686346,47.425385]},"properties":{"name":"Effretikon, Bahnhof D","lines":"652","arr":["652"],"terminus":1,"mode":"bus","color":"#0059a9","colorDark":"#00294f","angle":113.2,"snapDist":1,"label":1}},{"type":"Feature","geometry":{"type":"Point","coordinates":[8.694855,47.427086]},"properties":{"name":"Effretikon, Wattspitz","lines":"652, N62","arr":["652","N62"],"terminus":0,"mode":"bus","color":"#0059a9","colorDark":"#00294f","angle":191.1,"snapDist":3,"label":0}},{"type":"Feature","geometry":{"type":"Point","coordinates":[8.696642,47.429016]},"properties":{"name":"Effretikon, Müselacher","lines":"652, N62","arr":["652","N62"],"terminus":0,"mode":"bus","color":"#0059a9","colorDark":"#00294f","angle":225.2,"snapDist":1,"label":0}},{"type":"Feature","geometry":{"type":"Point","coordinates":[8.699462,47.426053]},"properties":{"name":"Effretikon, Lindenwiese","lines":"652, N62","arr":["652","N62"],"terminus":0,"mode":"bus","color":"#0059a9","colorDark":"#00294f","angle":235.9,"snapDist":4,"label":0}},{"type":"Feature","geometry":{"type":"Point","coordinates":[8.703801,47.421805]},"properties":{"name":"Effretikon, Eselriet","lines":"652, N62","arr":["652","N62"],"terminus":0,"mode":"bus","color":"#0059a9","colorDark":"#00294f","angle":230.4,"snapDist":2,"label":0}},{"type":"Feature","geometry":{"type":"Point","coordinates":[8.717298,47.414328]},"properties":{"name":"Illnau, Kirche","lines":"652","arr":["652"],"terminus":0,"mode":"bus","color":"#0059a9","colorDark":"#00294f","angle":285.2,"snapDist":2,"label":0}},{"type":"Feature","geometry":{"type":"Point","coordinates":[8.713698,47.4118]},"properties":{"name":"Illnau, Steinacher","lines":"652","arr":["652"],"terminus":0,"mode":"bus","color":"#0059a9","colorDark":"#00294f","angle":310.4,"snapDist":4,"label":0}},{"type":"Feature","geometry":{"type":"Point","coordinates":[8.71265,47.410568]},"properties":{"name":"Illnau, Wingert","lines":"652","arr":["652"],"terminus":0,"mode":"bus","color":"#0059a9","colorDark":"#00294f","angle":175.4,"snapDist":2,"label":0}},{"type":"Feature","geometry":{"type":"Point","coordinates":[8.719137,47.405431]},"properties":{"name":"Illnau, Chrummenacher","lines":"652","arr":["652"],"terminus":0,"mode":"bus","color":"#0059a9","colorDark":"#00294f","angle":215.9,"snapDist":2,"label":0}},{"type":"Feature","geometry":{"type":"Point","coordinates":[8.744477,47.457194]},"properties":{"name":"Kyburg, Dorf","lines":"655","arr":["655"],"terminus":1,"mode":"bus","color":"#0059a9","colorDark":"#00294f","angle":68.4,"snapDist":2,"label":1}},{"type":"Feature","geometry":{"type":"Point","coordinates":[8.737664,47.448952]},"properties":{"name":"Kyburg, Ettenhusen","lines":"655","arr":["655"],"terminus":0,"mode":"bus","color":"#0059a9","colorDark":"#00294f","angle":342.4,"snapDist":1,"label":1}},{"type":"Feature","geometry":{"type":"Point","coordinates":[8.726654,47.442737]},"properties":{"name":"Kyburg, Billikon","lines":"655","arr":["655"],"terminus":0,"mode":"bus","color":"#0059a9","colorDark":"#00294f","angle":9.5,"snapDist":1,"label":1}},{"type":"Feature","geometry":{"type":"Point","coordinates":[8.717082,47.435382]},"properties":{"name":"Ottikon b. Kemptthal","lines":"655","arr":["655"],"terminus":0,"mode":"bus","color":"#0059a9","colorDark":"#00294f","angle":150.6,"snapDist":3,"label":1}},{"type":"Feature","geometry":{"type":"Point","coordinates":[8.704109,47.444098]},"properties":{"name":"Grafstal, Thalegg","lines":"655","arr":["655"],"terminus":0,"mode":"bus","color":"#0059a9","colorDark":"#00294f","angle":74.2,"snapDist":3,"label":1}},{"type":"Feature","geometry":{"type":"Point","coordinates":[8.701355,47.445226]},"properties":{"name":"Grafstal, Unterdorf","lines":"655","arr":["655"],"terminus":0,"mode":"bus","color":"#0059a9","colorDark":"#00294f","angle":331.5,"snapDist":3,"label":1}},{"type":"Feature","geometry":{"type":"Point","coordinates":[8.700393,47.44215]},"properties":{"name":"Grafstal, Engelacher","lines":"655, 657, N70","arr":["655","657","N70"],"terminus":1,"mode":"bus","color":"#0059a9","colorDark":"#00294f","angle":266.1,"snapDist":2,"label":1}},{"type":"Feature","geometry":{"type":"Point","coordinates":[8.691174,47.433991]},"properties":{"name":"Effretikon, Girhalde","lines":"655, 657","arr":["655","657"],"terminus":0,"mode":"bus","color":"#0059a9","colorDark":"#00294f","angle":300.1,"snapDist":5,"label":1}},{"type":"Feature","geometry":{"type":"Point","coordinates":[8.68903,47.432913]},"properties":{"name":"Effretikon, Kapelle Rikon","lines":"655","arr":["655"],"terminus":0,"mode":"bus","color":"#0059a9","colorDark":"#00294f","angle":325.1,"snapDist":2,"label":1}},{"type":"Feature","geometry":{"type":"Point","coordinates":[8.68356,47.434681]},"properties":{"name":"Effretikon, Vogelbuckstrasse","lines":"655","arr":["655"],"terminus":0,"mode":"bus","color":"#0059a9","colorDark":"#00294f","angle":339.4,"snapDist":3,"label":1}},{"type":"Feature","geometry":{"type":"Point","coordinates":[8.686033,47.431953]},"properties":{"name":"Effretikon, Brüttenerstrasse","lines":"655","arr":["655"],"terminus":0,"mode":"bus","color":"#0059a9","colorDark":"#00294f","angle":220.6,"snapDist":2,"label":1}},{"type":"Feature","geometry":{"type":"Point","coordinates":[8.685934,47.432011]},"properties":{"name":"Effretikon, Brüttenerstrasse","lines":"655","arr":["655"],"terminus":0,"mode":"bus","color":"#0059a9","colorDark":"#00294f","angle":40.8,"snapDist":1,"label":0}},{"type":"Feature","geometry":{"type":"Point","coordinates":[8.683401,47.434331]},"properties":{"name":"Effretikon, Vogelbuckstrasse","lines":"655","arr":["655"],"terminus":0,"mode":"bus","color":"#0059a9","colorDark":"#00294f","angle":78.3,"snapDist":2,"label":0}},{"type":"Feature","geometry":{"type":"Point","coordinates":[8.689071,47.432932]},"properties":{"name":"Effretikon, Kapelle Rikon","lines":"655","arr":["655"],"terminus":0,"mode":"bus","color":"#0059a9","colorDark":"#00294f","angle":145.1,"snapDist":0,"label":0}},{"type":"Feature","geometry":{"type":"Point","coordinates":[8.691394,47.434235]},"properties":{"name":"Effretikon, Girhalde","lines":"655, 657","arr":["655","657"],"terminus":0,"mode":"bus","color":"#0059a9","colorDark":"#00294f","angle":122.7,"snapDist":2,"label":0}},{"type":"Feature","geometry":{"type":"Point","coordinates":[8.70038,47.442335]},"properties":{"name":"Grafstal, Engelacher","lines":"655, 657","arr":["655","657"],"terminus":0,"mode":"bus","color":"#0059a9","colorDark":"#00294f","angle":86.1,"snapDist":3,"label":0}},{"type":"Feature","geometry":{"type":"Point","coordinates":[8.701465,47.445268]},"properties":{"name":"Grafstal, Unterdorf","lines":"655","arr":["655"],"terminus":0,"mode":"bus","color":"#0059a9","colorDark":"#00294f","angle":150.3,"snapDist":2,"label":0}},{"type":"Feature","geometry":{"type":"Point","coordinates":[8.70413,47.444048]},"properties":{"name":"Grafstal, Thalegg","lines":"655","arr":["655"],"terminus":0,"mode":"bus","color":"#0059a9","colorDark":"#00294f","angle":254.2,"snapDist":2,"label":0}},{"type":"Feature","geometry":{"type":"Point","coordinates":[8.726757,47.442731]},"properties":{"name":"Kyburg, Billikon","lines":"655","arr":["655"],"terminus":0,"mode":"bus","color":"#0059a9","colorDark":"#00294f","angle":184.7,"snapDist":1,"label":0}},{"type":"Feature","geometry":{"type":"Point","coordinates":[8.737822,47.44898]},"properties":{"name":"Kyburg, Ettenhusen","lines":"655","arr":["655"],"terminus":0,"mode":"bus","color":"#0059a9","colorDark":"#00294f","angle":168.1,"snapDist":0,"label":0}},{"type":"Feature","geometry":{"type":"Point","coordinates":[8.743288,47.454529]},"properties":{"name":"Kyburg, Ausserdorf","lines":"655","arr":["655"],"terminus":0,"mode":"bus","color":"#0059a9","colorDark":"#00294f","angle":88.1,"snapDist":2,"label":1}},{"type":"Feature","geometry":{"type":"Point","coordinates":[8.659928,47.460889]},"properties":{"name":"Breite b. N., Sternen","lines":"656, 658, 659, 769","arr":["656","658","659","769"],"terminus":1,"mode":"bus","color":"#0059a9","colorDark":"#00294f","angle":129.3,"snapDist":1,"label":1}},{"type":"Feature","geometry":{"type":"Point","coordinates":[8.685595,47.456866]},"properties":{"name":"Winterberg ZH, Kleinikon","lines":"656, 662","arr":["656","662"],"terminus":0,"mode":"bus","color":"#0059a9","colorDark":"#00294f","angle":272.5,"snapDist":5,"label":1}},{"type":"Feature","geometry":{"type":"Point","coordinates":[8.686734,47.436942]},"properties":{"name":"Effretikon, Langhag","lines":"656, 662","arr":["656","662"],"terminus":0,"mode":"bus","color":"#0059a9","colorDark":"#00294f","angle":219.4,"snapDist":1,"label":1}},{"type":"Feature","geometry":{"type":"Point","coordinates":[8.689886,47.433566]},"properties":{"name":"Effretikon, Weiherstrasse","lines":"656, 662","arr":["656","662"],"terminus":0,"mode":"bus","color":"#0059a9","colorDark":"#00294f","angle":229,"snapDist":2,"label":1}},{"type":"Feature","geometry":{"type":"Point","coordinates":[8.686173,47.425075]},"properties":{"name":"Effretikon, Bahnhof E","lines":"656, 659, 662","arr":["656","659","662"],"terminus":1,"mode":"bus","color":"#0059a9","colorDark":"#00294f","angle":114.8,"snapDist":2,"label":1}},{"type":"Feature","geometry":{"type":"Point","coordinates":[8.690267,47.433572]},"properties":{"name":"Effretikon, Weiherstrasse","lines":"656, 662","arr":["656","662"],"terminus":0,"mode":"bus","color":"#0059a9","colorDark":"#00294f","angle":320.4,"snapDist":2,"label":0}},{"type":"Feature","geometry":{"type":"Point","coordinates":[8.685849,47.437342]},"properties":{"name":"Effretikon, Langhag","lines":"656, 662","arr":["656","662"],"terminus":0,"mode":"bus","color":"#0059a9","colorDark":"#00294f","angle":27.6,"snapDist":5,"label":0}},{"type":"Feature","geometry":{"type":"Point","coordinates":[8.685588,47.456766]},"properties":{"name":"Winterberg ZH, Kleinikon","lines":"656, 662","arr":["656","662"],"terminus":0,"mode":"bus","color":"#0059a9","colorDark":"#00294f","angle":95.1,"snapDist":2,"label":0}},{"type":"Feature","geometry":{"type":"Point","coordinates":[8.660899,47.461472]},"properties":{"name":"Breite b. N., Winterthurerstr.","lines":"656, 659, 769","arr":["656","659","769"],"terminus":1,"mode":"bus","color":"#0059a9","colorDark":"#00294f","angle":325.1,"snapDist":6,"label":1}},{"type":"Feature","geometry":{"type":"Point","coordinates":[8.697969,47.443539]},"properties":{"name":"Grafstal, Oberdorf","lines":"657, N70","arr":["657","N70"],"terminus":0,"mode":"bus","color":"#0059a9","colorDark":"#00294f","angle":146.6,"snapDist":1,"label":1}},{"type":"Feature","geometry":{"type":"Point","coordinates":[8.686222,47.425166]},"properties":{"name":"Effretikon, Bahnhof E","lines":"657, 658","arr":["657","658"],"terminus":1,"mode":"bus","color":"#0059a9","colorDark":"#00294f","angle":103.2,"snapDist":1,"label":0}},{"type":"Feature","geometry":{"type":"Point","coordinates":[8.697842,47.443482]},"properties":{"name":"Grafstal, Oberdorf","lines":"657","arr":["657"],"terminus":0,"mode":"bus","color":"#0059a9","colorDark":"#00294f","angle":326.6,"snapDist":5,"label":0}},{"type":"Feature","geometry":{"type":"Point","coordinates":[8.66125,47.46193]},"properties":{"name":"Breite b. N., Grünenwaldstr.","lines":"658, 660, 769","arr":["658","660","769"],"terminus":0,"mode":"bus","color":"#0059a9","colorDark":"#00294f","angle":53.1,"snapDist":2,"label":1}},{"type":"Feature","geometry":{"type":"Point","coordinates":[8.640062,47.464114]},"properties":{"name":"Oberwil bei Nürensdorf","lines":"658, 660, 769","arr":["658","660","769"],"terminus":0,"mode":"bus","color":"#0059a9","colorDark":"#00294f","angle":337.5,"snapDist":6,"label":1}},{"type":"Feature","geometry":{"type":"Point","coordinates":[8.638831,47.45778]},"properties":{"name":"Birchwil bei Nürensdorf","lines":"658, 660, 769","arr":["658","660","769"],"terminus":0,"mode":"bus","color":"#0059a9","colorDark":"#00294f","angle":299.5,"snapDist":3,"label":1}},{"type":"Feature","geometry":{"type":"Point","coordinates":[8.63486,47.45401]},"properties":{"name":"Nürensdorf, Chrüzstrass","lines":"658, 660, 769","arr":["658","660","769"],"terminus":0,"mode":"bus","color":"#0059a9","colorDark":"#00294f","angle":230.2,"snapDist":4,"label":1}},{"type":"Feature","geometry":{"type":"Point","coordinates":[8.648218,47.4467]},"properties":{"name":"Nürensdorf, Zentrum","lines":"658, 660, 769, N78","arr":["658","660","769","N78"],"terminus":1,"mode":"bus","color":"#0059a9","colorDark":"#00294f","angle":150.2,"snapDist":2,"label":1}},{"type":"Feature","geometry":{"type":"Point","coordinates":[8.649496,47.446222]},"properties":{"name":"Nürensdorf, Zentrum Süd","lines":"658, 659","arr":["658","659"],"terminus":0,"mode":"bus","color":"#0059a9","colorDark":"#00294f","angle":250.4,"snapDist":1,"label":1}},{"type":"Feature","geometry":{"type":"Point","coordinates":[8.652456,47.444131]},"properties":{"name":"Nürensdorf, Lindauerstrasse","lines":"658, 659","arr":["658","659"],"terminus":0,"mode":"bus","color":"#0059a9","colorDark":"#00294f","angle":187.8,"snapDist":0,"label":1}},{"type":"Feature","geometry":{"type":"Point","coordinates":[8.670799,47.440817]},"properties":{"name":"Lindau, Nürensdorferstrasse","lines":"658, 659","arr":["658","659"],"terminus":0,"mode":"bus","color":"#0059a9","colorDark":"#00294f","angle":179.7,"snapDist":5,"label":1}},{"type":"Feature","geometry":{"type":"Point","coordinates":[8.686311,47.425396]},"properties":{"name":"Effretikon, Bahnhof B","lines":"658, 662","arr":["658","662"],"terminus":1,"mode":"bus","color":"#0059a9","colorDark":"#00294f","angle":110.1,"snapDist":0,"label":1}},{"type":"Feature","geometry":{"type":"Point","coordinates":[8.670656,47.440817]},"properties":{"name":"Lindau, Nürensdorferstrasse","lines":"658, 659, N70","arr":["658","659","N70"],"terminus":0,"mode":"bus","color":"#0059a9","colorDark":"#00294f","angle":359.7,"snapDist":1,"label":0}},{"type":"Feature","geometry":{"type":"Point","coordinates":[8.651438,47.444357]},"properties":{"name":"Nürensdorf, Lindauerstrasse","lines":"658, 659, N70","arr":["658","659","N70"],"terminus":0,"mode":"bus","color":"#0059a9","colorDark":"#00294f","angle":27.5,"snapDist":3,"label":0}},{"type":"Feature","geometry":{"type":"Point","coordinates":[8.64962,47.446027]},"properties":{"name":"Nürensdorf, Zentrum Süd","lines":"658, 659, N70","arr":["658","659","N70"],"terminus":0,"mode":"bus","color":"#0059a9","colorDark":"#00294f","angle":65,"snapDist":3,"label":0}},{"type":"Feature","geometry":{"type":"Point","coordinates":[8.647981,47.446604]},"properties":{"name":"Nürensdorf, Zentrum","lines":"658, 660, 769, N70","arr":["658","660","769","N70"],"terminus":0,"mode":"bus","color":"#0059a9","colorDark":"#00294f","angle":328.3,"snapDist":4,"label":0}},{"type":"Feature","geometry":{"type":"Point","coordinates":[8.634798,47.454061]},"properties":{"name":"Nürensdorf, Chrüzstrass","lines":"658, 660, 769, N70","arr":["658","660","769","N70"],"terminus":0,"mode":"bus","color":"#0059a9","colorDark":"#00294f","angle":50.4,"snapDist":3,"label":0}},{"type":"Feature","geometry":{"type":"Point","coordinates":[8.638834,47.457784]},"properties":{"name":"Birchwil bei Nürensdorf","lines":"658, 660, 769, N70","arr":["658","660","769","N70"],"terminus":0,"mode":"bus","color":"#0059a9","colorDark":"#00294f","angle":119.5,"snapDist":3,"label":0}},{"type":"Feature","geometry":{"type":"Point","coordinates":[8.640541,47.464249]},"properties":{"name":"Oberwil bei Nürensdorf","lines":"658, 660, 769, N70","arr":["658","660","769","N70"],"terminus":0,"mode":"bus","color":"#0059a9","colorDark":"#00294f","angle":157.5,"snapDist":2,"label":0}},{"type":"Feature","geometry":{"type":"Point","coordinates":[8.661314,47.461867]},"properties":{"name":"Breite b. N., Grünenwaldstr.","lines":"658, 660, 769, N70","arr":["658","660","769","N70"],"terminus":0,"mode":"bus","color":"#0059a9","colorDark":"#00294f","angle":235.9,"snapDist":2,"label":0}},{"type":"Feature","geometry":{"type":"Point","coordinates":[8.65122,47.450751]},"properties":{"name":"Nürensdorf, Berg","lines":"659, 660, 769","arr":["659","660","769"],"terminus":0,"mode":"bus","color":"#0059a9","colorDark":"#00294f","angle":293.2,"snapDist":7,"label":1}},{"type":"Feature","geometry":{"type":"Point","coordinates":[8.651548,47.45129]},"properties":{"name":"Nürensdorf, Berg","lines":"659, 660, 769","arr":["659","660","769"],"terminus":0,"mode":"bus","color":"#0059a9","colorDark":"#00294f","angle":112,"snapDist":3,"label":0}},{"type":"Feature","geometry":{"type":"Point","coordinates":[8.723807,47.498465]},"properties":{"name":"Winterthur, Archstrasse/HB A","lines":"660","arr":["660"],"terminus":1,"mode":"bus","color":"#0059a9","colorDark":"#00294f","angle":94.7,"snapDist":2,"label":1}},{"type":"Feature","geometry":{"type":"Point","coordinates":[8.720956,47.495295]},"properties":{"name":"Winterthur, Wylandbrücke","lines":"660","arr":["660"],"terminus":0,"mode":"bus","color":"#0059a9","colorDark":"#00294f","angle":291.5,"snapDist":0,"label":1}},{"type":"Feature","geometry":{"type":"Point","coordinates":[8.717196,47.490418]},"properties":{"name":"Winterthur, Storchenbrücke","lines":"660","arr":["660"],"terminus":0,"mode":"bus","color":"#0059a9","colorDark":"#00294f","angle":297.7,"snapDist":4,"label":1}},{"type":"Feature","geometry":{"type":"Point","coordinates":[8.713664,47.491986]},"properties":{"name":"Winterthur, Tössfeld","lines":"660","arr":["660"],"terminus":0,"mode":"bus","color":"#0059a9","colorDark":"#00294f","angle":40.8,"snapDist":6,"label":1}},{"type":"Feature","geometry":{"type":"Point","coordinates":[8.710056,47.49364]},"properties":{"name":"Winterthur, Gaswerk","lines":"660","arr":["660"],"terminus":0,"mode":"bus","color":"#0059a9","colorDark":"#00294f","angle":317.6,"snapDist":8,"label":1}},{"type":"Feature","geometry":{"type":"Point","coordinates":[8.706111,47.491154]},"properties":{"name":"Winterthur, Zentrum Töss","lines":"660","arr":["660"],"terminus":0,"mode":"bus","color":"#0059a9","colorDark":"#00294f","angle":317.3,"snapDist":7,"label":1}},{"type":"Feature","geometry":{"type":"Point","coordinates":[8.702587,47.488348]},"properties":{"name":"Winterthur, Töss","lines":"660","arr":["660"],"terminus":0,"mode":"bus","color":"#0059a9","colorDark":"#00294f","angle":286,"snapDist":4,"label":1}},{"type":"Feature","geometry":{"type":"Point","coordinates":[8.703027,47.483655]},"properties":{"name":"Winterthur, Auwiesen","lines":"660","arr":["660"],"terminus":0,"mode":"bus","color":"#0059a9","colorDark":"#00294f","angle":258.5,"snapDist":5,"label":1}},{"type":"Feature","geometry":{"type":"Point","coordinates":[8.703067,47.477006]},"properties":{"name":"Winterthur, Steigmühle","lines":"660","arr":["660"],"terminus":0,"mode":"bus","color":"#0059a9","colorDark":"#00294f","angle":285.9,"snapDist":7,"label":1}},{"type":"Feature","geometry":{"type":"Point","coordinates":[8.701249,47.475324]},"properties":{"name":"Winterthur, Steig","lines":"660","arr":["660"],"terminus":0,"mode":"bus","color":"#0059a9","colorDark":"#00294f","angle":312.8,"snapDist":9,"label":1}},{"type":"Feature","geometry":{"type":"Point","coordinates":[8.682984,47.471385]},"properties":{"name":"Brütten, Harossen","lines":"660, 662","arr":["660","662"],"terminus":1,"mode":"bus","color":"#0059a9","colorDark":"#00294f","angle":17.1,"snapDist":6,"label":1}},{"type":"Feature","geometry":{"type":"Point","coordinates":[8.676468,47.472017]},"properties":{"name":"Brütten, Zentrum","lines":"660, 662","arr":["660","662"],"terminus":0,"mode":"bus","color":"#0059a9","colorDark":"#00294f","angle":359.9,"snapDist":4,"label":1}},{"type":"Feature","geometry":{"type":"Point","coordinates":[8.670451,47.470828]},"properties":{"name":"Brütten, Hofacher","lines":"660","arr":["660"],"terminus":0,"mode":"bus","color":"#0059a9","colorDark":"#00294f","angle":315.1,"snapDist":5,"label":1}},{"type":"Feature","geometry":{"type":"Point","coordinates":[8.635606,47.444902]},"properties":{"name":"Bassersdorf, Rietli","lines":"660, 769","arr":["660","769"],"terminus":0,"mode":"bus","color":"#0059a9","colorDark":"#00294f","angle":30.9,"snapDist":6,"label":1}},{"type":"Feature","geometry":{"type":"Point","coordinates":[8.628808,47.44295]},"properties":{"name":"Bassersdorf, Schmitte","lines":"660, 765, 766, 769","arr":["660","765","766","769"],"terminus":0,"mode":"bus","color":"#0059a9","colorDark":"#00294f","angle":275.1,"snapDist":1,"label":1}},{"type":"Feature","geometry":{"type":"Point","coordinates":[8.626132,47.438748]},"properties":{"name":"Bassersdorf, Bahnhof","lines":"660, 765, 766, 769, N78","arr":["660","765","766","769","N78"],"terminus":1,"mode":"bus","color":"#0059a9","colorDark":"#00294f","angle":191.5,"snapDist":2,"label":1}},{"type":"Feature","geometry":{"type":"Point","coordinates":[8.629413,47.44149]},"properties":{"name":"Bassersdorf, Dietlikonerstr.","lines":"660, 765, 766, 769","arr":["660","765","766","769"],"terminus":0,"mode":"bus","color":"#0059a9","colorDark":"#00294f","angle":114.1,"snapDist":1,"label":1}},{"type":"Feature","geometry":{"type":"Point","coordinates":[8.629143,47.443602]},"properties":{"name":"Bassersdorf, Gemeindehaus","lines":"660, 769, N78","arr":["660","769","N78"],"terminus":0,"mode":"bus","color":"#0059a9","colorDark":"#00294f","angle":153.4,"snapDist":3,"label":1}},{"type":"Feature","geometry":{"type":"Point","coordinates":[8.636645,47.444483]},"properties":{"name":"Bassersdorf, Rietli","lines":"660, 769, N78","arr":["660","769","N78"],"terminus":0,"mode":"bus","color":"#0059a9","colorDark":"#00294f","angle":208.5,"snapDist":6,"label":0}},{"type":"Feature","geometry":{"type":"Point","coordinates":[8.670533,47.470883]},"properties":{"name":"Brütten, Hofacher","lines":"660","arr":["660"],"terminus":0,"mode":"bus","color":"#0059a9","colorDark":"#00294f","angle":135.8,"snapDist":3,"label":0}},{"type":"Feature","geometry":{"type":"Point","coordinates":[8.676189,47.472017]},"properties":{"name":"Brütten, Zentrum","lines":"660, 662","arr":["660","662"],"terminus":0,"mode":"bus","color":"#0059a9","colorDark":"#00294f","angle":179.9,"snapDist":3,"label":0}},{"type":"Feature","geometry":{"type":"Point","coordinates":[8.682059,47.471524]},"properties":{"name":"Brütten, Harossen","lines":"660, 662","arr":["660","662"],"terminus":1,"mode":"bus","color":"#0059a9","colorDark":"#00294f","angle":191,"snapDist":5,"label":0}},{"type":"Feature","geometry":{"type":"Point","coordinates":[8.701103,47.475223]},"properties":{"name":"Winterthur, Steig","lines":"660","arr":["660"],"terminus":0,"mode":"bus","color":"#0059a9","colorDark":"#00294f","angle":134.4,"snapDist":6,"label":0}},{"type":"Feature","geometry":{"type":"Point","coordinates":[8.703448,47.477756]},"properties":{"name":"Winterthur, Steigmühle","lines":"660","arr":["660"],"terminus":0,"mode":"bus","color":"#0059a9","colorDark":"#00294f","angle":107.2,"snapDist":4,"label":0}},{"type":"Feature","geometry":{"type":"Point","coordinates":[8.70355,47.483921]},"properties":{"name":"Winterthur, Auwiesen","lines":"660","arr":["660"],"terminus":0,"mode":"bus","color":"#0059a9","colorDark":"#00294f","angle":78.1,"snapDist":6,"label":0}},{"type":"Feature","geometry":{"type":"Point","coordinates":[8.702866,47.488868]},"properties":{"name":"Winterthur, Töss","lines":"660","arr":["660"],"terminus":0,"mode":"bus","color":"#0059a9","colorDark":"#00294f","angle":114.2,"snapDist":8,"label":0}},{"type":"Feature","geometry":{"type":"Point","coordinates":[8.706341,47.491297]},"properties":{"name":"Winterthur, Zentrum Töss","lines":"660","arr":["660"],"terminus":0,"mode":"bus","color":"#0059a9","colorDark":"#00294f","angle":138,"snapDist":7,"label":0}},{"type":"Feature","geometry":{"type":"Point","coordinates":[8.71116,47.493613]},"properties":{"name":"Winterthur, Gaswerk","lines":"660","arr":["660"],"terminus":0,"mode":"bus","color":"#0059a9","colorDark":"#00294f","angle":226.9,"snapDist":2,"label":0}},{"type":"Feature","geometry":{"type":"Point","coordinates":[8.71444,47.491524]},"properties":{"name":"Winterthur, Tössfeld","lines":"660","arr":["660"],"terminus":0,"mode":"bus","color":"#0059a9","colorDark":"#00294f","angle":221.9,"snapDist":5,"label":0}},{"type":"Feature","geometry":{"type":"Point","coordinates":[8.717467,47.49075]},"properties":{"name":"Winterthur, Storchenbrücke","lines":"660","arr":["660"],"terminus":0,"mode":"bus","color":"#0059a9","colorDark":"#00294f","angle":117.8,"snapDist":2,"label":0}},{"type":"Feature","geometry":{"type":"Point","coordinates":[8.720998,47.495367]},"properties":{"name":"Winterthur, Wylandbrücke","lines":"660","arr":["660"],"terminus":0,"mode":"bus","color":"#0059a9","colorDark":"#00294f","angle":111.5,"snapDist":1,"label":0}},{"type":"Feature","geometry":{"type":"Point","coordinates":[8.673834,47.471336]},"properties":{"name":"Brütten, Zelgli","lines":"662","arr":["662"],"terminus":0,"mode":"bus","color":"#0059a9","colorDark":"#00294f","angle":258.4,"snapDist":5,"label":1}},{"type":"Feature","geometry":{"type":"Point","coordinates":[8.673773,47.471547]},"properties":{"name":"Brütten, Zelgli","lines":"662","arr":["662"],"terminus":0,"mode":"bus","color":"#0059a9","colorDark":"#00294f","angle":78.9,"snapDist":3,"label":0}},{"type":"Feature","geometry":{"type":"Point","coordinates":[8.56652,47.36394]},"properties":{"name":"Klusplatz C","lines":"701, 704, N71, N74","arr":["701","704","N71","N74"],"terminus":1,"mode":"bus","color":"#0059a9","colorDark":"#00294f","angle":218.4,"snapDist":2,"label":1}},{"type":"Feature","geometry":{"type":"Point","coordinates":[8.595455,47.360059]},"properties":{"name":"Loorenstrasse","lines":"701, 703, 704, N71, N74","arr":["701","703","704","N71","N74"],"terminus":0,"mode":"bus","color":"#0059a9","colorDark":"#00294f","angle":163.2,"snapDist":8,"label":0}},{"type":"Feature","geometry":{"type":"Point","coordinates":[8.599147,47.36097]},"properties":{"name":"Glockenacker","lines":"701, 703, 704, N71, N74","arr":["701","703","704","N71","N74"],"terminus":0,"mode":"bus","color":"#0059a9","colorDark":"#00294f","angle":164.2,"snapDist":3,"label":1}},{"type":"Feature","geometry":{"type":"Point","coordinates":[8.602875,47.361426]},"properties":{"name":"Friedhof Witikon","lines":"701, 703, 704, N71, N74","arr":["701","703","704","N71","N74"],"terminus":0,"mode":"bus","color":"#0059a9","colorDark":"#00294f","angle":166.4,"snapDist":10,"label":1}},{"type":"Feature","geometry":{"type":"Point","coordinates":[8.617601,47.362719]},"properties":{"name":"Pfaffhausen, Müseren","lines":"701, 703, 704, N71, N74","arr":["701","703","704","N71","N74"],"terminus":0,"mode":"bus","color":"#0059a9","colorDark":"#00294f","angle":191.8,"snapDist":10,"label":1}},{"type":"Feature","geometry":{"type":"Point","coordinates":[8.624646,47.359226]},"properties":{"name":"Binz bei Maur, Fridlimatt","lines":"701, N71","arr":["701","N71"],"terminus":0,"mode":"bus","color":"#0059a9","colorDark":"#00294f","angle":231.7,"snapDist":4,"label":1}},{"type":"Feature","geometry":{"type":"Point","coordinates":[8.628129,47.356997]},"properties":{"name":"Binz bei Maur, Gassacher","lines":"701, N71","arr":["701","N71"],"terminus":0,"mode":"bus","color":"#0059a9","colorDark":"#00294f","angle":237.4,"snapDist":6,"label":1}},{"type":"Feature","geometry":{"type":"Point","coordinates":[8.635296,47.354739]},"properties":{"name":"Ebmatingen, Leeacherstrasse","lines":"701, 706, 910, N71","arr":["701","706","910","N71"],"terminus":0,"mode":"bus","color":"#0059a9","colorDark":"#00294f","angle":186.4,"snapDist":5,"label":1}},{"type":"Feature","geometry":{"type":"Point","coordinates":[8.641202,47.351349]},"properties":{"name":"Ebmatingen, Dorf","lines":"701, 706, 910, N71","arr":["701","706","910","N71"],"terminus":0,"mode":"bus","color":"#0059a9","colorDark":"#00294f","angle":183.5,"snapDist":3,"label":1}},{"type":"Feature","geometry":{"type":"Point","coordinates":[8.660988,47.343148]},"properties":{"name":"Maur, Platten","lines":"701, 910, N71","arr":["701","910","N71"],"terminus":0,"mode":"bus","color":"#0059a9","colorDark":"#00294f","angle":212.1,"snapDist":6,"label":1}},{"type":"Feature","geometry":{"type":"Point","coordinates":[8.668623,47.340324]},"properties":{"name":"Maur, Dorf","lines":"701, N71","arr":["701","N71"],"terminus":0,"mode":"bus","color":"#0059a9","colorDark":"#00294f","angle":176,"snapDist":2,"label":0}},{"type":"Feature","geometry":{"type":"Point","coordinates":[8.674014,47.337865]},"properties":{"name":"Maur, Kirche","lines":"701, 743, N71","arr":["701","743","N71"],"terminus":0,"mode":"bus","color":"#0059a9","colorDark":"#00294f","angle":141,"snapDist":7,"label":1}},{"type":"Feature","geometry":{"type":"Point","coordinates":[8.677969,47.33993]},"properties":{"name":"Maur, See","lines":"701, N71","arr":["701","N71"],"terminus":1,"mode":"bus","color":"#0059a9","colorDark":"#00294f","angle":335.1,"snapDist":2,"label":1}},{"type":"Feature","geometry":{"type":"Point","coordinates":[8.673979,47.337845]},"properties":{"name":"Maur, Kirche","lines":"701, 743, N71","arr":["701","743","N71"],"terminus":0,"mode":"bus","color":"#0059a9","colorDark":"#00294f","angle":320.8,"snapDist":3,"label":0}},{"type":"Feature","geometry":{"type":"Point","coordinates":[8.668459,47.340316]},"properties":{"name":"Maur, Dorf","lines":"701, 910, N71","arr":["701","910","N71"],"terminus":1,"mode":"bus","color":"#0059a9","colorDark":"#00294f","angle":356,"snapDist":5,"label":1}},{"type":"Feature","geometry":{"type":"Point","coordinates":[8.660494,47.343585]},"properties":{"name":"Maur, Platten","lines":"701, 910, N71","arr":["701","910","N71"],"terminus":0,"mode":"bus","color":"#0059a9","colorDark":"#00294f","angle":50.1,"snapDist":3,"label":0}},{"type":"Feature","geometry":{"type":"Point","coordinates":[8.641167,47.351351]},"properties":{"name":"Ebmatingen, Dorf","lines":"701, 706, 910, N71","arr":["701","706","910","N71"],"terminus":0,"mode":"bus","color":"#0059a9","colorDark":"#00294f","angle":3.5,"snapDist":7,"label":0}},{"type":"Feature","geometry":{"type":"Point","coordinates":[8.63357,47.354857]},"properties":{"name":"Ebmatingen, Leeacherstrasse","lines":"701, 706, 910, N71","arr":["701","706","910","N71"],"terminus":0,"mode":"bus","color":"#0059a9","colorDark":"#00294f","angle":5.4,"snapDist":3,"label":0}},{"type":"Feature","geometry":{"type":"Point","coordinates":[8.627988,47.357114]},"properties":{"name":"Binz bei Maur, Gassacher","lines":"701, N71","arr":["701","N71"],"terminus":0,"mode":"bus","color":"#0059a9","colorDark":"#00294f","angle":45.5,"snapDist":4,"label":0}},{"type":"Feature","geometry":{"type":"Point","coordinates":[8.624497,47.359362]},"properties":{"name":"Binz bei Maur, Fridlimatt","lines":"701, N71","arr":["701","N71"],"terminus":0,"mode":"bus","color":"#0059a9","colorDark":"#00294f","angle":55.3,"snapDist":3,"label":0}},{"type":"Feature","geometry":{"type":"Point","coordinates":[8.617303,47.362761]},"properties":{"name":"Pfaffhausen, Müseren","lines":"701, 703, 704, N71, N74","arr":["701","703","704","N71","N74"],"terminus":0,"mode":"bus","color":"#0059a9","colorDark":"#00294f","angle":11.4,"snapDist":4,"label":0}},{"type":"Feature","geometry":{"type":"Point","coordinates":[8.602374,47.36134]},"properties":{"name":"Friedhof Witikon","lines":"701, 703, 704, N71, N74","arr":["701","703","704","N71","N74"],"terminus":0,"mode":"bus","color":"#0059a9","colorDark":"#00294f","angle":347.6,"snapDist":9,"label":0}},{"type":"Feature","geometry":{"type":"Point","coordinates":[8.598627,47.360859]},"properties":{"name":"Glockenacker","lines":"701, 703, 704, N71, N74","arr":["701","703","704","N71","N74"],"terminus":0,"mode":"bus","color":"#0059a9","colorDark":"#00294f","angle":341.3,"snapDist":6,"label":0}},{"type":"Feature","geometry":{"type":"Point","coordinates":[8.566699,47.363848]},"properties":{"name":"Klusplatz D","lines":"701, 703, 704","arr":["701","703","704"],"terminus":1,"mode":"bus","color":"#0059a9","colorDark":"#00294f","angle":146.1,"snapDist":1,"label":1}},{"type":"Feature","geometry":{"type":"Point","coordinates":[8.623594,47.360828]},"properties":{"name":"Binz bei Maur, Twäracher","lines":"703","arr":["703"],"terminus":0,"mode":"bus","color":"#0059a9","colorDark":"#00294f","angle":210.6,"snapDist":3,"label":1}},{"type":"Feature","geometry":{"type":"Point","coordinates":[8.632852,47.360938]},"properties":{"name":"Benglen, Gerlisbrunnen","lines":"703, 704, 705, N74","arr":["703","704","705","N74"],"terminus":0,"mode":"bus","color":"#0059a9","colorDark":"#00294f","angle":124.6,"snapDist":2,"label":1}},{"type":"Feature","geometry":{"type":"Point","coordinates":[8.638505,47.361201]},"properties":{"name":"Benglen, Bodenacher","lines":"703, 704, 705, N74","arr":["703","704","705","N74"],"terminus":1,"mode":"bus","color":"#0059a9","colorDark":"#00294f","angle":231.9,"snapDist":3,"label":1}},{"type":"Feature","geometry":{"type":"Point","coordinates":[8.632778,47.360864]},"properties":{"name":"Benglen, Gerlisbrunnen","lines":"703, 704, 705, N74","arr":["703","704","705","N74"],"terminus":0,"mode":"bus","color":"#0059a9","colorDark":"#00294f","angle":303.4,"snapDist":2,"label":0}},{"type":"Feature","geometry":{"type":"Point","coordinates":[8.623331,47.360927]},"properties":{"name":"Binz bei Maur, Twäracher","lines":"703, N74","arr":["703","N74"],"terminus":0,"mode":"bus","color":"#0059a9","colorDark":"#00294f","angle":28.3,"snapDist":3,"label":0}},{"type":"Feature","geometry":{"type":"Point","coordinates":[8.620215,47.364319]},"properties":{"name":"Pfaffhausen, Feldhof","lines":"704, N74","arr":["704","N74"],"terminus":0,"mode":"bus","color":"#0059a9","colorDark":"#00294f","angle":97.3,"snapDist":1,"label":1}},{"type":"Feature","geometry":{"type":"Point","coordinates":[8.624743,47.366901]},"properties":{"name":"Pfaffhausen, Sängglen","lines":"704, N74","arr":["704","N74"],"terminus":0,"mode":"bus","color":"#0059a9","colorDark":"#00294f","angle":98.2,"snapDist":3,"label":1}},{"type":"Feature","geometry":{"type":"Point","coordinates":[8.628685,47.368671]},"properties":{"name":"Pfaffhausen, Pfaffenstein","lines":"704, N74","arr":["704","N74"],"terminus":0,"mode":"bus","color":"#0059a9","colorDark":"#00294f","angle":139.6,"snapDist":2,"label":1}},{"type":"Feature","geometry":{"type":"Point","coordinates":[8.630089,47.362038]},"properties":{"name":"Benglen, Langwis","lines":"704, 705, 706, N74","arr":["704","705","706","N74"],"terminus":0,"mode":"bus","color":"#0059a9","colorDark":"#00294f","angle":274.9,"snapDist":4,"label":1}},{"type":"Feature","geometry":{"type":"Point","coordinates":[8.630155,47.362041]},"properties":{"name":"Benglen, Langwis","lines":"704, 705, 706","arr":["704","705","706"],"terminus":0,"mode":"bus","color":"#0059a9","colorDark":"#00294f","angle":95.5,"snapDist":6,"label":0}},{"type":"Feature","geometry":{"type":"Point","coordinates":[8.632636,47.368595]},"properties":{"name":"Fällanden, Schützenhaus","lines":"704, 705, 706, N74","arr":["704","705","706","N74"],"terminus":0,"mode":"bus","color":"#0059a9","colorDark":"#00294f","angle":194.7,"snapDist":7,"label":1}},{"type":"Feature","geometry":{"type":"Point","coordinates":[8.634079,47.371746]},"properties":{"name":"Fällanden, Eggler","lines":"704, 705, 706, N74","arr":["704","705","706","N74"],"terminus":0,"mode":"bus","color":"#0059a9","colorDark":"#00294f","angle":201.1,"snapDist":4,"label":1}},{"type":"Feature","geometry":{"type":"Point","coordinates":[8.640217,47.371878]},"properties":{"name":"Fällanden, Gemeindehaus","lines":"704, 705, 706, 743, N74","arr":["704","705","706","743","N74"],"terminus":0,"mode":"bus","color":"#0059a9","colorDark":"#00294f","angle":127.2,"snapDist":6,"label":1}},{"type":"Feature","geometry":{"type":"Point","coordinates":[8.644132,47.37578]},"properties":{"name":"Fällanden, Industrie","lines":"704, 705, 706, N74","arr":["704","705","706","N74"],"terminus":0,"mode":"bus","color":"#0059a9","colorDark":"#00294f","angle":125.7,"snapDist":5,"label":1}},{"type":"Feature","geometry":{"type":"Point","coordinates":[8.652,47.380499]},"properties":{"name":"Schwerzenbach ZH, Dorf","lines":"704, 705, 706, N74","arr":["704","705","706","N74"],"terminus":0,"mode":"bus","color":"#0059a9","colorDark":"#00294f","angle":87.4,"snapDist":3,"label":1}},{"type":"Feature","geometry":{"type":"Point","coordinates":[8.659575,47.384311]},"properties":{"name":"Schwerzenbach ZH, Bahnhof B","lines":"704, N74","arr":["704","N74"],"terminus":1,"mode":"bus","color":"#0059a9","colorDark":"#00294f","angle":218.5,"snapDist":9,"label":1}},{"type":"Feature","geometry":{"type":"Point","coordinates":[8.652008,47.380367]},"properties":{"name":"Schwerzenbach ZH, Dorf","lines":"704, 705, 706, N74","arr":["704","705","706","N74"],"terminus":0,"mode":"bus","color":"#0059a9","colorDark":"#00294f","angle":267.8,"snapDist":1,"label":0}},{"type":"Feature","geometry":{"type":"Point","coordinates":[8.644456,47.376283]},"properties":{"name":"Fällanden, Industrie","lines":"704, 705, 706, N74","arr":["704","705","706","N74"],"terminus":0,"mode":"bus","color":"#0059a9","colorDark":"#00294f","angle":303.4,"snapDist":3,"label":0}},{"type":"Feature","geometry":{"type":"Point","coordinates":[8.640028,47.371714]},"properties":{"name":"Fällanden, Gemeindehaus","lines":"704, 705, 706, 743, 745, N74","arr":["704","705","706","743","745","N74"],"terminus":0,"mode":"bus","color":"#0059a9","colorDark":"#00294f","angle":308.2,"snapDist":5,"label":0}},{"type":"Feature","geometry":{"type":"Point","coordinates":[8.635433,47.371375]},"properties":{"name":"Fällanden, Eggler","lines":"704, 705, 706, N74","arr":["704","705","706","N74"],"terminus":0,"mode":"bus","color":"#0059a9","colorDark":"#00294f","angle":26.8,"snapDist":3,"label":0}},{"type":"Feature","geometry":{"type":"Point","coordinates":[8.632298,47.368684]},"properties":{"name":"Fällanden, Schützenhaus","lines":"704, 705, 706, N74","arr":["704","705","706","N74"],"terminus":0,"mode":"bus","color":"#0059a9","colorDark":"#00294f","angle":24.7,"snapDist":2,"label":0}},{"type":"Feature","geometry":{"type":"Point","coordinates":[8.627313,47.368552]},"properties":{"name":"Pfaffhausen, Pfaffenstein","lines":"704","arr":["704"],"terminus":0,"mode":"bus","color":"#0059a9","colorDark":"#00294f","angle":17.7,"snapDist":4,"label":0}},{"type":"Feature","geometry":{"type":"Point","coordinates":[8.624714,47.366764]},"properties":{"name":"Pfaffhausen, Sängglen","lines":"704","arr":["704"],"terminus":0,"mode":"bus","color":"#0059a9","colorDark":"#00294f","angle":278.2,"snapDist":4,"label":0}},{"type":"Feature","geometry":{"type":"Point","coordinates":[8.619973,47.363875]},"properties":{"name":"Pfaffhausen, Feldhof","lines":"704","arr":["704"],"terminus":0,"mode":"bus","color":"#0059a9","colorDark":"#00294f","angle":300.2,"snapDist":2,"label":0}},{"type":"Feature","geometry":{"type":"Point","coordinates":[8.659839,47.384169]},"properties":{"name":"Schwerzenbach ZH, Bahnhof D","lines":"705, 706","arr":["705","706"],"terminus":1,"mode":"bus","color":"#0059a9","colorDark":"#00294f","angle":224,"snapDist":10,"label":1}},{"type":"Feature","geometry":{"type":"Point","coordinates":[8.647989,47.32499]},"properties":{"name":"Forch, Bahnhof","lines":"706","arr":["706"],"terminus":1,"mode":"bus","color":"#0059a9","colorDark":"#00294f","angle":346.9,"snapDist":2,"label":1}},{"type":"Feature","geometry":{"type":"Point","coordinates":[8.657783,47.324374]},"properties":{"name":"Aesch bei Maur, Hellstrasse","lines":"706","arr":["706"],"terminus":0,"mode":"bus","color":"#0059a9","colorDark":"#00294f","angle":208.2,"snapDist":1,"label":1}},{"type":"Feature","geometry":{"type":"Point","coordinates":[8.656439,47.326757]},"properties":{"name":"Aesch bei Maur, Zollingerheim","lines":"706","arr":["706"],"terminus":0,"mode":"bus","color":"#0059a9","colorDark":"#00294f","angle":63.6,"snapDist":3,"label":1}},{"type":"Feature","geometry":{"type":"Point","coordinates":[8.654742,47.330724]},"properties":{"name":"Aesch bei Maur, Im Brünneli","lines":"706","arr":["706"],"terminus":0,"mode":"bus","color":"#0059a9","colorDark":"#00294f","angle":98,"snapDist":3,"label":1}},{"type":"Feature","geometry":{"type":"Point","coordinates":[8.651622,47.338214]},"properties":{"name":"Ebmatingen, Looren","lines":"706, 910","arr":["706","910"],"terminus":0,"mode":"bus","color":"#0059a9","colorDark":"#00294f","angle":71.3,"snapDist":2,"label":1}},{"type":"Feature","geometry":{"type":"Point","coordinates":[8.630081,47.358388]},"properties":{"name":"Binz bei Maur, Bautacher","lines":"706","arr":["706"],"terminus":0,"mode":"bus","color":"#0059a9","colorDark":"#00294f","angle":86.2,"snapDist":4,"label":1}},{"type":"Feature","geometry":{"type":"Point","coordinates":[8.630022,47.358254]},"properties":{"name":"Binz bei Maur, Bautacher","lines":"706","arr":["706"],"terminus":0,"mode":"bus","color":"#0059a9","colorDark":"#00294f","angle":264.1,"snapDist":4,"label":0}},{"type":"Feature","geometry":{"type":"Point","coordinates":[8.651328,47.33921]},"properties":{"name":"Ebmatingen, Looren","lines":"706","arr":["706"],"terminus":0,"mode":"bus","color":"#0059a9","colorDark":"#00294f","angle":272,"snapDist":8,"label":0}},{"type":"Feature","geometry":{"type":"Point","coordinates":[8.654732,47.330675]},"properties":{"name":"Aesch bei Maur, Im Brünneli","lines":"706","arr":["706"],"terminus":0,"mode":"bus","color":"#0059a9","colorDark":"#00294f","angle":278,"snapDist":2,"label":0}},{"type":"Feature","geometry":{"type":"Point","coordinates":[8.656499,47.326676]},"properties":{"name":"Aesch bei Maur, Zollingerheim","lines":"706","arr":["706"],"terminus":0,"mode":"bus","color":"#0059a9","colorDark":"#00294f","angle":241,"snapDist":4,"label":0}},{"type":"Feature","geometry":{"type":"Point","coordinates":[8.658067,47.32457]},"properties":{"name":"Aesch bei Maur, Hellstrasse","lines":"706","arr":["706"],"terminus":0,"mode":"bus","color":"#0059a9","colorDark":"#00294f","angle":249.1,"snapDist":2,"label":0}},{"type":"Feature","geometry":{"type":"Point","coordinates":[8.686382,47.425509]},"properties":{"name":"Effretikon, Bahnhof C","lines":"720, N62, N70","arr":["720","N62","N70"],"terminus":1,"mode":"bus","color":"#0059a9","colorDark":"#00294f","angle":89.1,"snapDist":3,"label":1}},{"type":"Feature","geometry":{"type":"Point","coordinates":[8.691361,47.421333]},"properties":{"name":"Effretikon, Moosburg","lines":"720","arr":["720"],"terminus":0,"mode":"bus","color":"#0059a9","colorDark":"#00294f","angle":218.8,"snapDist":3,"label":1}},{"type":"Feature","geometry":{"type":"Point","coordinates":[8.695353,47.412521]},"properties":{"name":"Bisikon, Dorf","lines":"720","arr":["720"],"terminus":0,"mode":"bus","color":"#0059a9","colorDark":"#00294f","angle":231.4,"snapDist":2,"label":1}},{"type":"Feature","geometry":{"type":"Point","coordinates":[8.683029,47.408283]},"properties":{"name":"Kindhausen ZH, Geeren","lines":"720","arr":["720"],"terminus":0,"mode":"bus","color":"#0059a9","colorDark":"#00294f","angle":357.6,"snapDist":6,"label":1}},{"type":"Feature","geometry":{"type":"Point","coordinates":[8.680237,47.405546]},"properties":{"name":"Kindhausen ZH, Bodenacher","lines":"720","arr":["720"],"terminus":0,"mode":"bus","color":"#0059a9","colorDark":"#00294f","angle":283.6,"snapDist":1,"label":1}},{"type":"Feature","geometry":{"type":"Point","coordinates":[8.681435,47.395304]},"properties":{"name":"Volketswil, Eichstrasse","lines":"720, 721","arr":["720","721"],"terminus":1,"mode":"bus","color":"#0059a9","colorDark":"#00294f","angle":222.3,"snapDist":2,"label":1}},{"type":"Feature","geometry":{"type":"Point","coordinates":[8.683588,47.393304]},"properties":{"name":"Volketswil, Huzlenstrasse","lines":"720, 721","arr":["720","721"],"terminus":0,"mode":"bus","color":"#0059a9","colorDark":"#00294f","angle":236.7,"snapDist":5,"label":1}},{"type":"Feature","geometry":{"type":"Point","coordinates":[8.686991,47.389487]},"properties":{"name":"Volketswil, Wallberg","lines":"720, 721, 725, 726","arr":["720","721","725","726"],"terminus":0,"mode":"bus","color":"#0059a9","colorDark":"#00294f","angle":356.1,"snapDist":4,"label":1}},{"type":"Feature","geometry":{"type":"Point","coordinates":[8.68169,47.389223]},"properties":{"name":"Volketswil, Zentrum","lines":"720, 721, 725, 726","arr":["720","721","725","726"],"terminus":0,"mode":"bus","color":"#0059a9","colorDark":"#00294f","angle":356,"snapDist":3,"label":1}},{"type":"Feature","geometry":{"type":"Point","coordinates":[8.67631,47.388444]},"properties":{"name":"Volketswil, Hegnau","lines":"720, 725","arr":["720","725"],"terminus":0,"mode":"bus","color":"#0059a9","colorDark":"#00294f","angle":319.3,"snapDist":4,"label":1}},{"type":"Feature","geometry":{"type":"Point","coordinates":[8.672578,47.385337]},"properties":{"name":"Volketswil, Zimikon","lines":"720, 725","arr":["720","725"],"terminus":0,"mode":"bus","color":"#0059a9","colorDark":"#00294f","angle":321.6,"snapDist":3,"label":1}},{"type":"Feature","geometry":{"type":"Point","coordinates":[8.667702,47.385254]},"properties":{"name":"Volketswil, In der Höh","lines":"720, 725","arr":["720","725"],"terminus":0,"mode":"bus","color":"#0059a9","colorDark":"#00294f","angle":359,"snapDist":5,"label":1}},{"type":"Feature","geometry":{"type":"Point","coordinates":[8.659748,47.383955]},"properties":{"name":"Schwerzenbach ZH, Bahnhof E","lines":"720","arr":["720"],"terminus":1,"mode":"bus","color":"#0059a9","colorDark":"#00294f","angle":37.3,"snapDist":6,"label":1}},{"type":"Feature","geometry":{"type":"Point","coordinates":[8.669465,47.38516]},"properties":{"name":"Volketswil, In der Höh","lines":"720, 725","arr":["720","725"],"terminus":0,"mode":"bus","color":"#0059a9","colorDark":"#00294f","angle":184.3,"snapDist":4,"label":0}},{"type":"Feature","geometry":{"type":"Point","coordinates":[8.671677,47.385093]},"properties":{"name":"Volketswil, Zimikon","lines":"720, 725","arr":["720","725"],"terminus":0,"mode":"bus","color":"#0059a9","colorDark":"#00294f","angle":175.2,"snapDist":3,"label":0}},{"type":"Feature","geometry":{"type":"Point","coordinates":[8.676173,47.388362]},"properties":{"name":"Volketswil, Hegnau","lines":"720, 725","arr":["720","725"],"terminus":0,"mode":"bus","color":"#0059a9","colorDark":"#00294f","angle":138.2,"snapDist":7,"label":0}},{"type":"Feature","geometry":{"type":"Point","coordinates":[8.681794,47.389125]},"properties":{"name":"Volketswil, Zentrum","lines":"720, 725, 726","arr":["720","725","726"],"terminus":0,"mode":"bus","color":"#0059a9","colorDark":"#00294f","angle":176.3,"snapDist":1,"label":0}},{"type":"Feature","geometry":{"type":"Point","coordinates":[8.686508,47.389464]},"properties":{"name":"Volketswil, Wallberg","lines":"720, 725, 726","arr":["720","725","726"],"terminus":0,"mode":"bus","color":"#0059a9","colorDark":"#00294f","angle":177.2,"snapDist":5,"label":0}},{"type":"Feature","geometry":{"type":"Point","coordinates":[8.683645,47.393238]},"properties":{"name":"Volketswil, Huzlenstrasse","lines":"720","arr":["720"],"terminus":0,"mode":"bus","color":"#0059a9","colorDark":"#00294f","angle":62.7,"snapDist":4,"label":0}},{"type":"Feature","geometry":{"type":"Point","coordinates":[8.681683,47.395156]},"properties":{"name":"Volketswil, Eichstrasse","lines":"720","arr":["720"],"terminus":0,"mode":"bus","color":"#0059a9","colorDark":"#00294f","angle":41.2,"snapDist":5,"label":0}},{"type":"Feature","geometry":{"type":"Point","coordinates":[8.679953,47.404652]},"properties":{"name":"Kindhausen ZH, Bodenacher","lines":"720","arr":["720"],"terminus":0,"mode":"bus","color":"#0059a9","colorDark":"#00294f","angle":104.5,"snapDist":1,"label":0}},{"type":"Feature","geometry":{"type":"Point","coordinates":[8.684145,47.40831]},"properties":{"name":"Kindhausen ZH, Geeren","lines":"720","arr":["720"],"terminus":0,"mode":"bus","color":"#0059a9","colorDark":"#00294f","angle":168.4,"snapDist":1,"label":0}},{"type":"Feature","geometry":{"type":"Point","coordinates":[8.695353,47.412521]},"properties":{"name":"Bisikon, Dorf","lines":"720","arr":["720"],"terminus":0,"mode":"bus","color":"#0059a9","colorDark":"#00294f","angle":51.4,"snapDist":2,"label":0}},{"type":"Feature","geometry":{"type":"Point","coordinates":[8.691804,47.420989]},"properties":{"name":"Effretikon, Moosburg","lines":"720","arr":["720"],"terminus":0,"mode":"bus","color":"#0059a9","colorDark":"#00294f","angle":69.7,"snapDist":2,"label":0}},{"type":"Feature","geometry":{"type":"Point","coordinates":[8.677436,47.388304]},"properties":{"name":"Volketswil, Chammwisen","lines":"721, 726","arr":["721","726"],"terminus":0,"mode":"bus","color":"#0059a9","colorDark":"#00294f","angle":239.8,"snapDist":7,"label":1}},{"type":"Feature","geometry":{"type":"Point","coordinates":[8.679543,47.385646]},"properties":{"name":"Volketswil, Gries","lines":"721, 726","arr":["721","726"],"terminus":0,"mode":"bus","color":"#0059a9","colorDark":"#00294f","angle":241.6,"snapDist":7,"label":1}},{"type":"Feature","geometry":{"type":"Point","coordinates":[8.68371,47.379927]},"properties":{"name":"Volketswil, Chrummacher","lines":"721, 726","arr":["721","726"],"terminus":0,"mode":"bus","color":"#0059a9","colorDark":"#00294f","angle":315.4,"snapDist":6,"label":1}},{"type":"Feature","geometry":{"type":"Point","coordinates":[8.678222,47.380405]},"properties":{"name":"Volketswil, Hölzliwisen","lines":"721, 726","arr":["721","726"],"terminus":0,"mode":"bus","color":"#0059a9","colorDark":"#00294f","angle":33.6,"snapDist":7,"label":1}},{"type":"Feature","geometry":{"type":"Point","coordinates":[8.67297,47.381177]},"properties":{"name":"Volketswil, Hofwisen","lines":"721, 726, 727","arr":["721","726","727"],"terminus":0,"mode":"bus","color":"#0059a9","colorDark":"#00294f","angle":5,"snapDist":3,"label":1}},{"type":"Feature","geometry":{"type":"Point","coordinates":[8.667167,47.381978]},"properties":{"name":"Volketswil, Volkiland Chliriet","lines":"721, 726, 727","arr":["721","726","727"],"terminus":0,"mode":"bus","color":"#0059a9","colorDark":"#00294f","angle":14.7,"snapDist":6,"label":1}},{"type":"Feature","geometry":{"type":"Point","coordinates":[8.659147,47.384262]},"properties":{"name":"Schwerzenbach ZH, Bahnhof A","lines":"721, 725","arr":["721","725"],"terminus":1,"mode":"bus","color":"#0059a9","colorDark":"#00294f","angle":37.1,"snapDist":5,"label":1}},{"type":"Feature","geometry":{"type":"Point","coordinates":[8.659471,47.384098]},"properties":{"name":"Schwerzenbach ZH, Bahnhof C","lines":"721, 726","arr":["721","726"],"terminus":1,"mode":"bus","color":"#0059a9","colorDark":"#00294f","angle":36.8,"snapDist":5,"label":1}},{"type":"Feature","geometry":{"type":"Point","coordinates":[8.667964,47.381838]},"properties":{"name":"Volketswil, Volkiland Chliriet","lines":"721, 726, 727","arr":["721","726","727"],"terminus":0,"mode":"bus","color":"#0059a9","colorDark":"#00294f","angle":194.4,"snapDist":3,"label":0}},{"type":"Feature","geometry":{"type":"Point","coordinates":[8.673049,47.381078]},"properties":{"name":"Volketswil, Hofwisen","lines":"721, 726, 727","arr":["721","726","727"],"terminus":0,"mode":"bus","color":"#0059a9","colorDark":"#00294f","angle":187.6,"snapDist":2,"label":0}},{"type":"Feature","geometry":{"type":"Point","coordinates":[8.678677,47.380201]},"properties":{"name":"Volketswil, Hölzliwisen","lines":"721, 726","arr":["721","726"],"terminus":0,"mode":"bus","color":"#0059a9","colorDark":"#00294f","angle":213.5,"snapDist":7,"label":0}},{"type":"Feature","geometry":{"type":"Point","coordinates":[8.683109,47.379501]},"properties":{"name":"Volketswil, Chrummacher","lines":"721, 726","arr":["721","726"],"terminus":0,"mode":"bus","color":"#0059a9","colorDark":"#00294f","angle":147.5,"snapDist":5,"label":0}},{"type":"Feature","geometry":{"type":"Point","coordinates":[8.679038,47.386256]},"properties":{"name":"Volketswil, Gries","lines":"721, 726","arr":["721","726"],"terminus":0,"mode":"bus","color":"#0059a9","colorDark":"#00294f","angle":61.9,"snapDist":5,"label":0}},{"type":"Feature","geometry":{"type":"Point","coordinates":[8.677703,47.387926]},"properties":{"name":"Volketswil, Chammwisen","lines":"721, 726","arr":["721","726"],"terminus":0,"mode":"bus","color":"#0059a9","colorDark":"#00294f","angle":65,"snapDist":5,"label":0}},{"type":"Feature","geometry":{"type":"Point","coordinates":[8.67493,47.389421]},"properties":{"name":"Volketswil, Chappeli","lines":"721","arr":["721"],"terminus":0,"mode":"bus","color":"#0059a9","colorDark":"#00294f","angle":5.7,"snapDist":2,"label":1}},{"type":"Feature","geometry":{"type":"Point","coordinates":[8.679509,47.3933]},"properties":{"name":"Volketswil, Chapf","lines":"721","arr":["721"],"terminus":0,"mode":"bus","color":"#0059a9","colorDark":"#00294f","angle":152.1,"snapDist":4,"label":1}},{"type":"Feature","geometry":{"type":"Point","coordinates":[8.716947,47.351099]},"properties":{"name":"Uster, Bahnhof","lines":"725","arr":["725"],"terminus":1,"mode":"bus","color":"#0059a9","colorDark":"#00294f","angle":39.5,"snapDist":1,"label":1}},{"type":"Feature","geometry":{"type":"Point","coordinates":[8.715727,47.353552]},"properties":{"name":"Uster, Dammstrasse","lines":"725, 811, 812, 818","arr":["725","811","812","818"],"terminus":0,"mode":"bus","color":"#0059a9","colorDark":"#00294f","angle":129.9,"snapDist":4,"label":1}},{"type":"Feature","geometry":{"type":"Point","coordinates":[8.712699,47.356425]},"properties":{"name":"Uster, Strick","lines":"725, 811","arr":["725","811"],"terminus":0,"mode":"bus","color":"#0059a9","colorDark":"#00294f","angle":43.2,"snapDist":4,"label":1}},{"type":"Feature","geometry":{"type":"Point","coordinates":[8.710933,47.360493]},"properties":{"name":"Uster, Brandschenke","lines":"725","arr":["725"],"terminus":0,"mode":"bus","color":"#0059a9","colorDark":"#00294f","angle":76.9,"snapDist":7,"label":1}},{"type":"Feature","geometry":{"type":"Point","coordinates":[8.717247,47.382491]},"properties":{"name":"Gutenswil, Grossenacher","lines":"725","arr":["725"],"terminus":0,"mode":"bus","color":"#0059a9","colorDark":"#00294f","angle":121.5,"snapDist":0,"label":1}},{"type":"Feature","geometry":{"type":"Point","coordinates":[8.718829,47.385339]},"properties":{"name":"Gutenswil, Sternen","lines":"725","arr":["725"],"terminus":0,"mode":"bus","color":"#0059a9","colorDark":"#00294f","angle":81.4,"snapDist":2,"label":1}},{"type":"Feature","geometry":{"type":"Point","coordinates":[8.713873,47.38488]},"properties":{"name":"Gutenswil, Unterdorf","lines":"725","arr":["725"],"terminus":0,"mode":"bus","color":"#0059a9","colorDark":"#00294f","angle":354.4,"snapDist":6,"label":1}},{"type":"Feature","geometry":{"type":"Point","coordinates":[8.6966,47.388765]},"properties":{"name":"Volketswil, Giessen","lines":"725","arr":["725"],"terminus":0,"mode":"bus","color":"#0059a9","colorDark":"#00294f","angle":25.7,"snapDist":5,"label":1}},{"type":"Feature","geometry":{"type":"Point","coordinates":[8.692841,47.389605]},"properties":{"name":"Volketswil, Dorf","lines":"725, 726","arr":["725","726"],"terminus":1,"mode":"bus","color":"#0059a9","colorDark":"#00294f","angle":4.9,"snapDist":3,"label":1}},{"type":"Feature","geometry":{"type":"Point","coordinates":[8.688753,47.389572]},"properties":{"name":"Volketswil, In der Au","lines":"725, 726","arr":["725","726"],"terminus":0,"mode":"bus","color":"#0059a9","colorDark":"#00294f","angle":7.8,"snapDist":7,"label":1}},{"type":"Feature","geometry":{"type":"Point","coordinates":[8.693195,47.389584]},"properties":{"name":"Volketswil, Dorf","lines":"725","arr":["725"],"terminus":0,"mode":"bus","color":"#0059a9","colorDark":"#00294f","angle":185.2,"snapDist":0,"label":0}},{"type":"Feature","geometry":{"type":"Point","coordinates":[8.695962,47.388964]},"properties":{"name":"Volketswil, Giessen","lines":"725","arr":["725"],"terminus":0,"mode":"bus","color":"#0059a9","colorDark":"#00294f","angle":204,"snapDist":3,"label":0}},{"type":"Feature","geometry":{"type":"Point","coordinates":[8.715076,47.38496]},"properties":{"name":"Gutenswil, Unterdorf","lines":"725","arr":["725"],"terminus":0,"mode":"bus","color":"#0059a9","colorDark":"#00294f","angle":176.3,"snapDist":2,"label":0}},{"type":"Feature","geometry":{"type":"Point","coordinates":[8.718897,47.38498]},"properties":{"name":"Gutenswil, Sternen","lines":"725","arr":["725"],"terminus":0,"mode":"bus","color":"#0059a9","colorDark":"#00294f","angle":261.6,"snapDist":3,"label":0}},{"type":"Feature","geometry":{"type":"Point","coordinates":[8.716955,47.382132]},"properties":{"name":"Gutenswil, Grossenacher","lines":"725","arr":["725"],"terminus":0,"mode":"bus","color":"#0059a9","colorDark":"#00294f","angle":298.2,"snapDist":4,"label":0}},{"type":"Feature","geometry":{"type":"Point","coordinates":[8.710596,47.361698]},"properties":{"name":"Uster, Brandschenke","lines":"725, 811, N81","arr":["725","811","N81"],"terminus":0,"mode":"bus","color":"#0059a9","colorDark":"#00294f","angle":267.4,"snapDist":7,"label":0}},{"type":"Feature","geometry":{"type":"Point","coordinates":[8.711684,47.357919]},"properties":{"name":"Uster, Loren","lines":"725","arr":["725"],"terminus":0,"mode":"bus","color":"#0059a9","colorDark":"#00294f","angle":258.1,"snapDist":5,"label":1}},{"type":"Feature","geometry":{"type":"Point","coordinates":[8.712866,47.356314]},"properties":{"name":"Uster, Strick","lines":"725, 811","arr":["725","811"],"terminus":0,"mode":"bus","color":"#0059a9","colorDark":"#00294f","angle":225.5,"snapDist":4,"label":0}},{"type":"Feature","geometry":{"type":"Point","coordinates":[8.716072,47.354173]},"properties":{"name":"Uster, Oberlandstrasse","lines":"725, 811, N81","arr":["725","811","N81"],"terminus":0,"mode":"bus","color":"#0059a9","colorDark":"#00294f","angle":223.7,"snapDist":4,"label":1}},{"type":"Feature","geometry":{"type":"Point","coordinates":[8.717574,47.350964]},"properties":{"name":"Uster, Bahnhof","lines":"725, 816, 846","arr":["725","816","846"],"terminus":1,"mode":"bus","color":"#0059a9","colorDark":"#00294f","angle":219.9,"snapDist":4,"label":0}},{"type":"Feature","geometry":{"type":"Point","coordinates":[8.690648,47.364436]},"properties":{"name":"Greifensee, Pfisterhölzli","lines":"727","arr":["727"],"terminus":1,"mode":"bus","color":"#0059a9","colorDark":"#00294f","angle":230.6,"snapDist":2,"label":1}},{"type":"Feature","geometry":{"type":"Point","coordinates":[8.685853,47.364505]},"properties":{"name":"Greifensee, Im Langacher","lines":"727","arr":["727"],"terminus":0,"mode":"bus","color":"#0059a9","colorDark":"#00294f","angle":2.5,"snapDist":5,"label":1}},{"type":"Feature","geometry":{"type":"Point","coordinates":[8.679947,47.366106]},"properties":{"name":"Greifensee, Tumigerstrasse","lines":"727","arr":["727"],"terminus":0,"mode":"bus","color":"#0059a9","colorDark":"#00294f","angle":54.2,"snapDist":2,"label":1}},{"type":"Feature","geometry":{"type":"Point","coordinates":[8.683147,47.369733]},"properties":{"name":"Nänikon, Heuwinkelstrasse","lines":"727","arr":["727"],"terminus":0,"mode":"bus","color":"#0059a9","colorDark":"#00294f","angle":132.1,"snapDist":4,"label":1}},{"type":"Feature","geometry":{"type":"Point","coordinates":[8.680852,47.374026]},"properties":{"name":"Nänikon, Grossriet","lines":"727","arr":["727"],"terminus":0,"mode":"bus","color":"#0059a9","colorDark":"#00294f","angle":34.5,"snapDist":3,"label":1}},{"type":"Feature","geometry":{"type":"Point","coordinates":[8.674443,47.378216]},"properties":{"name":"Volketswil, Milandia","lines":"727","arr":["727"],"terminus":0,"mode":"bus","color":"#0059a9","colorDark":"#00294f","angle":146,"snapDist":0,"label":1}},{"type":"Feature","geometry":{"type":"Point","coordinates":[8.660118,47.383992]},"properties":{"name":"Schwerzenbach ZH, Bahnhof F","lines":"727","arr":["727"],"terminus":1,"mode":"bus","color":"#0059a9","colorDark":"#00294f","angle":213.1,"snapDist":7,"label":1}},{"type":"Feature","geometry":{"type":"Point","coordinates":[8.674427,47.378209]},"properties":{"name":"Volketswil, Milandia","lines":"727","arr":["727"],"terminus":0,"mode":"bus","color":"#0059a9","colorDark":"#00294f","angle":146,"snapDist":0,"label":0}},{"type":"Feature","geometry":{"type":"Point","coordinates":[8.680649,47.374119]},"properties":{"name":"Nänikon, Grossriet","lines":"727","arr":["727"],"terminus":0,"mode":"bus","color":"#0059a9","colorDark":"#00294f","angle":214.1,"snapDist":2,"label":0}},{"type":"Feature","geometry":{"type":"Point","coordinates":[8.682036,47.368991]},"properties":{"name":"Nänikon, Heuwinkelstrasse","lines":"727","arr":["727"],"terminus":0,"mode":"bus","color":"#0059a9","colorDark":"#00294f","angle":314.9,"snapDist":1,"label":0}},{"type":"Feature","geometry":{"type":"Point","coordinates":[8.678216,47.365372]},"properties":{"name":"Greifensee, Städtli","lines":"727","arr":["727"],"terminus":0,"mode":"bus","color":"#0059a9","colorDark":"#00294f","angle":307,"snapDist":3,"label":1}},{"type":"Feature","geometry":{"type":"Point","coordinates":[8.680913,47.364737]},"properties":{"name":"Greifensee, Im Hof","lines":"727","arr":["727"],"terminus":0,"mode":"bus","color":"#0059a9","colorDark":"#00294f","angle":148.9,"snapDist":2,"label":1}},{"type":"Feature","geometry":{"type":"Point","coordinates":[8.685265,47.364521]},"properties":{"name":"Greifensee, Im Langacher","lines":"727","arr":["727"],"terminus":0,"mode":"bus","color":"#0059a9","colorDark":"#00294f","angle":184.3,"snapDist":2,"label":0}},{"type":"Feature","geometry":{"type":"Point","coordinates":[8.595339,47.444445]},"properties":{"name":"Kloten, Buchhalden","lines":"731, 736","arr":["731","736"],"terminus":1,"mode":"bus","color":"#0059a9","colorDark":"#00294f","angle":331.2,"snapDist":2,"label":1}},{"type":"Feature","geometry":{"type":"Point","coordinates":[8.589698,47.44426]},"properties":{"name":"Kloten, Wallisellenstrasse","lines":"731, 736","arr":["731","736"],"terminus":0,"mode":"bus","color":"#0059a9","colorDark":"#00294f","angle":37.6,"snapDist":5,"label":1}},{"type":"Feature","geometry":{"type":"Point","coordinates":[8.587531,47.445935]},"properties":{"name":"Kloten, Schulstrasse","lines":"731, 736","arr":["731","736"],"terminus":0,"mode":"bus","color":"#0059a9","colorDark":"#00294f","angle":50.4,"snapDist":3,"label":1}},{"type":"Feature","geometry":{"type":"Point","coordinates":[8.583988,47.447914]},"properties":{"name":"Kloten, Breitistrasse/Bahnhof","lines":"731, 736","arr":["731","736"],"terminus":0,"mode":"bus","color":"#0059a9","colorDark":"#00294f","angle":314,"snapDist":3,"label":1}},{"type":"Feature","geometry":{"type":"Point","coordinates":[8.581612,47.44696]},"properties":{"name":"Kloten, Schluefweg","lines":"731, 736","arr":["731","736"],"terminus":0,"mode":"bus","color":"#0059a9","colorDark":"#00294f","angle":308.4,"snapDist":2,"label":1}},{"type":"Feature","geometry":{"type":"Point","coordinates":[8.5811,47.451293]},"properties":{"name":"Kloten, Stadthaus","lines":"731, 733, N54","arr":["731","733","N54"],"terminus":0,"mode":"bus","color":"#0059a9","colorDark":"#00294f","angle":71.5,"snapDist":4,"label":1}},{"type":"Feature","geometry":{"type":"Point","coordinates":[8.563778,47.449817]},"properties":{"name":"Zürich Flughafen, Bahnhof M","lines":"731, 732, 736","arr":["731","732","736"],"terminus":1,"mode":"bus","color":"#0059a9","colorDark":"#00294f","angle":346.9,"snapDist":1,"label":1}},{"type":"Feature","geometry":{"type":"Point","coordinates":[8.56371,47.450473]},"properties":{"name":"Zürich Flughafen, Bahnhof E","lines":"731, 732, 734","arr":["731","732","734"],"terminus":1,"mode":"bus","color":"#0059a9","colorDark":"#00294f","angle":6.2,"snapDist":1,"label":1}},{"type":"Feature","geometry":{"type":"Point","coordinates":[8.580296,47.453119]},"properties":{"name":"Kloten, Zum Wilden Mann B","lines":"731, 733, N10, N52","arr":["731","733","N10","N52"],"terminus":0,"mode":"bus","color":"#0059a9","colorDark":"#00294f","angle":256.6,"snapDist":2,"label":1}},{"type":"Feature","geometry":{"type":"Point","coordinates":[8.581018,47.451317]},"properties":{"name":"Kloten, Stadthaus","lines":"731, 733, N10, N52","arr":["731","733","N10","N52"],"terminus":0,"mode":"bus","color":"#0059a9","colorDark":"#00294f","angle":251.4,"snapDist":5,"label":0}},{"type":"Feature","geometry":{"type":"Point","coordinates":[8.582174,47.446444]},"properties":{"name":"Kloten, Schluefweg","lines":"731, 736","arr":["731","736"],"terminus":0,"mode":"bus","color":"#0059a9","colorDark":"#00294f","angle":130.4,"snapDist":4,"label":0}},{"type":"Feature","geometry":{"type":"Point","coordinates":[8.58426,47.44801]},"properties":{"name":"Kloten, Breitistrasse/Bahnhof","lines":"731, 736","arr":["731","736"],"terminus":0,"mode":"bus","color":"#0059a9","colorDark":"#00294f","angle":142.8,"snapDist":4,"label":0}},{"type":"Feature","geometry":{"type":"Point","coordinates":[8.587775,47.445742]},"properties":{"name":"Kloten, Schulstrasse","lines":"731, 736","arr":["731","736"],"terminus":0,"mode":"bus","color":"#0059a9","colorDark":"#00294f","angle":228,"snapDist":3,"label":0}},{"type":"Feature","geometry":{"type":"Point","coordinates":[8.589966,47.444143]},"properties":{"name":"Kloten, Wallisellenstrasse","lines":"731, 736","arr":["731","736"],"terminus":0,"mode":"bus","color":"#0059a9","colorDark":"#00294f","angle":211.8,"snapDist":3,"label":0}},{"type":"Feature","geometry":{"type":"Point","coordinates":[8.582353,47.471909]},"properties":{"name":"Egetswil, Dorf","lines":"732, 734","arr":["732","734"],"terminus":1,"mode":"bus","color":"#0059a9","colorDark":"#00294f","angle":247.3,"snapDist":1,"label":1}},{"type":"Feature","geometry":{"type":"Point","coordinates":[8.584487,47.469403]},"properties":{"name":"Egetswil","lines":"732, 734","arr":["732","734"],"terminus":0,"mode":"bus","color":"#0059a9","colorDark":"#00294f","angle":305.2,"snapDist":2,"label":1}},{"type":"Feature","geometry":{"type":"Point","coordinates":[8.581724,47.467068]},"properties":{"name":"Kloten, Chanzler","lines":"732, 734","arr":["732","734"],"terminus":0,"mode":"bus","color":"#0059a9","colorDark":"#00294f","angle":358.6,"snapDist":4,"label":1}},{"type":"Feature","geometry":{"type":"Point","coordinates":[8.580101,47.466198]},"properties":{"name":"Kloten, Weinbergstrasse","lines":"732, 734","arr":["732","734"],"terminus":0,"mode":"bus","color":"#0059a9","colorDark":"#00294f","angle":228.4,"snapDist":1,"label":1}},{"type":"Feature","geometry":{"type":"Point","coordinates":[8.581824,47.460414]},"properties":{"name":"Kloten, Hohrainli","lines":"732, 734, N52, N54","arr":["732","734","N52","N54"],"terminus":0,"mode":"bus","color":"#0059a9","colorDark":"#00294f","angle":264.5,"snapDist":6,"label":1}},{"type":"Feature","geometry":{"type":"Point","coordinates":[8.580823,47.453452]},"properties":{"name":"Kloten, Zum Wilden Mann C","lines":"732, 765, N54","arr":["732","765","N54"],"terminus":0,"mode":"bus","color":"#0059a9","colorDark":"#00294f","angle":172.9,"snapDist":7,"label":1}},{"type":"Feature","geometry":{"type":"Point","coordinates":[8.584925,47.452754]},"properties":{"name":"Kloten, Kirchgasse","lines":"732, 765, N54","arr":["732","765","N54"],"terminus":0,"mode":"bus","color":"#0059a9","colorDark":"#00294f","angle":200.8,"snapDist":5,"label":1}},{"type":"Feature","geometry":{"type":"Point","coordinates":[8.582812,47.448379]},"properties":{"name":"Kloten, Bahnhof","lines":"732, 733, 735, 766, N54","arr":["732","733","735","766","N54"],"terminus":1,"mode":"bus","color":"#0059a9","colorDark":"#00294f","angle":323.8,"snapDist":4,"label":1}},{"type":"Feature","geometry":{"type":"Point","coordinates":[8.578848,47.44485]},"properties":{"name":"Kloten, Neubrunnenstrasse","lines":"732","arr":["732"],"terminus":0,"mode":"bus","color":"#0059a9","colorDark":"#00294f","angle":9.2,"snapDist":4,"label":1}},{"type":"Feature","geometry":{"type":"Point","coordinates":[8.576356,47.445157]},"properties":{"name":"Kloten, Lägernstrasse","lines":"732, 736","arr":["732","736"],"terminus":0,"mode":"bus","color":"#0059a9","colorDark":"#00294f","angle":25.5,"snapDist":2,"label":1}},{"type":"Feature","geometry":{"type":"Point","coordinates":[8.571643,47.445016]},"properties":{"name":"Zürich Flughafen, Werft B","lines":"732, 736","arr":["732","736"],"terminus":0,"mode":"bus","color":"#0059a9","colorDark":"#00294f","angle":1.8,"snapDist":1,"label":1}},{"type":"Feature","geometry":{"type":"Point","coordinates":[8.576421,47.445135]},"properties":{"name":"Kloten, Lägernstrasse","lines":"732, 736","arr":["732","736"],"terminus":0,"mode":"bus","color":"#0059a9","colorDark":"#00294f","angle":206.7,"snapDist":4,"label":0}},{"type":"Feature","geometry":{"type":"Point","coordinates":[8.578916,47.444841]},"properties":{"name":"Kloten, Neubrunnenstrasse","lines":"732","arr":["732"],"terminus":0,"mode":"bus","color":"#0059a9","colorDark":"#00294f","angle":197,"snapDist":4,"label":0}},{"type":"Feature","geometry":{"type":"Point","coordinates":[8.58404,47.448932]},"properties":{"name":"Kloten, Bahnhof","lines":"732, 733, 735, 766, N10, N52","arr":["732","733","735","766","N10","N52"],"terminus":1,"mode":"bus","color":"#0059a9","colorDark":"#00294f","angle":146.4,"snapDist":1,"label":0}},{"type":"Feature","geometry":{"type":"Point","coordinates":[8.584754,47.4528]},"properties":{"name":"Kloten, Kirchgasse","lines":"732, 735, 765, N10, N52","arr":["732","735","765","N10","N52"],"terminus":0,"mode":"bus","color":"#0059a9","colorDark":"#00294f","angle":22.3,"snapDist":6,"label":0}},{"type":"Feature","geometry":{"type":"Point","coordinates":[8.581684,47.459775]},"properties":{"name":"Kloten, Hohrainli","lines":"732, 734, N52, N54","arr":["732","734","N52","N54"],"terminus":0,"mode":"bus","color":"#0059a9","colorDark":"#00294f","angle":107.6,"snapDist":8,"label":0}},{"type":"Feature","geometry":{"type":"Point","coordinates":[8.583166,47.463532]},"properties":{"name":"Kloten, Freienberg","lines":"732, 734, N52","arr":["732","734","N52"],"terminus":0,"mode":"bus","color":"#0059a9","colorDark":"#00294f","angle":3.2,"snapDist":5,"label":0}},{"type":"Feature","geometry":{"type":"Point","coordinates":[8.580234,47.466096]},"properties":{"name":"Kloten, Weinbergstrasse","lines":"732, 734, N52","arr":["732","734","N52"],"terminus":0,"mode":"bus","color":"#0059a9","colorDark":"#00294f","angle":48.4,"snapDist":2,"label":0}},{"type":"Feature","geometry":{"type":"Point","coordinates":[8.582274,47.46708]},"properties":{"name":"Kloten, Chanzler","lines":"732, 734, N52","arr":["732","734","N52"],"terminus":0,"mode":"bus","color":"#0059a9","colorDark":"#00294f","angle":172,"snapDist":3,"label":0}},{"type":"Feature","geometry":{"type":"Point","coordinates":[8.584568,47.469481]},"properties":{"name":"Egetswil","lines":"732, 734, N52","arr":["732","734","N52"],"terminus":0,"mode":"bus","color":"#0059a9","colorDark":"#00294f","angle":126.6,"snapDist":4,"label":0}},{"type":"Feature","geometry":{"type":"Point","coordinates":[8.595971,47.450913]},"properties":{"name":"Kloten, Graswinkel","lines":"733","arr":["733"],"terminus":1,"mode":"bus","color":"#0059a9","colorDark":"#00294f","angle":20.1,"snapDist":2,"label":1}},{"type":"Feature","geometry":{"type":"Point","coordinates":[8.593046,47.453791]},"properties":{"name":"Kloten, Wohnheim","lines":"733","arr":["733"],"terminus":0,"mode":"bus","color":"#0059a9","colorDark":"#00294f","angle":42.5,"snapDist":0,"label":1}},{"type":"Feature","geometry":{"type":"Point","coordinates":[8.590086,47.45568]},"properties":{"name":"Kloten, Härdlen","lines":"733","arr":["733"],"terminus":0,"mode":"bus","color":"#0059a9","colorDark":"#00294f","angle":34.5,"snapDist":1,"label":0}},{"type":"Feature","geometry":{"type":"Point","coordinates":[8.587617,47.454962]},"properties":{"name":"Kloten, Ackerstrasse","lines":"733","arr":["733"],"terminus":0,"mode":"bus","color":"#0059a9","colorDark":"#00294f","angle":284.7,"snapDist":2,"label":1}},{"type":"Feature","geometry":{"type":"Point","coordinates":[8.563711,47.450352]},"properties":{"name":"Zürich Flughafen, Bahnhof G","lines":"733","arr":["733"],"terminus":1,"mode":"bus","color":"#0059a9","colorDark":"#00294f","angle":2.6,"snapDist":1,"label":1}},{"type":"Feature","geometry":{"type":"Point","coordinates":[8.588627,47.451929]},"properties":{"name":"Kloten, Lindenstrasse","lines":"733","arr":["733"],"terminus":0,"mode":"bus","color":"#0059a9","colorDark":"#00294f","angle":197.3,"snapDist":3,"label":1}},{"type":"Feature","geometry":{"type":"Point","coordinates":[8.592079,47.451174]},"properties":{"name":"Kloten, Rankstrasse","lines":"733, 765","arr":["733","765"],"terminus":0,"mode":"bus","color":"#0059a9","colorDark":"#00294f","angle":198.1,"snapDist":2,"label":1}},{"type":"Feature","geometry":{"type":"Point","coordinates":[8.590305,47.455572]},"properties":{"name":"Kloten, Härdlen","lines":"735","arr":["735"],"terminus":1,"mode":"bus","color":"#0059a9","colorDark":"#00294f","angle":215.7,"snapDist":1,"label":1}},{"type":"Feature","geometry":{"type":"Point","coordinates":[8.59299,47.453826]},"properties":{"name":"Kloten, Geissbergstrasse","lines":"735","arr":["735"],"terminus":0,"mode":"bus","color":"#0059a9","colorDark":"#00294f","angle":222.5,"snapDist":0,"label":1}},{"type":"Feature","geometry":{"type":"Point","coordinates":[8.591124,47.451576]},"properties":{"name":"Kloten, Säntisstrasse","lines":"735","arr":["735"],"terminus":0,"mode":"bus","color":"#0059a9","colorDark":"#00294f","angle":324.7,"snapDist":2,"label":1}},{"type":"Feature","geometry":{"type":"Point","coordinates":[8.586957,47.45228]},"properties":{"name":"Kloten, Lindenstrasse","lines":"735, N10","arr":["735","N10"],"terminus":0,"mode":"bus","color":"#0059a9","colorDark":"#00294f","angle":17.6,"snapDist":5,"label":0}},{"type":"Feature","geometry":{"type":"Point","coordinates":[8.57826,47.443771]},"properties":{"name":"Kloten, Bramen","lines":"735","arr":["735"],"terminus":0,"mode":"bus","color":"#0059a9","colorDark":"#00294f","angle":298.5,"snapDist":4,"label":1}},{"type":"Feature","geometry":{"type":"Point","coordinates":[8.575239,47.440864]},"properties":{"name":"Kloten, Waldeggweg","lines":"735","arr":["735"],"terminus":0,"mode":"bus","color":"#0059a9","colorDark":"#00294f","angle":317.9,"snapDist":2,"label":1}},{"type":"Feature","geometry":{"type":"Point","coordinates":[8.571603,47.440369]},"properties":{"name":"Kloten, Balsberg Hardacher","lines":"735, 759, 768, N10","arr":["735","759","768","N10"],"terminus":0,"mode":"bus","color":"#0059a9","colorDark":"#00294f","angle":57.2,"snapDist":4,"label":1}},{"type":"Feature","geometry":{"type":"Point","coordinates":[8.570875,47.44403]},"properties":{"name":"Zürich Flughafen, Werft A","lines":"735, 759, 768, N10","arr":["735","759","768","N10"],"terminus":0,"mode":"bus","color":"#0059a9","colorDark":"#00294f","angle":106.3,"snapDist":4,"label":1}},{"type":"Feature","geometry":{"type":"Point","coordinates":[8.563776,47.449875]},"properties":{"name":"Zürich Flughafen, Bahnhof L","lines":"735","arr":["735"],"terminus":1,"mode":"bus","color":"#0059a9","colorDark":"#00294f","angle":349.8,"snapDist":1,"label":1}},{"type":"Feature","geometry":{"type":"Point","coordinates":[8.572049,47.439853]},"properties":{"name":"Kloten, Balsberg Hardacher","lines":"735, 759, 768, N10","arr":["735","759","768","N10"],"terminus":0,"mode":"bus","color":"#0059a9","colorDark":"#00294f","angle":235,"snapDist":3,"label":0}},{"type":"Feature","geometry":{"type":"Point","coordinates":[8.575425,47.440978]},"properties":{"name":"Kloten, Waldeggweg","lines":"735","arr":["735"],"terminus":0,"mode":"bus","color":"#0059a9","colorDark":"#00294f","angle":137.9,"snapDist":2,"label":0}},{"type":"Feature","geometry":{"type":"Point","coordinates":[8.578483,47.444042]},"properties":{"name":"Kloten, Bramen","lines":"735","arr":["735"],"terminus":0,"mode":"bus","color":"#0059a9","colorDark":"#00294f","angle":119.8,"snapDist":4,"label":0}},{"type":"Feature","geometry":{"type":"Point","coordinates":[8.587674,47.455109]},"properties":{"name":"Kloten, Ackerstrasse","lines":"735","arr":["735"],"terminus":0,"mode":"bus","color":"#0059a9","colorDark":"#00294f","angle":104.9,"snapDist":1,"label":0}},{"type":"Feature","geometry":{"type":"Point","coordinates":[8.578848,47.44485]},"properties":{"name":"Kloten, Neubrunnenstrasse","lines":"736","arr":["736"],"terminus":0,"mode":"bus","color":"#0059a9","colorDark":"#00294f","angle":9.2,"snapDist":4,"label":0}},{"type":"Feature","geometry":{"type":"Point","coordinates":[8.578916,47.444841]},"properties":{"name":"Kloten, Neubrunnenstrasse","lines":"736","arr":["736"],"terminus":0,"mode":"bus","color":"#0059a9","colorDark":"#00294f","angle":197,"snapDist":4,"label":0}},{"type":"Feature","geometry":{"type":"Point","coordinates":[8.572811,47.458496]},"properties":{"name":"Zürich Flughafen, Rega","lines":"739","arr":["739"],"terminus":1,"mode":"bus","color":"#0059a9","colorDark":"#00294f","angle":193.1,"snapDist":3,"label":1}},{"type":"Feature","geometry":{"type":"Point","coordinates":[8.563721,47.45029]},"properties":{"name":"Zürich Flughafen, Bahnhof H","lines":"739","arr":["739"],"terminus":1,"mode":"bus","color":"#0059a9","colorDark":"#00294f","angle":0.3,"snapDist":1,"label":1}},{"type":"Feature","geometry":{"type":"Point","coordinates":[8.528692,47.451876]},"properties":{"name":"Rümlang, Heuelstrasse","lines":"742, 795","arr":["742","795"],"terminus":0,"mode":"bus","color":"#0059a9","colorDark":"#00294f","angle":-139.5,"snapDist":3,"label":1}},{"type":"Feature","geometry":{"type":"Point","coordinates":[8.529906,47.449691]},"properties":{"name":"Rümlang, Gemeindehaus","lines":"742","arr":["742"],"terminus":0,"mode":"bus","color":"#0059a9","colorDark":"#00294f","angle":263.7,"snapDist":3,"label":1}},{"type":"Feature","geometry":{"type":"Point","coordinates":[8.530742,47.445538]},"properties":{"name":"Rümlang, Hörnlistrasse","lines":"742","arr":["742"],"terminus":0,"mode":"bus","color":"#0059a9","colorDark":"#00294f","angle":253.9,"snapDist":2,"label":1}},{"type":"Feature","geometry":{"type":"Point","coordinates":[8.534999,47.438349]},"properties":{"name":"Rümlang, Letten","lines":"742","arr":["742"],"terminus":0,"mode":"bus","color":"#0059a9","colorDark":"#00294f","angle":247.1,"snapDist":3,"label":1}},{"type":"Feature","geometry":{"type":"Point","coordinates":[8.54371,47.431535]},"properties":{"name":"Im Ebnet","lines":"742","arr":["742"],"terminus":0,"mode":"bus","color":"#0059a9","colorDark":"#00294f","angle":251,"snapDist":2,"label":1}},{"type":"Feature","geometry":{"type":"Point","coordinates":[8.550038,47.421993]},"properties":{"name":"Seebach","lines":"742","arr":["742"],"terminus":1,"mode":"bus","color":"#0059a9","colorDark":"#00294f","angle":215.9,"snapDist":1,"label":0}},{"type":"Feature","geometry":{"type":"Point","coordinates":[8.543701,47.431552]},"properties":{"name":"Im Ebnet","lines":"742","arr":["742"],"terminus":0,"mode":"bus","color":"#0059a9","colorDark":"#00294f","angle":71,"snapDist":6,"label":0}},{"type":"Feature","geometry":{"type":"Point","coordinates":[8.534758,47.438714]},"properties":{"name":"Rümlang, Letten","lines":"742","arr":["742"],"terminus":0,"mode":"bus","color":"#0059a9","colorDark":"#00294f","angle":67.9,"snapDist":2,"label":0}},{"type":"Feature","geometry":{"type":"Point","coordinates":[8.530599,47.445857]},"properties":{"name":"Rümlang, Hörnlistrasse","lines":"742, 795","arr":["742","795"],"terminus":0,"mode":"bus","color":"#0059a9","colorDark":"#00294f","angle":72.2,"snapDist":4,"label":0}},{"type":"Feature","geometry":{"type":"Point","coordinates":[8.529841,47.450024]},"properties":{"name":"Rümlang, Gemeindehaus","lines":"742, 795","arr":["742","795"],"terminus":0,"mode":"bus","color":"#0059a9","colorDark":"#00294f","angle":81.6,"snapDist":3,"label":0}},{"type":"Feature","geometry":{"type":"Point","coordinates":[8.528702,47.45187]},"properties":{"name":"Rümlang, Heuelstrasse","lines":"742, 795","arr":["742","795"],"terminus":0,"mode":"bus","color":"#0059a9","colorDark":"#00294f","angle":40.5,"snapDist":3,"label":0}},{"type":"Feature","geometry":{"type":"Point","coordinates":[8.595645,47.396792]},"properties":{"name":"Bahnhof Stettbach C","lines":"743, 745, 751, N7","arr":["743","745","751","N7"],"terminus":1,"mode":"bus","color":"#0059a9","colorDark":"#00294f","angle":29.2,"snapDist":2,"label":1}},{"type":"Feature","geometry":{"type":"Point","coordinates":[8.600221,47.395976]},"properties":{"name":"Dübendorf, Hoffnung","lines":"743, 745, 751, 752, 754, N6, N76, N77","arr":["743","745","751","752","754","N6","N76","N77"],"terminus":0,"mode":"bus","color":"#0059a9","colorDark":"#00294f","angle":191.9,"snapDist":4,"label":1}},{"type":"Feature","geometry":{"type":"Point","coordinates":[8.60425,47.395485]},"properties":{"name":"Dübendorf, Sonnental","lines":"743, 745, 752, 754, N76, N77","arr":["743","745","752","754","N76","N77"],"terminus":0,"mode":"bus","color":"#0059a9","colorDark":"#00294f","angle":177.6,"snapDist":4,"label":1}},{"type":"Feature","geometry":{"type":"Point","coordinates":[8.608827,47.395451]},"properties":{"name":"Dübendorf, Breitibach","lines":"743, 745, 754, N77","arr":["743","745","754","N77"],"terminus":0,"mode":"bus","color":"#0059a9","colorDark":"#00294f","angle":224.3,"snapDist":4,"label":1}},{"type":"Feature","geometry":{"type":"Point","coordinates":[8.611404,47.393853]},"properties":{"name":"Dübendorf, Wasserfurren","lines":"743, 745, 754, N77","arr":["743","745","754","N77"],"terminus":0,"mode":"bus","color":"#0059a9","colorDark":"#00294f","angle":222.9,"snapDist":5,"label":1}},{"type":"Feature","geometry":{"type":"Point","coordinates":[8.614876,47.391604]},"properties":{"name":"Dübendorf, Högler","lines":"743, 745, 754, N77","arr":["743","745","754","N77"],"terminus":0,"mode":"bus","color":"#0059a9","colorDark":"#00294f","angle":224.3,"snapDist":4,"label":1}},{"type":"Feature","geometry":{"type":"Point","coordinates":[8.618615,47.38909]},"properties":{"name":"Dübendorf, Kirche Wil","lines":"743, 745, 754, N77","arr":["743","745","754","N77"],"terminus":0,"mode":"bus","color":"#0059a9","colorDark":"#00294f","angle":227.9,"snapDist":5,"label":1}},{"type":"Feature","geometry":{"type":"Point","coordinates":[8.620305,47.387962]},"properties":{"name":"Dübendorf, Alterszentrum","lines":"743, 745, 754, N77","arr":["743","745","754","N77"],"terminus":0,"mode":"bus","color":"#0059a9","colorDark":"#00294f","angle":226.4,"snapDist":4,"label":1}},{"type":"Feature","geometry":{"type":"Point","coordinates":[8.631396,47.375813]},"properties":{"name":"Fällanden, Bruggacher","lines":"743, 745","arr":["743","745"],"terminus":0,"mode":"bus","color":"#0059a9","colorDark":"#00294f","angle":210.4,"snapDist":4,"label":1}},{"type":"Feature","geometry":{"type":"Point","coordinates":[8.636143,47.372284]},"properties":{"name":"Fällanden, Zil","lines":"743, 745","arr":["743","745"],"terminus":0,"mode":"bus","color":"#0059a9","colorDark":"#00294f","angle":230,"snapDist":4,"label":1}},{"type":"Feature","geometry":{"type":"Point","coordinates":[8.641626,47.371312]},"properties":{"name":"Fällanden, Wigarten","lines":"743","arr":["743"],"terminus":0,"mode":"bus","color":"#0059a9","colorDark":"#00294f","angle":219.9,"snapDist":1,"label":0}},{"type":"Feature","geometry":{"type":"Point","coordinates":[8.645448,47.368437]},"properties":{"name":"Fällanden, Neuhus","lines":"743","arr":["743"],"terminus":0,"mode":"bus","color":"#0059a9","colorDark":"#00294f","angle":210.2,"snapDist":8,"label":1}},{"type":"Feature","geometry":{"type":"Point","coordinates":[8.653536,47.359803]},"properties":{"name":"Fällanden, Jugendherberge","lines":"743","arr":["743"],"terminus":0,"mode":"bus","color":"#0059a9","colorDark":"#00294f","angle":247.7,"snapDist":4,"label":1}},{"type":"Feature","geometry":{"type":"Point","coordinates":[8.660672,47.352085]},"properties":{"name":"Maur, Aschbach","lines":"743","arr":["743"],"terminus":0,"mode":"bus","color":"#0059a9","colorDark":"#00294f","angle":247.4,"snapDist":3,"label":1}},{"type":"Feature","geometry":{"type":"Point","coordinates":[8.668987,47.341192]},"properties":{"name":"Maur, Dorf","lines":"743","arr":["743"],"terminus":0,"mode":"bus","color":"#0059a9","colorDark":"#00294f","angle":232.6,"snapDist":4,"label":0}},{"type":"Feature","geometry":{"type":"Point","coordinates":[8.678762,47.339985]},"properties":{"name":"Maur, See","lines":"743","arr":["743"],"terminus":1,"mode":"bus","color":"#0059a9","colorDark":"#00294f","angle":57.4,"snapDist":3,"label":0}},{"type":"Feature","geometry":{"type":"Point","coordinates":[8.670371,47.339903]},"properties":{"name":"Maur, Dorf","lines":"743","arr":["743"],"terminus":0,"mode":"bus","color":"#0059a9","colorDark":"#00294f","angle":46.8,"snapDist":3,"label":0}},{"type":"Feature","geometry":{"type":"Point","coordinates":[8.660976,47.351618]},"properties":{"name":"Maur, Aschbach","lines":"743","arr":["743"],"terminus":0,"mode":"bus","color":"#0059a9","colorDark":"#00294f","angle":67.5,"snapDist":3,"label":0}},{"type":"Feature","geometry":{"type":"Point","coordinates":[8.653844,47.359387]},"properties":{"name":"Fällanden, Jugendherberge","lines":"743","arr":["743"],"terminus":0,"mode":"bus","color":"#0059a9","colorDark":"#00294f","angle":57.2,"snapDist":5,"label":0}},{"type":"Feature","geometry":{"type":"Point","coordinates":[8.644694,47.368662]},"properties":{"name":"Fällanden, Neuhus","lines":"743","arr":["743"],"terminus":0,"mode":"bus","color":"#0059a9","colorDark":"#00294f","angle":22.5,"snapDist":4,"label":0}},{"type":"Feature","geometry":{"type":"Point","coordinates":[8.642302,47.370634]},"properties":{"name":"Fällanden, Wigarten","lines":"743, 745","arr":["743","745"],"terminus":1,"mode":"bus","color":"#0059a9","colorDark":"#00294f","angle":131.4,"snapDist":1,"label":1}},{"type":"Feature","geometry":{"type":"Point","coordinates":[8.635655,47.372621]},"properties":{"name":"Fällanden, Zil","lines":"743, 745","arr":["743","745"],"terminus":0,"mode":"bus","color":"#0059a9","colorDark":"#00294f","angle":45.3,"snapDist":6,"label":0}},{"type":"Feature","geometry":{"type":"Point","coordinates":[8.633737,47.3742]},"properties":{"name":"Fällanden, Bruggacher","lines":"743, 745","arr":["743","745"],"terminus":0,"mode":"bus","color":"#0059a9","colorDark":"#00294f","angle":50.4,"snapDist":1,"label":1}},{"type":"Feature","geometry":{"type":"Point","coordinates":[8.618056,47.389467]},"properties":{"name":"Dübendorf, Kirche Wil","lines":"743, 745, 754, N77","arr":["743","745","754","N77"],"terminus":0,"mode":"bus","color":"#0059a9","colorDark":"#00294f","angle":43.4,"snapDist":4,"label":0}},{"type":"Feature","geometry":{"type":"Point","coordinates":[8.614745,47.391691]},"properties":{"name":"Dübendorf, Högler","lines":"743, 745, 754, N77","arr":["743","745","754","N77"],"terminus":0,"mode":"bus","color":"#0059a9","colorDark":"#00294f","angle":44.3,"snapDist":3,"label":0}},{"type":"Feature","geometry":{"type":"Point","coordinates":[8.611282,47.39393]},"properties":{"name":"Dübendorf, Wasserfurren","lines":"743, 745, 754, N77","arr":["743","745","754","N77"],"terminus":0,"mode":"bus","color":"#0059a9","colorDark":"#00294f","angle":42.9,"snapDist":3,"label":0}},{"type":"Feature","geometry":{"type":"Point","coordinates":[8.607193,47.395855]},"properties":{"name":"Dübendorf, Breitibach","lines":"743, 745, 752, 754, N76, N77","arr":["743","745","752","754","N76","N77"],"terminus":0,"mode":"bus","color":"#0059a9","colorDark":"#00294f","angle":348,"snapDist":4,"label":0}},{"type":"Feature","geometry":{"type":"Point","coordinates":[8.603023,47.3956]},"properties":{"name":"Dübendorf, Sonnental","lines":"743, 745, 752, 754, N6, N76, N77","arr":["743","745","752","754","N6","N76","N77"],"terminus":0,"mode":"bus","color":"#0059a9","colorDark":"#00294f","angle":12.8,"snapDist":6,"label":0}},{"type":"Feature","geometry":{"type":"Point","coordinates":[8.599715,47.396049]},"properties":{"name":"Dübendorf, Hoffnung","lines":"743, 745, 751, 752, 754, N6, N76, N77","arr":["743","745","751","752","754","N6","N76","N77"],"terminus":0,"mode":"bus","color":"#0059a9","colorDark":"#00294f","angle":11.9,"snapDist":4,"label":0}},{"type":"Feature","geometry":{"type":"Point","coordinates":[8.618635,47.426361]},"properties":{"name":"Dietlikon, Hofwiesen","lines":"748, 749","arr":["748","749"],"terminus":1,"mode":"bus","color":"#0059a9","colorDark":"#00294f","angle":287.1,"snapDist":7,"label":1}},{"type":"Feature","geometry":{"type":"Point","coordinates":[8.618349,47.422878]},"properties":{"name":"Dietlikon, Zentrum","lines":"748, 749","arr":["748","749"],"terminus":0,"mode":"bus","color":"#0059a9","colorDark":"#00294f","angle":240.4,"snapDist":1,"label":1}},{"type":"Feature","geometry":{"type":"Point","coordinates":[8.618907,47.419963]},"properties":{"name":"Dietlikon, Bahnhof West","lines":"748, 749","arr":["748","749"],"terminus":0,"mode":"bus","color":"#0059a9","colorDark":"#00294f","angle":289.9,"snapDist":2,"label":1}},{"type":"Feature","geometry":{"type":"Point","coordinates":[8.616698,47.41643]},"properties":{"name":"Dietlikon, Dornenstrasse","lines":"748","arr":["748"],"terminus":0,"mode":"bus","color":"#0059a9","colorDark":"#00294f","angle":308,"snapDist":6,"label":1}},{"type":"Feature","geometry":{"type":"Point","coordinates":[8.620443,47.412849]},"properties":{"name":"Dietlikon, Dübendorferstrasse","lines":"748","arr":["748"],"terminus":0,"mode":"bus","color":"#0059a9","colorDark":"#00294f","angle":227.9,"snapDist":4,"label":1}},{"type":"Feature","geometry":{"type":"Point","coordinates":[8.621431,47.412095]},"properties":{"name":"Dietlikon, Aegert","lines":"748","arr":["748"],"terminus":0,"mode":"bus","color":"#0059a9","colorDark":"#00294f","angle":229.1,"snapDist":3,"label":1}},{"type":"Feature","geometry":{"type":"Point","coordinates":[8.625135,47.405535]},"properties":{"name":"Dübendorf, Chriesmatt","lines":"748","arr":["748"],"terminus":0,"mode":"bus","color":"#0059a9","colorDark":"#00294f","angle":233.3,"snapDist":3,"label":1}},{"type":"Feature","geometry":{"type":"Point","coordinates":[8.619306,47.403634]},"properties":{"name":"Dübendorf, Zwinggarten","lines":"748","arr":["748"],"terminus":0,"mode":"bus","color":"#0059a9","colorDark":"#00294f","angle":292.1,"snapDist":3,"label":1}},{"type":"Feature","geometry":{"type":"Point","coordinates":[8.617671,47.401614]},"properties":{"name":"Dübendorf, Im Grund","lines":"748","arr":["748"],"terminus":0,"mode":"bus","color":"#0059a9","colorDark":"#00294f","angle":320.1,"snapDist":2,"label":1}},{"type":"Feature","geometry":{"type":"Point","coordinates":[8.616224,47.40017]},"properties":{"name":"Dübendorf, Memphis","lines":"748","arr":["748"],"terminus":0,"mode":"bus","color":"#0059a9","colorDark":"#00294f","angle":289,"snapDist":8,"label":1}},{"type":"Feature","geometry":{"type":"Point","coordinates":[8.618058,47.398782]},"properties":{"name":"Dübendorf, Unterdorf","lines":"748","arr":["748"],"terminus":0,"mode":"bus","color":"#0059a9","colorDark":"#00294f","angle":210.8,"snapDist":2,"label":1}},{"type":"Feature","geometry":{"type":"Point","coordinates":[8.620039,47.398418]},"properties":{"name":"Dübendorf, Lindenplatz","lines":"748, 752, 759, N76","arr":["748","752","759","N76"],"terminus":0,"mode":"bus","color":"#0059a9","colorDark":"#00294f","angle":132.8,"snapDist":4,"label":1}},{"type":"Feature","geometry":{"type":"Point","coordinates":[8.623226,47.399974]},"properties":{"name":"Dübendorf, Bahnhof","lines":"748, 752, 754, 756, 760, N76","arr":["748","752","754","756","760","N76"],"terminus":1,"mode":"bus","color":"#0059a9","colorDark":"#00294f","angle":32,"snapDist":2,"label":1}},{"type":"Feature","geometry":{"type":"Point","coordinates":[8.620428,47.398598]},"properties":{"name":"Dübendorf, Lindenplatz","lines":"748, 752, 759, N76","arr":["748","752","759","N76"],"terminus":0,"mode":"bus","color":"#0059a9","colorDark":"#00294f","angle":327.1,"snapDist":8,"label":0}},{"type":"Feature","geometry":{"type":"Point","coordinates":[8.617697,47.398932]},"properties":{"name":"Dübendorf, Unterdorf","lines":"748","arr":["748"],"terminus":0,"mode":"bus","color":"#0059a9","colorDark":"#00294f","angle":32.4,"snapDist":4,"label":0}},{"type":"Feature","geometry":{"type":"Point","coordinates":[8.61644,47.399707]},"properties":{"name":"Dübendorf, Memphis","lines":"748","arr":["748"],"terminus":0,"mode":"bus","color":"#0059a9","colorDark":"#00294f","angle":60,"snapDist":1,"label":0}},{"type":"Feature","geometry":{"type":"Point","coordinates":[8.617707,47.401635]},"properties":{"name":"Dübendorf, Im Grund","lines":"748","arr":["748"],"terminus":0,"mode":"bus","color":"#0059a9","colorDark":"#00294f","angle":140.1,"snapDist":6,"label":0}},{"type":"Feature","geometry":{"type":"Point","coordinates":[8.619743,47.404415]},"properties":{"name":"Dübendorf, Zwinggarten","lines":"748","arr":["748"],"terminus":0,"mode":"bus","color":"#0059a9","colorDark":"#00294f","angle":109.1,"snapDist":1,"label":0}},{"type":"Feature","geometry":{"type":"Point","coordinates":[8.624995,47.405661]},"properties":{"name":"Dübendorf, Chriesmatt","lines":"748","arr":["748"],"terminus":0,"mode":"bus","color":"#0059a9","colorDark":"#00294f","angle":53.2,"snapDist":2,"label":0}},{"type":"Feature","geometry":{"type":"Point","coordinates":[8.621569,47.411988]},"properties":{"name":"Dietlikon, Aegert","lines":"748","arr":["748"],"terminus":0,"mode":"bus","color":"#0059a9","colorDark":"#00294f","angle":48.9,"snapDist":4,"label":0}},{"type":"Feature","geometry":{"type":"Point","coordinates":[8.620231,47.413008]},"properties":{"name":"Dietlikon, Dübendorferstrasse","lines":"748","arr":["748"],"terminus":0,"mode":"bus","color":"#0059a9","colorDark":"#00294f","angle":47.9,"snapDist":2,"label":0}},{"type":"Feature","geometry":{"type":"Point","coordinates":[8.617043,47.416729]},"properties":{"name":"Dietlikon, Dornenstrasse","lines":"748","arr":["748"],"terminus":0,"mode":"bus","color":"#0059a9","colorDark":"#00294f","angle":125.8,"snapDist":4,"label":0}},{"type":"Feature","geometry":{"type":"Point","coordinates":[8.618962,47.420064]},"properties":{"name":"Dietlikon, Bahnhof West","lines":"748, 749","arr":["748","749"],"terminus":0,"mode":"bus","color":"#0059a9","colorDark":"#00294f","angle":289.9,"snapDist":0,"label":0}},{"type":"Feature","geometry":{"type":"Point","coordinates":[8.618247,47.422999]},"properties":{"name":"Dietlikon, Zentrum","lines":"748, 749","arr":["748","749"],"terminus":0,"mode":"bus","color":"#0059a9","colorDark":"#00294f","angle":60.3,"snapDist":3,"label":0}},{"type":"Feature","geometry":{"type":"Point","coordinates":[8.618814,47.426775]},"properties":{"name":"Dietlikon, Hofwiesen","lines":"748, 749","arr":["748","749"],"terminus":1,"mode":"bus","color":"#0059a9","colorDark":"#00294f","angle":103.7,"snapDist":0,"label":0}},{"type":"Feature","geometry":{"type":"Point","coordinates":[8.627057,47.437974]},"properties":{"name":"Bassersdorf, Bahnhof Süd","lines":"749","arr":["749"],"terminus":1,"mode":"bus","color":"#0059a9","colorDark":"#00294f","angle":66.8,"snapDist":0,"label":1}},{"type":"Feature","geometry":{"type":"Point","coordinates":[8.622571,47.430569]},"properties":{"name":"Dietlikon, Haldensteig","lines":"749","arr":["749"],"terminus":0,"mode":"bus","color":"#0059a9","colorDark":"#00294f","angle":311.7,"snapDist":4,"label":1}},{"type":"Feature","geometry":{"type":"Point","coordinates":[8.619973,47.428589]},"properties":{"name":"Dietlikon, Rebackerweg","lines":"749","arr":["749"],"terminus":0,"mode":"bus","color":"#0059a9","colorDark":"#00294f","angle":311.5,"snapDist":4,"label":1}},{"type":"Feature","geometry":{"type":"Point","coordinates":[8.614939,47.417219]},"properties":{"name":"Dietlikon, In Lampitzäckern","lines":"749","arr":["749"],"terminus":0,"mode":"bus","color":"#0059a9","colorDark":"#00294f","angle":48.6,"snapDist":1,"label":1}},{"type":"Feature","geometry":{"type":"Point","coordinates":[8.611932,47.424466]},"properties":{"name":"Dietlikon, Lettenstrasse","lines":"749","arr":["749"],"terminus":0,"mode":"bus","color":"#0059a9","colorDark":"#00294f","angle":64.9,"snapDist":2,"label":1}},{"type":"Feature","geometry":{"type":"Point","coordinates":[8.608177,47.425451]},"properties":{"name":"Dietlikon, Hinentalstrasse","lines":"749","arr":["749"],"terminus":1,"mode":"bus","color":"#0059a9","colorDark":"#00294f","angle":95,"snapDist":1,"label":1}},{"type":"Feature","geometry":{"type":"Point","coordinates":[8.611925,47.424475]},"properties":{"name":"Dietlikon, Lettenstrasse","lines":"749","arr":["749"],"terminus":0,"mode":"bus","color":"#0059a9","colorDark":"#00294f","angle":244.9,"snapDist":1,"label":0}},{"type":"Feature","geometry":{"type":"Point","coordinates":[8.615089,47.417097]},"properties":{"name":"Dietlikon, In Lampitzäckern","lines":"749","arr":["749"],"terminus":0,"mode":"bus","color":"#0059a9","colorDark":"#00294f","angle":233.9,"snapDist":2,"label":0}},{"type":"Feature","geometry":{"type":"Point","coordinates":[8.619936,47.42856]},"properties":{"name":"Dietlikon, Rebackerweg","lines":"749","arr":["749"],"terminus":0,"mode":"bus","color":"#0059a9","colorDark":"#00294f","angle":131.5,"snapDist":4,"label":0}},{"type":"Feature","geometry":{"type":"Point","coordinates":[8.622691,47.43066]},"properties":{"name":"Dietlikon, Haldensteig","lines":"749","arr":["749"],"terminus":0,"mode":"bus","color":"#0059a9","colorDark":"#00294f","angle":131.7,"snapDist":1,"label":0}},{"type":"Feature","geometry":{"type":"Point","coordinates":[8.595859,47.396706]},"properties":{"name":"Bahnhof Stettbach D","lines":"751, N6","arr":["751","N6"],"terminus":1,"mode":"bus","color":"#0059a9","colorDark":"#00294f","angle":31.1,"snapDist":2,"label":1}},{"type":"Feature","geometry":{"type":"Point","coordinates":[8.603603,47.395266]},"properties":{"name":"Dübendorf, Sonnental","lines":"751, N6","arr":["751","N6"],"terminus":0,"mode":"bus","color":"#0059a9","colorDark":"#00294f","angle":263.2,"snapDist":5,"label":0}},{"type":"Feature","geometry":{"type":"Point","coordinates":[8.596519,47.389137]},"properties":{"name":"Dübendorf, Kämmaten","lines":"751","arr":["751"],"terminus":0,"mode":"bus","color":"#0059a9","colorDark":"#00294f","angle":278.1,"snapDist":4,"label":1}},{"type":"Feature","geometry":{"type":"Point","coordinates":[8.600043,47.3848]},"properties":{"name":"Gockhausen, Ursprungstrasse","lines":"751, N6","arr":["751","N6"],"terminus":0,"mode":"bus","color":"#0059a9","colorDark":"#00294f","angle":270.6,"snapDist":5,"label":1}},{"type":"Feature","geometry":{"type":"Point","coordinates":[8.598857,47.382056]},"properties":{"name":"Gockhausen, Dorf","lines":"751, N6","arr":["751","N6"],"terminus":0,"mode":"bus","color":"#0059a9","colorDark":"#00294f","angle":313.5,"snapDist":6,"label":1}},{"type":"Feature","geometry":{"type":"Point","coordinates":[8.585396,47.382731]},"properties":{"name":"Tobelhof","lines":"751, N6","arr":["751","N6"],"terminus":0,"mode":"bus","color":"#0059a9","colorDark":"#00294f","angle":317.8,"snapDist":3,"label":1}},{"type":"Feature","geometry":{"type":"Point","coordinates":[8.578032,47.380408]},"properties":{"name":"Zoo/Forrenweid","lines":"751","arr":["751"],"terminus":0,"mode":"bus","color":"#0059a9","colorDark":"#00294f","angle":305.9,"snapDist":3,"label":1}},{"type":"Feature","geometry":{"type":"Point","coordinates":[8.575505,47.378723]},"properties":{"name":"Dreiwiesen","lines":"751, N6","arr":["751","N6"],"terminus":0,"mode":"bus","color":"#0059a9","colorDark":"#00294f","angle":317.1,"snapDist":3,"label":1}},{"type":"Feature","geometry":{"type":"Point","coordinates":[8.565001,47.375804]},"properties":{"name":"Bircher-Benner","lines":"751","arr":["751"],"terminus":0,"mode":"bus","color":"#0059a9","colorDark":"#00294f","angle":332,"snapDist":1,"label":1}},{"type":"Feature","geometry":{"type":"Point","coordinates":[8.560216,47.376627]},"properties":{"name":"Kirche Fluntern","lines":"751","arr":["751"],"terminus":1,"mode":"bus","color":"#0059a9","colorDark":"#00294f","angle":125,"snapDist":5,"label":1}},{"type":"Feature","geometry":{"type":"Point","coordinates":[8.564775,47.375718]},"properties":{"name":"Bircher-Benner","lines":"751","arr":["751"],"terminus":0,"mode":"bus","color":"#0059a9","colorDark":"#00294f","angle":150.7,"snapDist":2,"label":0}},{"type":"Feature","geometry":{"type":"Point","coordinates":[8.575777,47.378894]},"properties":{"name":"Dreiwiesen","lines":"751, N6","arr":["751","N6"],"terminus":0,"mode":"bus","color":"#0059a9","colorDark":"#00294f","angle":137.1,"snapDist":2,"label":0}},{"type":"Feature","geometry":{"type":"Point","coordinates":[8.578189,47.380555]},"properties":{"name":"Zoo/Forrenweid","lines":"751","arr":["751"],"terminus":0,"mode":"bus","color":"#0059a9","colorDark":"#00294f","angle":128.9,"snapDist":1,"label":0}},{"type":"Feature","geometry":{"type":"Point","coordinates":[8.585753,47.38295]},"properties":{"name":"Tobelhof","lines":"751, N6","arr":["751","N6"],"terminus":0,"mode":"bus","color":"#0059a9","colorDark":"#00294f","angle":137.8,"snapDist":3,"label":0}},{"type":"Feature","geometry":{"type":"Point","coordinates":[8.598214,47.381979]},"properties":{"name":"Gockhausen, Dorf","lines":"751, N6","arr":["751","N6"],"terminus":0,"mode":"bus","color":"#0059a9","colorDark":"#00294f","angle":202.9,"snapDist":3,"label":0}},{"type":"Feature","geometry":{"type":"Point","coordinates":[8.600043,47.384788]},"properties":{"name":"Gockhausen, Ursprungstrasse","lines":"751, N6","arr":["751","N6"],"terminus":0,"mode":"bus","color":"#0059a9","colorDark":"#00294f","angle":90.6,"snapDist":5,"label":0}},{"type":"Feature","geometry":{"type":"Point","coordinates":[8.596693,47.389688]},"properties":{"name":"Dübendorf, Kämmaten","lines":"751","arr":["751"],"terminus":0,"mode":"bus","color":"#0059a9","colorDark":"#00294f","angle":92.7,"snapDist":8,"label":0}},{"type":"Feature","geometry":{"type":"Point","coordinates":[8.628994,47.389187]},"properties":{"name":"Dübendorf, Kunsteisbahn","lines":"752, N77","arr":["752","N77"],"terminus":1,"mode":"bus","color":"#0059a9","colorDark":"#00294f","angle":345.5,"snapDist":3,"label":1}},{"type":"Feature","geometry":{"type":"Point","coordinates":[8.632553,47.390441]},"properties":{"name":"Dübendorf, Sunnhalde","lines":"752","arr":["752"],"terminus":0,"mode":"bus","color":"#0059a9","colorDark":"#00294f","angle":127.8,"snapDist":1,"label":1}},{"type":"Feature","geometry":{"type":"Point","coordinates":[8.635096,47.391646]},"properties":{"name":"Dübendorf, Raubbühl","lines":"752","arr":["752"],"terminus":0,"mode":"bus","color":"#0059a9","colorDark":"#00294f","angle":149.2,"snapDist":6,"label":1}},{"type":"Feature","geometry":{"type":"Point","coordinates":[8.6333,47.393161]},"properties":{"name":"Dübendorf, Sonnenberg","lines":"752","arr":["752"],"terminus":0,"mode":"bus","color":"#0059a9","colorDark":"#00294f","angle":54.9,"snapDist":0,"label":1}},{"type":"Feature","geometry":{"type":"Point","coordinates":[8.631255,47.394655]},"properties":{"name":"Dübendorf, Branzenäsch","lines":"752","arr":["752"],"terminus":0,"mode":"bus","color":"#0059a9","colorDark":"#00294f","angle":341.5,"snapDist":2,"label":1}},{"type":"Feature","geometry":{"type":"Point","coordinates":[8.62885,47.394802]},"properties":{"name":"Dübendorf, Claridenstrasse","lines":"752","arr":["752"],"terminus":0,"mode":"bus","color":"#0059a9","colorDark":"#00294f","angle":53.4,"snapDist":2,"label":1}},{"type":"Feature","geometry":{"type":"Point","coordinates":[8.625624,47.397109]},"properties":{"name":"Dübendorf, Bettlistrasse","lines":"752, 754, 756, N76","arr":["752","754","756","N76"],"terminus":0,"mode":"bus","color":"#0059a9","colorDark":"#00294f","angle":56,"snapDist":2,"label":1}},{"type":"Feature","geometry":{"type":"Point","coordinates":[8.616647,47.397008]},"properties":{"name":"Dübendorf, City Center","lines":"752, 759, N76","arr":["752","759","N76"],"terminus":0,"mode":"bus","color":"#0059a9","colorDark":"#00294f","angle":352.9,"snapDist":4,"label":1}},{"type":"Feature","geometry":{"type":"Point","coordinates":[8.613001,47.3966]},"properties":{"name":"Dübendorf, Meiershofstrasse","lines":"752, N76","arr":["752","N76"],"terminus":0,"mode":"bus","color":"#0059a9","colorDark":"#00294f","angle":348.8,"snapDist":3,"label":1}},{"type":"Feature","geometry":{"type":"Point","coordinates":[8.595169,47.396975]},"properties":{"name":"Bahnhof Stettbach A","lines":"752, 760, N76, N77","arr":["752","760","N76","N77"],"terminus":1,"mode":"bus","color":"#0059a9","colorDark":"#00294f","angle":1.7,"snapDist":6,"label":1}},{"type":"Feature","geometry":{"type":"Point","coordinates":[8.608613,47.396044]},"properties":{"name":"Dübendorf, Breitibach","lines":"752, N76","arr":["752","N76"],"terminus":0,"mode":"bus","color":"#0059a9","colorDark":"#00294f","angle":168.3,"snapDist":2,"label":0}},{"type":"Feature","geometry":{"type":"Point","coordinates":[8.613889,47.39672]},"properties":{"name":"Dübendorf, Meiershofstrasse","lines":"752, 759, N76","arr":["752","759","N76"],"terminus":0,"mode":"bus","color":"#0059a9","colorDark":"#00294f","angle":168.4,"snapDist":4,"label":0}},{"type":"Feature","geometry":{"type":"Point","coordinates":[8.616428,47.396986]},"properties":{"name":"Dübendorf, City Center","lines":"752, 759, N76","arr":["752","759","N76"],"terminus":0,"mode":"bus","color":"#0059a9","colorDark":"#00294f","angle":171,"snapDist":3,"label":0}},{"type":"Feature","geometry":{"type":"Point","coordinates":[8.623457,47.399877]},"properties":{"name":"Dübendorf, Bahnhof","lines":"752, 754, 756, N76","arr":["752","754","756","N76"],"terminus":1,"mode":"bus","color":"#0059a9","colorDark":"#00294f","angle":210.3,"snapDist":2,"label":0}},{"type":"Feature","geometry":{"type":"Point","coordinates":[8.625718,47.39701]},"properties":{"name":"Dübendorf, Bettlistrasse","lines":"752, 754, 756, N76","arr":["752","754","756","N76"],"terminus":0,"mode":"bus","color":"#0059a9","colorDark":"#00294f","angle":237.4,"snapDist":2,"label":0}},{"type":"Feature","geometry":{"type":"Point","coordinates":[8.628907,47.394751]},"properties":{"name":"Dübendorf, Claridenstrasse","lines":"752, N77","arr":["752","N77"],"terminus":0,"mode":"bus","color":"#0059a9","colorDark":"#00294f","angle":230.1,"snapDist":1,"label":0}},{"type":"Feature","geometry":{"type":"Point","coordinates":[8.631135,47.394623]},"properties":{"name":"Dübendorf, Branzenäsch","lines":"752, N77","arr":["752","N77"],"terminus":0,"mode":"bus","color":"#0059a9","colorDark":"#00294f","angle":157.1,"snapDist":1,"label":0}},{"type":"Feature","geometry":{"type":"Point","coordinates":[8.633497,47.392967]},"properties":{"name":"Dübendorf, Sonnenberg","lines":"752, N77","arr":["752","N77"],"terminus":0,"mode":"bus","color":"#0059a9","colorDark":"#00294f","angle":235.3,"snapDist":4,"label":0}},{"type":"Feature","geometry":{"type":"Point","coordinates":[8.634437,47.391417]},"properties":{"name":"Dübendorf, Raubbühl","lines":"752, N77","arr":["752","N77"],"terminus":0,"mode":"bus","color":"#0059a9","colorDark":"#00294f","angle":332.2,"snapDist":3,"label":0}},{"type":"Feature","geometry":{"type":"Point","coordinates":[8.632547,47.390436]},"properties":{"name":"Dübendorf, Sunnhalde","lines":"752, N77","arr":["752","N77"],"terminus":0,"mode":"bus","color":"#0059a9","colorDark":"#00294f","angle":307.8,"snapDist":1,"label":0}},{"type":"Feature","geometry":{"type":"Point","coordinates":[8.595457,47.396743]},"properties":{"name":"Bahnhof Stettbach E","lines":"754, E, N76","arr":["754","E","N76"],"terminus":1,"mode":"bus","color":"#0059a9","colorDark":"#00294f","angle":32.9,"snapDist":3,"label":1}},{"type":"Feature","geometry":{"type":"Point","coordinates":[8.621539,47.388838]},"properties":{"name":"Dübendorf, Kreuzbühl","lines":"754, N77","arr":["754","N77"],"terminus":0,"mode":"bus","color":"#0059a9","colorDark":"#00294f","angle":88.2,"snapDist":1,"label":1}},{"type":"Feature","geometry":{"type":"Point","coordinates":[8.617186,47.391382]},"properties":{"name":"Dübendorf, Grüzenstrasse","lines":"754, N77","arr":["754","N77"],"terminus":0,"mode":"bus","color":"#0059a9","colorDark":"#00294f","angle":83.6,"snapDist":5,"label":1}},{"type":"Feature","geometry":{"type":"Point","coordinates":[8.617536,47.394549]},"properties":{"name":"Dübendorf, Zelglistrasse","lines":"754, N77","arr":["754","N77"],"terminus":0,"mode":"bus","color":"#0059a9","colorDark":"#00294f","angle":88.3,"snapDist":2,"label":1}},{"type":"Feature","geometry":{"type":"Point","coordinates":[8.61724,47.396478]},"properties":{"name":"Dübendorf, Post","lines":"754, N77","arr":["754","N77"],"terminus":0,"mode":"bus","color":"#0059a9","colorDark":"#00294f","angle":126.7,"snapDist":0,"label":1}},{"type":"Feature","geometry":{"type":"Point","coordinates":[8.619898,47.396963]},"properties":{"name":"Dübendorf, Stadthaus","lines":"754, N77","arr":["754","N77"],"terminus":0,"mode":"bus","color":"#0059a9","colorDark":"#00294f","angle":196.9,"snapDist":8,"label":1}},{"type":"Feature","geometry":{"type":"Point","coordinates":[8.622874,47.396536]},"properties":{"name":"Dübendorf, Schwimmbad","lines":"754, N77","arr":["754","N77"],"terminus":0,"mode":"bus","color":"#0059a9","colorDark":"#00294f","angle":179.7,"snapDist":1,"label":1}},{"type":"Feature","geometry":{"type":"Point","coordinates":[8.623387,47.396538]},"properties":{"name":"Dübendorf, Schwimmbad","lines":"754, N77","arr":["754","N77"],"terminus":0,"mode":"bus","color":"#0059a9","colorDark":"#00294f","angle":359.7,"snapDist":3,"label":0}},{"type":"Feature","geometry":{"type":"Point","coordinates":[8.619358,47.397074]},"properties":{"name":"Dübendorf, Stadthaus","lines":"754, N77","arr":["754","N77"],"terminus":0,"mode":"bus","color":"#0059a9","colorDark":"#00294f","angle":17,"snapDist":3,"label":0}},{"type":"Feature","geometry":{"type":"Point","coordinates":[8.616706,47.395998]},"properties":{"name":"Dübendorf, Post","lines":"754, N77","arr":["754","N77"],"terminus":0,"mode":"bus","color":"#0059a9","colorDark":"#00294f","angle":307.2,"snapDist":5,"label":0}},{"type":"Feature","geometry":{"type":"Point","coordinates":[8.617275,47.393187]},"properties":{"name":"Dübendorf, Zelglistrasse","lines":"754, N77","arr":["754","N77"],"terminus":0,"mode":"bus","color":"#0059a9","colorDark":"#00294f","angle":279.8,"snapDist":4,"label":0}},{"type":"Feature","geometry":{"type":"Point","coordinates":[8.617155,47.391571]},"properties":{"name":"Dübendorf, Grüzenstrasse","lines":"754, N77","arr":["754","N77"],"terminus":0,"mode":"bus","color":"#0059a9","colorDark":"#00294f","angle":263.8,"snapDist":2,"label":0}},{"type":"Feature","geometry":{"type":"Point","coordinates":[8.647381,47.392969]},"properties":{"name":"Dübendorf, Gfenn","lines":"756, N76","arr":["756","N76"],"terminus":1,"mode":"bus","color":"#0059a9","colorDark":"#00294f","angle":306.9,"snapDist":4,"label":1}},{"type":"Feature","geometry":{"type":"Point","coordinates":[8.645825,47.394494]},"properties":{"name":"Dübendorf, Lindenbühl","lines":"756, N76","arr":["756","N76"],"terminus":0,"mode":"bus","color":"#0059a9","colorDark":"#00294f","angle":64.9,"snapDist":2,"label":1}},{"type":"Feature","geometry":{"type":"Point","coordinates":[8.640266,47.394871]},"properties":{"name":"Dübendorf, Schossacher","lines":"756, N76","arr":["756","N76"],"terminus":0,"mode":"bus","color":"#0059a9","colorDark":"#00294f","angle":270.4,"snapDist":7,"label":1}},{"type":"Feature","geometry":{"type":"Point","coordinates":[8.630364,47.396221]},"properties":{"name":"Dübendorf, Glärnischstrasse","lines":"756, N76","arr":["756","N76"],"terminus":0,"mode":"bus","color":"#0059a9","colorDark":"#00294f","angle":7.2,"snapDist":1,"label":1}},{"type":"Feature","geometry":{"type":"Point","coordinates":[8.629616,47.396281]},"properties":{"name":"Dübendorf, Glärnischstrasse","lines":"756, N76","arr":["756","N76"],"terminus":0,"mode":"bus","color":"#0059a9","colorDark":"#00294f","angle":186.6,"snapDist":3,"label":0}},{"type":"Feature","geometry":{"type":"Point","coordinates":[8.640272,47.394743]},"properties":{"name":"Dübendorf, Schossacher","lines":"756, N76","arr":["756","N76"],"terminus":0,"mode":"bus","color":"#0059a9","colorDark":"#00294f","angle":84.6,"snapDist":1,"label":0}},{"type":"Feature","geometry":{"type":"Point","coordinates":[8.646111,47.394951]},"properties":{"name":"Dübendorf, Lindenbühl","lines":"756, N76","arr":["756","N76"],"terminus":0,"mode":"bus","color":"#0059a9","colorDark":"#00294f","angle":187.5,"snapDist":3,"label":0}},{"type":"Feature","geometry":{"type":"Point","coordinates":[8.651392,47.394409]},"properties":{"name":"Dübendorf, Heidenrietstrasse","lines":"756, N76","arr":["756","N76"],"terminus":0,"mode":"bus","color":"#0059a9","colorDark":"#00294f","angle":26.7,"snapDist":1,"label":1}},{"type":"Feature","geometry":{"type":"Point","coordinates":[8.645765,47.410556]},"properties":{"name":"Wangen, Dorfplatz","lines":"759, 796","arr":["759","796"],"terminus":1,"mode":"bus","color":"#0059a9","colorDark":"#00294f","angle":238.2,"snapDist":3,"label":1}},{"type":"Feature","geometry":{"type":"Point","coordinates":[8.645922,47.407879]},"properties":{"name":"Wangen, Oberdorf","lines":"759, 796","arr":["759","796"],"terminus":0,"mode":"bus","color":"#0059a9","colorDark":"#00294f","angle":64,"snapDist":1,"label":1}},{"type":"Feature","geometry":{"type":"Point","coordinates":[8.642736,47.409595]},"properties":{"name":"Wangen, Stierwisen","lines":"759, 796","arr":["759","796"],"terminus":0,"mode":"bus","color":"#0059a9","colorDark":"#00294f","angle":330.5,"snapDist":3,"label":1}},{"type":"Feature","geometry":{"type":"Point","coordinates":[8.637677,47.40813]},"properties":{"name":"Wangen, Dürrbach","lines":"759","arr":["759"],"terminus":0,"mode":"bus","color":"#0059a9","colorDark":"#00294f","angle":337.7,"snapDist":3,"label":1}},{"type":"Feature","geometry":{"type":"Point","coordinates":[8.630847,47.405774]},"properties":{"name":"Dübendorf, Innovationspark","lines":"759","arr":["759"],"terminus":0,"mode":"bus","color":"#0059a9","colorDark":"#00294f","angle":322.8,"snapDist":5,"label":1}},{"type":"Feature","geometry":{"type":"Point","coordinates":[8.627576,47.402514]},"properties":{"name":"Dübendorf, Flugplatz","lines":"759","arr":["759"],"terminus":0,"mode":"bus","color":"#0059a9","colorDark":"#00294f","angle":314.1,"snapDist":4,"label":1}},{"type":"Feature","geometry":{"type":"Point","coordinates":[8.624447,47.400724]},"properties":{"name":"Dübendorf, Bahnhof Nord","lines":"759","arr":["759"],"terminus":0,"mode":"bus","color":"#0059a9","colorDark":"#00294f","angle":322.5,"snapDist":6,"label":1}},{"type":"Feature","geometry":{"type":"Point","coordinates":[8.613196,47.396949]},"properties":{"name":"Dübendorf, Meiershofstrasse","lines":"759","arr":["759"],"terminus":0,"mode":"bus","color":"#0059a9","colorDark":"#00294f","angle":42.7,"snapDist":0,"label":0}},{"type":"Feature","geometry":{"type":"Point","coordinates":[8.607117,47.400145]},"properties":{"name":"Dübendorf, Ringstrasse","lines":"759","arr":["759"],"terminus":0,"mode":"bus","color":"#0059a9","colorDark":"#00294f","angle":22.9,"snapDist":2,"label":1}},{"type":"Feature","geometry":{"type":"Point","coordinates":[8.601903,47.402704]},"properties":{"name":"Dübendorf, Neugut Süd","lines":"759","arr":["759"],"terminus":0,"mode":"bus","color":"#0059a9","colorDark":"#00294f","angle":23.5,"snapDist":9,"label":1}},{"type":"Feature","geometry":{"type":"Point","coordinates":[8.595472,47.404598]},"properties":{"name":"D'dorf, Sportanl Heerenschürli","lines":"759","arr":["759"],"terminus":0,"mode":"bus","color":"#0059a9","colorDark":"#00294f","angle":22.5,"snapDist":6,"label":1}},{"type":"Feature","geometry":{"type":"Point","coordinates":[8.595325,47.409324]},"properties":{"name":"Wallisellen, Glatt (Bus) B","lines":"759","arr":["759"],"terminus":0,"mode":"bus","color":"#0059a9","colorDark":"#00294f","angle":183.5,"snapDist":2,"label":1}},{"type":"Feature","geometry":{"type":"Point","coordinates":[8.596651,47.411894]},"properties":{"name":"Wallisellen, Florastrasse","lines":"759, 772","arr":["759","772"],"terminus":0,"mode":"bus","color":"#0059a9","colorDark":"#00294f","angle":27.4,"snapDist":2,"label":1}},{"type":"Feature","geometry":{"type":"Point","coordinates":[8.59293,47.412679]},"properties":{"name":"Wallisellen, Bahnhof D","lines":"759, E","arr":["759","E"],"terminus":0,"mode":"bus","color":"#0059a9","colorDark":"#00294f","angle":18.9,"snapDist":1,"label":1}},{"type":"Feature","geometry":{"type":"Point","coordinates":[8.585604,47.414278]},"properties":{"name":"Wallisellen, Belair","lines":"759, 773, E","arr":["759","773","E"],"terminus":0,"mode":"bus","color":"#0059a9","colorDark":"#00294f","angle":358.5,"snapDist":2,"label":1}},{"type":"Feature","geometry":{"type":"Point","coordinates":[8.57819,47.416709]},"properties":{"name":"Wallisellen, Herti","lines":"759, E","arr":["759","E"],"terminus":0,"mode":"bus","color":"#0059a9","colorDark":"#00294f","angle":13.5,"snapDist":4,"label":1}},{"type":"Feature","geometry":{"type":"Point","coordinates":[8.575232,47.424951]},"properties":{"name":"Opfikon, Austrasse","lines":"759, 761, N79","arr":["759","761","N79"],"terminus":0,"mode":"bus","color":"#0059a9","colorDark":"#00294f","angle":77.8,"snapDist":4,"label":1}},{"type":"Feature","geometry":{"type":"Point","coordinates":[8.574257,47.428317]},"properties":{"name":"Opfikon, Neuwiesen","lines":"759, 761, N79","arr":["759","761","N79"],"terminus":0,"mode":"bus","color":"#0059a9","colorDark":"#00294f","angle":81.1,"snapDist":1,"label":1}},{"type":"Feature","geometry":{"type":"Point","coordinates":[8.573708,47.430944]},"properties":{"name":"Opfikon, Schulstrasse","lines":"759, 761, N79","arr":["759","761","N79"],"terminus":0,"mode":"bus","color":"#0059a9","colorDark":"#00294f","angle":83.2,"snapDist":6,"label":1}},{"type":"Feature","geometry":{"type":"Point","coordinates":[8.571256,47.432768]},"properties":{"name":"Opfikon, Schwimmbad","lines":"759, N79","arr":["759","N79"],"terminus":0,"mode":"bus","color":"#0059a9","colorDark":"#00294f","angle":31.1,"snapDist":1,"label":1}},{"type":"Feature","geometry":{"type":"Point","coordinates":[8.567559,47.434598]},"properties":{"name":"Glattbrugg, Glatthof","lines":"759, 762, N79","arr":["759","762","N79"],"terminus":1,"mode":"bus","color":"#0059a9","colorDark":"#00294f","angle":47.5,"snapDist":1,"label":1}},{"type":"Feature","geometry":{"type":"Point","coordinates":[8.569331,47.436705]},"properties":{"name":"Glattbrugg, Riethofstrasse","lines":"759, 768, N10","arr":["759","768","N10"],"terminus":0,"mode":"bus","color":"#0059a9","colorDark":"#00294f","angle":126,"snapDist":5,"label":1}},{"type":"Feature","geometry":{"type":"Point","coordinates":[8.563721,47.449996]},"properties":{"name":"Zürich Flughafen, Bahnhof J","lines":"759, N10","arr":["759","N10"],"terminus":1,"mode":"bus","color":"#0059a9","colorDark":"#00294f","angle":352,"snapDist":0,"label":1}},{"type":"Feature","geometry":{"type":"Point","coordinates":[8.568436,47.436075]},"properties":{"name":"Glattbrugg, Riethofstrasse","lines":"759, 768, N10","arr":["759","768","N10"],"terminus":0,"mode":"bus","color":"#0059a9","colorDark":"#00294f","angle":306.9,"snapDist":1,"label":0}},{"type":"Feature","geometry":{"type":"Point","coordinates":[8.567919,47.43428]},"properties":{"name":"Glattbrugg, Glatthof","lines":"759, 762, N79","arr":["759","762","N79"],"terminus":1,"mode":"bus","color":"#0059a9","colorDark":"#00294f","angle":228.3,"snapDist":3,"label":0}},{"type":"Feature","geometry":{"type":"Point","coordinates":[8.571776,47.432562]},"properties":{"name":"Opfikon, Schwimmbad","lines":"759, N79","arr":["759","N79"],"terminus":0,"mode":"bus","color":"#0059a9","colorDark":"#00294f","angle":208.1,"snapDist":1,"label":0}},{"type":"Feature","geometry":{"type":"Point","coordinates":[8.573744,47.430773]},"properties":{"name":"Opfikon, Schulstrasse","lines":"759, 761, N79","arr":["759","761","N79"],"terminus":0,"mode":"bus","color":"#0059a9","colorDark":"#00294f","angle":261.8,"snapDist":4,"label":0}},{"type":"Feature","geometry":{"type":"Point","coordinates":[8.574288,47.428185]},"properties":{"name":"Opfikon, Neuwiesen","lines":"759, 761, N79","arr":["759","761","N79"],"terminus":0,"mode":"bus","color":"#0059a9","colorDark":"#00294f","angle":260.8,"snapDist":8,"label":0}},{"type":"Feature","geometry":{"type":"Point","coordinates":[8.575166,47.425168]},"properties":{"name":"Opfikon, Austrasse","lines":"759, 761, N79","arr":["759","761","N79"],"terminus":0,"mode":"bus","color":"#0059a9","colorDark":"#00294f","angle":258.5,"snapDist":2,"label":0}},{"type":"Feature","geometry":{"type":"Point","coordinates":[8.579273,47.416538]},"properties":{"name":"Wallisellen, Herti","lines":"759, E","arr":["759","E"],"terminus":0,"mode":"bus","color":"#0059a9","colorDark":"#00294f","angle":192.9,"snapDist":4,"label":0}},{"type":"Feature","geometry":{"type":"Point","coordinates":[8.5859,47.414283]},"properties":{"name":"Wallisellen, Belair","lines":"759, 773, E","arr":["759","773","E"],"terminus":0,"mode":"bus","color":"#0059a9","colorDark":"#00294f","angle":180.8,"snapDist":3,"label":0}},{"type":"Feature","geometry":{"type":"Point","coordinates":[8.592928,47.412679]},"properties":{"name":"Wallisellen, Bahnhof A","lines":"759, 761, E","arr":["759","761","E"],"terminus":1,"mode":"bus","color":"#0059a9","colorDark":"#00294f","angle":198.9,"snapDist":5,"label":1}},{"type":"Feature","geometry":{"type":"Point","coordinates":[8.597013,47.411762]},"properties":{"name":"Wallisellen, Florastrasse","lines":"759, 772","arr":["759","772"],"terminus":0,"mode":"bus","color":"#0059a9","colorDark":"#00294f","angle":208.9,"snapDist":2,"label":0}},{"type":"Feature","geometry":{"type":"Point","coordinates":[8.595635,47.409099]},"properties":{"name":"Wallisellen, Glatt (Bus) C","lines":"759","arr":["759"],"terminus":0,"mode":"bus","color":"#0059a9","colorDark":"#00294f","angle":2.8,"snapDist":4,"label":0}},{"type":"Feature","geometry":{"type":"Point","coordinates":[8.592089,47.405432]},"properties":{"name":"Altried","lines":"759","arr":["759"],"terminus":0,"mode":"bus","color":"#0059a9","colorDark":"#00294f","angle":202.3,"snapDist":3,"label":0}},{"type":"Feature","geometry":{"type":"Point","coordinates":[8.595849,47.40436]},"properties":{"name":"D'dorf, Sportanl Heerenschürli","lines":"759","arr":["759"],"terminus":0,"mode":"bus","color":"#0059a9","colorDark":"#00294f","angle":203.5,"snapDist":3,"label":0}},{"type":"Feature","geometry":{"type":"Point","coordinates":[8.601529,47.402716]},"properties":{"name":"Dübendorf, Neugut Süd","lines":"759","arr":["759"],"terminus":0,"mode":"bus","color":"#0059a9","colorDark":"#00294f","angle":203.4,"snapDist":3,"label":0}},{"type":"Feature","geometry":{"type":"Point","coordinates":[8.607395,47.400066]},"properties":{"name":"Dübendorf, Ringstrasse","lines":"759","arr":["759"],"terminus":0,"mode":"bus","color":"#0059a9","colorDark":"#00294f","angle":202.9,"snapDist":3,"label":0}},{"type":"Feature","geometry":{"type":"Point","coordinates":[8.623725,47.400577]},"properties":{"name":"Dübendorf, Bahnhof Nord","lines":"759, N78","arr":["759","N78"],"terminus":0,"mode":"bus","color":"#0059a9","colorDark":"#00294f","angle":208.6,"snapDist":1,"label":0}},{"type":"Feature","geometry":{"type":"Point","coordinates":[8.627679,47.402587]},"properties":{"name":"Dübendorf, Flugplatz","lines":"759, N78","arr":["759","N78"],"terminus":0,"mode":"bus","color":"#0059a9","colorDark":"#00294f","angle":133.2,"snapDist":5,"label":0}},{"type":"Feature","geometry":{"type":"Point","coordinates":[8.630271,47.405465]},"properties":{"name":"Dübendorf, Innovationspark","lines":"759, N78","arr":["759","N78"],"terminus":0,"mode":"bus","color":"#0059a9","colorDark":"#00294f","angle":141.2,"snapDist":3,"label":0}},{"type":"Feature","geometry":{"type":"Point","coordinates":[8.637846,47.408177]},"properties":{"name":"Wangen, Dürrbach","lines":"759, N78","arr":["759","N78"],"terminus":0,"mode":"bus","color":"#0059a9","colorDark":"#00294f","angle":157.2,"snapDist":2,"label":0}},{"type":"Feature","geometry":{"type":"Point","coordinates":[8.642843,47.409637]},"properties":{"name":"Wangen, Stierwisen","lines":"759, 796, N78","arr":["759","796","N78"],"terminus":0,"mode":"bus","color":"#0059a9","colorDark":"#00294f","angle":148.3,"snapDist":3,"label":0}},{"type":"Feature","geometry":{"type":"Point","coordinates":[8.617201,47.400362]},"properties":{"name":"Dübendorf, Memphis","lines":"760","arr":["760"],"terminus":0,"mode":"bus","color":"#0059a9","colorDark":"#00294f","angle":16.7,"snapDist":4,"label":0}},{"type":"Feature","geometry":{"type":"Point","coordinates":[8.610971,47.402152]},"properties":{"name":"Dübendorf, EMPA","lines":"760","arr":["760"],"terminus":0,"mode":"bus","color":"#0059a9","colorDark":"#00294f","angle":29.6,"snapDist":3,"label":1}},{"type":"Feature","geometry":{"type":"Point","coordinates":[8.601785,47.401282]},"properties":{"name":"Dübendorf, Hochbord Nord","lines":"760","arr":["760"],"terminus":0,"mode":"bus","color":"#0059a9","colorDark":"#00294f","angle":291.9,"snapDist":3,"label":1}},{"type":"Feature","geometry":{"type":"Point","coordinates":[8.60046,47.39894]},"properties":{"name":"Dübendorf, Hochbord Süd","lines":"760","arr":["760"],"terminus":0,"mode":"bus","color":"#0059a9","colorDark":"#00294f","angle":283.3,"snapDist":3,"label":1}},{"type":"Feature","geometry":{"type":"Point","coordinates":[8.595412,47.396881]},"properties":{"name":"Bahnhof Stettbach B","lines":"760, N78","arr":["760","N78"],"terminus":1,"mode":"bus","color":"#0059a9","colorDark":"#00294f","angle":29.8,"snapDist":4,"label":1}},{"type":"Feature","geometry":{"type":"Point","coordinates":[8.60052,47.399113]},"properties":{"name":"Dübendorf, Hochbord Süd","lines":"760, N78","arr":["760","N78"],"terminus":0,"mode":"bus","color":"#0059a9","colorDark":"#00294f","angle":103.2,"snapDist":2,"label":0}},{"type":"Feature","geometry":{"type":"Point","coordinates":[8.601897,47.401473]},"properties":{"name":"Dübendorf, Hochbord Nord","lines":"760, N78","arr":["760","N78"],"terminus":0,"mode":"bus","color":"#0059a9","colorDark":"#00294f","angle":111.1,"snapDist":3,"label":0}},{"type":"Feature","geometry":{"type":"Point","coordinates":[8.612151,47.401588]},"properties":{"name":"Dübendorf, EMPA","lines":"760, N78","arr":["760","N78"],"terminus":0,"mode":"bus","color":"#0059a9","colorDark":"#00294f","angle":209.4,"snapDist":0,"label":0}},{"type":"Feature","geometry":{"type":"Point","coordinates":[8.617008,47.400315]},"properties":{"name":"Dübendorf, Memphis","lines":"760, N78","arr":["760","N78"],"terminus":0,"mode":"bus","color":"#0059a9","colorDark":"#00294f","angle":196.2,"snapDist":2,"label":0}},{"type":"Feature","geometry":{"type":"Point","coordinates":[8.590818,47.414211]},"properties":{"name":"Wallisellen, Zentrum","lines":"761, 771","arr":["761","771"],"terminus":0,"mode":"bus","color":"#0059a9","colorDark":"#00294f","angle":34.4,"snapDist":2,"label":1}},{"type":"Feature","geometry":{"type":"Point","coordinates":[8.585304,47.416961]},"properties":{"name":"Wallisellen, Kaserne","lines":"761","arr":["761"],"terminus":0,"mode":"bus","color":"#0059a9","colorDark":"#00294f","angle":28.7,"snapDist":1,"label":1}},{"type":"Feature","geometry":{"type":"Point","coordinates":[8.581207,47.41958]},"properties":{"name":"Wallisellen, Steinacker","lines":"761","arr":["761"],"terminus":0,"mode":"bus","color":"#0059a9","colorDark":"#00294f","angle":56.9,"snapDist":4,"label":1}},{"type":"Feature","geometry":{"type":"Point","coordinates":[8.576996,47.42271]},"properties":{"name":"Opfikon, Zil","lines":"761","arr":["761"],"terminus":0,"mode":"bus","color":"#0059a9","colorDark":"#00294f","angle":8.7,"snapDist":5,"label":1}},{"type":"Feature","geometry":{"type":"Point","coordinates":[8.56941,47.428082]},"properties":{"name":"Glattbrugg, Halden","lines":"761","arr":["761"],"terminus":0,"mode":"bus","color":"#0059a9","colorDark":"#00294f","angle":244.8,"snapDist":3,"label":1}},{"type":"Feature","geometry":{"type":"Point","coordinates":[8.564208,47.428595]},"properties":{"name":"Glattbrugg, Giebeleichstrasse","lines":"761, 781","arr":["761","781"],"terminus":1,"mode":"bus","color":"#0059a9","colorDark":"#00294f","angle":25.2,"snapDist":1,"label":1}},{"type":"Feature","geometry":{"type":"Point","coordinates":[8.561412,47.42966]},"properties":{"name":"Opfikon, Bahnhof","lines":"761","arr":["761"],"terminus":0,"mode":"bus","color":"#0059a9","colorDark":"#00294f","angle":37.3,"snapDist":1,"label":1}},{"type":"Feature","geometry":{"type":"Point","coordinates":[8.559539,47.43063]},"properties":{"name":"Glattbrugg, Bahnhof","lines":"761, 762","arr":["761","762"],"terminus":1,"mode":"bus","color":"#0059a9","colorDark":"#00294f","angle":332,"snapDist":4,"label":1}},{"type":"Feature","geometry":{"type":"Point","coordinates":[8.560035,47.430808]},"properties":{"name":"Glattbrugg, Bahnhof","lines":"761, 762","arr":["761","762"],"terminus":1,"mode":"bus","color":"#0059a9","colorDark":"#00294f","angle":152.1,"snapDist":0,"label":0}},{"type":"Feature","geometry":{"type":"Point","coordinates":[8.561865,47.429437]},"properties":{"name":"Opfikon, Bahnhof","lines":"761","arr":["761"],"terminus":0,"mode":"bus","color":"#0059a9","colorDark":"#00294f","angle":214.9,"snapDist":2,"label":0}},{"type":"Feature","geometry":{"type":"Point","coordinates":[8.565595,47.428151]},"properties":{"name":"Glattbrugg, Giebeleichstrasse","lines":"761","arr":["761"],"terminus":0,"mode":"bus","color":"#0059a9","colorDark":"#00294f","angle":204.9,"snapDist":1,"label":0}},{"type":"Feature","geometry":{"type":"Point","coordinates":[8.569357,47.428157]},"properties":{"name":"Glattbrugg, Halden","lines":"761","arr":["761"],"terminus":0,"mode":"bus","color":"#0059a9","colorDark":"#00294f","angle":64.8,"snapDist":3,"label":0}},{"type":"Feature","geometry":{"type":"Point","coordinates":[8.576857,47.422726]},"properties":{"name":"Opfikon, Zil","lines":"761","arr":["761"],"terminus":0,"mode":"bus","color":"#0059a9","colorDark":"#00294f","angle":191.6,"snapDist":1,"label":0}},{"type":"Feature","geometry":{"type":"Point","coordinates":[8.582758,47.418138]},"properties":{"name":"Wallisellen, Steinacker","lines":"761","arr":["761"],"terminus":0,"mode":"bus","color":"#0059a9","colorDark":"#00294f","angle":228.5,"snapDist":2,"label":0}},{"type":"Feature","geometry":{"type":"Point","coordinates":[8.585892,47.416724]},"properties":{"name":"Wallisellen, Kaserne","lines":"761","arr":["761"],"terminus":0,"mode":"bus","color":"#0059a9","colorDark":"#00294f","angle":211.5,"snapDist":0,"label":0}},{"type":"Feature","geometry":{"type":"Point","coordinates":[8.590911,47.414167]},"properties":{"name":"Wallisellen, Zentrum","lines":"761, 771","arr":["761","771"],"terminus":0,"mode":"bus","color":"#0059a9","colorDark":"#00294f","angle":214.7,"snapDist":2,"label":0}},{"type":"Feature","geometry":{"type":"Point","coordinates":[8.577371,47.424799]},"properties":{"name":"Opfikon, Aublick","lines":"762","arr":["762"],"terminus":1,"mode":"bus","color":"#0059a9","colorDark":"#00294f","angle":233.9,"snapDist":2,"label":1}},{"type":"Feature","geometry":{"type":"Point","coordinates":[8.582111,47.423432]},"properties":{"name":"Opfikon, Fernsicht","lines":"762","arr":["762"],"terminus":0,"mode":"bus","color":"#0059a9","colorDark":"#00294f","angle":193.9,"snapDist":1,"label":1}},{"type":"Feature","geometry":{"type":"Point","coordinates":[8.581694,47.424587]},"properties":{"name":"Opfikon, Grätzli","lines":"762","arr":["762"],"terminus":1,"mode":"bus","color":"#0059a9","colorDark":"#00294f","angle":46.3,"snapDist":2,"label":1}},{"type":"Feature","geometry":{"type":"Point","coordinates":[8.579,47.426834]},"properties":{"name":"Opfikon, Grossacker","lines":"762","arr":["762"],"terminus":0,"mode":"bus","color":"#0059a9","colorDark":"#00294f","angle":41.7,"snapDist":1,"label":1}},{"type":"Feature","geometry":{"type":"Point","coordinates":[8.579704,47.428395]},"properties":{"name":"Opfikon, Vreniker","lines":"762","arr":["762"],"terminus":0,"mode":"bus","color":"#0059a9","colorDark":"#00294f","angle":125.7,"snapDist":1,"label":1}},{"type":"Feature","geometry":{"type":"Point","coordinates":[8.578169,47.43226]},"properties":{"name":"Opfikon, Dorf","lines":"762","arr":["762"],"terminus":0,"mode":"bus","color":"#0059a9","colorDark":"#00294f","angle":324.5,"snapDist":3,"label":1}},{"type":"Feature","geometry":{"type":"Point","coordinates":[8.57135,47.434516]},"properties":{"name":"Opfikon, Bubenholz","lines":"762","arr":["762"],"terminus":0,"mode":"bus","color":"#0059a9","colorDark":"#00294f","angle":8.8,"snapDist":3,"label":1}},{"type":"Feature","geometry":{"type":"Point","coordinates":[8.56575,47.433517]},"properties":{"name":"Glattbrugg, Zentrum","lines":"762, 768, N10","arr":["762","768","N10"],"terminus":0,"mode":"bus","color":"#0059a9","colorDark":"#00294f","angle":300.1,"snapDist":6,"label":1}},{"type":"Feature","geometry":{"type":"Point","coordinates":[8.565773,47.433543]},"properties":{"name":"Glattbrugg, Zentrum","lines":"762, 768, N10","arr":["762","768","N10"],"terminus":0,"mode":"bus","color":"#0059a9","colorDark":"#00294f","angle":121.1,"snapDist":8,"label":0}},{"type":"Feature","geometry":{"type":"Point","coordinates":[8.571447,47.434506]},"properties":{"name":"Opfikon, Bubenholz","lines":"762","arr":["762"],"terminus":0,"mode":"bus","color":"#0059a9","colorDark":"#00294f","angle":190.8,"snapDist":4,"label":0}},{"type":"Feature","geometry":{"type":"Point","coordinates":[8.577981,47.432212]},"properties":{"name":"Opfikon, Dorf","lines":"762","arr":["762"],"terminus":0,"mode":"bus","color":"#0059a9","colorDark":"#00294f","angle":196.5,"snapDist":1,"label":0}},{"type":"Feature","geometry":{"type":"Point","coordinates":[8.579562,47.428253]},"properties":{"name":"Opfikon, Vreniker","lines":"762","arr":["762"],"terminus":0,"mode":"bus","color":"#0059a9","colorDark":"#00294f","angle":303.4,"snapDist":4,"label":0}},{"type":"Feature","geometry":{"type":"Point","coordinates":[8.578781,47.427199]},"properties":{"name":"Opfikon, Grossacker","lines":"762","arr":["762"],"terminus":0,"mode":"bus","color":"#0059a9","colorDark":"#00294f","angle":292.6,"snapDist":4,"label":0}},{"type":"Feature","geometry":{"type":"Point","coordinates":[8.563728,47.450411]},"properties":{"name":"Zürich Flughafen, Bahnhof F","lines":"765","arr":["765"],"terminus":1,"mode":"bus","color":"#0059a9","colorDark":"#00294f","angle":3.2,"snapDist":1,"label":1}},{"type":"Feature","geometry":{"type":"Point","coordinates":[8.597768,47.449083]},"properties":{"name":"Kloten, Oberfeld","lines":"765, 766","arr":["765","766"],"terminus":0,"mode":"bus","color":"#0059a9","colorDark":"#00294f","angle":203,"snapDist":0,"label":1}},{"type":"Feature","geometry":{"type":"Point","coordinates":[8.603694,47.447559]},"properties":{"name":"Kloten, Grubenstrasse","lines":"765, 766","arr":["765","766"],"terminus":0,"mode":"bus","color":"#0059a9","colorDark":"#00294f","angle":197.5,"snapDist":2,"label":1}},{"type":"Feature","geometry":{"type":"Point","coordinates":[8.608221,47.446587]},"properties":{"name":"Bassersdorf, Grindel","lines":"765, 766","arr":["765","766"],"terminus":0,"mode":"bus","color":"#0059a9","colorDark":"#00294f","angle":196.9,"snapDist":2,"label":1}},{"type":"Feature","geometry":{"type":"Point","coordinates":[8.610965,47.444401]},"properties":{"name":"Bassersdorf, Sportanlage","lines":"765, 766","arr":["765","766"],"terminus":0,"mode":"bus","color":"#0059a9","colorDark":"#00294f","angle":197.4,"snapDist":0,"label":1}},{"type":"Feature","geometry":{"type":"Point","coordinates":[8.620811,47.445016]},"properties":{"name":"Bassersdorf, Talgüetli","lines":"765, 766","arr":["765","766"],"terminus":0,"mode":"bus","color":"#0059a9","colorDark":"#00294f","angle":194.6,"snapDist":3,"label":1}},{"type":"Feature","geometry":{"type":"Point","coordinates":[8.624433,47.444677]},"properties":{"name":"Bassersdorf, Chlupfgasse","lines":"765, 766","arr":["765","766"],"terminus":0,"mode":"bus","color":"#0059a9","colorDark":"#00294f","angle":203,"snapDist":1,"label":1}},{"type":"Feature","geometry":{"type":"Point","coordinates":[8.635453,47.43922]},"properties":{"name":"Bassersdorf, Bächli","lines":"765","arr":["765"],"terminus":0,"mode":"bus","color":"#0059a9","colorDark":"#00294f","angle":230.4,"snapDist":1,"label":1}},{"type":"Feature","geometry":{"type":"Point","coordinates":[8.64184,47.430114]},"properties":{"name":"Baltenswil","lines":"765","arr":["765"],"terminus":0,"mode":"bus","color":"#0059a9","colorDark":"#00294f","angle":240,"snapDist":3,"label":1}},{"type":"Feature","geometry":{"type":"Point","coordinates":[8.634541,47.425701]},"properties":{"name":"Brüttisellen, Obere Wangenstr.","lines":"765, 787","arr":["765","787"],"terminus":0,"mode":"bus","color":"#0059a9","colorDark":"#00294f","angle":330.3,"snapDist":4,"label":0}},{"type":"Feature","geometry":{"type":"Point","coordinates":[8.63036,47.42365]},"properties":{"name":"Brüttisellen, Zentrum","lines":"765, 787","arr":["765","787"],"terminus":0,"mode":"bus","color":"#0059a9","colorDark":"#00294f","angle":318.2,"snapDist":7,"label":1}},{"type":"Feature","geometry":{"type":"Point","coordinates":[8.621608,47.419606]},"properties":{"name":"Dietlikon, Bahnhof Ost","lines":"765, 787, 796","arr":["765","787","796"],"terminus":0,"mode":"bus","color":"#0059a9","colorDark":"#00294f","angle":52.3,"snapDist":2,"label":1}},{"type":"Feature","geometry":{"type":"Point","coordinates":[8.621506,47.421384]},"properties":{"name":"Dietlikon, Schwimmbad","lines":"765, 796","arr":["765","796"],"terminus":1,"mode":"bus","color":"#0059a9","colorDark":"#00294f","angle":92.2,"snapDist":0,"label":1}},{"type":"Feature","geometry":{"type":"Point","coordinates":[8.621968,47.419298]},"properties":{"name":"Dietlikon, Bahnhof Ost","lines":"765, 787, 796","arr":["765","787","796"],"terminus":0,"mode":"bus","color":"#0059a9","colorDark":"#00294f","angle":230.9,"snapDist":2,"label":0}},{"type":"Feature","geometry":{"type":"Point","coordinates":[8.630865,47.423923]},"properties":{"name":"Brüttisellen, Zentrum","lines":"765","arr":["765"],"terminus":0,"mode":"bus","color":"#0059a9","colorDark":"#00294f","angle":143.4,"snapDist":4,"label":0}},{"type":"Feature","geometry":{"type":"Point","coordinates":[8.634773,47.425788]},"properties":{"name":"Brüttisellen, Obere Wangenstr.","lines":"765","arr":["765"],"terminus":0,"mode":"bus","color":"#0059a9","colorDark":"#00294f","angle":151,"snapDist":2,"label":0}},{"type":"Feature","geometry":{"type":"Point","coordinates":[8.64164,47.430356]},"properties":{"name":"Baltenswil","lines":"765","arr":["765"],"terminus":0,"mode":"bus","color":"#0059a9","colorDark":"#00294f","angle":61.6,"snapDist":4,"label":0}},{"type":"Feature","geometry":{"type":"Point","coordinates":[8.634899,47.43973]},"properties":{"name":"Bassersdorf, Bächli","lines":"765","arr":["765"],"terminus":0,"mode":"bus","color":"#0059a9","colorDark":"#00294f","angle":34.6,"snapDist":2,"label":0}},{"type":"Feature","geometry":{"type":"Point","coordinates":[8.63054,47.441429]},"properties":{"name":"Bassersdorf, Dietlikonerstr.","lines":"765, N78","arr":["765","N78"],"terminus":0,"mode":"bus","color":"#0059a9","colorDark":"#00294f","angle":33.8,"snapDist":2,"label":0}},{"type":"Feature","geometry":{"type":"Point","coordinates":[8.628111,47.443518]},"properties":{"name":"Bassersdorf, Löwen","lines":"765, 766","arr":["765","766"],"terminus":0,"mode":"bus","color":"#0059a9","colorDark":"#00294f","angle":20.8,"snapDist":4,"label":1}},{"type":"Feature","geometry":{"type":"Point","coordinates":[8.624697,47.444598]},"properties":{"name":"Bassersdorf, Chlupfgasse","lines":"765, 766","arr":["765","766"],"terminus":0,"mode":"bus","color":"#0059a9","colorDark":"#00294f","angle":29,"snapDist":3,"label":0}},{"type":"Feature","geometry":{"type":"Point","coordinates":[8.620041,47.445165]},"properties":{"name":"Bassersdorf, Talgüetli","lines":"765, 766","arr":["765","766"],"terminus":0,"mode":"bus","color":"#0059a9","colorDark":"#00294f","angle":17.7,"snapDist":5,"label":0}},{"type":"Feature","geometry":{"type":"Point","coordinates":[8.61038,47.444525]},"properties":{"name":"Bassersdorf, Sportanlage","lines":"765, 766","arr":["765","766"],"terminus":0,"mode":"bus","color":"#0059a9","colorDark":"#00294f","angle":17.4,"snapDist":2,"label":0}},{"type":"Feature","geometry":{"type":"Point","coordinates":[8.607956,47.446641]},"properties":{"name":"Bassersdorf, Grindel","lines":"765, 766","arr":["765","766"],"terminus":0,"mode":"bus","color":"#0059a9","colorDark":"#00294f","angle":16.9,"snapDist":2,"label":0}},{"type":"Feature","geometry":{"type":"Point","coordinates":[8.603042,47.447698]},"properties":{"name":"Kloten, Grubenstrasse","lines":"765, 766","arr":["765","766"],"terminus":0,"mode":"bus","color":"#0059a9","colorDark":"#00294f","angle":17.9,"snapDist":6,"label":0}},{"type":"Feature","geometry":{"type":"Point","coordinates":[8.597688,47.449106]},"properties":{"name":"Kloten, Oberfeld","lines":"765, 766","arr":["765","766"],"terminus":0,"mode":"bus","color":"#0059a9","colorDark":"#00294f","angle":23,"snapDist":1,"label":0}},{"type":"Feature","geometry":{"type":"Point","coordinates":[8.592193,47.451148]},"properties":{"name":"Kloten, Rankstrasse","lines":"765, N10","arr":["765","N10"],"terminus":0,"mode":"bus","color":"#0059a9","colorDark":"#00294f","angle":18.1,"snapDist":5,"label":0}},{"type":"Feature","geometry":{"type":"Point","coordinates":[8.591829,47.450088]},"properties":{"name":"Kloten, Mühle","lines":"766","arr":["766"],"terminus":0,"mode":"bus","color":"#0059a9","colorDark":"#00294f","angle":333.3,"snapDist":2,"label":1}},{"type":"Feature","geometry":{"type":"Point","coordinates":[8.591941,47.450126]},"properties":{"name":"Kloten, Mühle","lines":"766, N10","arr":["766","N10"],"terminus":0,"mode":"bus","color":"#0059a9","colorDark":"#00294f","angle":153.5,"snapDist":2,"label":0}},{"type":"Feature","geometry":{"type":"Point","coordinates":[8.563758,47.449936]},"properties":{"name":"Zürich Flughafen, Bahnhof K","lines":"768, N10","arr":["768","N10"],"terminus":1,"mode":"bus","color":"#0059a9","colorDark":"#00294f","angle":351,"snapDist":1,"label":1}},{"type":"Feature","geometry":{"type":"Point","coordinates":[8.560886,47.430319]},"properties":{"name":"Glattbrugg, Post","lines":"768, N10","arr":["768","N10"],"terminus":0,"mode":"bus","color":"#0059a9","colorDark":"#00294f","angle":316.9,"snapDist":5,"label":1}},{"type":"Feature","geometry":{"type":"Point","coordinates":[8.557213,47.427993]},"properties":{"name":"Glattbrugg, Frohbühlstrasse","lines":"768, N10","arr":["768","N10"],"terminus":0,"mode":"bus","color":"#0059a9","colorDark":"#00294f","angle":315.1,"snapDist":6,"label":1}},{"type":"Feature","geometry":{"type":"Point","coordinates":[8.553489,47.425221]},"properties":{"name":"Ettenfeld","lines":"768, N10","arr":["768","N10"],"terminus":0,"mode":"bus","color":"#0059a9","colorDark":"#00294f","angle":303.5,"snapDist":3,"label":1}},{"type":"Feature","geometry":{"type":"Point","coordinates":[8.548207,47.419754]},"properties":{"name":"Seebacherplatz","lines":"768, N10","arr":["768","N10"],"terminus":0,"mode":"bus","color":"#0059a9","colorDark":"#00294f","angle":305,"snapDist":5,"label":0}},{"type":"Feature","geometry":{"type":"Point","coordinates":[8.545297,47.416639]},"properties":{"name":"Felsenrainstrasse","lines":"768, N10","arr":["768","N10"],"terminus":0,"mode":"bus","color":"#0059a9","colorDark":"#00294f","angle":291.7,"snapDist":7,"label":1}},{"type":"Feature","geometry":{"type":"Point","coordinates":[8.545519,47.411884]},"properties":{"name":"Bahnhof Oerlikon","lines":"768, N75","arr":["768","N75"],"terminus":1,"mode":"bus","color":"#0059a9","colorDark":"#00294f","angle":84.6,"snapDist":1,"label":1}},{"type":"Feature","geometry":{"type":"Point","coordinates":[8.54547,47.41692]},"properties":{"name":"Felsenrainstrasse","lines":"768, N10","arr":["768","N10"],"terminus":0,"mode":"bus","color":"#0059a9","colorDark":"#00294f","angle":112.4,"snapDist":3,"label":0}},{"type":"Feature","geometry":{"type":"Point","coordinates":[8.554017,47.425724]},"properties":{"name":"Ettenfeld","lines":"768, N10","arr":["768","N10"],"terminus":0,"mode":"bus","color":"#0059a9","colorDark":"#00294f","angle":125.9,"snapDist":3,"label":0}},{"type":"Feature","geometry":{"type":"Point","coordinates":[8.557841,47.428392]},"properties":{"name":"Glattbrugg, Frohbühlstrasse","lines":"768, N10","arr":["768","N10"],"terminus":0,"mode":"bus","color":"#0059a9","colorDark":"#00294f","angle":138.5,"snapDist":5,"label":0}},{"type":"Feature","geometry":{"type":"Point","coordinates":[8.561126,47.430472]},"properties":{"name":"Glattbrugg, Post","lines":"768, N10","arr":["768","N10"],"terminus":0,"mode":"bus","color":"#0059a9","colorDark":"#00294f","angle":136.8,"snapDist":7,"label":0}},{"type":"Feature","geometry":{"type":"Point","coordinates":[8.598945,47.423711]},"properties":{"name":"Wallisellen, Schäfligraben","lines":"771","arr":["771"],"terminus":1,"mode":"bus","color":"#0059a9","colorDark":"#00294f","angle":261.4,"snapDist":0,"label":1}},{"type":"Feature","geometry":{"type":"Point","coordinates":[8.600357,47.421567]},"properties":{"name":"Wallisellen, Bützacker","lines":"771","arr":["771"],"terminus":0,"mode":"bus","color":"#0059a9","colorDark":"#00294f","angle":303.9,"snapDist":4,"label":1}},{"type":"Feature","geometry":{"type":"Point","coordinates":[8.598698,47.420084]},"properties":{"name":"Wallisellen, Lindenplatz","lines":"771","arr":["771"],"terminus":0,"mode":"bus","color":"#0059a9","colorDark":"#00294f","angle":307.3,"snapDist":2,"label":1}},{"type":"Feature","geometry":{"type":"Point","coordinates":[8.595388,47.418537]},"properties":{"name":"Wallisellen, Alterszentrum","lines":"771","arr":["771"],"terminus":0,"mode":"bus","color":"#0059a9","colorDark":"#00294f","angle":335.8,"snapDist":0,"label":1}},{"type":"Feature","geometry":{"type":"Point","coordinates":[8.593094,47.417508]},"properties":{"name":"Wallisellen, Hallenbad","lines":"771","arr":["771"],"terminus":0,"mode":"bus","color":"#0059a9","colorDark":"#00294f","angle":320.9,"snapDist":4,"label":1}},{"type":"Feature","geometry":{"type":"Point","coordinates":[8.591253,47.416557]},"properties":{"name":"Wallisellen, Stadthaus","lines":"771","arr":["771"],"terminus":0,"mode":"bus","color":"#0059a9","colorDark":"#00294f","angle":310.6,"snapDist":4,"label":1}},{"type":"Feature","geometry":{"type":"Point","coordinates":[8.593301,47.412592]},"properties":{"name":"Wallisellen, Bahnhof C","lines":"771, 772","arr":["771","772"],"terminus":1,"mode":"bus","color":"#0059a9","colorDark":"#00294f","angle":199.3,"snapDist":4,"label":1}},{"type":"Feature","geometry":{"type":"Point","coordinates":[8.593301,47.412592]},"properties":{"name":"Wallisellen, Bahnhof E","lines":"771, 772, 773","arr":["771","772","773"],"terminus":1,"mode":"bus","color":"#0059a9","colorDark":"#00294f","angle":199.3,"snapDist":4,"label":1}},{"type":"Feature","geometry":{"type":"Point","coordinates":[8.591491,47.416758]},"properties":{"name":"Wallisellen, Stadthaus","lines":"771","arr":["771"],"terminus":0,"mode":"bus","color":"#0059a9","colorDark":"#00294f","angle":129.8,"snapDist":4,"label":0}},{"type":"Feature","geometry":{"type":"Point","coordinates":[8.593383,47.417725]},"properties":{"name":"Wallisellen, Hallenbad","lines":"771","arr":["771"],"terminus":0,"mode":"bus","color":"#0059a9","colorDark":"#00294f","angle":123.5,"snapDist":5,"label":0}},{"type":"Feature","geometry":{"type":"Point","coordinates":[8.595561,47.418586]},"properties":{"name":"Wallisellen, Alterszentrum","lines":"771","arr":["771"],"terminus":0,"mode":"bus","color":"#0059a9","colorDark":"#00294f","angle":151.1,"snapDist":2,"label":0}},{"type":"Feature","geometry":{"type":"Point","coordinates":[8.59878,47.420156]},"properties":{"name":"Wallisellen, Lindenplatz","lines":"771","arr":["771"],"terminus":0,"mode":"bus","color":"#0059a9","colorDark":"#00294f","angle":127.4,"snapDist":1,"label":0}},{"type":"Feature","geometry":{"type":"Point","coordinates":[8.600656,47.421822]},"properties":{"name":"Wallisellen, Bützacker","lines":"771","arr":["771"],"terminus":0,"mode":"bus","color":"#0059a9","colorDark":"#00294f","angle":128.1,"snapDist":1,"label":0}},{"type":"Feature","geometry":{"type":"Point","coordinates":[8.606965,47.414867]},"properties":{"name":"Wallisellen, Sportzentrum","lines":"772","arr":["772"],"terminus":1,"mode":"bus","color":"#0059a9","colorDark":"#00294f","angle":103.3,"snapDist":2,"label":1}},{"type":"Feature","geometry":{"type":"Point","coordinates":[8.604965,47.414567]},"properties":{"name":"Wallisellen, Zielacker","lines":"772","arr":["772"],"terminus":0,"mode":"bus","color":"#0059a9","colorDark":"#00294f","angle":9,"snapDist":3,"label":1}},{"type":"Feature","geometry":{"type":"Point","coordinates":[8.60447,47.41347]},"properties":{"name":"Wallisellen, Blumenweg","lines":"772","arr":["772"],"terminus":0,"mode":"bus","color":"#0059a9","colorDark":"#00294f","angle":270.8,"snapDist":2,"label":1}},{"type":"Feature","geometry":{"type":"Point","coordinates":[8.607987,47.411405]},"properties":{"name":"Wallisellen, Furtbach","lines":"772","arr":["772"],"terminus":0,"mode":"bus","color":"#0059a9","colorDark":"#00294f","angle":339.2,"snapDist":3,"label":1}},{"type":"Feature","geometry":{"type":"Point","coordinates":[8.604986,47.410975]},"properties":{"name":"Wallisellen, Spitzacker","lines":"772","arr":["772"],"terminus":0,"mode":"bus","color":"#0059a9","colorDark":"#00294f","angle":348.9,"snapDist":2,"label":1}},{"type":"Feature","geometry":{"type":"Point","coordinates":[8.601203,47.411141]},"properties":{"name":"Wallisellen, Riedenerstrasse","lines":"772","arr":["772"],"terminus":0,"mode":"bus","color":"#0059a9","colorDark":"#00294f","angle":12.9,"snapDist":1,"label":1}},{"type":"Feature","geometry":{"type":"Point","coordinates":[8.597739,47.412399]},"properties":{"name":"Wallisellen, Rosenberg","lines":"772","arr":["772"],"terminus":0,"mode":"bus","color":"#0059a9","colorDark":"#00294f","angle":293.8,"snapDist":4,"label":1}},{"type":"Feature","geometry":{"type":"Point","coordinates":[8.598145,47.412382]},"properties":{"name":"Wallisellen, Rosenberg","lines":"772","arr":["772"],"terminus":0,"mode":"bus","color":"#0059a9","colorDark":"#00294f","angle":210.6,"snapDist":2,"label":0}},{"type":"Feature","geometry":{"type":"Point","coordinates":[8.601304,47.411125]},"properties":{"name":"Wallisellen, Riedenerstrasse","lines":"772","arr":["772"],"terminus":0,"mode":"bus","color":"#0059a9","colorDark":"#00294f","angle":192.9,"snapDist":2,"label":0}},{"type":"Feature","geometry":{"type":"Point","coordinates":[8.605553,47.411047]},"properties":{"name":"Wallisellen, Spitzacker","lines":"772","arr":["772"],"terminus":0,"mode":"bus","color":"#0059a9","colorDark":"#00294f","angle":169.7,"snapDist":1,"label":0}},{"type":"Feature","geometry":{"type":"Point","coordinates":[8.608039,47.411717]},"properties":{"name":"Wallisellen, Furtbach","lines":"772","arr":["772"],"terminus":0,"mode":"bus","color":"#0059a9","colorDark":"#00294f","angle":34.9,"snapDist":5,"label":0}},{"type":"Feature","geometry":{"type":"Point","coordinates":[8.604471,47.413513]},"properties":{"name":"Wallisellen, Blumenweg","lines":"772","arr":["772"],"terminus":0,"mode":"bus","color":"#0059a9","colorDark":"#00294f","angle":90.8,"snapDist":0,"label":0}},{"type":"Feature","geometry":{"type":"Point","coordinates":[8.605098,47.414553]},"properties":{"name":"Wallisellen, Zielacker","lines":"772","arr":["772"],"terminus":0,"mode":"bus","color":"#0059a9","colorDark":"#00294f","angle":189.2,"snapDist":1,"label":0}},{"type":"Feature","geometry":{"type":"Point","coordinates":[8.588932,47.419466]},"properties":{"name":"Wallisellen, Frohheimstrasse","lines":"773","arr":["773"],"terminus":1,"mode":"bus","color":"#0059a9","colorDark":"#00294f","angle":306.4,"snapDist":3,"label":1}},{"type":"Feature","geometry":{"type":"Point","coordinates":[8.587573,47.417277]},"properties":{"name":"Wallisellen, Bodenackerstrasse","lines":"773","arr":["773"],"terminus":0,"mode":"bus","color":"#0059a9","colorDark":"#00294f","angle":257.6,"snapDist":1,"label":1}},{"type":"Feature","geometry":{"type":"Point","coordinates":[8.593168,47.412624]},"properties":{"name":"Wallisellen, Bahnhof F","lines":"773","arr":["773"],"terminus":1,"mode":"bus","color":"#0059a9","colorDark":"#00294f","angle":19.3,"snapDist":1,"label":1}},{"type":"Feature","geometry":{"type":"Point","coordinates":[8.587609,47.417164]},"properties":{"name":"Wallisellen, Bodenackerstrasse","lines":"773","arr":["773"],"terminus":0,"mode":"bus","color":"#0059a9","colorDark":"#00294f","angle":77.6,"snapDist":1,"label":0}},{"type":"Feature","geometry":{"type":"Point","coordinates":[8.588648,47.419459]},"properties":{"name":"Wallisellen, Frohheimstrasse","lines":"773","arr":["773"],"terminus":1,"mode":"bus","color":"#0059a9","colorDark":"#00294f","angle":80.6,"snapDist":3,"label":0}},{"type":"Feature","geometry":{"type":"Point","coordinates":[8.599115,47.415525]},"properties":{"name":"Wallisellen, Schulhaus Bürgli","lines":"774","arr":["774"],"terminus":1,"mode":"bus","color":"#0059a9","colorDark":"#00294f","angle":357.4,"snapDist":2,"label":1}},{"type":"Feature","geometry":{"type":"Point","coordinates":[8.596807,47.415452]},"properties":{"name":"Wallisellen, Haldenstrasse","lines":"774","arr":["774"],"terminus":0,"mode":"bus","color":"#0059a9","colorDark":"#00294f","angle":356.4,"snapDist":2,"label":1}},{"type":"Feature","geometry":{"type":"Point","coordinates":[8.593079,47.414816]},"properties":{"name":"Wallisellen, Friedhof","lines":"774","arr":["774"],"terminus":0,"mode":"bus","color":"#0059a9","colorDark":"#00294f","angle":302.2,"snapDist":3,"label":1}},{"type":"Feature","geometry":{"type":"Point","coordinates":[8.596988,47.413643]},"properties":{"name":"Wallisellen, Guggenbühlstrasse","lines":"774","arr":["774"],"terminus":0,"mode":"bus","color":"#0059a9","colorDark":"#00294f","angle":190.5,"snapDist":1,"label":1}},{"type":"Feature","geometry":{"type":"Point","coordinates":[8.59271,47.41273]},"properties":{"name":"Wallisellen, Bahnhof B","lines":"774","arr":["774"],"terminus":1,"mode":"bus","color":"#0059a9","colorDark":"#00294f","angle":18.8,"snapDist":2,"label":1}},{"type":"Feature","geometry":{"type":"Point","coordinates":[8.596988,47.413643]},"properties":{"name":"Wallisellen, Guggenbühlstrasse","lines":"774","arr":["774"],"terminus":0,"mode":"bus","color":"#0059a9","colorDark":"#00294f","angle":190.5,"snapDist":1,"label":0}},{"type":"Feature","geometry":{"type":"Point","coordinates":[8.600515,47.41376]},"properties":{"name":"Wallisellen, Säntisstrasse","lines":"774","arr":["774"],"terminus":0,"mode":"bus","color":"#0059a9","colorDark":"#00294f","angle":75.2,"snapDist":1,"label":1}},{"type":"Feature","geometry":{"type":"Point","coordinates":[8.561499,47.425669]},"properties":{"name":"Glattpark, Lindberghplatz","lines":"781","arr":["781"],"terminus":0,"mode":"bus","color":"#0059a9","colorDark":"#00294f","angle":216.3,"snapDist":1,"label":1}},{"type":"Feature","geometry":{"type":"Point","coordinates":[8.562582,47.424272]},"properties":{"name":"Glattpark, Lindbergh-Allee","lines":"781, N79","arr":["781","N79"],"terminus":0,"mode":"bus","color":"#0059a9","colorDark":"#00294f","angle":300.7,"snapDist":3,"label":1}},{"type":"Feature","geometry":{"type":"Point","coordinates":[8.560792,47.422294]},"properties":{"name":"Glattpark, Chavez-Allee","lines":"781, N79","arr":["781","N79"],"terminus":0,"mode":"bus","color":"#0059a9","colorDark":"#00294f","angle":300.9,"snapDist":3,"label":1}},{"type":"Feature","geometry":{"type":"Point","coordinates":[8.559212,47.420525]},"properties":{"name":"Glattpark, Wright-Strasse","lines":"781, N79","arr":["781","N79"],"terminus":0,"mode":"bus","color":"#0059a9","colorDark":"#00294f","angle":301.3,"snapDist":2,"label":1}},{"type":"Feature","geometry":{"type":"Point","coordinates":[8.561677,47.41801]},"properties":{"name":"Fernsehstudio","lines":"781, N79","arr":["781","N79"],"terminus":0,"mode":"bus","color":"#0059a9","colorDark":"#00294f","angle":212.3,"snapDist":1,"label":1}},{"type":"Feature","geometry":{"type":"Point","coordinates":[8.562143,47.41514]},"properties":{"name":"Genossenschaftsstrasse","lines":"781, 787, N9, N79","arr":["781","787","N9","N79"],"terminus":0,"mode":"bus","color":"#0059a9","colorDark":"#00294f","angle":328.9,"snapDist":2,"label":1}},{"type":"Feature","geometry":{"type":"Point","coordinates":[8.558307,47.414522]},"properties":{"name":"Riedbach","lines":"781, 787, N9, N79","arr":["781","787","N9","N79"],"terminus":0,"mode":"bus","color":"#0059a9","colorDark":"#00294f","angle":357.6,"snapDist":6,"label":1}},{"type":"Feature","geometry":{"type":"Point","coordinates":[8.554819,47.414463]},"properties":{"name":"Hagenholz","lines":"781, 787, N9, N79","arr":["781","787","N9","N79"],"terminus":0,"mode":"bus","color":"#0059a9","colorDark":"#00294f","angle":359.4,"snapDist":3,"label":1}},{"type":"Feature","geometry":{"type":"Point","coordinates":[8.551486,47.414239]},"properties":{"name":"Leutschenbach","lines":"781, 787, N9, N79","arr":["781","787","N9","N79"],"terminus":0,"mode":"bus","color":"#0059a9","colorDark":"#00294f","angle":352.5,"snapDist":6,"label":1}},{"type":"Feature","geometry":{"type":"Point","coordinates":[8.546204,47.41324]},"properties":{"name":"Bahnhof Oerlikon Ost","lines":"781, 787, N9, N79","arr":["781","787","N9","N79"],"terminus":0,"mode":"bus","color":"#0059a9","colorDark":"#00294f","angle":286.3,"snapDist":2,"label":0}},{"type":"Feature","geometry":{"type":"Point","coordinates":[8.545591,47.411613]},"properties":{"name":"Bahnhof Oerlikon","lines":"781, 787, N75, N79","arr":["781","787","N75","N79"],"terminus":1,"mode":"bus","color":"#0059a9","colorDark":"#00294f","angle":75.9,"snapDist":1,"label":0}},{"type":"Feature","geometry":{"type":"Point","coordinates":[8.546361,47.413593]},"properties":{"name":"Bahnhof Oerlikon Ost","lines":"781, 787, N9, N79","arr":["781","787","N9","N79"],"terminus":0,"mode":"bus","color":"#0059a9","colorDark":"#00294f","angle":108.5,"snapDist":2,"label":0}},{"type":"Feature","geometry":{"type":"Point","coordinates":[8.551735,47.414262]},"properties":{"name":"Leutschenbach","lines":"781, 787, N9, N79","arr":["781","787","N9","N79"],"terminus":0,"mode":"bus","color":"#0059a9","colorDark":"#00294f","angle":171.1,"snapDist":1,"label":0}},{"type":"Feature","geometry":{"type":"Point","coordinates":[8.555491,47.414469]},"properties":{"name":"Hagenholz","lines":"781, 787, N9, N79","arr":["781","787","N9","N79"],"terminus":0,"mode":"bus","color":"#0059a9","colorDark":"#00294f","angle":178.9,"snapDist":2,"label":0}},{"type":"Feature","geometry":{"type":"Point","coordinates":[8.558499,47.414527]},"properties":{"name":"Riedbach","lines":"781, 787, N9, N79","arr":["781","787","N9","N79"],"terminus":0,"mode":"bus","color":"#0059a9","colorDark":"#00294f","angle":177.6,"snapDist":4,"label":0}},{"type":"Feature","geometry":{"type":"Point","coordinates":[8.562661,47.415357]},"properties":{"name":"Genossenschaftsstrasse","lines":"781, 787, N9, N79","arr":["781","787","N9","N79"],"terminus":0,"mode":"bus","color":"#0059a9","colorDark":"#00294f","angle":148.1,"snapDist":1,"label":0}},{"type":"Feature","geometry":{"type":"Point","coordinates":[8.561619,47.418123]},"properties":{"name":"Fernsehstudio","lines":"781, N79","arr":["781","N79"],"terminus":0,"mode":"bus","color":"#0059a9","colorDark":"#00294f","angle":30.8,"snapDist":5,"label":0}},{"type":"Feature","geometry":{"type":"Point","coordinates":[8.5593,47.420623]},"properties":{"name":"Glattpark, Wright-Strasse","lines":"781, N79","arr":["781","N79"],"terminus":0,"mode":"bus","color":"#0059a9","colorDark":"#00294f","angle":121.3,"snapDist":1,"label":0}},{"type":"Feature","geometry":{"type":"Point","coordinates":[8.560853,47.422362]},"properties":{"name":"Glattpark, Chavez-Allee","lines":"781, N79","arr":["781","N79"],"terminus":0,"mode":"bus","color":"#0059a9","colorDark":"#00294f","angle":120.9,"snapDist":3,"label":0}},{"type":"Feature","geometry":{"type":"Point","coordinates":[8.562642,47.42434]},"properties":{"name":"Glattpark, Lindbergh-Allee","lines":"781, N79","arr":["781","N79"],"terminus":0,"mode":"bus","color":"#0059a9","colorDark":"#00294f","angle":120.8,"snapDist":2,"label":0}},{"type":"Feature","geometry":{"type":"Point","coordinates":[8.569665,47.42772]},"properties":{"name":"Glattbrugg, Oberhusen","lines":"781","arr":["781"],"terminus":0,"mode":"bus","color":"#0059a9","colorDark":"#00294f","angle":63.7,"snapDist":2,"label":1}},{"type":"Feature","geometry":{"type":"Point","coordinates":[8.635262,47.425809]},"properties":{"name":"Brüttisellen, Obere Wangenstr.","lines":"787","arr":["787"],"terminus":1,"mode":"bus","color":"#0059a9","colorDark":"#00294f","angle":173.6,"snapDist":0,"label":1}},{"type":"Feature","geometry":{"type":"Point","coordinates":[8.620933,47.420975]},"properties":{"name":"Dietlikon, Schwimmbad","lines":"787","arr":["787"],"terminus":0,"mode":"bus","color":"#0059a9","colorDark":"#00294f","angle":39.5,"snapDist":16,"label":0}},{"type":"Feature","geometry":{"type":"Point","coordinates":[8.62461,47.417123]},"properties":{"name":"Dietlikon, Brandbachstrasse","lines":"787","arr":["787"],"terminus":0,"mode":"bus","color":"#0059a9","colorDark":"#00294f","angle":246.9,"snapDist":2,"label":1}},{"type":"Feature","geometry":{"type":"Point","coordinates":[8.621925,47.414197]},"properties":{"name":"Dietlikon, Industriestrasse","lines":"787","arr":["787"],"terminus":0,"mode":"bus","color":"#0059a9","colorDark":"#00294f","angle":322.2,"snapDist":5,"label":1}},{"type":"Feature","geometry":{"type":"Point","coordinates":[8.618514,47.412456]},"properties":{"name":"Dietlikon, Mäenriet","lines":"787","arr":["787"],"terminus":0,"mode":"bus","color":"#0059a9","colorDark":"#00294f","angle":322.7,"snapDist":1,"label":1}},{"type":"Feature","geometry":{"type":"Point","coordinates":[8.614625,47.412279]},"properties":{"name":"Dietlikon, Hörnligraben","lines":"787","arr":["787"],"terminus":0,"mode":"bus","color":"#0059a9","colorDark":"#00294f","angle":328.1,"snapDist":5,"label":1}},{"type":"Feature","geometry":{"type":"Point","coordinates":[8.604279,47.410098]},"properties":{"name":"Wallisellen, Ifang","lines":"787","arr":["787"],"terminus":0,"mode":"bus","color":"#0059a9","colorDark":"#00294f","angle":348.9,"snapDist":3,"label":1}},{"type":"Feature","geometry":{"type":"Point","coordinates":[8.595734,47.409096]},"properties":{"name":"Wallisellen, Glatt (Bus) C","lines":"787, N9","arr":["787","N9"],"terminus":1,"mode":"bus","color":"#0059a9","colorDark":"#00294f","angle":2.8,"snapDist":3,"label":1}},{"type":"Feature","geometry":{"type":"Point","coordinates":[8.595404,47.409321]},"properties":{"name":"Wallisellen, Glatt (Bus) B","lines":"787","arr":["787"],"terminus":0,"mode":"bus","color":"#0059a9","colorDark":"#00294f","angle":183.5,"snapDist":0,"label":0}},{"type":"Feature","geometry":{"type":"Point","coordinates":[8.605844,47.410306]},"properties":{"name":"Wallisellen, Ifang","lines":"787","arr":["787"],"terminus":0,"mode":"bus","color":"#0059a9","colorDark":"#00294f","angle":167.7,"snapDist":6,"label":0}},{"type":"Feature","geometry":{"type":"Point","coordinates":[8.614312,47.412138]},"properties":{"name":"Dietlikon, Hörnligraben","lines":"787","arr":["787"],"terminus":0,"mode":"bus","color":"#0059a9","colorDark":"#00294f","angle":145.6,"snapDist":1,"label":0}},{"type":"Feature","geometry":{"type":"Point","coordinates":[8.618585,47.412493]},"properties":{"name":"Dietlikon, Mäenriet","lines":"787","arr":["787"],"terminus":0,"mode":"bus","color":"#0059a9","colorDark":"#00294f","angle":142.7,"snapDist":6,"label":0}},{"type":"Feature","geometry":{"type":"Point","coordinates":[8.62157,47.414223]},"properties":{"name":"Dietlikon, Industriestrasse","lines":"787","arr":["787"],"terminus":0,"mode":"bus","color":"#0059a9","colorDark":"#00294f","angle":70.3,"snapDist":4,"label":0}},{"type":"Feature","geometry":{"type":"Point","coordinates":[8.624141,47.417347]},"properties":{"name":"Dietlikon, Brandbachstrasse","lines":"787","arr":["787"],"terminus":0,"mode":"bus","color":"#0059a9","colorDark":"#00294f","angle":130.5,"snapDist":1,"label":0}},{"type":"Feature","geometry":{"type":"Point","coordinates":[8.620981,47.420948]},"properties":{"name":"Dietlikon, Schwimmbad","lines":"787","arr":["787"],"terminus":0,"mode":"bus","color":"#0059a9","colorDark":"#00294f","angle":39.5,"snapDist":16,"label":0}},{"type":"Feature","geometry":{"type":"Point","coordinates":[8.627915,47.421599]},"properties":{"name":"Brüttisellen, Zentrum","lines":"787","arr":["787"],"terminus":0,"mode":"bus","color":"#0059a9","colorDark":"#00294f","angle":127.4,"snapDist":3,"label":1}},{"type":"Feature","geometry":{"type":"Point","coordinates":[8.63522,47.42581]},"properties":{"name":"Brüttisellen, Obere Wangenstr.","lines":"787","arr":["787"],"terminus":1,"mode":"bus","color":"#0059a9","colorDark":"#00294f","angle":1.7,"snapDist":3,"label":0}},{"type":"Feature","geometry":{"type":"Point","coordinates":[8.525738,47.446869]},"properties":{"name":"Rümlang, Chilestieg","lines":"795","arr":["795"],"terminus":1,"mode":"bus","color":"#0059a9","colorDark":"#00294f","angle":166.5,"snapDist":1,"label":1}},{"type":"Feature","geometry":{"type":"Point","coordinates":[8.527131,47.448815]},"properties":{"name":"Rümlang, Zürichweg","lines":"795","arr":["795"],"terminus":0,"mode":"bus","color":"#0059a9","colorDark":"#00294f","angle":50.1,"snapDist":2,"label":1}},{"type":"Feature","geometry":{"type":"Point","coordinates":[8.535857,47.448233]},"properties":{"name":"Rümlang, Ifangstrasse","lines":"795","arr":["795"],"terminus":1,"mode":"bus","color":"#0059a9","colorDark":"#00294f","angle":318.4,"snapDist":1,"label":1}},{"type":"Feature","geometry":{"type":"Point","coordinates":[8.53259,47.453995]},"properties":{"name":"Rümlang, Bahnhof","lines":"795","arr":["795"],"terminus":0,"mode":"bus","color":"#0059a9","colorDark":"#00294f","angle":51.1,"snapDist":2,"label":0}},{"type":"Feature","geometry":{"type":"Point","coordinates":[8.63915,47.40768]},"properties":{"name":"Wangen, Flugsicherung","lines":"796","arr":["796"],"terminus":1,"mode":"bus","color":"#0059a9","colorDark":"#00294f","angle":216.5,"snapDist":10,"label":1}},{"type":"Feature","geometry":{"type":"Point","coordinates":[8.642636,47.410392]},"properties":{"name":"Wangen, Hätzelwisen","lines":"796, N78","arr":["796","N78"],"terminus":0,"mode":"bus","color":"#0059a9","colorDark":"#00294f","angle":54.7,"snapDist":5,"label":1}},{"type":"Feature","geometry":{"type":"Point","coordinates":[8.640261,47.412316]},"properties":{"name":"Wangen, Weidli","lines":"796, N78","arr":["796","N78"],"terminus":0,"mode":"bus","color":"#0059a9","colorDark":"#00294f","angle":37.7,"snapDist":5,"label":1}},{"type":"Feature","geometry":{"type":"Point","coordinates":[8.634274,47.416316]},"properties":{"name":"Wangen, Neuwisen","lines":"796, N78","arr":["796","N78"],"terminus":0,"mode":"bus","color":"#0059a9","colorDark":"#00294f","angle":47.5,"snapDist":2,"label":1}},{"type":"Feature","geometry":{"type":"Point","coordinates":[8.631404,47.41887]},"properties":{"name":"Brüttisellen, Haldenbrücke","lines":"796, N78","arr":["796","N78"],"terminus":0,"mode":"bus","color":"#0059a9","colorDark":"#00294f","angle":57.4,"snapDist":2,"label":1}},{"type":"Feature","geometry":{"type":"Point","coordinates":[8.628822,47.420361]},"properties":{"name":"Brüttisellen, Gemeindehaus","lines":"796, N78","arr":["796","N78"],"terminus":0,"mode":"bus","color":"#0059a9","colorDark":"#00294f","angle":33.5,"snapDist":1,"label":1}},{"type":"Feature","geometry":{"type":"Point","coordinates":[8.62882,47.420362]},"properties":{"name":"Brüttisellen, Gemeindehaus","lines":"796","arr":["796"],"terminus":0,"mode":"bus","color":"#0059a9","colorDark":"#00294f","angle":213.5,"snapDist":2,"label":0}},{"type":"Feature","geometry":{"type":"Point","coordinates":[8.631495,47.418775]},"properties":{"name":"Brüttisellen, Haldenbrücke","lines":"796","arr":["796"],"terminus":0,"mode":"bus","color":"#0059a9","colorDark":"#00294f","angle":237.3,"snapDist":2,"label":0}},{"type":"Feature","geometry":{"type":"Point","coordinates":[8.634794,47.415936]},"properties":{"name":"Wangen, Neuwisen","lines":"796","arr":["796"],"terminus":0,"mode":"bus","color":"#0059a9","colorDark":"#00294f","angle":227.1,"snapDist":4,"label":0}},{"type":"Feature","geometry":{"type":"Point","coordinates":[8.639483,47.41256]},"properties":{"name":"Wangen, Weidli","lines":"796","arr":["796"],"terminus":0,"mode":"bus","color":"#0059a9","colorDark":"#00294f","angle":209.9,"snapDist":3,"label":0}},{"type":"Feature","geometry":{"type":"Point","coordinates":[8.643062,47.409986]},"properties":{"name":"Wangen, Hätzelwisen","lines":"796","arr":["796"],"terminus":0,"mode":"bus","color":"#0059a9","colorDark":"#00294f","angle":234.6,"snapDist":1,"label":0}},{"type":"Feature","geometry":{"type":"Point","coordinates":[8.500245,47.465421]},"properties":{"name":"Oberhasli, Dorf","lines":"797","arr":["797"],"terminus":1,"mode":"bus","color":"#0059a9","colorDark":"#00294f","angle":215.3,"snapDist":1,"label":1}},{"type":"Feature","geometry":{"type":"Point","coordinates":[8.527109,47.461497]},"properties":{"name":"Rümlang, Riedmattstrasse","lines":"797","arr":["797"],"terminus":0,"mode":"bus","color":"#0059a9","colorDark":"#00294f","angle":166.5,"snapDist":2,"label":1}},{"type":"Feature","geometry":{"type":"Point","coordinates":[8.536679,47.452136]},"properties":{"name":"Rümlang, Hofwisenunterführung","lines":"797","arr":["797"],"terminus":0,"mode":"bus","color":"#0059a9","colorDark":"#00294f","angle":322.7,"snapDist":1,"label":1}},{"type":"Feature","geometry":{"type":"Point","coordinates":[8.536988,47.452295]},"properties":{"name":"Rümlang, Hofwisenunterführung","lines":"797","arr":["797"],"terminus":0,"mode":"bus","color":"#0059a9","colorDark":"#00294f","angle":142.7,"snapDist":1,"label":0}},{"type":"Feature","geometry":{"type":"Point","coordinates":[8.526871,47.461459]},"properties":{"name":"Rümlang, Riedmattstrasse","lines":"797","arr":["797"],"terminus":0,"mode":"bus","color":"#0059a9","colorDark":"#00294f","angle":346.5,"snapDist":6,"label":0}},{"type":"Feature","geometry":{"type":"Point","coordinates":[8.503169,47.468661]},"properties":{"name":"Oberhasli, Hasliberg","lines":"797","arr":["797"],"terminus":0,"mode":"bus","color":"#0059a9","colorDark":"#00294f","angle":84,"snapDist":1,"label":1}},{"type":"Feature","geometry":{"type":"Point","coordinates":[8.499545,47.472048]},"properties":{"name":"Oberhasli, Spielplatz","lines":"797","arr":["797"],"terminus":0,"mode":"bus","color":"#0059a9","colorDark":"#00294f","angle":34.7,"snapDist":1,"label":1}},{"type":"Feature","geometry":{"type":"Point","coordinates":[8.499021,47.47066]},"properties":{"name":"Oberhasli, Moosacker","lines":"797","arr":["797"],"terminus":0,"mode":"bus","color":"#0059a9","colorDark":"#00294f","angle":222.1,"snapDist":3,"label":1}},{"type":"Feature","geometry":{"type":"Point","coordinates":[8.500833,47.468055]},"properties":{"name":"Oberhasli, Post","lines":"797","arr":["797"],"terminus":0,"mode":"bus","color":"#0059a9","colorDark":"#00294f","angle":321,"snapDist":3,"label":1}},{"type":"Feature","geometry":{"type":"Point","coordinates":[8.717421,47.350834]},"properties":{"name":"Uster, Bahnhof","lines":"811, 813, N81","arr":["811","813","N81"],"terminus":1,"mode":"bus","color":"#0059a9","colorDark":"#00294f","angle":39.5,"snapDist":2,"label":0}},{"type":"Feature","geometry":{"type":"Point","coordinates":[8.71265,47.358227]},"properties":{"name":"Uster, Gschwader","lines":"811, N81","arr":["811","N81"],"terminus":0,"mode":"bus","color":"#0059a9","colorDark":"#00294f","angle":134.2,"snapDist":3,"label":1}},{"type":"Feature","geometry":{"type":"Point","coordinates":[8.714664,47.360098]},"properties":{"name":"Uster, Meieracher","lines":"811, N81","arr":["811","N81"],"terminus":0,"mode":"bus","color":"#0059a9","colorDark":"#00294f","angle":133.2,"snapDist":6,"label":1}},{"type":"Feature","geometry":{"type":"Point","coordinates":[8.71306,47.361876]},"properties":{"name":"Uster, Haberweid","lines":"811, N81","arr":["811","N81"],"terminus":0,"mode":"bus","color":"#0059a9","colorDark":"#00294f","angle":348,"snapDist":5,"label":1}},{"type":"Feature","geometry":{"type":"Point","coordinates":[8.709603,47.358201]},"properties":{"name":"Uster, Loren-Allee","lines":"811, N81","arr":["811","N81"],"terminus":0,"mode":"bus","color":"#0059a9","colorDark":"#00294f","angle":218.7,"snapDist":2,"label":1}},{"type":"Feature","geometry":{"type":"Point","coordinates":[8.717421,47.350834]},"properties":{"name":"Uster, Bahnhof","lines":"811, 812, 817","arr":["811","812","817"],"terminus":1,"mode":"bus","color":"#0059a9","colorDark":"#00294f","angle":39.5,"snapDist":2,"label":0}},{"type":"Feature","geometry":{"type":"Point","coordinates":[8.72361,47.353904]},"properties":{"name":"Uster, Spital","lines":"812, 818, 827, N81","arr":["812","818","827","N81"],"terminus":0,"mode":"bus","color":"#0059a9","colorDark":"#00294f","angle":122.8,"snapDist":1,"label":1}},{"type":"Feature","geometry":{"type":"Point","coordinates":[8.727432,47.351619]},"properties":{"name":"Uster, Wageren","lines":"812","arr":["812"],"terminus":0,"mode":"bus","color":"#0059a9","colorDark":"#00294f","angle":229.7,"snapDist":0,"label":0}},{"type":"Feature","geometry":{"type":"Point","coordinates":[8.7293,47.351673]},"properties":{"name":"Uster, Bordacker","lines":"812","arr":["812"],"terminus":0,"mode":"bus","color":"#0059a9","colorDark":"#00294f","angle":102.1,"snapDist":3,"label":1}},{"type":"Feature","geometry":{"type":"Point","coordinates":[8.733202,47.349362]},"properties":{"name":"Uster, Hegetsberg","lines":"812, N81","arr":["812","N81"],"terminus":0,"mode":"bus","color":"#0059a9","colorDark":"#00294f","angle":237.2,"snapDist":1,"label":1}},{"type":"Feature","geometry":{"type":"Point","coordinates":[8.730816,47.348418]},"properties":{"name":"Uster, Talweg","lines":"812, N81","arr":["812","N81"],"terminus":0,"mode":"bus","color":"#0059a9","colorDark":"#00294f","angle":59.6,"snapDist":1,"label":1}},{"type":"Feature","geometry":{"type":"Point","coordinates":[8.727058,47.351909]},"properties":{"name":"Uster, Wageren","lines":"812, N81","arr":["812","N81"],"terminus":1,"mode":"bus","color":"#0059a9","colorDark":"#00294f","angle":227.3,"snapDist":3,"label":1}},{"type":"Feature","geometry":{"type":"Point","coordinates":[8.723432,47.353807]},"properties":{"name":"Uster, Spital","lines":"812, 818, 827","arr":["812","818","827"],"terminus":0,"mode":"bus","color":"#0059a9","colorDark":"#00294f","angle":299.5,"snapDist":2,"label":0}},{"type":"Feature","geometry":{"type":"Point","coordinates":[8.717427,47.351047]},"properties":{"name":"Uster, Bahnhof","lines":"812, 817","arr":["812","817"],"terminus":1,"mode":"bus","color":"#0059a9","colorDark":"#00294f","angle":219.9,"snapDist":4,"label":0}},{"type":"Feature","geometry":{"type":"Point","coordinates":[8.717988,47.35073]},"properties":{"name":"Uster, Bahnhof","lines":"813, 818","arr":["813","818"],"terminus":1,"mode":"bus","color":"#0059a9","colorDark":"#00294f","angle":219.9,"snapDist":6,"label":0}},{"type":"Feature","geometry":{"type":"Point","coordinates":[8.716159,47.348549]},"properties":{"name":"Uster, Stadtpark","lines":"813","arr":["813"],"terminus":0,"mode":"bus","color":"#0059a9","colorDark":"#00294f","angle":312.5,"snapDist":3,"label":1}},{"type":"Feature","geometry":{"type":"Point","coordinates":[8.715068,47.346212]},"properties":{"name":"Uster, Apothekerstrasse","lines":"813","arr":["813"],"terminus":0,"mode":"bus","color":"#0059a9","colorDark":"#00294f","angle":267,"snapDist":2,"label":1}},{"type":"Feature","geometry":{"type":"Point","coordinates":[8.717348,47.343846]},"properties":{"name":"Uster, Burgreben","lines":"813","arr":["813"],"terminus":0,"mode":"bus","color":"#0059a9","colorDark":"#00294f","angle":195.7,"snapDist":1,"label":1}},{"type":"Feature","geometry":{"type":"Point","coordinates":[8.720627,47.342746]},"properties":{"name":"Uster, Burgstrasse","lines":"813","arr":["813"],"terminus":0,"mode":"bus","color":"#0059a9","colorDark":"#00294f","angle":209.8,"snapDist":1,"label":1}},{"type":"Feature","geometry":{"type":"Point","coordinates":[8.726142,47.340937]},"properties":{"name":"Uster, Krone","lines":"813","arr":["813"],"terminus":0,"mode":"bus","color":"#0059a9","colorDark":"#00294f","angle":209.1,"snapDist":1,"label":1}},{"type":"Feature","geometry":{"type":"Point","coordinates":[8.729735,47.340181]},"properties":{"name":"Uster, Nossikon","lines":"813","arr":["813"],"terminus":1,"mode":"bus","color":"#0059a9","colorDark":"#00294f","angle":344.3,"snapDist":1,"label":1}},{"type":"Feature","geometry":{"type":"Point","coordinates":[8.72544,47.341222]},"properties":{"name":"Uster, Krone","lines":"813","arr":["813"],"terminus":0,"mode":"bus","color":"#0059a9","colorDark":"#00294f","angle":38,"snapDist":2,"label":0}},{"type":"Feature","geometry":{"type":"Point","coordinates":[8.719629,47.3434]},"properties":{"name":"Uster, Burgstrasse","lines":"813","arr":["813"],"terminus":0,"mode":"bus","color":"#0059a9","colorDark":"#00294f","angle":46.1,"snapDist":5,"label":0}},{"type":"Feature","geometry":{"type":"Point","coordinates":[8.716804,47.343955]},"properties":{"name":"Uster, Burgreben","lines":"813","arr":["813"],"terminus":0,"mode":"bus","color":"#0059a9","colorDark":"#00294f","angle":15.7,"snapDist":2,"label":0}},{"type":"Feature","geometry":{"type":"Point","coordinates":[8.71507,47.346187]},"properties":{"name":"Uster, Apothekerstrasse","lines":"813","arr":["813"],"terminus":0,"mode":"bus","color":"#0059a9","colorDark":"#00294f","angle":87.1,"snapDist":3,"label":0}},{"type":"Feature","geometry":{"type":"Point","coordinates":[8.716422,47.348619]},"properties":{"name":"Uster, Stadtpark","lines":"813","arr":["813"],"terminus":0,"mode":"bus","color":"#0059a9","colorDark":"#00294f","angle":133.2,"snapDist":1,"label":0}},{"type":"Feature","geometry":{"type":"Point","coordinates":[8.717067,47.351032]},"properties":{"name":"Uster, Bahnhof","lines":"816, 846","arr":["816","846"],"terminus":1,"mode":"bus","color":"#0059a9","colorDark":"#00294f","angle":39.5,"snapDist":3,"label":0}},{"type":"Feature","geometry":{"type":"Point","coordinates":[8.711462,47.34911]},"properties":{"name":"Uster, Jugendhaus","lines":"816, N81","arr":["816","N81"],"terminus":0,"mode":"bus","color":"#0059a9","colorDark":"#00294f","angle":307.4,"snapDist":2,"label":1}},{"type":"Feature","geometry":{"type":"Point","coordinates":[8.709883,47.34771]},"properties":{"name":"Uster, Bildungszentrum","lines":"816, N81","arr":["816","N81"],"terminus":0,"mode":"bus","color":"#0059a9","colorDark":"#00294f","angle":307.5,"snapDist":3,"label":1}},{"type":"Feature","geometry":{"type":"Point","coordinates":[8.70738,47.34514]},"properties":{"name":"Uster, Wil","lines":"816, N81","arr":["816","N81"],"terminus":0,"mode":"bus","color":"#0059a9","colorDark":"#00294f","angle":359.2,"snapDist":5,"label":1}},{"type":"Feature","geometry":{"type":"Point","coordinates":[8.70225,47.344563]},"properties":{"name":"Uster, Niederuster","lines":"816, N81","arr":["816","N81"],"terminus":0,"mode":"bus","color":"#0059a9","colorDark":"#00294f","angle":341.1,"snapDist":6,"label":1}},{"type":"Feature","geometry":{"type":"Point","coordinates":[8.701536,47.346924]},"properties":{"name":"Uster, Pfannenstielstrasse","lines":"816","arr":["816"],"terminus":1,"mode":"bus","color":"#0059a9","colorDark":"#00294f","angle":265.1,"snapDist":5,"label":1}},{"type":"Feature","geometry":{"type":"Point","coordinates":[8.702536,47.344628]},"properties":{"name":"Uster, Niederuster","lines":"816","arr":["816"],"terminus":0,"mode":"bus","color":"#0059a9","colorDark":"#00294f","angle":162.9,"snapDist":3,"label":0}},{"type":"Feature","geometry":{"type":"Point","coordinates":[8.708394,47.345111]},"properties":{"name":"Uster, Wil","lines":"816","arr":["816"],"terminus":0,"mode":"bus","color":"#0059a9","colorDark":"#00294f","angle":177.3,"snapDist":0,"label":0}},{"type":"Feature","geometry":{"type":"Point","coordinates":[8.709866,47.347695]},"properties":{"name":"Uster, Bildungszentrum","lines":"816","arr":["816"],"terminus":0,"mode":"bus","color":"#0059a9","colorDark":"#00294f","angle":127.5,"snapDist":2,"label":0}},{"type":"Feature","geometry":{"type":"Point","coordinates":[8.712926,47.350516]},"properties":{"name":"Uster, Jugendhaus","lines":"816","arr":["816"],"terminus":0,"mode":"bus","color":"#0059a9","colorDark":"#00294f","angle":124.7,"snapDist":4,"label":0}},{"type":"Feature","geometry":{"type":"Point","coordinates":[8.711133,47.354073]},"properties":{"name":"Uster, Ackerstrasse","lines":"817","arr":["817"],"terminus":0,"mode":"bus","color":"#0059a9","colorDark":"#00294f","angle":40.1,"snapDist":2,"label":1}},{"type":"Feature","geometry":{"type":"Point","coordinates":[8.708655,47.354724]},"properties":{"name":"Uster, Gschwaderstrasse","lines":"817","arr":["817"],"terminus":0,"mode":"bus","color":"#0059a9","colorDark":"#00294f","angle":292.2,"snapDist":8,"label":1}},{"type":"Feature","geometry":{"type":"Point","coordinates":[8.705247,47.35142]},"properties":{"name":"Uster, Krämeracker","lines":"817","arr":["817"],"terminus":0,"mode":"bus","color":"#0059a9","colorDark":"#00294f","angle":321.9,"snapDist":3,"label":1}},{"type":"Feature","geometry":{"type":"Point","coordinates":[8.702163,47.349991]},"properties":{"name":"Uster, Sonnenberg","lines":"817","arr":["817"],"terminus":0,"mode":"bus","color":"#0059a9","colorDark":"#00294f","angle":328.4,"snapDist":6,"label":1}},{"type":"Feature","geometry":{"type":"Point","coordinates":[8.699476,47.351126]},"properties":{"name":"Uster, Wildsbergstrasse","lines":"817","arr":["817"],"terminus":0,"mode":"bus","color":"#0059a9","colorDark":"#00294f","angle":324.6,"snapDist":1,"label":1}},{"type":"Feature","geometry":{"type":"Point","coordinates":[8.696524,47.350496]},"properties":{"name":"Uster, Jungholz","lines":"817","arr":["817"],"terminus":0,"mode":"bus","color":"#0059a9","colorDark":"#00294f","angle":338.9,"snapDist":3,"label":1}},{"type":"Feature","geometry":{"type":"Point","coordinates":[8.695191,47.347863]},"properties":{"name":"Uster, Turicum","lines":"817","arr":["817"],"terminus":0,"mode":"bus","color":"#0059a9","colorDark":"#00294f","angle":249.7,"snapDist":2,"label":1}},{"type":"Feature","geometry":{"type":"Point","coordinates":[8.696337,47.346056]},"properties":{"name":"Uster, Seeweg","lines":"817","arr":["817"],"terminus":0,"mode":"bus","color":"#0059a9","colorDark":"#00294f","angle":327.4,"snapDist":2,"label":1}},{"type":"Feature","geometry":{"type":"Point","coordinates":[8.692707,47.344044]},"properties":{"name":"Uster, See","lines":"817","arr":["817"],"terminus":1,"mode":"bus","color":"#0059a9","colorDark":"#00294f","angle":328.9,"snapDist":3,"label":1}},{"type":"Feature","geometry":{"type":"Point","coordinates":[8.696633,47.346145]},"properties":{"name":"Uster, Seeweg","lines":"817","arr":["817"],"terminus":0,"mode":"bus","color":"#0059a9","colorDark":"#00294f","angle":162.8,"snapDist":3,"label":0}},{"type":"Feature","geometry":{"type":"Point","coordinates":[8.695033,47.348282]},"properties":{"name":"Uster, Turicum","lines":"817, N81","arr":["817","N81"],"terminus":0,"mode":"bus","color":"#0059a9","colorDark":"#00294f","angle":79.9,"snapDist":4,"label":0}},{"type":"Feature","geometry":{"type":"Point","coordinates":[8.696369,47.350456]},"properties":{"name":"Uster, Jungholz","lines":"817, N81","arr":["817","N81"],"terminus":0,"mode":"bus","color":"#0059a9","colorDark":"#00294f","angle":158.7,"snapDist":3,"label":0}},{"type":"Feature","geometry":{"type":"Point","coordinates":[8.699561,47.351167]},"properties":{"name":"Uster, Wildsbergstrasse","lines":"817, N81","arr":["817","N81"],"terminus":0,"mode":"bus","color":"#0059a9","colorDark":"#00294f","angle":144.6,"snapDist":1,"label":0}},{"type":"Feature","geometry":{"type":"Point","coordinates":[8.703091,47.350385]},"properties":{"name":"Uster, Sonnenberg","lines":"817, N81","arr":["817","N81"],"terminus":0,"mode":"bus","color":"#0059a9","colorDark":"#00294f","angle":147.9,"snapDist":7,"label":0}},{"type":"Feature","geometry":{"type":"Point","coordinates":[8.706546,47.352099]},"properties":{"name":"Uster, Krämeracker","lines":"817, N81","arr":["817","N81"],"terminus":0,"mode":"bus","color":"#0059a9","colorDark":"#00294f","angle":137.4,"snapDist":5,"label":0}},{"type":"Feature","geometry":{"type":"Point","coordinates":[8.708581,47.354601]},"properties":{"name":"Uster, Gschwaderstrasse","lines":"817","arr":["817"],"terminus":0,"mode":"bus","color":"#0059a9","colorDark":"#00294f","angle":112.2,"snapDist":2,"label":0}},{"type":"Feature","geometry":{"type":"Point","coordinates":[8.711268,47.353996]},"properties":{"name":"Uster, Ackerstrasse","lines":"817","arr":["817"],"terminus":0,"mode":"bus","color":"#0059a9","colorDark":"#00294f","angle":220.1,"snapDist":0,"label":0}},{"type":"Feature","geometry":{"type":"Point","coordinates":[8.717201,47.351175]},"properties":{"name":"Uster, Bahnhof","lines":"818","arr":["818"],"terminus":1,"mode":"bus","color":"#0059a9","colorDark":"#00294f","angle":219.9,"snapDist":5,"label":0}},{"type":"Feature","geometry":{"type":"Point","coordinates":[8.726321,47.355939]},"properties":{"name":"Uster, Reithalle","lines":"818, 827, N81","arr":["818","827","N81"],"terminus":0,"mode":"bus","color":"#0059a9","colorDark":"#00294f","angle":134.1,"snapDist":6,"label":1}},{"type":"Feature","geometry":{"type":"Point","coordinates":[8.731249,47.355086]},"properties":{"name":"Uster, Weidli","lines":"818","arr":["818"],"terminus":0,"mode":"bus","color":"#0059a9","colorDark":"#00294f","angle":92.9,"snapDist":0,"label":1}},{"type":"Feature","geometry":{"type":"Point","coordinates":[8.72962,47.356791]},"properties":{"name":"Uster, Himmelriich","lines":"818","arr":["818"],"terminus":0,"mode":"bus","color":"#0059a9","colorDark":"#00294f","angle":29,"snapDist":3,"label":1}},{"type":"Feature","geometry":{"type":"Point","coordinates":[8.7291,47.35878]},"properties":{"name":"Uster, Buchholz","lines":"818, 827","arr":["818","827"],"terminus":0,"mode":"bus","color":"#0059a9","colorDark":"#00294f","angle":121.6,"snapDist":6,"label":1}},{"type":"Feature","geometry":{"type":"Point","coordinates":[8.727161,47.361015]},"properties":{"name":"Uster, Sportanlage","lines":"818","arr":["818"],"terminus":1,"mode":"bus","color":"#0059a9","colorDark":"#00294f","angle":174.4,"snapDist":0,"label":1}},{"type":"Feature","geometry":{"type":"Point","coordinates":[8.728494,47.35819]},"properties":{"name":"Uster, Buchholz","lines":"818, 827","arr":["818","827"],"terminus":0,"mode":"bus","color":"#0059a9","colorDark":"#00294f","angle":300.1,"snapDist":3,"label":0}},{"type":"Feature","geometry":{"type":"Point","coordinates":[8.729756,47.35674]},"properties":{"name":"Uster, Himmelriich","lines":"818, N81","arr":["818","N81"],"terminus":0,"mode":"bus","color":"#0059a9","colorDark":"#00294f","angle":209,"snapDist":1,"label":0}},{"type":"Feature","geometry":{"type":"Point","coordinates":[8.731246,47.355048]},"properties":{"name":"Uster, Weidli","lines":"818, N81","arr":["818","N81"],"terminus":0,"mode":"bus","color":"#0059a9","colorDark":"#00294f","angle":273.8,"snapDist":3,"label":0}},{"type":"Feature","geometry":{"type":"Point","coordinates":[8.726204,47.355857]},"properties":{"name":"Uster, Reithalle","lines":"818","arr":["818"],"terminus":0,"mode":"bus","color":"#0059a9","colorDark":"#00294f","angle":314.2,"snapDist":7,"label":0}},{"type":"Feature","geometry":{"type":"Point","coordinates":[8.717634,47.350715]},"properties":{"name":"Uster, Bahnhof","lines":"827","arr":["827"],"terminus":1,"mode":"bus","color":"#0059a9","colorDark":"#00294f","angle":39.5,"snapDist":4,"label":0}},{"type":"Feature","geometry":{"type":"Point","coordinates":[8.715623,47.353464]},"properties":{"name":"Uster, Dammstrasse","lines":"827","arr":["827"],"terminus":0,"mode":"bus","color":"#0059a9","colorDark":"#00294f","angle":128.5,"snapDist":4,"label":0}},{"type":"Feature","geometry":{"type":"Point","coordinates":[8.737763,47.363184]},"properties":{"name":"Wermatswil, Ledi","lines":"827","arr":["827"],"terminus":0,"mode":"bus","color":"#0059a9","colorDark":"#00294f","angle":203.6,"snapDist":0,"label":1}},{"type":"Feature","geometry":{"type":"Point","coordinates":[8.744169,47.36298]},"properties":{"name":"Wermatswil, Stapferstrasse","lines":"827","arr":["827"],"terminus":0,"mode":"bus","color":"#0059a9","colorDark":"#00294f","angle":128,"snapDist":1,"label":1}},{"type":"Feature","geometry":{"type":"Point","coordinates":[8.743005,47.364763]},"properties":{"name":"Wermatswil, Chammerholzstr.","lines":"827","arr":["827"],"terminus":0,"mode":"bus","color":"#0059a9","colorDark":"#00294f","angle":65.7,"snapDist":6,"label":1}},{"type":"Feature","geometry":{"type":"Point","coordinates":[8.735759,47.37525]},"properties":{"name":"Freudwil, Im Dörfli","lines":"827","arr":["827"],"terminus":0,"mode":"bus","color":"#0059a9","colorDark":"#00294f","angle":33.8,"snapDist":3,"label":1}},{"type":"Feature","geometry":{"type":"Point","coordinates":[8.750074,47.385367]},"properties":{"name":"Fehraltorf, Bahnhof","lines":"827","arr":["827"],"terminus":0,"mode":"bus","color":"#0059a9","colorDark":"#00294f","angle":219.7,"snapDist":2,"label":1}},{"type":"Feature","geometry":{"type":"Point","coordinates":[8.747123,47.390454]},"properties":{"name":"Fehraltorf, Am Wildbach","lines":"827","arr":["827"],"terminus":0,"mode":"bus","color":"#0059a9","colorDark":"#00294f","angle":34.4,"snapDist":4,"label":1}},{"type":"Feature","geometry":{"type":"Point","coordinates":[8.742053,47.391799]},"properties":{"name":"Fehraltorf, Undermüli","lines":"827","arr":["827"],"terminus":0,"mode":"bus","color":"#0059a9","colorDark":"#00294f","angle":41.7,"snapDist":1,"label":1}},{"type":"Feature","geometry":{"type":"Point","coordinates":[8.736395,47.395394]},"properties":{"name":"Fehraltorf, Schrännenbrunnen","lines":"827","arr":["827"],"terminus":1,"mode":"bus","color":"#0059a9","colorDark":"#00294f","angle":25.9,"snapDist":3,"label":1}},{"type":"Feature","geometry":{"type":"Point","coordinates":[8.742416,47.391584]},"properties":{"name":"Fehraltorf, Undermüli","lines":"827","arr":["827"],"terminus":0,"mode":"bus","color":"#0059a9","colorDark":"#00294f","angle":221.1,"snapDist":1,"label":0}},{"type":"Feature","geometry":{"type":"Point","coordinates":[8.747325,47.390359]},"properties":{"name":"Fehraltorf, Am Wildbach","lines":"827","arr":["827"],"terminus":0,"mode":"bus","color":"#0059a9","colorDark":"#00294f","angle":214.8,"snapDist":3,"label":0}},{"type":"Feature","geometry":{"type":"Point","coordinates":[8.750099,47.385464]},"properties":{"name":"Fehraltorf, Bahnhof","lines":"827","arr":["827"],"terminus":0,"mode":"bus","color":"#0059a9","colorDark":"#00294f","angle":231.9,"snapDist":1,"label":0}},{"type":"Feature","geometry":{"type":"Point","coordinates":[8.735768,47.375246]},"properties":{"name":"Freudwil, Im Dörfli","lines":"827","arr":["827"],"terminus":0,"mode":"bus","color":"#0059a9","colorDark":"#00294f","angle":213.8,"snapDist":3,"label":0}},{"type":"Feature","geometry":{"type":"Point","coordinates":[8.743086,47.36464]},"properties":{"name":"Wermatswil, Chammerholzstr.","lines":"827","arr":["827"],"terminus":0,"mode":"bus","color":"#0059a9","colorDark":"#00294f","angle":245.4,"snapDist":7,"label":0}},{"type":"Feature","geometry":{"type":"Point","coordinates":[8.744138,47.362952]},"properties":{"name":"Wermatswil, Stapferstrasse","lines":"827","arr":["827"],"terminus":0,"mode":"bus","color":"#0059a9","colorDark":"#00294f","angle":304.4,"snapDist":4,"label":0}},{"type":"Feature","geometry":{"type":"Point","coordinates":[8.736575,47.363401]},"properties":{"name":"Wermatswil, Ledi","lines":"827","arr":["827"],"terminus":0,"mode":"bus","color":"#0059a9","colorDark":"#00294f","angle":8,"snapDist":5,"label":0}},{"type":"Feature","geometry":{"type":"Point","coordinates":[8.726204,47.355857]},"properties":{"name":"Uster, Reithalle","lines":"827","arr":["827"],"terminus":0,"mode":"bus","color":"#0059a9","colorDark":"#00294f","angle":314.2,"snapDist":7,"label":0}},{"type":"Feature","geometry":{"type":"Point","coordinates":[8.769476,47.343628]},"properties":{"name":"Seegräben, Gemeindehaus","lines":"846","arr":["846"],"terminus":1,"mode":"bus","color":"#0059a9","colorDark":"#00294f","angle":350.4,"snapDist":2,"label":1}},{"type":"Feature","geometry":{"type":"Point","coordinates":[8.710148,47.287802]},"properties":{"name":"Esslingen, Bahnhof","lines":"905","arr":["905"],"terminus":1,"mode":"bus","color":"#0059a9","colorDark":"#00294f","angle":229.8,"snapDist":2,"label":1}},{"type":"Feature","geometry":{"type":"Point","coordinates":[8.702158,47.292303]},"properties":{"name":"Emmat","lines":"905","arr":["905"],"terminus":0,"mode":"bus","color":"#0059a9","colorDark":"#00294f","angle":6.5,"snapDist":1,"label":1}},{"type":"Feature","geometry":{"type":"Point","coordinates":[8.693883,47.296284]},"properties":{"name":"Langwies ZH","lines":"905","arr":["905"],"terminus":0,"mode":"bus","color":"#0059a9","colorDark":"#00294f","angle":47.9,"snapDist":2,"label":1}},{"type":"Feature","geometry":{"type":"Point","coordinates":[8.689602,47.301306]},"properties":{"name":"Egg, Station","lines":"905","arr":["905"],"terminus":0,"mode":"bus","color":"#0059a9","colorDark":"#00294f","angle":62.1,"snapDist":5,"label":1}},{"type":"Feature","geometry":{"type":"Point","coordinates":[8.684251,47.305659]},"properties":{"name":"Hinteregg, Station","lines":"905","arr":["905"],"terminus":0,"mode":"bus","color":"#0059a9","colorDark":"#00294f","angle":37,"snapDist":2,"label":1}},{"type":"Feature","geometry":{"type":"Point","coordinates":[8.673908,47.312708]},"properties":{"name":"Neuhaus bei Hinteregg, Station","lines":"905","arr":["905"],"terminus":0,"mode":"bus","color":"#0059a9","colorDark":"#00294f","angle":24.3,"snapDist":2,"label":1}},{"type":"Feature","geometry":{"type":"Point","coordinates":[8.659642,47.322441]},"properties":{"name":"Scheuren, Station","lines":"905","arr":["905"],"terminus":0,"mode":"bus","color":"#0059a9","colorDark":"#00294f","angle":38,"snapDist":5,"label":1}},{"type":"Feature","geometry":{"type":"Point","coordinates":[8.6479,47.324976]},"properties":{"name":"Forch, Bahnhof","lines":"905","arr":["905"],"terminus":1,"mode":"bus","color":"#0059a9","colorDark":"#00294f","angle":346.9,"snapDist":2,"label":0}},{"type":"Feature","geometry":{"type":"Point","coordinates":[8.659778,47.322369]},"properties":{"name":"Scheuren, Station","lines":"905","arr":["905"],"terminus":0,"mode":"bus","color":"#0059a9","colorDark":"#00294f","angle":218,"snapDist":10,"label":0}},{"type":"Feature","geometry":{"type":"Point","coordinates":[8.673962,47.312691]},"properties":{"name":"Neuhaus bei Hinteregg, Station","lines":"905","arr":["905"],"terminus":0,"mode":"bus","color":"#0059a9","colorDark":"#00294f","angle":204.3,"snapDist":11,"label":0}},{"type":"Feature","geometry":{"type":"Point","coordinates":[8.684845,47.305376]},"properties":{"name":"Hinteregg, Station","lines":"905","arr":["905"],"terminus":0,"mode":"bus","color":"#0059a9","colorDark":"#00294f","angle":216.3,"snapDist":3,"label":0}},{"type":"Feature","geometry":{"type":"Point","coordinates":[8.689697,47.301196]},"properties":{"name":"Egg, Station","lines":"905","arr":["905"],"terminus":0,"mode":"bus","color":"#0059a9","colorDark":"#00294f","angle":238.9,"snapDist":3,"label":0}},{"type":"Feature","geometry":{"type":"Point","coordinates":[8.69433,47.295982]},"properties":{"name":"Langwies ZH","lines":"905","arr":["905"],"terminus":0,"mode":"bus","color":"#0059a9","colorDark":"#00294f","angle":227.6,"snapDist":1,"label":0}},{"type":"Feature","geometry":{"type":"Point","coordinates":[8.702402,47.292286]},"properties":{"name":"Emmat","lines":"905","arr":["905"],"terminus":0,"mode":"bus","color":"#0059a9","colorDark":"#00294f","angle":184.9,"snapDist":0,"label":0}},{"type":"Feature","geometry":{"type":"Point","coordinates":[8.710133,47.287413]},"properties":{"name":"Esslingen, Bahnhof","lines":"905","arr":["905"],"terminus":1,"mode":"bus","color":"#0059a9","colorDark":"#00294f","angle":221.4,"snapDist":1,"label":0}},{"type":"Feature","geometry":{"type":"Point","coordinates":[8.580964,47.339945]},"properties":{"name":"Zollikon, Höhestrasse","lines":"910","arr":["910"],"terminus":0,"mode":"bus","color":"#0059a9","colorDark":"#00294f","angle":196.3,"snapDist":4,"label":1}},{"type":"Feature","geometry":{"type":"Point","coordinates":[8.583226,47.343269]},"properties":{"name":"Zollikon, Allmend","lines":"910","arr":["910"],"terminus":0,"mode":"bus","color":"#0059a9","colorDark":"#00294f","angle":124.2,"snapDist":21,"label":1}},{"type":"Feature","geometry":{"type":"Point","coordinates":[8.586655,47.345185]},"properties":{"name":"Zollikon, Schützenstrasse","lines":"910","arr":["910"],"terminus":0,"mode":"bus","color":"#0059a9","colorDark":"#00294f","angle":150.1,"snapDist":4,"label":1}},{"type":"Feature","geometry":{"type":"Point","coordinates":[8.589534,47.345841]},"properties":{"name":"Zollikon, Rebwiesstrasse","lines":"910","arr":["910"],"terminus":0,"mode":"bus","color":"#0059a9","colorDark":"#00294f","angle":153.7,"snapDist":7,"label":1}},{"type":"Feature","geometry":{"type":"Point","coordinates":[8.593036,47.345359]},"properties":{"name":"Waldburg, Station","lines":"910","arr":["910"],"terminus":0,"mode":"bus","color":"#0059a9","colorDark":"#00294f","angle":162.7,"snapDist":1,"label":1}},{"type":"Feature","geometry":{"type":"Point","coordinates":[8.604415,47.346383]},"properties":{"name":"Zollikerberg, Station/Q treff","lines":"910","arr":["910"],"terminus":0,"mode":"bus","color":"#0059a9","colorDark":"#00294f","angle":199.5,"snapDist":4,"label":1}},{"type":"Feature","geometry":{"type":"Point","coordinates":[8.61491,47.348428]},"properties":{"name":"Zollikerberg, Sennhof","lines":"910","arr":["910"],"terminus":0,"mode":"bus","color":"#0059a9","colorDark":"#00294f","angle":70,"snapDist":2,"label":1}},{"type":"Feature","geometry":{"type":"Point","coordinates":[8.627161,47.356666]},"properties":{"name":"Binz bei Maur, Gassacher","lines":"910","arr":["910"],"terminus":0,"mode":"bus","color":"#0059a9","colorDark":"#00294f","angle":166.5,"snapDist":3,"label":0}},{"type":"Feature","geometry":{"type":"Point","coordinates":[8.669151,47.340213]},"properties":{"name":"Maur, Dorf","lines":"910","arr":["910"],"terminus":1,"mode":"bus","color":"#0059a9","colorDark":"#00294f","angle":201.1,"snapDist":1,"label":0}},{"type":"Feature","geometry":{"type":"Point","coordinates":[8.626985,47.356638]},"properties":{"name":"Binz bei Maur, Gassacher","lines":"910","arr":["910"],"terminus":0,"mode":"bus","color":"#0059a9","colorDark":"#00294f","angle":347.3,"snapDist":5,"label":0}},{"type":"Feature","geometry":{"type":"Point","coordinates":[8.603618,47.346526]},"properties":{"name":"Zollikerberg, Station/Q treff","lines":"910","arr":["910"],"terminus":0,"mode":"bus","color":"#0059a9","colorDark":"#00294f","angle":5.4,"snapDist":4,"label":0}},{"type":"Feature","geometry":{"type":"Point","coordinates":[8.593496,47.345267]},"properties":{"name":"Waldburg, Station","lines":"910","arr":["910"],"terminus":0,"mode":"bus","color":"#0059a9","colorDark":"#00294f","angle":38.4,"snapDist":4,"label":0}},{"type":"Feature","geometry":{"type":"Point","coordinates":[8.588242,47.345667]},"properties":{"name":"Zollikon, Rebwiesstrasse","lines":"910","arr":["910"],"terminus":0,"mode":"bus","color":"#0059a9","colorDark":"#00294f","angle":350.9,"snapDist":7,"label":0}},{"type":"Feature","geometry":{"type":"Point","coordinates":[8.585806,47.344857]},"properties":{"name":"Zollikon, Schützenstrasse","lines":"910","arr":["910"],"terminus":0,"mode":"bus","color":"#0059a9","colorDark":"#00294f","angle":330.4,"snapDist":8,"label":0}},{"type":"Feature","geometry":{"type":"Point","coordinates":[8.582778,47.342765]},"properties":{"name":"Zollikon, Allmend","lines":"910","arr":["910"],"terminus":0,"mode":"bus","color":"#0059a9","colorDark":"#00294f","angle":298.3,"snapDist":3,"label":0}},{"type":"Feature","geometry":{"type":"Point","coordinates":[8.581398,47.339865]},"properties":{"name":"Zollikon, Höhestrasse","lines":"910","arr":["910"],"terminus":0,"mode":"bus","color":"#0059a9","colorDark":"#00294f","angle":15.2,"snapDist":5,"label":0}},{"type":"Feature","geometry":{"type":"Point","coordinates":[8.544866,47.36642]},"properties":{"name":"Bellevue H","lines":"912, 916","arr":["912","916"],"terminus":1,"mode":"bus","color":"#0059a9","colorDark":"#00294f","angle":243.2,"snapDist":5,"label":1}},{"type":"Feature","geometry":{"type":"Point","coordinates":[8.561178,47.349654]},"properties":{"name":"Bahnhof Tiefenbrunnen","lines":"912, 916, N91","arr":["912","916","N91"],"terminus":0,"mode":"bus","color":"#0059a9","colorDark":"#00294f","angle":235.5,"snapDist":4,"label":0}},{"type":"Feature","geometry":{"type":"Point","coordinates":[8.567417,47.342089]},"properties":{"name":"Zollikon, Felbenstrasse","lines":"912, 916, N91","arr":["912","916","N91"],"terminus":0,"mode":"bus","color":"#0059a9","colorDark":"#00294f","angle":265.2,"snapDist":5,"label":1}},{"type":"Feature","geometry":{"type":"Point","coordinates":[8.569917,47.337586]},"properties":{"name":"Zollikon, Bahnhof","lines":"912, 916, N4, N91","arr":["912","916","N4","N91"],"terminus":1,"mode":"bus","color":"#0059a9","colorDark":"#00294f","angle":244.5,"snapDist":3,"label":0}},{"type":"Feature","geometry":{"type":"Point","coordinates":[8.571224,47.338638]},"properties":{"name":"Zollikon, Dufourplatz","lines":"912, 916, N4, N91","arr":["912","916","N4","N91"],"terminus":0,"mode":"bus","color":"#0059a9","colorDark":"#00294f","angle":134.5,"snapDist":3,"label":1}},{"type":"Feature","geometry":{"type":"Point","coordinates":[8.577625,47.334919]},"properties":{"name":"Zollikon, Goldhaldenplatz","lines":"912, 916, N91","arr":["912","916","N91"],"terminus":0,"mode":"bus","color":"#0059a9","colorDark":"#00294f","angle":232.3,"snapDist":4,"label":0}},{"type":"Feature","geometry":{"type":"Point","coordinates":[8.579547,47.332016]},"properties":{"name":"Küsnacht ZH, Bühlstrasse","lines":"912, 916, N91","arr":["912","916","N91"],"terminus":0,"mode":"bus","color":"#0059a9","colorDark":"#00294f","angle":255.9,"snapDist":3,"label":1}},{"type":"Feature","geometry":{"type":"Point","coordinates":[8.58026,47.329605]},"properties":{"name":"Küsnacht ZH, Goldbacherstrasse","lines":"912, 916, N91","arr":["912","916","N91"],"terminus":0,"mode":"bus","color":"#0059a9","colorDark":"#00294f","angle":249.1,"snapDist":4,"label":1}},{"type":"Feature","geometry":{"type":"Point","coordinates":[8.582305,47.326036]},"properties":{"name":"Küsnacht ZH, Boglerenstrasse","lines":"912, 916, 919, N91","arr":["912","916","919","N91"],"terminus":0,"mode":"bus","color":"#0059a9","colorDark":"#00294f","angle":271.4,"snapDist":5,"label":1}},{"type":"Feature","geometry":{"type":"Point","coordinates":[8.582506,47.323391]},"properties":{"name":"Küsnacht ZH, Schiedhaldenstr.","lines":"912, 916, 919, N91","arr":["912","916","919","N91"],"terminus":0,"mode":"bus","color":"#0059a9","colorDark":"#00294f","angle":265.8,"snapDist":4,"label":1}},{"type":"Feature","geometry":{"type":"Point","coordinates":[8.58655,47.321599]},"properties":{"name":"Küsnacht ZH, Schiedhaldensteig","lines":"912, N91","arr":["912","N91"],"terminus":0,"mode":"bus","color":"#0059a9","colorDark":"#00294f","angle":219,"snapDist":4,"label":1}},{"type":"Feature","geometry":{"type":"Point","coordinates":[8.589818,47.321712]},"properties":{"name":"Küsnacht ZH, Schübel","lines":"912, N91","arr":["912","N91"],"terminus":0,"mode":"bus","color":"#0059a9","colorDark":"#00294f","angle":87.3,"snapDist":5,"label":1}},{"type":"Feature","geometry":{"type":"Point","coordinates":[8.593963,47.325664]},"properties":{"name":"Itschnach, Tägermoos","lines":"912, 919, N91","arr":["912","919","N91"],"terminus":0,"mode":"bus","color":"#0059a9","colorDark":"#00294f","angle":98.7,"snapDist":3,"label":1}},{"type":"Feature","geometry":{"type":"Point","coordinates":[8.598175,47.326516]},"properties":{"name":"Itschnach, Rebweg","lines":"912, 919, N91","arr":["912","919","N91"],"terminus":0,"mode":"bus","color":"#0059a9","colorDark":"#00294f","angle":224.7,"snapDist":7,"label":1}},{"type":"Feature","geometry":{"type":"Point","coordinates":[8.60221,47.327725]},"properties":{"name":"Itschnach, Dorf","lines":"912, 919, N91","arr":["912","919","N91"],"terminus":0,"mode":"bus","color":"#0059a9","colorDark":"#00294f","angle":149.5,"snapDist":7,"label":1}},{"type":"Feature","geometry":{"type":"Point","coordinates":[8.606202,47.329104]},"properties":{"name":"Itschnach, Fallacher","lines":"912, N91","arr":["912","N91"],"terminus":1,"mode":"bus","color":"#0059a9","colorDark":"#00294f","angle":137.9,"snapDist":6,"label":1}},{"type":"Feature","geometry":{"type":"Point","coordinates":[8.602328,47.327771]},"properties":{"name":"Itschnach, Dorf","lines":"912, 919, N91","arr":["912","919","N91"],"terminus":0,"mode":"bus","color":"#0059a9","colorDark":"#00294f","angle":330.6,"snapDist":8,"label":0}},{"type":"Feature","geometry":{"type":"Point","coordinates":[8.597995,47.326636]},"properties":{"name":"Itschnach, Rebweg","lines":"912, 919, N91","arr":["912","919","N91"],"terminus":0,"mode":"bus","color":"#0059a9","colorDark":"#00294f","angle":44.4,"snapDist":5,"label":0}},{"type":"Feature","geometry":{"type":"Point","coordinates":[8.593993,47.326041]},"properties":{"name":"Itschnach, Tägermoos","lines":"912, 919, N91","arr":["912","919","N91"],"terminus":0,"mode":"bus","color":"#0059a9","colorDark":"#00294f","angle":272.3,"snapDist":6,"label":0}},{"type":"Feature","geometry":{"type":"Point","coordinates":[8.589837,47.32215]},"properties":{"name":"Küsnacht ZH, Schübel","lines":"912, N91","arr":["912","N91"],"terminus":0,"mode":"bus","color":"#0059a9","colorDark":"#00294f","angle":280.6,"snapDist":5,"label":0}},{"type":"Feature","geometry":{"type":"Point","coordinates":[8.586408,47.321677]},"properties":{"name":"Küsnacht ZH, Schiedhaldensteig","lines":"912, N91","arr":["912","N91"],"terminus":0,"mode":"bus","color":"#0059a9","colorDark":"#00294f","angle":39,"snapDist":3,"label":0}},{"type":"Feature","geometry":{"type":"Point","coordinates":[8.582518,47.323306]},"properties":{"name":"Küsnacht ZH, Schiedhaldenstr.","lines":"912, 916, 919, N91","arr":["912","916","919","N91"],"terminus":0,"mode":"bus","color":"#0059a9","colorDark":"#00294f","angle":83.8,"snapDist":4,"label":0}},{"type":"Feature","geometry":{"type":"Point","coordinates":[8.582294,47.326315]},"properties":{"name":"Küsnacht ZH, Boglerenstrasse","lines":"912, 916, 919, N91","arr":["912","916","919","N91"],"terminus":0,"mode":"bus","color":"#0059a9","colorDark":"#00294f","angle":72.5,"snapDist":5,"label":0}},{"type":"Feature","geometry":{"type":"Point","coordinates":[8.580503,47.329045]},"properties":{"name":"Küsnacht ZH, Goldbacherstrasse","lines":"912, 916, N91","arr":["912","916","N91"],"terminus":0,"mode":"bus","color":"#0059a9","colorDark":"#00294f","angle":90.2,"snapDist":7,"label":0}},{"type":"Feature","geometry":{"type":"Point","coordinates":[8.579551,47.332006]},"properties":{"name":"Küsnacht ZH, Bühlstrasse","lines":"912, 916, N91","arr":["912","916","N91"],"terminus":0,"mode":"bus","color":"#0059a9","colorDark":"#00294f","angle":77,"snapDist":5,"label":0}},{"type":"Feature","geometry":{"type":"Point","coordinates":[8.577706,47.334849]},"properties":{"name":"Zollikon, Goldhaldenplatz","lines":"912, 916, N91","arr":["912","916","N91"],"terminus":0,"mode":"bus","color":"#0059a9","colorDark":"#00294f","angle":52.7,"snapDist":5,"label":0}},{"type":"Feature","geometry":{"type":"Point","coordinates":[8.571042,47.338512]},"properties":{"name":"Zollikon, Dufourplatz","lines":"912, 916, N4, N91","arr":["912","916","N4","N91"],"terminus":0,"mode":"bus","color":"#0059a9","colorDark":"#00294f","angle":314.5,"snapDist":4,"label":0}},{"type":"Feature","geometry":{"type":"Point","coordinates":[8.567503,47.341371]},"properties":{"name":"Zollikon, Felbenstrasse","lines":"912, 916, N91","arr":["912","916","N91"],"terminus":0,"mode":"bus","color":"#0059a9","colorDark":"#00294f","angle":85.9,"snapDist":4,"label":0}},{"type":"Feature","geometry":{"type":"Point","coordinates":[8.560764,47.350286]},"properties":{"name":"Bahnhof Tiefenbrunnen","lines":"912, 916, N91","arr":["912","916","N91"],"terminus":0,"mode":"bus","color":"#0059a9","colorDark":"#00294f","angle":7.9,"snapDist":1,"label":0}},{"type":"Feature","geometry":{"type":"Point","coordinates":[8.554095,47.358172]},"properties":{"name":"Höschgasse","lines":"912, 916, N91","arr":["912","916","N91"],"terminus":0,"mode":"bus","color":"#0059a9","colorDark":"#00294f","angle":57.1,"snapDist":1,"label":0}},{"type":"Feature","geometry":{"type":"Point","coordinates":[8.552273,47.360266]},"properties":{"name":"Feldeggstrasse","lines":"912, 916, N91","arr":["912","916","N91"],"terminus":0,"mode":"bus","color":"#0059a9","colorDark":"#00294f","angle":59,"snapDist":1,"label":1}},{"type":"Feature","geometry":{"type":"Point","coordinates":[8.550007,47.362879]},"properties":{"name":"Kreuzstrasse","lines":"912, 916, N91","arr":["912","916","N91"],"terminus":0,"mode":"bus","color":"#0059a9","colorDark":"#00294f","angle":59.2,"snapDist":0,"label":1}},{"type":"Feature","geometry":{"type":"Point","coordinates":[8.547495,47.365523]},"properties":{"name":"Opernhaus E","lines":"912, 916, N91","arr":["912","916","N91"],"terminus":0,"mode":"bus","color":"#0059a9","colorDark":"#00294f","angle":50.3,"snapDist":2,"label":1}},{"type":"Feature","geometry":{"type":"Point","coordinates":[8.545919,47.366786]},"properties":{"name":"Bellevue","lines":"912, 916","arr":["912","916"],"terminus":1,"mode":"bus","color":"#0059a9","colorDark":"#00294f","angle":48.4,"snapDist":1,"label":1}},{"type":"Feature","geometry":{"type":"Point","coordinates":[8.584476,47.319284]},"properties":{"name":"Küsnacht ZH, Oberwacht","lines":"916, 919","arr":["916","919"],"terminus":0,"mode":"bus","color":"#0059a9","colorDark":"#00294f","angle":271.1,"snapDist":3,"label":1}},{"type":"Feature","geometry":{"type":"Point","coordinates":[8.58563,47.316814]},"properties":{"name":"Küsnacht ZH, Obere Heslibachst","lines":"916","arr":["916"],"terminus":0,"mode":"bus","color":"#0059a9","colorDark":"#00294f","angle":234.4,"snapDist":7,"label":1}},{"type":"Feature","geometry":{"type":"Point","coordinates":[8.589554,47.31456]},"properties":{"name":"Küsnacht ZH, Bergstrasse","lines":"916","arr":["916"],"terminus":0,"mode":"bus","color":"#0059a9","colorDark":"#00294f","angle":236.1,"snapDist":4,"label":1}},{"type":"Feature","geometry":{"type":"Point","coordinates":[8.592306,47.314141]},"properties":{"name":"Küsnacht ZH, Himmelistrasse","lines":"916","arr":["916"],"terminus":0,"mode":"bus","color":"#0059a9","colorDark":"#00294f","angle":99.6,"snapDist":6,"label":1}},{"type":"Feature","geometry":{"type":"Point","coordinates":[8.593794,47.315456]},"properties":{"name":"Küsnacht ZH, Hesligenstrasse","lines":"916","arr":["916"],"terminus":0,"mode":"bus","color":"#0059a9","colorDark":"#00294f","angle":227.5,"snapDist":3,"label":1}},{"type":"Feature","geometry":{"type":"Point","coordinates":[8.595413,47.314501]},"properties":{"name":"Küsnacht ZH, Ränkestrasse","lines":"916","arr":["916"],"terminus":0,"mode":"bus","color":"#0059a9","colorDark":"#00294f","angle":204.1,"snapDist":3,"label":1}},{"type":"Feature","geometry":{"type":"Point","coordinates":[8.597192,47.315845]},"properties":{"name":"Küsnacht ZH, Allmend","lines":"916","arr":["916"],"terminus":1,"mode":"bus","color":"#0059a9","colorDark":"#00294f","angle":71,"snapDist":4,"label":1}},{"type":"Feature","geometry":{"type":"Point","coordinates":[8.592969,47.315724]},"properties":{"name":"Küsnacht ZH, Hesligenstrasse","lines":"916","arr":["916"],"terminus":0,"mode":"bus","color":"#0059a9","colorDark":"#00294f","angle":340.6,"snapDist":4,"label":0}},{"type":"Feature","geometry":{"type":"Point","coordinates":[8.592197,47.313701]},"properties":{"name":"Küsnacht ZH, Himmelistrasse","lines":"916","arr":["916"],"terminus":0,"mode":"bus","color":"#0059a9","colorDark":"#00294f","angle":279.4,"snapDist":8,"label":0}},{"type":"Feature","geometry":{"type":"Point","coordinates":[8.589676,47.314438]},"properties":{"name":"Küsnacht ZH, Bergstrasse","lines":"916","arr":["916"],"terminus":0,"mode":"bus","color":"#0059a9","colorDark":"#00294f","angle":55.6,"snapDist":2,"label":0}},{"type":"Feature","geometry":{"type":"Point","coordinates":[8.585564,47.316878]},"properties":{"name":"Küsnacht ZH, Obere Heslibachst","lines":"916, 918","arr":["916","918"],"terminus":0,"mode":"bus","color":"#0059a9","colorDark":"#00294f","angle":55.5,"snapDist":4,"label":0}},{"type":"Feature","geometry":{"type":"Point","coordinates":[8.584477,47.319609]},"properties":{"name":"Küsnacht ZH, Oberwacht","lines":"916, 919","arr":["916","919"],"terminus":0,"mode":"bus","color":"#0059a9","colorDark":"#00294f","angle":81.9,"snapDist":3,"label":0}},{"type":"Feature","geometry":{"type":"Point","coordinates":[8.580303,47.319142]},"properties":{"name":"Küsnacht ZH, Bahnhof","lines":"918, 919","arr":["918","919"],"terminus":1,"mode":"bus","color":"#0059a9","colorDark":"#00294f","angle":254.1,"snapDist":4,"label":1}},{"type":"Feature","geometry":{"type":"Point","coordinates":[8.581706,47.318213]},"properties":{"name":"Küsnacht ZH, Zentrum","lines":"918, 919","arr":["918","919"],"terminus":0,"mode":"bus","color":"#0059a9","colorDark":"#00294f","angle":168.7,"snapDist":3,"label":1}},{"type":"Feature","geometry":{"type":"Point","coordinates":[8.583957,47.316607]},"properties":{"name":"Küsnacht ZH, Reform. Kirche","lines":"918","arr":["918"],"terminus":0,"mode":"bus","color":"#0059a9","colorDark":"#00294f","angle":282.7,"snapDist":2,"label":1}},{"type":"Feature","geometry":{"type":"Point","coordinates":[8.584819,47.313883]},"properties":{"name":"Küsnacht ZH, Hallenbad","lines":"918","arr":["918"],"terminus":0,"mode":"bus","color":"#0059a9","colorDark":"#00294f","angle":240.3,"snapDist":3,"label":1}},{"type":"Feature","geometry":{"type":"Point","coordinates":[8.587492,47.311514]},"properties":{"name":"Küsnacht ZH, Gartenstrasse","lines":"918","arr":["918"],"terminus":1,"mode":"bus","color":"#0059a9","colorDark":"#00294f","angle":171.3,"snapDist":4,"label":1}},{"type":"Feature","geometry":{"type":"Point","coordinates":[8.588646,47.313364]},"properties":{"name":"Küsnacht ZH, Oberfeld","lines":"918","arr":["918"],"terminus":0,"mode":"bus","color":"#0059a9","colorDark":"#00294f","angle":63,"snapDist":2,"label":1}},{"type":"Feature","geometry":{"type":"Point","coordinates":[8.582303,47.318375]},"properties":{"name":"Küsnacht ZH, Zentrum","lines":"918, 919","arr":["918","919"],"terminus":0,"mode":"bus","color":"#0059a9","colorDark":"#00294f","angle":339.7,"snapDist":3,"label":0}},{"type":"Feature","geometry":{"type":"Point","coordinates":[8.590655,47.323136]},"properties":{"name":"Küsnacht ZH, Schübel","lines":"919","arr":["919"],"terminus":0,"mode":"bus","color":"#0059a9","colorDark":"#00294f","angle":307.2,"snapDist":3,"label":0}},{"type":"Feature","geometry":{"type":"Point","coordinates":[8.605662,47.328896]},"properties":{"name":"Itschnach, Fallacher","lines":"919","arr":["919"],"terminus":0,"mode":"bus","color":"#0059a9","colorDark":"#00294f","angle":167.2,"snapDist":3,"label":0}},{"type":"Feature","geometry":{"type":"Point","coordinates":[8.614017,47.331749]},"properties":{"name":"Zumikon, Gössikon","lines":"919","arr":["919"],"terminus":0,"mode":"bus","color":"#0059a9","colorDark":"#00294f","angle":136,"snapDist":4,"label":1}},{"type":"Feature","geometry":{"type":"Point","coordinates":[8.618084,47.336136]},"properties":{"name":"Waltikon, Station","lines":"919","arr":["919"],"terminus":0,"mode":"bus","color":"#0059a9","colorDark":"#00294f","angle":123,"snapDist":6,"label":1}},{"type":"Feature","geometry":{"type":"Point","coordinates":[8.623003,47.332912]},"properties":{"name":"Zumikon, Dorfzentrum","lines":"919","arr":["919"],"terminus":1,"mode":"bus","color":"#0059a9","colorDark":"#00294f","angle":63.8,"snapDist":1,"label":1}},{"type":"Feature","geometry":{"type":"Point","coordinates":[8.618026,47.336076]},"properties":{"name":"Waltikon, Station","lines":"919","arr":["919"],"terminus":0,"mode":"bus","color":"#0059a9","colorDark":"#00294f","angle":303,"snapDist":3,"label":0}},{"type":"Feature","geometry":{"type":"Point","coordinates":[8.614899,47.332708]},"properties":{"name":"Zumikon, Gössikon","lines":"919","arr":["919"],"terminus":0,"mode":"bus","color":"#0059a9","colorDark":"#00294f","angle":292.9,"snapDist":2,"label":0}},{"type":"Feature","geometry":{"type":"Point","coordinates":[8.60598,47.328987]},"properties":{"name":"Itschnach, Fallacher","lines":"919","arr":["919"],"terminus":0,"mode":"bus","color":"#0059a9","colorDark":"#00294f","angle":322.1,"snapDist":5,"label":0}},{"type":"Feature","geometry":{"type":"Point","coordinates":[8.644594,47.269396]},"properties":{"name":"Meilen, Bahnhof","lines":"921","arr":["921"],"terminus":1,"mode":"bus","color":"#0059a9","colorDark":"#00294f","angle":25.3,"snapDist":4,"label":1}},{"type":"Feature","geometry":{"type":"Point","coordinates":[8.638509,47.270097]},"properties":{"name":"Meilen, Parkresidenz","lines":"921","arr":["921"],"terminus":0,"mode":"bus","color":"#0059a9","colorDark":"#00294f","angle":335.9,"snapDist":2,"label":1}},{"type":"Feature","geometry":{"type":"Point","coordinates":[8.625427,47.274401]},"properties":{"name":"Meilen, Plätzli","lines":"921","arr":["921"],"terminus":0,"mode":"bus","color":"#0059a9","colorDark":"#00294f","angle":123.9,"snapDist":5,"label":1}},{"type":"Feature","geometry":{"type":"Point","coordinates":[8.625302,47.275586]},"properties":{"name":"Meilen, Schwabach","lines":"921","arr":["921"],"terminus":0,"mode":"bus","color":"#0059a9","colorDark":"#00294f","angle":33.8,"snapDist":0,"label":1}},{"type":"Feature","geometry":{"type":"Point","coordinates":[8.622982,47.276482]},"properties":{"name":"Meilen, Schulhaus Feld","lines":"921","arr":["921"],"terminus":0,"mode":"bus","color":"#0059a9","colorDark":"#00294f","angle":33.5,"snapDist":4,"label":1}},{"type":"Feature","geometry":{"type":"Point","coordinates":[8.618954,47.278444]},"properties":{"name":"Meilen, Rebbergstrasse","lines":"921","arr":["921"],"terminus":0,"mode":"bus","color":"#0059a9","colorDark":"#00294f","angle":13.8,"snapDist":4,"label":1}},{"type":"Feature","geometry":{"type":"Point","coordinates":[8.615476,47.279093]},"properties":{"name":"Meilen, Zentrum Feldmeilen","lines":"921","arr":["921"],"terminus":0,"mode":"bus","color":"#0059a9","colorDark":"#00294f","angle":54.3,"snapDist":7,"label":1}},{"type":"Feature","geometry":{"type":"Point","coordinates":[8.612721,47.281629]},"properties":{"name":"Herrliberg-Feldmeilen, Bahnhof","lines":"921","arr":["921"],"terminus":0,"mode":"bus","color":"#0059a9","colorDark":"#00294f","angle":45.5,"snapDist":4,"label":0}},{"type":"Feature","geometry":{"type":"Point","coordinates":[8.611741,47.282513]},"properties":{"name":"Herrliberg-Feldmeilen,Bhf West","lines":"921, 972","arr":["921","972"],"terminus":0,"mode":"bus","color":"#0059a9","colorDark":"#00294f","angle":51.4,"snapDist":1,"label":0}},{"type":"Feature","geometry":{"type":"Point","coordinates":[8.618441,47.282068]},"properties":{"name":"Meilen, Tobel","lines":"921","arr":["921"],"terminus":0,"mode":"bus","color":"#0059a9","colorDark":"#00294f","angle":88.5,"snapDist":2,"label":1}},{"type":"Feature","geometry":{"type":"Point","coordinates":[8.62411,47.28211]},"properties":{"name":"Meilen, Eichholz","lines":"921","arr":["921"],"terminus":1,"mode":"bus","color":"#0059a9","colorDark":"#00294f","angle":166.4,"snapDist":2,"label":1}},{"type":"Feature","geometry":{"type":"Point","coordinates":[8.618716,47.282253]},"properties":{"name":"Meilen, Tobel","lines":"921, 972","arr":["921","972"],"terminus":0,"mode":"bus","color":"#0059a9","colorDark":"#00294f","angle":358.6,"snapDist":3,"label":0}},{"type":"Feature","geometry":{"type":"Point","coordinates":[8.612047,47.282774]},"properties":{"name":"Herrliberg-Feldmeilen, Bhf Ost","lines":"921, 972","arr":["921","972"],"terminus":0,"mode":"bus","color":"#0059a9","colorDark":"#00294f","angle":48.5,"snapDist":0,"label":1}},{"type":"Feature","geometry":{"type":"Point","coordinates":[8.612642,47.281684]},"properties":{"name":"Herrliberg-Feldmeilen, Bahnhof","lines":"921, 974","arr":["921","974"],"terminus":1,"mode":"bus","color":"#0059a9","colorDark":"#00294f","angle":225.5,"snapDist":4,"label":1}},{"type":"Feature","geometry":{"type":"Point","coordinates":[8.615674,47.27891]},"properties":{"name":"Meilen, Zentrum Feldmeilen","lines":"921","arr":["921"],"terminus":0,"mode":"bus","color":"#0059a9","colorDark":"#00294f","angle":233.7,"snapDist":4,"label":0}},{"type":"Feature","geometry":{"type":"Point","coordinates":[8.619121,47.278417]},"properties":{"name":"Meilen, Rebbergstrasse","lines":"921","arr":["921"],"terminus":0,"mode":"bus","color":"#0059a9","colorDark":"#00294f","angle":192.8,"snapDist":3,"label":0}},{"type":"Feature","geometry":{"type":"Point","coordinates":[8.623019,47.276466]},"properties":{"name":"Meilen, Schulhaus Feld","lines":"921","arr":["921"],"terminus":0,"mode":"bus","color":"#0059a9","colorDark":"#00294f","angle":213.5,"snapDist":4,"label":0}},{"type":"Feature","geometry":{"type":"Point","coordinates":[8.625478,47.275507]},"properties":{"name":"Meilen, Schwabach","lines":"921","arr":["921"],"terminus":0,"mode":"bus","color":"#0059a9","colorDark":"#00294f","angle":213.8,"snapDist":1,"label":0}},{"type":"Feature","geometry":{"type":"Point","coordinates":[8.625284,47.274275]},"properties":{"name":"Meilen, Plätzli","lines":"921","arr":["921"],"terminus":0,"mode":"bus","color":"#0059a9","colorDark":"#00294f","angle":312.3,"snapDist":4,"label":0}},{"type":"Feature","geometry":{"type":"Point","coordinates":[8.638673,47.270147]},"properties":{"name":"Meilen, Parkresidenz","lines":"921","arr":["921"],"terminus":0,"mode":"bus","color":"#0059a9","colorDark":"#00294f","angle":155.9,"snapDist":2,"label":0}},{"type":"Feature","geometry":{"type":"Point","coordinates":[8.644787,47.269334]},"properties":{"name":"Meilen, Bahnhof","lines":"921, 922","arr":["921","922"],"terminus":1,"mode":"bus","color":"#0059a9","colorDark":"#00294f","angle":25.2,"snapDist":2,"label":0}},{"type":"Feature","geometry":{"type":"Point","coordinates":[8.641436,47.271796]},"properties":{"name":"Meilen, Friedhof","lines":"922","arr":["922"],"terminus":0,"mode":"bus","color":"#0059a9","colorDark":"#00294f","angle":203.7,"snapDist":2,"label":1}},{"type":"Feature","geometry":{"type":"Point","coordinates":[8.645793,47.272379]},"properties":{"name":"Meilen, Hallenbad","lines":"922","arr":["922"],"terminus":0,"mode":"bus","color":"#0059a9","colorDark":"#00294f","angle":159.7,"snapDist":1,"label":1}},{"type":"Feature","geometry":{"type":"Point","coordinates":[8.648515,47.270949]},"properties":{"name":"Meilen, Allmend","lines":"922","arr":["922"],"terminus":0,"mode":"bus","color":"#0059a9","colorDark":"#00294f","angle":205.8,"snapDist":0,"label":1}},{"type":"Feature","geometry":{"type":"Point","coordinates":[8.653143,47.270812]},"properties":{"name":"Meilen, Ormis","lines":"922","arr":["922"],"terminus":0,"mode":"bus","color":"#0059a9","colorDark":"#00294f","angle":152.7,"snapDist":4,"label":1}},{"type":"Feature","geometry":{"type":"Point","coordinates":[8.657468,47.271358]},"properties":{"name":"Meilen, Halten","lines":"922","arr":["922"],"terminus":0,"mode":"bus","color":"#0059a9","colorDark":"#00294f","angle":176.5,"snapDist":1,"label":1}},{"type":"Feature","geometry":{"type":"Point","coordinates":[8.661806,47.273439]},"properties":{"name":"Meilen, Zur Au","lines":"922","arr":["922"],"terminus":0,"mode":"bus","color":"#0059a9","colorDark":"#00294f","angle":89.4,"snapDist":2,"label":1}},{"type":"Feature","geometry":{"type":"Point","coordinates":[8.66093,47.274007]},"properties":{"name":"Meilen, Hohenegg","lines":"922","arr":["922"],"terminus":0,"mode":"bus","color":"#0059a9","colorDark":"#00294f","angle":296.5,"snapDist":5,"label":1}},{"type":"Feature","geometry":{"type":"Point","coordinates":[8.663443,47.276937]},"properties":{"name":"Meilen, Charrhalten","lines":"922","arr":["922"],"terminus":0,"mode":"bus","color":"#0059a9","colorDark":"#00294f","angle":111.9,"snapDist":0,"label":1}},{"type":"Feature","geometry":{"type":"Point","coordinates":[8.663166,47.279155]},"properties":{"name":"Meilen, Bezibüel/Chilchbüel","lines":"922","arr":["922"],"terminus":0,"mode":"bus","color":"#0059a9","colorDark":"#00294f","angle":124.6,"snapDist":5,"label":1}},{"type":"Feature","geometry":{"type":"Point","coordinates":[8.667088,47.281211]},"properties":{"name":"Meilen, Bundi","lines":"922","arr":["922"],"terminus":0,"mode":"bus","color":"#0059a9","colorDark":"#00294f","angle":154.4,"snapDist":0,"label":1}},{"type":"Feature","geometry":{"type":"Point","coordinates":[8.669624,47.282758]},"properties":{"name":"Meilen, Roren","lines":"922","arr":["922"],"terminus":0,"mode":"bus","color":"#0059a9","colorDark":"#00294f","angle":136.7,"snapDist":3,"label":1}},{"type":"Feature","geometry":{"type":"Point","coordinates":[8.679852,47.28567]},"properties":{"name":"Meilen, Vorderer Pfannenstiel","lines":"922","arr":["922"],"terminus":1,"mode":"bus","color":"#0059a9","colorDark":"#00294f","angle":163.6,"snapDist":13,"label":1}},{"type":"Feature","geometry":{"type":"Point","coordinates":[8.670009,47.282914]},"properties":{"name":"Meilen, Roren","lines":"922","arr":["922"],"terminus":0,"mode":"bus","color":"#0059a9","colorDark":"#00294f","angle":337.6,"snapDist":2,"label":0}},{"type":"Feature","geometry":{"type":"Point","coordinates":[8.667015,47.281188]},"properties":{"name":"Meilen, Bundi","lines":"922","arr":["922"],"terminus":0,"mode":"bus","color":"#0059a9","colorDark":"#00294f","angle":334.4,"snapDist":1,"label":0}},{"type":"Feature","geometry":{"type":"Point","coordinates":[8.66305,47.279029]},"properties":{"name":"Meilen, Bezibüel/Chilchbüel","lines":"922","arr":["922"],"terminus":0,"mode":"bus","color":"#0059a9","colorDark":"#00294f","angle":298.7,"snapDist":3,"label":0}},{"type":"Feature","geometry":{"type":"Point","coordinates":[8.663425,47.276914]},"properties":{"name":"Meilen, Charrhalten","lines":"922","arr":["922"],"terminus":0,"mode":"bus","color":"#0059a9","colorDark":"#00294f","angle":300,"snapDist":2,"label":0}},{"type":"Feature","geometry":{"type":"Point","coordinates":[8.661807,47.273116]},"properties":{"name":"Meilen, Zur Au","lines":"922","arr":["922"],"terminus":0,"mode":"bus","color":"#0059a9","colorDark":"#00294f","angle":270.6,"snapDist":1,"label":0}},{"type":"Feature","geometry":{"type":"Point","coordinates":[8.657345,47.271353]},"properties":{"name":"Meilen, Halten","lines":"922","arr":["922"],"terminus":0,"mode":"bus","color":"#0059a9","colorDark":"#00294f","angle":356.5,"snapDist":2,"label":0}},{"type":"Feature","geometry":{"type":"Point","coordinates":[8.653036,47.270775]},"properties":{"name":"Meilen, Ormis","lines":"922","arr":["922"],"terminus":0,"mode":"bus","color":"#0059a9","colorDark":"#00294f","angle":332.7,"snapDist":2,"label":0}},{"type":"Feature","geometry":{"type":"Point","coordinates":[8.648042,47.271094]},"properties":{"name":"Meilen, Allmend","lines":"922","arr":["922"],"terminus":0,"mode":"bus","color":"#0059a9","colorDark":"#00294f","angle":23.6,"snapDist":1,"label":0}},{"type":"Feature","geometry":{"type":"Point","coordinates":[8.646151,47.272345]},"properties":{"name":"Meilen, Hallenbad","lines":"922","arr":["922"],"terminus":0,"mode":"bus","color":"#0059a9","colorDark":"#00294f","angle":65.1,"snapDist":1,"label":0}},{"type":"Feature","geometry":{"type":"Point","coordinates":[8.641067,47.271867]},"properties":{"name":"Meilen, Friedhof","lines":"922","arr":["922"],"terminus":0,"mode":"bus","color":"#0059a9","colorDark":"#00294f","angle":9.6,"snapDist":3,"label":0}},{"type":"Feature","geometry":{"type":"Point","coordinates":[8.644669,47.269486]},"properties":{"name":"Meilen, Bahnhof","lines":"922","arr":["922"],"terminus":1,"mode":"bus","color":"#0059a9","colorDark":"#00294f","angle":205,"snapDist":1,"label":0}},{"type":"Feature","geometry":{"type":"Point","coordinates":[8.591227,47.305795]},"properties":{"name":"Erlenbach ZH, Bahnhof","lines":"961, 962","arr":["961","962"],"terminus":1,"mode":"bus","color":"#0059a9","colorDark":"#00294f","angle":69.2,"snapDist":1,"label":1}},{"type":"Feature","geometry":{"type":"Point","coordinates":[8.593592,47.30488]},"properties":{"name":"Erlenbach ZH, Im Loo","lines":"961","arr":["961"],"terminus":0,"mode":"bus","color":"#0059a9","colorDark":"#00294f","angle":91.1,"snapDist":0,"label":1}},{"type":"Feature","geometry":{"type":"Point","coordinates":[8.594377,47.307561]},"properties":{"name":"Erlenbach ZH, Alterswohnheim","lines":"961","arr":["961"],"terminus":0,"mode":"bus","color":"#0059a9","colorDark":"#00294f","angle":221.5,"snapDist":4,"label":1}},{"type":"Feature","geometry":{"type":"Point","coordinates":[8.596548,47.305873]},"properties":{"name":"Erlenbach ZH, Im Vogelsang","lines":"961","arr":["961"],"terminus":0,"mode":"bus","color":"#0059a9","colorDark":"#00294f","angle":228,"snapDist":3,"label":1}},{"type":"Feature","geometry":{"type":"Point","coordinates":[8.597002,47.308187]},"properties":{"name":"Erlenbach ZH, Rankstrasse","lines":"961","arr":["961"],"terminus":0,"mode":"bus","color":"#0059a9","colorDark":"#00294f","angle":55.7,"snapDist":0,"label":1}},{"type":"Feature","geometry":{"type":"Point","coordinates":[8.600156,47.307183]},"properties":{"name":"Erlenbach ZH, Sandfelsenstr.","lines":"961","arr":["961"],"terminus":0,"mode":"bus","color":"#0059a9","colorDark":"#00294f","angle":224.2,"snapDist":4,"label":1}},{"type":"Feature","geometry":{"type":"Point","coordinates":[8.602533,47.305987]},"properties":{"name":"Erlenbach ZH, Erlenhöhe","lines":"961","arr":["961"],"terminus":0,"mode":"bus","color":"#0059a9","colorDark":"#00294f","angle":184.6,"snapDist":5,"label":1}},{"type":"Feature","geometry":{"type":"Point","coordinates":[8.605357,47.306285]},"properties":{"name":"Erlenbach ZH, Allmend","lines":"961","arr":["961"],"terminus":0,"mode":"bus","color":"#0059a9","colorDark":"#00294f","angle":185.1,"snapDist":0,"label":1}},{"type":"Feature","geometry":{"type":"Point","coordinates":[8.60785,47.307]},"properties":{"name":"Erlenbach ZH, Föhrenstrasse","lines":"961","arr":["961"],"terminus":0,"mode":"bus","color":"#0059a9","colorDark":"#00294f","angle":90.2,"snapDist":2,"label":1}},{"type":"Feature","geometry":{"type":"Point","coordinates":[8.609456,47.307763]},"properties":{"name":"Erlenbach ZH, Chapf","lines":"961","arr":["961"],"terminus":0,"mode":"bus","color":"#0059a9","colorDark":"#00294f","angle":200.1,"snapDist":2,"label":1}},{"type":"Feature","geometry":{"type":"Point","coordinates":[8.613315,47.306998]},"properties":{"name":"Erlenbach ZH, Trottgatter","lines":"961","arr":["961"],"terminus":1,"mode":"bus","color":"#0059a9","colorDark":"#00294f","angle":14.9,"snapDist":3,"label":1}},{"type":"Feature","geometry":{"type":"Point","coordinates":[8.609001,47.307876]},"properties":{"name":"Erlenbach ZH, Chapf","lines":"961","arr":["961"],"terminus":0,"mode":"bus","color":"#0059a9","colorDark":"#00294f","angle":20,"snapDist":1,"label":0}},{"type":"Feature","geometry":{"type":"Point","coordinates":[8.60785,47.306914]},"properties":{"name":"Erlenbach ZH, Föhrenstrasse","lines":"961","arr":["961"],"terminus":0,"mode":"bus","color":"#0059a9","colorDark":"#00294f","angle":270.5,"snapDist":4,"label":0}},{"type":"Feature","geometry":{"type":"Point","coordinates":[8.603845,47.306098]},"properties":{"name":"Erlenbach ZH, Erlenhöhe","lines":"961","arr":["961"],"terminus":0,"mode":"bus","color":"#0059a9","colorDark":"#00294f","angle":340.7,"snapDist":1,"label":0}},{"type":"Feature","geometry":{"type":"Point","coordinates":[8.600056,47.307248]},"properties":{"name":"Erlenbach ZH, Sandfelsenstr.","lines":"961","arr":["961"],"terminus":0,"mode":"bus","color":"#0059a9","colorDark":"#00294f","angle":44.1,"snapDist":1,"label":0}},{"type":"Feature","geometry":{"type":"Point","coordinates":[8.597052,47.307195]},"properties":{"name":"Erlenbach ZH, Rankstrasse","lines":"961","arr":["961"],"terminus":0,"mode":"bus","color":"#0059a9","colorDark":"#00294f","angle":269.7,"snapDist":5,"label":0}},{"type":"Feature","geometry":{"type":"Point","coordinates":[8.596251,47.306101]},"properties":{"name":"Erlenbach ZH, Im Vogelsang","lines":"961","arr":["961"],"terminus":0,"mode":"bus","color":"#0059a9","colorDark":"#00294f","angle":48.7,"snapDist":1,"label":0}},{"type":"Feature","geometry":{"type":"Point","coordinates":[8.594062,47.307743]},"properties":{"name":"Erlenbach ZH, Alterswohnheim","lines":"961","arr":["961"],"terminus":0,"mode":"bus","color":"#0059a9","colorDark":"#00294f","angle":34.3,"snapDist":2,"label":0}},{"type":"Feature","geometry":{"type":"Point","coordinates":[8.593595,47.304995]},"properties":{"name":"Erlenbach ZH, Im Loo","lines":"961","arr":["961"],"terminus":0,"mode":"bus","color":"#0059a9","colorDark":"#00294f","angle":271.1,"snapDist":1,"label":0}},{"type":"Feature","geometry":{"type":"Point","coordinates":[8.591345,47.303868]},"properties":{"name":"Erlenbach ZH, Bahnhofstrasse","lines":"961, 962","arr":["961","962"],"terminus":0,"mode":"bus","color":"#0059a9","colorDark":"#00294f","angle":87.6,"snapDist":2,"label":1}},{"type":"Feature","geometry":{"type":"Point","coordinates":[8.591221,47.305806]},"properties":{"name":"Erlenbach ZH, Bahnhof","lines":"961, 962","arr":["961","962"],"terminus":1,"mode":"bus","color":"#0059a9","colorDark":"#00294f","angle":69.2,"snapDist":2,"label":0}},{"type":"Feature","geometry":{"type":"Point","coordinates":[8.593223,47.302808]},"properties":{"name":"Erlenbach ZH,Kirchgemeindehaus","lines":"962","arr":["962"],"terminus":0,"mode":"bus","color":"#0059a9","colorDark":"#00294f","angle":29.7,"snapDist":3,"label":1}},{"type":"Feature","geometry":{"type":"Point","coordinates":[8.598696,47.302387]},"properties":{"name":"Erlenbach ZH, Schulhaus","lines":"962","arr":["962"],"terminus":0,"mode":"bus","color":"#0059a9","colorDark":"#00294f","angle":173.2,"snapDist":3,"label":1}},{"type":"Feature","geometry":{"type":"Point","coordinates":[8.602174,47.29914]},"properties":{"name":"Erlenbach ZH, Rebstrasse","lines":"962","arr":["962"],"terminus":0,"mode":"bus","color":"#0059a9","colorDark":"#00294f","angle":244.7,"snapDist":0,"label":1}},{"type":"Feature","geometry":{"type":"Point","coordinates":[8.603964,47.295448]},"properties":{"name":"Erlenbach ZH, Im Bindschädler","lines":"962","arr":["962"],"terminus":0,"mode":"bus","color":"#0059a9","colorDark":"#00294f","angle":256,"snapDist":2,"label":1}},{"type":"Feature","geometry":{"type":"Point","coordinates":[8.6083,47.29336]},"properties":{"name":"Herrliberg, Holzwies","lines":"962","arr":["962"],"terminus":0,"mode":"bus","color":"#0059a9","colorDark":"#00294f","angle":8.8,"snapDist":3,"label":0}},{"type":"Feature","geometry":{"type":"Point","coordinates":[8.614265,47.294381]},"properties":{"name":"Herrliberg, Bergstrasse","lines":"962","arr":["962"],"terminus":0,"mode":"bus","color":"#0059a9","colorDark":"#00294f","angle":174,"snapDist":2,"label":1}},{"type":"Feature","geometry":{"type":"Point","coordinates":[8.613231,47.295423]},"properties":{"name":"Herrliberg, Freudacherstrasse","lines":"962","arr":["962"],"terminus":0,"mode":"bus","color":"#0059a9","colorDark":"#00294f","angle":36.4,"snapDist":1,"label":1}},{"type":"Feature","geometry":{"type":"Point","coordinates":[8.608501,47.296893]},"properties":{"name":"Erlenbach ZH, Pflugstein","lines":"962","arr":["962"],"terminus":0,"mode":"bus","color":"#0059a9","colorDark":"#00294f","angle":4.5,"snapDist":1,"label":1}},{"type":"Feature","geometry":{"type":"Point","coordinates":[8.606367,47.297173]},"properties":{"name":"Erlenbach ZH, Im Streuli","lines":"962","arr":["962"],"terminus":1,"mode":"bus","color":"#0059a9","colorDark":"#00294f","angle":255.3,"snapDist":2,"label":1}},{"type":"Feature","geometry":{"type":"Point","coordinates":[8.608291,47.293919]},"properties":{"name":"Herrliberg, Holzwies","lines":"962","arr":["962"],"terminus":0,"mode":"bus","color":"#0059a9","colorDark":"#00294f","angle":259.4,"snapDist":3,"label":0}},{"type":"Feature","geometry":{"type":"Point","coordinates":[8.603924,47.295558]},"properties":{"name":"Erlenbach ZH, Im Bindschädler","lines":"962","arr":["962"],"terminus":0,"mode":"bus","color":"#0059a9","colorDark":"#00294f","angle":75.2,"snapDist":3,"label":0}},{"type":"Feature","geometry":{"type":"Point","coordinates":[8.602098,47.299246]},"properties":{"name":"Erlenbach ZH, Rebstrasse","lines":"962","arr":["962"],"terminus":0,"mode":"bus","color":"#0059a9","colorDark":"#00294f","angle":244.3,"snapDist":1,"label":0}},{"type":"Feature","geometry":{"type":"Point","coordinates":[8.598891,47.302403]},"properties":{"name":"Erlenbach ZH, Schulhaus","lines":"962","arr":["962"],"terminus":0,"mode":"bus","color":"#0059a9","colorDark":"#00294f","angle":173.3,"snapDist":1,"label":0}},{"type":"Feature","geometry":{"type":"Point","coordinates":[8.593387,47.302745]},"properties":{"name":"Erlenbach ZH,Kirchgemeindehaus","lines":"962","arr":["962"],"terminus":0,"mode":"bus","color":"#0059a9","colorDark":"#00294f","angle":209.7,"snapDist":2,"label":0}},{"type":"Feature","geometry":{"type":"Point","coordinates":[8.608971,47.29346]},"properties":{"name":"Herrliberg, Holzwies","lines":"962, 973","arr":["962","973"],"terminus":1,"mode":"bus","color":"#0059a9","colorDark":"#00294f","angle":158.2,"snapDist":0,"label":1}},{"type":"Feature","geometry":{"type":"Point","coordinates":[8.612717,47.281632]},"properties":{"name":"Herrliberg-Feldmeilen, Bahnhof","lines":"972","arr":["972"],"terminus":1,"mode":"bus","color":"#0059a9","colorDark":"#00294f","angle":45.5,"snapDist":4,"label":0}},{"type":"Feature","geometry":{"type":"Point","coordinates":[8.608731,47.287305]},"properties":{"name":"Herrliberg, Pfarrgasse","lines":"972","arr":["972"],"terminus":0,"mode":"bus","color":"#0059a9","colorDark":"#00294f","angle":63.8,"snapDist":0,"label":1}},{"type":"Feature","geometry":{"type":"Point","coordinates":[8.605866,47.290188]},"properties":{"name":"Herrliberg, Grüt","lines":"972","arr":["972"],"terminus":0,"mode":"bus","color":"#0059a9","colorDark":"#00294f","angle":50.9,"snapDist":0,"label":1}},{"type":"Feature","geometry":{"type":"Point","coordinates":[8.609898,47.289605]},"properties":{"name":"Herrliberg, Vogtei","lines":"972","arr":["972"],"terminus":0,"mode":"bus","color":"#0059a9","colorDark":"#00294f","angle":202.6,"snapDist":4,"label":1}},{"type":"Feature","geometry":{"type":"Point","coordinates":[8.613452,47.288504]},"properties":{"name":"Herrliberg, Schulhaus","lines":"972","arr":["972"],"terminus":0,"mode":"bus","color":"#0059a9","colorDark":"#00294f","angle":216.8,"snapDist":3,"label":1}},{"type":"Feature","geometry":{"type":"Point","coordinates":[8.615106,47.287069]},"properties":{"name":"Herrliberg, Alterssiedlung","lines":"972","arr":["972"],"terminus":0,"mode":"bus","color":"#0059a9","colorDark":"#00294f","angle":238.3,"snapDist":3,"label":1}},{"type":"Feature","geometry":{"type":"Point","coordinates":[8.617622,47.286113]},"properties":{"name":"Herrliberg, Grundhofstrasse","lines":"972","arr":["972"],"terminus":0,"mode":"bus","color":"#0059a9","colorDark":"#00294f","angle":249.3,"snapDist":3,"label":1}},{"type":"Feature","geometry":{"type":"Point","coordinates":[8.620057,47.284377]},"properties":{"name":"Herrliberg, Humrigen","lines":"972","arr":["972"],"terminus":0,"mode":"bus","color":"#0059a9","colorDark":"#00294f","angle":229.9,"snapDist":3,"label":1}},{"type":"Feature","geometry":{"type":"Point","coordinates":[8.622332,47.281785]},"properties":{"name":"Meilen, Eichholz","lines":"972","arr":["972"],"terminus":0,"mode":"bus","color":"#0059a9","colorDark":"#00294f","angle":354.4,"snapDist":4,"label":0}},{"type":"Feature","geometry":{"type":"Point","coordinates":[8.61112,47.282828]},"properties":{"name":"Herrliberg-Feldmeilen,Bhf West","lines":"972, 973","arr":["972","973"],"terminus":1,"mode":"bus","color":"#0059a9","colorDark":"#00294f","angle":203.7,"snapDist":4,"label":1}},{"type":"Feature","geometry":{"type":"Point","coordinates":[8.61359,47.286223]},"properties":{"name":"Herrliberg, Gartenstrasse","lines":"973, 974","arr":["973","974"],"terminus":0,"mode":"bus","color":"#0059a9","colorDark":"#00294f","angle":147.1,"snapDist":2,"label":1}},{"type":"Feature","geometry":{"type":"Point","coordinates":[8.61699,47.286488]},"properties":{"name":"Herrliberg, Harzerstrasse","lines":"973, 974","arr":["973","974"],"terminus":0,"mode":"bus","color":"#0059a9","colorDark":"#00294f","angle":184.4,"snapDist":1,"label":1}},{"type":"Feature","geometry":{"type":"Point","coordinates":[8.621223,47.287111]},"properties":{"name":"Herrliberg, Forchstrasse","lines":"973","arr":["973"],"terminus":0,"mode":"bus","color":"#0059a9","colorDark":"#00294f","angle":59.7,"snapDist":1,"label":1}},{"type":"Feature","geometry":{"type":"Point","coordinates":[8.618572,47.288433]},"properties":{"name":"Herrliberg, Aryanastrasse","lines":"973","arr":["973"],"terminus":0,"mode":"bus","color":"#0059a9","colorDark":"#00294f","angle":32.3,"snapDist":1,"label":1}},{"type":"Feature","geometry":{"type":"Point","coordinates":[8.615666,47.290765]},"properties":{"name":"Herrliberg, Tennisplätze","lines":"973","arr":["973"],"terminus":0,"mode":"bus","color":"#0059a9","colorDark":"#00294f","angle":31.6,"snapDist":1,"label":1}},{"type":"Feature","geometry":{"type":"Point","coordinates":[8.611696,47.292787]},"properties":{"name":"Herrliberg, Sportplatz","lines":"973","arr":["973"],"terminus":0,"mode":"bus","color":"#0059a9","colorDark":"#00294f","angle":55.3,"snapDist":1,"label":1}},{"type":"Feature","geometry":{"type":"Point","coordinates":[8.607129,47.292876]},"properties":{"name":"Herrliberg, Rain","lines":"973","arr":["973"],"terminus":0,"mode":"bus","color":"#0059a9","colorDark":"#00294f","angle":234.7,"snapDist":2,"label":1}},{"type":"Feature","geometry":{"type":"Point","coordinates":[8.61068,47.29087]},"properties":{"name":"Herrliberg, Busenhardstrasse","lines":"973","arr":["973"],"terminus":0,"mode":"bus","color":"#0059a9","colorDark":"#00294f","angle":216,"snapDist":3,"label":1}},{"type":"Feature","geometry":{"type":"Point","coordinates":[8.61472,47.288772]},"properties":{"name":"Herrliberg, Rebberg","lines":"973","arr":["973"],"terminus":0,"mode":"bus","color":"#0059a9","colorDark":"#00294f","angle":222.7,"snapDist":2,"label":1}},{"type":"Feature","geometry":{"type":"Point","coordinates":[8.616513,47.286966]},"properties":{"name":"Herrliberg, Oberdorfweg","lines":"973","arr":["973"],"terminus":0,"mode":"bus","color":"#0059a9","colorDark":"#00294f","angle":286.6,"snapDist":1,"label":1}},{"type":"Feature","geometry":{"type":"Point","coordinates":[8.612222,47.2856]},"properties":{"name":"Herrliberg, Gartenstrasse","lines":"973, 974","arr":["973","974"],"terminus":0,"mode":"bus","color":"#0059a9","colorDark":"#00294f","angle":145.2,"snapDist":4,"label":0}},{"type":"Feature","geometry":{"type":"Point","coordinates":[8.611164,47.282814]},"properties":{"name":"Herrliberg-Feldmeilen,Bhf West","lines":"973, 974","arr":["973","974"],"terminus":1,"mode":"bus","color":"#0059a9","colorDark":"#00294f","angle":186.2,"snapDist":6,"label":0}},{"type":"Feature","geometry":{"type":"Point","coordinates":[8.62601,47.286762]},"properties":{"name":"Herrliberg, Rietli","lines":"974","arr":["974"],"terminus":0,"mode":"bus","color":"#0059a9","colorDark":"#00294f","angle":180.5,"snapDist":2,"label":1}},{"type":"Feature","geometry":{"type":"Point","coordinates":[8.630284,47.294941]},"properties":{"name":"Herrliberg, Wetzwil","lines":"974","arr":["974"],"terminus":0,"mode":"bus","color":"#0059a9","colorDark":"#00294f","angle":32.7,"snapDist":3,"label":1}},{"type":"Feature","geometry":{"type":"Point","coordinates":[8.625259,47.29668]},"properties":{"name":"Herrliberg, Kirche Wetzwil","lines":"974","arr":["974"],"terminus":1,"mode":"bus","color":"#0059a9","colorDark":"#00294f","angle":215.3,"snapDist":4,"label":1}},{"type":"Feature","geometry":{"type":"Point","coordinates":[8.630422,47.294882]},"properties":{"name":"Herrliberg, Wetzwil","lines":"974","arr":["974"],"terminus":0,"mode":"bus","color":"#0059a9","colorDark":"#00294f","angle":212.7,"snapDist":1,"label":0}},{"type":"Feature","geometry":{"type":"Point","coordinates":[8.625235,47.286789]},"properties":{"name":"Herrliberg, Rietli","lines":"974","arr":["974"],"terminus":0,"mode":"bus","color":"#0059a9","colorDark":"#00294f","angle":1.1,"snapDist":9,"label":0}},{"type":"Feature","geometry":{"type":"Point","coordinates":[8.616999,47.286558]},"properties":{"name":"Herrliberg, Harzerstrasse","lines":"974","arr":["974"],"terminus":0,"mode":"bus","color":"#0059a9","colorDark":"#00294f","angle":8.4,"snapDist":0,"label":0}},{"type":"Feature","geometry":{"type":"Point","coordinates":[8.569233,47.4169]},"properties":{"name":"Auzelg","lines":"E","arr":["E"],"terminus":1,"mode":"bus","color":"#0059a9","colorDark":"#00294f","angle":126.8,"snapDist":0,"label":1}},{"type":"Feature","geometry":{"type":"Point","coordinates":[8.604729,47.404387]},"properties":{"name":"Wallisellen, Neugut","lines":"E","arr":["E"],"terminus":0,"mode":"bus","color":"#0059a9","colorDark":"#00294f","angle":209.4,"snapDist":1,"label":1}},{"type":"Feature","geometry":{"type":"Point","coordinates":[8.604536,47.397756]},"properties":{"name":"Dübendorf, Ringwiesen","lines":"E","arr":["E"],"terminus":0,"mode":"bus","color":"#0059a9","colorDark":"#00294f","angle":284.2,"snapDist":5,"label":1}},{"type":"Feature","geometry":{"type":"Point","coordinates":[8.595675,47.396527]},"properties":{"name":"Bahnhof Stettbach","lines":"E","arr":["E"],"terminus":1,"mode":"bus","color":"#0059a9","colorDark":"#00294f","angle":207.5,"snapDist":2,"label":1}},{"type":"Feature","geometry":{"type":"Point","coordinates":[8.604264,47.39719]},"properties":{"name":"Dübendorf, Ringwiesen","lines":"E","arr":["E"],"terminus":0,"mode":"bus","color":"#0059a9","colorDark":"#00294f","angle":108.5,"snapDist":3,"label":0}},{"type":"Feature","geometry":{"type":"Point","coordinates":[8.603905,47.404823]},"properties":{"name":"Wallisellen, Neugut","lines":"E","arr":["E"],"terminus":0,"mode":"bus","color":"#0059a9","colorDark":"#00294f","angle":29.7,"snapDist":5,"label":0}},{"type":"Feature","geometry":{"type":"Point","coordinates":[8.557118,47.421263]},"properties":{"name":"Glattpark","lines":"E","arr":["E"],"terminus":0,"mode":"bus","color":"#0059a9","colorDark":"#00294f","angle":303.2,"snapDist":2,"label":1}},{"type":"Feature","geometry":{"type":"Point","coordinates":[8.431948,47.389905]},"properties":{"name":"Urdorf, Bahnhof/Bergstrasse","lines":"EV2","arr":["EV2"],"terminus":0,"mode":"bus","color":"#0059a9","colorDark":"#00294f","angle":307,"snapDist":2,"label":1}},{"type":"Feature","geometry":{"type":"Point","coordinates":[8.437186,47.353979]},"properties":{"name":"Birmensdorf ZH, Zentrum","lines":"EV2","arr":["EV2"],"terminus":0,"mode":"bus","color":"#0059a9","colorDark":"#00294f","angle":92.7,"snapDist":2,"label":0}},{"type":"Feature","geometry":{"type":"Point","coordinates":[8.431976,47.389931]},"properties":{"name":"Urdorf, Bahnhof/Bergstrasse","lines":"EV2","arr":["EV2"],"terminus":0,"mode":"bus","color":"#0059a9","colorDark":"#00294f","angle":127,"snapDist":1,"label":0}},{"type":"Feature","geometry":{"type":"Point","coordinates":[8.447531,47.39798]},"properties":{"name":"Schlieren, Zentrum/Bahnhof","lines":"EV2","arr":["EV2"],"terminus":1,"mode":"bus","color":"#0059a9","colorDark":"#00294f","angle":188.5,"snapDist":6,"label":0}},{"type":"Feature","geometry":{"type":"Point","coordinates":[8.539787,47.377109]},"properties":{"name":"Bahnhofplatz/HB","lines":"N1, N6, N10, N13, N46","arr":["N1","N6","N10","N13","N46"],"terminus":1,"mode":"bus","color":"#0059a9","colorDark":"#00294f","angle":201.2,"snapDist":3,"label":0}},{"type":"Feature","geometry":{"type":"Point","coordinates":[8.527333,47.379842]},"properties":{"name":"Militär-/Langstrasse","lines":"N2, N12","arr":["N2","N12"],"terminus":0,"mode":"bus","color":"#0059a9","colorDark":"#00294f","angle":38,"snapDist":6,"label":0}},{"type":"Feature","geometry":{"type":"Point","coordinates":[8.522785,47.378201]},"properties":{"name":"Bäckeranlage","lines":"N2, N12","arr":["N2","N12"],"terminus":0,"mode":"bus","color":"#0059a9","colorDark":"#00294f","angle":296.3,"snapDist":6,"label":0}},{"type":"Feature","geometry":{"type":"Point","coordinates":[8.532169,47.384952]},"properties":{"name":"Limmatplatz","lines":"N2, N12","arr":["N2","N12"],"terminus":0,"mode":"bus","color":"#0059a9","colorDark":"#00294f","angle":131.4,"snapDist":2,"label":0}},{"type":"Feature","geometry":{"type":"Point","coordinates":[8.529395,47.373505]},"properties":{"name":"Stauffacher","lines":"N3, N9, N14","arr":["N3","N9","N14"],"terminus":0,"mode":"bus","color":"#0059a9","colorDark":"#00294f","angle":342.7,"snapDist":2,"label":1}},{"type":"Feature","geometry":{"type":"Point","coordinates":[8.525279,47.374205]},"properties":{"name":"Bezirksgebäude","lines":"N3","arr":["N3"],"terminus":0,"mode":"bus","color":"#0059a9","colorDark":"#00294f","angle":22.5,"snapDist":1,"label":1}},{"type":"Feature","geometry":{"type":"Point","coordinates":[8.520766,47.374648]},"properties":{"name":"Zürich,Kalkbreite/Bhf.Wiedikon","lines":"N3","arr":["N3"],"terminus":0,"mode":"bus","color":"#0059a9","colorDark":"#00294f","angle":19,"snapDist":1,"label":0}},{"type":"Feature","geometry":{"type":"Point","coordinates":[8.517092,47.37555]},"properties":{"name":"Lochergut","lines":"N3","arr":["N3"],"terminus":0,"mode":"bus","color":"#0059a9","colorDark":"#00294f","angle":19.2,"snapDist":3,"label":1}},{"type":"Feature","geometry":{"type":"Point","coordinates":[8.513756,47.376864]},"properties":{"name":"Zypressenstrasse","lines":"N3","arr":["N3"],"terminus":0,"mode":"bus","color":"#0059a9","colorDark":"#00294f","angle":36.4,"snapDist":2,"label":1}},{"type":"Feature","geometry":{"type":"Point","coordinates":[8.509984,47.378212]},"properties":{"name":"Albisriederplatz D","lines":"N3","arr":["N3"],"terminus":0,"mode":"bus","color":"#0059a9","colorDark":"#00294f","angle":7.4,"snapDist":5,"label":1}},{"type":"Feature","geometry":{"type":"Point","coordinates":[8.493585,47.378264]},"properties":{"name":"Siemens","lines":"N3","arr":["N3"],"terminus":0,"mode":"bus","color":"#0059a9","colorDark":"#00294f","angle":324,"snapDist":3,"label":1}},{"type":"Feature","geometry":{"type":"Point","coordinates":[8.487796,47.375697]},"properties":{"name":"Fellenbergstrasse","lines":"N3","arr":["N3"],"terminus":0,"mode":"bus","color":"#0059a9","colorDark":"#00294f","angle":346.1,"snapDist":3,"label":0}},{"type":"Feature","geometry":{"type":"Point","coordinates":[8.485056,47.374357]},"properties":{"name":"Albisrieden","lines":"N3","arr":["N3"],"terminus":1,"mode":"bus","color":"#0059a9","colorDark":"#00294f","angle":279.2,"snapDist":3,"label":1}},{"type":"Feature","geometry":{"type":"Point","coordinates":[8.488231,47.375786]},"properties":{"name":"Fellenbergstrasse","lines":"N3","arr":["N3"],"terminus":0,"mode":"bus","color":"#0059a9","colorDark":"#00294f","angle":159.5,"snapDist":1,"label":0}},{"type":"Feature","geometry":{"type":"Point","coordinates":[8.49431,47.378623]},"properties":{"name":"Siemens","lines":"N3","arr":["N3"],"terminus":0,"mode":"bus","color":"#0059a9","colorDark":"#00294f","angle":141.7,"snapDist":3,"label":0}},{"type":"Feature","geometry":{"type":"Point","coordinates":[8.510515,47.378137]},"properties":{"name":"Albisriederplatz C","lines":"N3","arr":["N3"],"terminus":0,"mode":"bus","color":"#0059a9","colorDark":"#00294f","angle":196.3,"snapDist":0,"label":1}},{"type":"Feature","geometry":{"type":"Point","coordinates":[8.513987,47.376601]},"properties":{"name":"Zypressenstrasse","lines":"N3","arr":["N3"],"terminus":0,"mode":"bus","color":"#0059a9","colorDark":"#00294f","angle":216.1,"snapDist":1,"label":0}},{"type":"Feature","geometry":{"type":"Point","coordinates":[8.51783,47.375375]},"properties":{"name":"Lochergut","lines":"N3","arr":["N3"],"terminus":0,"mode":"bus","color":"#0059a9","colorDark":"#00294f","angle":199.2,"snapDist":1,"label":0}},{"type":"Feature","geometry":{"type":"Point","coordinates":[8.521251,47.374495]},"properties":{"name":"Zürich,Kalkbreite/Bhf.Wiedikon","lines":"N3","arr":["N3"],"terminus":0,"mode":"bus","color":"#0059a9","colorDark":"#00294f","angle":198.9,"snapDist":1,"label":0}},{"type":"Feature","geometry":{"type":"Point","coordinates":[8.525894,47.373992]},"properties":{"name":"Bezirksgebäude","lines":"N3","arr":["N3"],"terminus":0,"mode":"bus","color":"#0059a9","colorDark":"#00294f","angle":208,"snapDist":2,"label":0}},{"type":"Feature","geometry":{"type":"Point","coordinates":[8.530302,47.373612]},"properties":{"name":"Stauffacher","lines":"N3, N9, N14","arr":["N3","N9","N14"],"terminus":0,"mode":"bus","color":"#0059a9","colorDark":"#00294f","angle":177.4,"snapDist":2,"label":0}},{"type":"Feature","geometry":{"type":"Point","coordinates":[8.543606,47.376482]},"properties":{"name":"Central G","lines":"N4, N5","arr":["N4","N5"],"terminus":0,"mode":"bus","color":"#0059a9","colorDark":"#00294f","angle":261.5,"snapDist":3,"label":1}},{"type":"Feature","geometry":{"type":"Point","coordinates":[8.54285,47.373745]},"properties":{"name":"Rudolf-Brun-Brücke","lines":"N4, N5","arr":["N4","N5"],"terminus":0,"mode":"bus","color":"#0059a9","colorDark":"#00294f","angle":277.9,"snapDist":7,"label":1}},{"type":"Feature","geometry":{"type":"Point","coordinates":[8.542828,47.371854]},"properties":{"name":"Rathaus","lines":"N4, N5","arr":["N4","N5"],"terminus":0,"mode":"bus","color":"#0059a9","colorDark":"#00294f","angle":266.4,"snapDist":8,"label":1}},{"type":"Feature","geometry":{"type":"Point","coordinates":[8.54351,47.369561]},"properties":{"name":"Helmhaus","lines":"N4, N5","arr":["N4","N5"],"terminus":0,"mode":"bus","color":"#0059a9","colorDark":"#00294f","angle":264.3,"snapDist":6,"label":1}},{"type":"Feature","geometry":{"type":"Point","coordinates":[8.54551,47.366966]},"properties":{"name":"Bellevue B","lines":"N4","arr":["N4"],"terminus":0,"mode":"bus","color":"#0059a9","colorDark":"#00294f","angle":235.5,"snapDist":4,"label":1}},{"type":"Feature","geometry":{"type":"Point","coordinates":[8.548108,47.366143]},"properties":{"name":"Bahnhof Stadelhofen D","lines":"N4","arr":["N4"],"terminus":0,"mode":"bus","color":"#0059a9","colorDark":"#00294f","angle":136.5,"snapDist":2,"label":1}},{"type":"Feature","geometry":{"type":"Point","coordinates":[8.560932,47.361715]},"properties":{"name":"Hegibachplatz B","lines":"N4","arr":["N4"],"terminus":0,"mode":"bus","color":"#0059a9","colorDark":"#00294f","angle":205.3,"snapDist":2,"label":1}},{"type":"Feature","geometry":{"type":"Point","coordinates":[8.565214,47.360307]},"properties":{"name":"Hedwigsteig","lines":"N4","arr":["N4"],"terminus":0,"mode":"bus","color":"#0059a9","colorDark":"#00294f","angle":186.4,"snapDist":1,"label":1}},{"type":"Feature","geometry":{"type":"Point","coordinates":[8.568569,47.360027]},"properties":{"name":"Wetlistrasse","lines":"N4","arr":["N4"],"terminus":0,"mode":"bus","color":"#0059a9","colorDark":"#00294f","angle":212.8,"snapDist":2,"label":1}},{"type":"Feature","geometry":{"type":"Point","coordinates":[8.571932,47.357936]},"properties":{"name":"Burgwies","lines":"N4","arr":["N4"],"terminus":0,"mode":"bus","color":"#0059a9","colorDark":"#00294f","angle":224.1,"snapDist":3,"label":1}},{"type":"Feature","geometry":{"type":"Point","coordinates":[8.577854,47.340069]},"properties":{"name":"Zollikon, Gemeindehaus","lines":"N4","arr":["N4"],"terminus":0,"mode":"bus","color":"#0059a9","colorDark":"#00294f","angle":248.2,"snapDist":3,"label":0}},{"type":"Feature","geometry":{"type":"Point","coordinates":[8.574915,47.35471]},"properties":{"name":"Balgrist","lines":"N4","arr":["N4"],"terminus":0,"mode":"bus","color":"#0059a9","colorDark":"#00294f","angle":64.3,"snapDist":3,"label":0}},{"type":"Feature","geometry":{"type":"Point","coordinates":[8.571521,47.358204]},"properties":{"name":"Burgwies","lines":"N4","arr":["N4"],"terminus":0,"mode":"bus","color":"#0059a9","colorDark":"#00294f","angle":43.7,"snapDist":3,"label":0}},{"type":"Feature","geometry":{"type":"Point","coordinates":[8.568201,47.360282]},"properties":{"name":"Wetlistrasse","lines":"N4","arr":["N4"],"terminus":0,"mode":"bus","color":"#0059a9","colorDark":"#00294f","angle":16.9,"snapDist":4,"label":0}},{"type":"Feature","geometry":{"type":"Point","coordinates":[8.564834,47.360384]},"properties":{"name":"Hedwigsteig","lines":"N4","arr":["N4"],"terminus":0,"mode":"bus","color":"#0059a9","colorDark":"#00294f","angle":6.4,"snapDist":0,"label":0}},{"type":"Feature","geometry":{"type":"Point","coordinates":[8.560446,47.361858]},"properties":{"name":"Hegibachplatz A","lines":"N4","arr":["N4"],"terminus":0,"mode":"bus","color":"#0059a9","colorDark":"#00294f","angle":20,"snapDist":3,"label":1}},{"type":"Feature","geometry":{"type":"Point","coordinates":[8.553381,47.365146]},"properties":{"name":"Kreuzplatz","lines":"N4","arr":["N4"],"terminus":0,"mode":"bus","color":"#0059a9","colorDark":"#00294f","angle":28.2,"snapDist":3,"label":0}},{"type":"Feature","geometry":{"type":"Point","coordinates":[8.547305,47.366135]},"properties":{"name":"Bahnhof Stadelhofen A","lines":"N4","arr":["N4"],"terminus":0,"mode":"bus","color":"#0059a9","colorDark":"#00294f","angle":319.3,"snapDist":4,"label":1}},{"type":"Feature","geometry":{"type":"Point","coordinates":[8.545254,47.367241]},"properties":{"name":"Bellevue A","lines":"N4, N5","arr":["N4","N5"],"terminus":0,"mode":"bus","color":"#0059a9","colorDark":"#00294f","angle":62.2,"snapDist":4,"label":1}},{"type":"Feature","geometry":{"type":"Point","coordinates":[8.543386,47.369962]},"properties":{"name":"Helmhaus","lines":"N4, N5","arr":["N4","N5"],"terminus":0,"mode":"bus","color":"#0059a9","colorDark":"#00294f","angle":73.1,"snapDist":5,"label":0}},{"type":"Feature","geometry":{"type":"Point","coordinates":[8.542793,47.372229]},"properties":{"name":"Rathaus","lines":"N4, N5","arr":["N4","N5"],"terminus":0,"mode":"bus","color":"#0059a9","colorDark":"#00294f","angle":86.3,"snapDist":7,"label":0}},{"type":"Feature","geometry":{"type":"Point","coordinates":[8.542954,47.374155]},"properties":{"name":"Rudolf-Brun-Brücke","lines":"N4, N5","arr":["N4","N5"],"terminus":0,"mode":"bus","color":"#0059a9","colorDark":"#00294f","angle":101.3,"snapDist":3,"label":0}},{"type":"Feature","geometry":{"type":"Point","coordinates":[8.543504,47.376719]},"properties":{"name":"Central F","lines":"N4, N5","arr":["N4","N5"],"terminus":0,"mode":"bus","color":"#0059a9","colorDark":"#00294f","angle":62.1,"snapDist":3,"label":1}},{"type":"Feature","geometry":{"type":"Point","coordinates":[8.522774,47.359915]},"properties":{"name":"Sihlcity Nord","lines":"N5","arr":["N5"],"terminus":0,"mode":"bus","color":"#0059a9","colorDark":"#00294f","angle":124.1,"snapDist":4,"label":0}},{"type":"Feature","geometry":{"type":"Point","coordinates":[8.526965,47.362468]},"properties":{"name":"Waffenplatzstrasse","lines":"N5","arr":["N5"],"terminus":0,"mode":"bus","color":"#0059a9","colorDark":"#00294f","angle":121.1,"snapDist":5,"label":0}},{"type":"Feature","geometry":{"type":"Point","coordinates":[8.53146,47.364103]},"properties":{"name":"Bahnhof Enge","lines":"N5","arr":["N5"],"terminus":0,"mode":"bus","color":"#0059a9","colorDark":"#00294f","angle":278,"snapDist":1,"label":0}},{"type":"Feature","geometry":{"type":"Point","coordinates":[8.541765,47.366613]},"properties":{"name":"Bürkliplatz","lines":"N5, N9, N91","arr":["N5","N9","N91"],"terminus":0,"mode":"bus","color":"#0059a9","colorDark":"#00294f","angle":159.2,"snapDist":0,"label":0}},{"type":"Feature","geometry":{"type":"Point","coordinates":[8.544641,47.367111]},"properties":{"name":"Bellevue E","lines":"N5, N9","arr":["N5","N9"],"terminus":0,"mode":"bus","color":"#0059a9","colorDark":"#00294f","angle":328.6,"snapDist":5,"label":1}},{"type":"Feature","geometry":{"type":"Point","coordinates":[8.540998,47.366445]},"properties":{"name":"Bürkliplatz","lines":"N5, N9, N91","arr":["N5","N9","N91"],"terminus":0,"mode":"bus","color":"#0059a9","colorDark":"#00294f","angle":346.9,"snapDist":2,"label":0}},{"type":"Feature","geometry":{"type":"Point","coordinates":[8.531448,47.364434]},"properties":{"name":"Bahnhof Enge","lines":"N5, N16","arr":["N5","N16"],"terminus":0,"mode":"bus","color":"#0059a9","colorDark":"#00294f","angle":107.5,"snapDist":3,"label":0}},{"type":"Feature","geometry":{"type":"Point","coordinates":[8.522553,47.35968]},"properties":{"name":"Sihlcity Nord","lines":"N5","arr":["N5"],"terminus":0,"mode":"bus","color":"#0059a9","colorDark":"#00294f","angle":300.9,"snapDist":4,"label":0}},{"type":"Feature","geometry":{"type":"Point","coordinates":[8.571434,47.38127]},"properties":{"name":"Zoo","lines":"N6","arr":["N6"],"terminus":0,"mode":"bus","color":"#0059a9","colorDark":"#00294f","angle":288.9,"snapDist":7,"label":0}},{"type":"Feature","geometry":{"type":"Point","coordinates":[8.567645,47.378486]},"properties":{"name":"Susenbergstrasse","lines":"N6","arr":["N6"],"terminus":0,"mode":"bus","color":"#0059a9","colorDark":"#00294f","angle":351.3,"snapDist":4,"label":1}},{"type":"Feature","geometry":{"type":"Point","coordinates":[8.563968,47.378779]},"properties":{"name":"Zürichbergstrasse","lines":"N6","arr":["N6"],"terminus":0,"mode":"bus","color":"#0059a9","colorDark":"#00294f","angle":12.4,"snapDist":1,"label":1}},{"type":"Feature","geometry":{"type":"Point","coordinates":[8.559507,47.37915]},"properties":{"name":"Toblerplatz","lines":"N6","arr":["N6"],"terminus":0,"mode":"bus","color":"#0059a9","colorDark":"#00294f","angle":309.8,"snapDist":6,"label":0}},{"type":"Feature","geometry":{"type":"Point","coordinates":[8.553807,47.377013]},"properties":{"name":"Voltastrasse","lines":"N6","arr":["N6"],"terminus":0,"mode":"bus","color":"#0059a9","colorDark":"#00294f","angle":13.5,"snapDist":2,"label":1}},{"type":"Feature","geometry":{"type":"Point","coordinates":[8.552523,47.374937]},"properties":{"name":"Platte","lines":"N6","arr":["N6"],"terminus":0,"mode":"bus","color":"#0059a9","colorDark":"#00294f","angle":314.5,"snapDist":4,"label":1}},{"type":"Feature","geometry":{"type":"Point","coordinates":[8.552767,47.375111]},"properties":{"name":"Platte","lines":"N6","arr":["N6"],"terminus":0,"mode":"bus","color":"#0059a9","colorDark":"#00294f","angle":129.4,"snapDist":1,"label":0}},{"type":"Feature","geometry":{"type":"Point","coordinates":[8.554301,47.376934]},"properties":{"name":"Voltastrasse","lines":"N6","arr":["N6"],"terminus":0,"mode":"bus","color":"#0059a9","colorDark":"#00294f","angle":193.2,"snapDist":1,"label":0}},{"type":"Feature","geometry":{"type":"Point","coordinates":[8.559485,47.37645]},"properties":{"name":"Kirche Fluntern","lines":"N6","arr":["N6"],"terminus":0,"mode":"bus","color":"#0059a9","colorDark":"#00294f","angle":122.3,"snapDist":3,"label":0}},{"type":"Feature","geometry":{"type":"Point","coordinates":[8.559746,47.379326]},"properties":{"name":"Toblerplatz","lines":"N6","arr":["N6"],"terminus":0,"mode":"bus","color":"#0059a9","colorDark":"#00294f","angle":141.6,"snapDist":3,"label":0}},{"type":"Feature","geometry":{"type":"Point","coordinates":[8.56438,47.378718]},"properties":{"name":"Zürichbergstrasse","lines":"N6","arr":["N6"],"terminus":0,"mode":"bus","color":"#0059a9","colorDark":"#00294f","angle":191.8,"snapDist":1,"label":0}},{"type":"Feature","geometry":{"type":"Point","coordinates":[8.568056,47.378529]},"properties":{"name":"Susenbergstrasse","lines":"N6","arr":["N6"],"terminus":0,"mode":"bus","color":"#0059a9","colorDark":"#00294f","angle":171,"snapDist":1,"label":0}},{"type":"Feature","geometry":{"type":"Point","coordinates":[8.571406,47.381215]},"properties":{"name":"Zoo","lines":"N6","arr":["N6"],"terminus":0,"mode":"bus","color":"#0059a9","colorDark":"#00294f","angle":108.9,"snapDist":1,"label":0}},{"type":"Feature","geometry":{"type":"Point","coordinates":[8.590835,47.398664]},"properties":{"name":"Mattenhof","lines":"N7","arr":["N7"],"terminus":0,"mode":"bus","color":"#0059a9","colorDark":"#00294f","angle":30,"snapDist":5,"label":1}},{"type":"Feature","geometry":{"type":"Point","coordinates":[8.586625,47.400121]},"properties":{"name":"Probstei","lines":"N7","arr":["N7"],"terminus":0,"mode":"bus","color":"#0059a9","colorDark":"#00294f","angle":23.3,"snapDist":6,"label":1}},{"type":"Feature","geometry":{"type":"Point","coordinates":[8.581667,47.40157]},"properties":{"name":"Glattwiesen","lines":"N7","arr":["N7"],"terminus":0,"mode":"bus","color":"#0059a9","colorDark":"#00294f","angle":23.8,"snapDist":5,"label":1}},{"type":"Feature","geometry":{"type":"Point","coordinates":[8.577418,47.402803]},"properties":{"name":"Roswiesen","lines":"N7","arr":["N7"],"terminus":0,"mode":"bus","color":"#0059a9","colorDark":"#00294f","angle":23,"snapDist":6,"label":1}},{"type":"Feature","geometry":{"type":"Point","coordinates":[8.558422,47.404523]},"properties":{"name":"Waldgarten","lines":"N7","arr":["N7"],"terminus":0,"mode":"bus","color":"#0059a9","colorDark":"#00294f","angle":7.9,"snapDist":4,"label":0}},{"type":"Feature","geometry":{"type":"Point","coordinates":[8.550766,47.401497]},"properties":{"name":"Tierspital","lines":"N7","arr":["N7"],"terminus":0,"mode":"bus","color":"#0059a9","colorDark":"#00294f","angle":327.2,"snapDist":1,"label":1}},{"type":"Feature","geometry":{"type":"Point","coordinates":[8.541145,47.397284]},"properties":{"name":"Milchbuck","lines":"N7, N9, N10","arr":["N7","N9","N10"],"terminus":0,"mode":"bus","color":"#0059a9","colorDark":"#00294f","angle":293.5,"snapDist":2,"label":0}},{"type":"Feature","geometry":{"type":"Point","coordinates":[8.540026,47.395623]},"properties":{"name":"Guggachstrasse","lines":"N7","arr":["N7"],"terminus":0,"mode":"bus","color":"#0059a9","colorDark":"#00294f","angle":293.2,"snapDist":2,"label":1}},{"type":"Feature","geometry":{"type":"Point","coordinates":[8.53873,47.391535]},"properties":{"name":"Schaffhauserplatz","lines":"N7","arr":["N7"],"terminus":0,"mode":"bus","color":"#0059a9","colorDark":"#00294f","angle":262.1,"snapDist":2,"label":0}},{"type":"Feature","geometry":{"type":"Point","coordinates":[8.540593,47.388473]},"properties":{"name":"Röslistrasse","lines":"N7","arr":["N7"],"terminus":0,"mode":"bus","color":"#0059a9","colorDark":"#00294f","angle":253.3,"snapDist":5,"label":1}},{"type":"Feature","geometry":{"type":"Point","coordinates":[8.542245,47.385642]},"properties":{"name":"Ottikerstrasse","lines":"N7","arr":["N7"],"terminus":0,"mode":"bus","color":"#0059a9","colorDark":"#00294f","angle":245.9,"snapDist":2,"label":1}},{"type":"Feature","geometry":{"type":"Point","coordinates":[8.543535,47.382755]},"properties":{"name":"Sonneggstrasse","lines":"N7","arr":["N7"],"terminus":0,"mode":"bus","color":"#0059a9","colorDark":"#00294f","angle":261.6,"snapDist":3,"label":1}},{"type":"Feature","geometry":{"type":"Point","coordinates":[8.544115,47.380084]},"properties":{"name":"Haldenegg","lines":"N7","arr":["N7"],"terminus":0,"mode":"bus","color":"#0059a9","colorDark":"#00294f","angle":260.3,"snapDist":7,"label":1}},{"type":"Feature","geometry":{"type":"Point","coordinates":[8.54345,47.376843]},"properties":{"name":"Central H","lines":"N7","arr":["N7"],"terminus":0,"mode":"bus","color":"#0059a9","colorDark":"#00294f","angle":5.2,"snapDist":3,"label":1}},{"type":"Feature","geometry":{"type":"Point","coordinates":[8.539666,47.37652]},"properties":{"name":"Bahnhofstrasse/HB","lines":"N7, N16, N17, N91","arr":["N7","N16","N17","N91"],"terminus":1,"mode":"bus","color":"#0059a9","colorDark":"#00294f","angle":289.5,"snapDist":5,"label":1}},{"type":"Feature","geometry":{"type":"Point","coordinates":[8.539792,47.376762]},"properties":{"name":"Bahnhofstrasse/HB","lines":"N7, N16, N17, N91","arr":["N7","N16","N17","N91"],"terminus":1,"mode":"bus","color":"#0059a9","colorDark":"#00294f","angle":109.4,"snapDist":1,"label":0}},{"type":"Feature","geometry":{"type":"Point","coordinates":[8.544074,47.376931]},"properties":{"name":"Central A","lines":"N7, N10","arr":["N7","N10"],"terminus":0,"mode":"bus","color":"#0059a9","colorDark":"#00294f","angle":156.4,"snapDist":2,"label":1}},{"type":"Feature","geometry":{"type":"Point","coordinates":[8.544064,47.380298]},"properties":{"name":"Haldenegg","lines":"N7","arr":["N7"],"terminus":0,"mode":"bus","color":"#0059a9","colorDark":"#00294f","angle":81,"snapDist":1,"label":0}},{"type":"Feature","geometry":{"type":"Point","coordinates":[8.543458,47.383109]},"properties":{"name":"Sonneggstrasse","lines":"N7","arr":["N7"],"terminus":0,"mode":"bus","color":"#0059a9","colorDark":"#00294f","angle":81.6,"snapDist":5,"label":0}},{"type":"Feature","geometry":{"type":"Point","coordinates":[8.542427,47.385362]},"properties":{"name":"Ottikerstrasse","lines":"N7","arr":["N7"],"terminus":0,"mode":"bus","color":"#0059a9","colorDark":"#00294f","angle":67.5,"snapDist":5,"label":0}},{"type":"Feature","geometry":{"type":"Point","coordinates":[8.540435,47.388827]},"properties":{"name":"Röslistrasse","lines":"N7","arr":["N7"],"terminus":0,"mode":"bus","color":"#0059a9","colorDark":"#00294f","angle":72.9,"snapDist":4,"label":0}},{"type":"Feature","geometry":{"type":"Point","coordinates":[8.53892,47.392411]},"properties":{"name":"Schaffhauserplatz","lines":"N7","arr":["N7"],"terminus":0,"mode":"bus","color":"#0059a9","colorDark":"#00294f","angle":99.2,"snapDist":2,"label":0}},{"type":"Feature","geometry":{"type":"Point","coordinates":[8.540384,47.395874]},"properties":{"name":"Guggachstrasse","lines":"N7","arr":["N7"],"terminus":0,"mode":"bus","color":"#0059a9","colorDark":"#00294f","angle":113.4,"snapDist":0,"label":0}},{"type":"Feature","geometry":{"type":"Point","coordinates":[8.553307,47.402371]},"properties":{"name":"Tierspital","lines":"N7","arr":["N7"],"terminus":0,"mode":"bus","color":"#0059a9","colorDark":"#00294f","angle":146.7,"snapDist":0,"label":0}},{"type":"Feature","geometry":{"type":"Point","coordinates":[8.557303,47.40355]},"properties":{"name":"Waldgarten","lines":"N7","arr":["N7"],"terminus":0,"mode":"bus","color":"#0059a9","colorDark":"#00294f","angle":148.1,"snapDist":2,"label":0}},{"type":"Feature","geometry":{"type":"Point","coordinates":[8.577138,47.402885]},"properties":{"name":"Roswiesen","lines":"N7","arr":["N7"],"terminus":0,"mode":"bus","color":"#0059a9","colorDark":"#00294f","angle":203.5,"snapDist":4,"label":0}},{"type":"Feature","geometry":{"type":"Point","coordinates":[8.581944,47.40149]},"properties":{"name":"Glattwiesen","lines":"N7","arr":["N7"],"terminus":0,"mode":"bus","color":"#0059a9","colorDark":"#00294f","angle":203.1,"snapDist":6,"label":0}},{"type":"Feature","geometry":{"type":"Point","coordinates":[8.586237,47.400234]},"properties":{"name":"Probstei","lines":"N7","arr":["N7"],"terminus":0,"mode":"bus","color":"#0059a9","colorDark":"#00294f","angle":203.3,"snapDist":4,"label":0}},{"type":"Feature","geometry":{"type":"Point","coordinates":[8.590936,47.398625]},"properties":{"name":"Mattenhof","lines":"N7","arr":["N7"],"terminus":0,"mode":"bus","color":"#0059a9","colorDark":"#00294f","angle":210,"snapDist":5,"label":0}},{"type":"Feature","geometry":{"type":"Point","coordinates":[8.546277,47.409677]},"properties":{"name":"Sternen Oerlikon","lines":"N9, N10","arr":["N9","N10"],"terminus":0,"mode":"bus","color":"#0059a9","colorDark":"#00294f","angle":258.1,"snapDist":4,"label":0}},{"type":"Feature","geometry":{"type":"Point","coordinates":[8.548408,47.406043]},"properties":{"name":"Salersteig","lines":"N9, N10","arr":["N9","N10"],"terminus":0,"mode":"bus","color":"#0059a9","colorDark":"#00294f","angle":265.2,"snapDist":3,"label":1}},{"type":"Feature","geometry":{"type":"Point","coordinates":[8.547893,47.403596]},"properties":{"name":"Berninaplatz","lines":"N9, N10","arr":["N9","N10"],"terminus":0,"mode":"bus","color":"#0059a9","colorDark":"#00294f","angle":301.1,"snapDist":2,"label":1}},{"type":"Feature","geometry":{"type":"Point","coordinates":[8.524362,47.371358]},"properties":{"name":"Bahnhof Wiedikon","lines":"N9, N14","arr":["N9","N14"],"terminus":0,"mode":"bus","color":"#0059a9","colorDark":"#00294f","angle":155.1,"snapDist":4,"label":0}},{"type":"Feature","geometry":{"type":"Point","coordinates":[8.527046,47.372726]},"properties":{"name":"Werd","lines":"N9, N14","arr":["N9","N14"],"terminus":0,"mode":"bus","color":"#0059a9","colorDark":"#00294f","angle":140.5,"snapDist":3,"label":1}},{"type":"Feature","geometry":{"type":"Point","coordinates":[8.534854,47.372174]},"properties":{"name":"Sihlstrasse","lines":"N9","arr":["N9"],"terminus":0,"mode":"bus","color":"#0059a9","colorDark":"#00294f","angle":229.2,"snapDist":1,"label":1}},{"type":"Feature","geometry":{"type":"Point","coordinates":[8.539202,47.36963]},"properties":{"name":"Paradeplatz","lines":"N9","arr":["N9"],"terminus":0,"mode":"bus","color":"#0059a9","colorDark":"#00294f","angle":195.6,"snapDist":2,"label":1}},{"type":"Feature","geometry":{"type":"Point","coordinates":[8.539901,47.36806]},"properties":{"name":"Kantonalbank","lines":"N9, N91","arr":["N9","N91"],"terminus":0,"mode":"bus","color":"#0059a9","colorDark":"#00294f","angle":255.6,"snapDist":6,"label":1}},{"type":"Feature","geometry":{"type":"Point","coordinates":[8.545371,47.366599]},"properties":{"name":"Bellevue G","lines":"N9","arr":["N9"],"terminus":1,"mode":"bus","color":"#0059a9","colorDark":"#00294f","angle":145.6,"snapDist":1,"label":1}},{"type":"Feature","geometry":{"type":"Point","coordinates":[8.539785,47.368366]},"properties":{"name":"Kantonalbank","lines":"N9, N91","arr":["N9","N91"],"terminus":0,"mode":"bus","color":"#0059a9","colorDark":"#00294f","angle":75.6,"snapDist":4,"label":0}},{"type":"Feature","geometry":{"type":"Point","coordinates":[8.538799,47.369564]},"properties":{"name":"Paradeplatz","lines":"N9","arr":["N9"],"terminus":0,"mode":"bus","color":"#0059a9","colorDark":"#00294f","angle":337.1,"snapDist":1,"label":0}},{"type":"Feature","geometry":{"type":"Point","coordinates":[8.534563,47.372421]},"properties":{"name":"Sihlstrasse","lines":"N9","arr":["N9"],"terminus":0,"mode":"bus","color":"#0059a9","colorDark":"#00294f","angle":58.4,"snapDist":1,"label":0}},{"type":"Feature","geometry":{"type":"Point","coordinates":[8.526687,47.372394]},"properties":{"name":"Werd","lines":"N9, N14","arr":["N9","N14"],"terminus":0,"mode":"bus","color":"#0059a9","colorDark":"#00294f","angle":298.2,"snapDist":5,"label":0}},{"type":"Feature","geometry":{"type":"Point","coordinates":[8.548108,47.403875]},"properties":{"name":"Berninaplatz","lines":"N9, N10","arr":["N9","N10"],"terminus":0,"mode":"bus","color":"#0059a9","colorDark":"#00294f","angle":110.3,"snapDist":1,"label":0}},{"type":"Feature","geometry":{"type":"Point","coordinates":[8.548278,47.406394]},"properties":{"name":"Salersteig","lines":"N9, N10","arr":["N9","N10"],"terminus":0,"mode":"bus","color":"#0059a9","colorDark":"#00294f","angle":71.6,"snapDist":2,"label":0}},{"type":"Feature","geometry":{"type":"Point","coordinates":[8.546191,47.409956]},"properties":{"name":"Sternen Oerlikon","lines":"N9, N10","arr":["N9","N10"],"terminus":0,"mode":"bus","color":"#0059a9","colorDark":"#00294f","angle":78.1,"snapDist":4,"label":0}},{"type":"Feature","geometry":{"type":"Point","coordinates":[8.545126,47.396128]},"properties":{"name":"Universität Irchel","lines":"N10","arr":["N10"],"terminus":0,"mode":"bus","color":"#0059a9","colorDark":"#00294f","angle":200.5,"snapDist":4,"label":0}},{"type":"Feature","geometry":{"type":"Point","coordinates":[8.54489,47.393503]},"properties":{"name":"Langmauerstrasse","lines":"N10","arr":["N10"],"terminus":0,"mode":"bus","color":"#0059a9","colorDark":"#00294f","angle":265.9,"snapDist":1,"label":1}},{"type":"Feature","geometry":{"type":"Point","coordinates":[8.545528,47.390517]},"properties":{"name":"Letzistrasse","lines":"N10","arr":["N10"],"terminus":0,"mode":"bus","color":"#0059a9","colorDark":"#00294f","angle":256.8,"snapDist":3,"label":0}},{"type":"Feature","geometry":{"type":"Point","coordinates":[8.546418,47.388811]},"properties":{"name":"Kinkelstrasse","lines":"N10","arr":["N10"],"terminus":0,"mode":"bus","color":"#0059a9","colorDark":"#00294f","angle":249.5,"snapDist":3,"label":1}},{"type":"Feature","geometry":{"type":"Point","coordinates":[8.548183,47.382999]},"properties":{"name":"Winkelriedstrasse","lines":"N10","arr":["N10"],"terminus":0,"mode":"bus","color":"#0059a9","colorDark":"#00294f","angle":271,"snapDist":6,"label":1}},{"type":"Feature","geometry":{"type":"Point","coordinates":[8.548145,47.380116]},"properties":{"name":"Haldenbach","lines":"N10","arr":["N10"],"terminus":0,"mode":"bus","color":"#0059a9","colorDark":"#00294f","angle":270.5,"snapDist":6,"label":1}},{"type":"Feature","geometry":{"type":"Point","coordinates":[8.54749,47.377163]},"properties":{"name":"ETH/Universitätsspital A","lines":"N10","arr":["N10"],"terminus":0,"mode":"bus","color":"#0059a9","colorDark":"#00294f","angle":343.4,"snapDist":5,"label":1}},{"type":"Feature","geometry":{"type":"Point","coordinates":[8.544984,47.379127]},"properties":{"name":"Haldenegg","lines":"N10","arr":["N10"],"terminus":0,"mode":"bus","color":"#0059a9","colorDark":"#00294f","angle":46.2,"snapDist":3,"label":0}},{"type":"Feature","geometry":{"type":"Point","coordinates":[8.545335,47.378852]},"properties":{"name":"Haldenegg","lines":"N10","arr":["N10"],"terminus":0,"mode":"bus","color":"#0059a9","colorDark":"#00294f","angle":239.1,"snapDist":3,"label":0}},{"type":"Feature","geometry":{"type":"Point","coordinates":[8.548183,47.377782]},"properties":{"name":"ETH/Universitätsspital B","lines":"N10","arr":["N10"],"terminus":0,"mode":"bus","color":"#0059a9","colorDark":"#00294f","angle":72.5,"snapDist":4,"label":1}},{"type":"Feature","geometry":{"type":"Point","coordinates":[8.548148,47.380372]},"properties":{"name":"Haldenbach","lines":"N10","arr":["N10"],"terminus":0,"mode":"bus","color":"#0059a9","colorDark":"#00294f","angle":90.5,"snapDist":3,"label":0}},{"type":"Feature","geometry":{"type":"Point","coordinates":[8.548196,47.383347]},"properties":{"name":"Winkelriedstrasse","lines":"N10","arr":["N10"],"terminus":0,"mode":"bus","color":"#0059a9","colorDark":"#00294f","angle":91.8,"snapDist":1,"label":0}},{"type":"Feature","geometry":{"type":"Point","coordinates":[8.546314,47.389003]},"properties":{"name":"Kinkelstrasse","lines":"N10","arr":["N10"],"terminus":0,"mode":"bus","color":"#0059a9","colorDark":"#00294f","angle":70.1,"snapDist":2,"label":0}},{"type":"Feature","geometry":{"type":"Point","coordinates":[8.545419,47.390866]},"properties":{"name":"Letzistrasse","lines":"N10","arr":["N10"],"terminus":0,"mode":"bus","color":"#0059a9","colorDark":"#00294f","angle":78.5,"snapDist":2,"label":0}},{"type":"Feature","geometry":{"type":"Point","coordinates":[8.545065,47.393697]},"properties":{"name":"Langmauerstrasse","lines":"N10","arr":["N10"],"terminus":0,"mode":"bus","color":"#0059a9","colorDark":"#00294f","angle":86.1,"snapDist":1,"label":0}},{"type":"Feature","geometry":{"type":"Point","coordinates":[8.544528,47.396228]},"properties":{"name":"Universität Irchel","lines":"N10","arr":["N10"],"terminus":0,"mode":"bus","color":"#0059a9","colorDark":"#00294f","angle":351.5,"snapDist":7,"label":0}},{"type":"Feature","geometry":{"type":"Point","coordinates":[8.53767,47.405944]},"properties":{"name":"Bad Allenmoos","lines":"N12","arr":["N12"],"terminus":0,"mode":"bus","color":"#0059a9","colorDark":"#00294f","angle":287.9,"snapDist":2,"label":1}},{"type":"Feature","geometry":{"type":"Point","coordinates":[8.537867,47.406358]},"properties":{"name":"Bad Allenmoos","lines":"N12","arr":["N12"],"terminus":0,"mode":"bus","color":"#0059a9","colorDark":"#00294f","angle":107.9,"snapDist":9,"label":0}},{"type":"Feature","geometry":{"type":"Point","coordinates":[8.539426,47.408804]},"properties":{"name":"Regensbergbrücke","lines":"N12","arr":["N12"],"terminus":0,"mode":"bus","color":"#0059a9","colorDark":"#00294f","angle":125,"snapDist":5,"label":0}},{"type":"Feature","geometry":{"type":"Point","coordinates":[8.545009,47.411547]},"properties":{"name":"Bahnhof Oerlikon","lines":"N12","arr":["N12"],"terminus":0,"mode":"bus","color":"#0059a9","colorDark":"#00294f","angle":152.6,"snapDist":3,"label":0}},{"type":"Feature","geometry":{"type":"Point","coordinates":[8.499967,47.40183]},"properties":{"name":"Meierhofplatz","lines":"N13","arr":["N13"],"terminus":0,"mode":"bus","color":"#0059a9","colorDark":"#00294f","angle":202.2,"snapDist":2,"label":0}},{"type":"Feature","geometry":{"type":"Point","coordinates":[8.5078,47.397515]},"properties":{"name":"Alte Trotte","lines":"N13","arr":["N13"],"terminus":0,"mode":"bus","color":"#0059a9","colorDark":"#00294f","angle":218.1,"snapDist":3,"label":1}},{"type":"Feature","geometry":{"type":"Point","coordinates":[8.51366,47.396318]},"properties":{"name":"Eschergutweg","lines":"N13","arr":["N13"],"terminus":0,"mode":"bus","color":"#0059a9","colorDark":"#00294f","angle":186.4,"snapDist":2,"label":1}},{"type":"Feature","geometry":{"type":"Point","coordinates":[8.519239,47.395248]},"properties":{"name":"Waidfussweg","lines":"N13","arr":["N13"],"terminus":0,"mode":"bus","color":"#0059a9","colorDark":"#00294f","angle":215.7,"snapDist":2,"label":1}},{"type":"Feature","geometry":{"type":"Point","coordinates":[8.523717,47.392529]},"properties":{"name":"Wipkingerplatz","lines":"N13","arr":["N13"],"terminus":0,"mode":"bus","color":"#0059a9","colorDark":"#00294f","angle":210.6,"snapDist":4,"label":1}},{"type":"Feature","geometry":{"type":"Point","coordinates":[8.523654,47.389997]},"properties":{"name":"Escher-Wyss-Platz B","lines":"N13, N17, N46","arr":["N13","N17","N46"],"terminus":0,"mode":"bus","color":"#0059a9","colorDark":"#00294f","angle":227.1,"snapDist":5,"label":1}},{"type":"Feature","geometry":{"type":"Point","coordinates":[8.526304,47.388276]},"properties":{"name":"Löwenbräu","lines":"N13, N17, N46","arr":["N13","N17","N46"],"terminus":0,"mode":"bus","color":"#0059a9","colorDark":"#00294f","angle":218.6,"snapDist":3,"label":1}},{"type":"Feature","geometry":{"type":"Point","coordinates":[8.528924,47.386615]},"properties":{"name":"Quellenstrasse","lines":"N13, N17, N46","arr":["N13","N17","N46"],"terminus":0,"mode":"bus","color":"#0059a9","colorDark":"#00294f","angle":226.8,"snapDist":1,"label":1}},{"type":"Feature","geometry":{"type":"Point","coordinates":[8.531789,47.384504]},"properties":{"name":"Limmatplatz","lines":"N13, N17, N46","arr":["N13","N17","N46"],"terminus":0,"mode":"bus","color":"#0059a9","colorDark":"#00294f","angle":226.9,"snapDist":2,"label":0}},{"type":"Feature","geometry":{"type":"Point","coordinates":[8.535079,47.382066]},"properties":{"name":"Museum für Gestaltung","lines":"N13, N17, N46","arr":["N13","N17","N46"],"terminus":0,"mode":"bus","color":"#0059a9","colorDark":"#00294f","angle":227.6,"snapDist":2,"label":1}},{"type":"Feature","geometry":{"type":"Point","coordinates":[8.537449,47.379779]},"properties":{"name":"Sihlquai/HB","lines":"N13, N17, N46","arr":["N13","N17","N46"],"terminus":0,"mode":"bus","color":"#0059a9","colorDark":"#00294f","angle":291.5,"snapDist":5,"label":1}},{"type":"Feature","geometry":{"type":"Point","coordinates":[8.537624,47.380113]},"properties":{"name":"Sihlquai/HB","lines":"N13, N17, N46","arr":["N13","N17","N46"],"terminus":0,"mode":"bus","color":"#0059a9","colorDark":"#00294f","angle":95.5,"snapDist":3,"label":0}},{"type":"Feature","geometry":{"type":"Point","coordinates":[8.534726,47.382328]},"properties":{"name":"Museum für Gestaltung","lines":"N13, N17, N46","arr":["N13","N17","N46"],"terminus":0,"mode":"bus","color":"#0059a9","colorDark":"#00294f","angle":47.6,"snapDist":2,"label":0}},{"type":"Feature","geometry":{"type":"Point","coordinates":[8.531439,47.384764]},"properties":{"name":"Limmatplatz","lines":"N13, N17, N46","arr":["N13","N17","N46"],"terminus":0,"mode":"bus","color":"#0059a9","colorDark":"#00294f","angle":47.4,"snapDist":6,"label":0}},{"type":"Feature","geometry":{"type":"Point","coordinates":[8.528547,47.386899]},"properties":{"name":"Quellenstrasse","lines":"N13, N17, N46","arr":["N13","N17","N46"],"terminus":0,"mode":"bus","color":"#0059a9","colorDark":"#00294f","angle":49,"snapDist":4,"label":0}},{"type":"Feature","geometry":{"type":"Point","coordinates":[8.525805,47.388557]},"properties":{"name":"Löwenbräu","lines":"N13, N17, N46","arr":["N13","N17","N46"],"terminus":0,"mode":"bus","color":"#0059a9","colorDark":"#00294f","angle":40.9,"snapDist":4,"label":0}},{"type":"Feature","geometry":{"type":"Point","coordinates":[8.523313,47.390246]},"properties":{"name":"Escher-Wyss-Platz A","lines":"N13, N17, N46","arr":["N13","N17","N46"],"terminus":0,"mode":"bus","color":"#0059a9","colorDark":"#00294f","angle":47.4,"snapDist":6,"label":1}},{"type":"Feature","geometry":{"type":"Point","coordinates":[8.523357,47.392641]},"properties":{"name":"Wipkingerplatz","lines":"N13","arr":["N13"],"terminus":0,"mode":"bus","color":"#0059a9","colorDark":"#00294f","angle":24.7,"snapDist":4,"label":0}},{"type":"Feature","geometry":{"type":"Point","coordinates":[8.518882,47.395428]},"properties":{"name":"Waidfussweg","lines":"N13","arr":["N13"],"terminus":0,"mode":"bus","color":"#0059a9","colorDark":"#00294f","angle":22.9,"snapDist":2,"label":0}},{"type":"Feature","geometry":{"type":"Point","coordinates":[8.512738,47.396387]},"properties":{"name":"Eschergutweg","lines":"N13","arr":["N13"],"terminus":0,"mode":"bus","color":"#0059a9","colorDark":"#00294f","angle":6.3,"snapDist":2,"label":0}},{"type":"Feature","geometry":{"type":"Point","coordinates":[8.507411,47.397721]},"properties":{"name":"Alte Trotte","lines":"N13","arr":["N13"],"terminus":0,"mode":"bus","color":"#0059a9","colorDark":"#00294f","angle":37.7,"snapDist":4,"label":0}},{"type":"Feature","geometry":{"type":"Point","coordinates":[8.450713,47.359509]},"properties":{"name":"Birmensdorf ZH, Obere Risi D","lines":"N14","arr":["N14"],"terminus":0,"mode":"bus","color":"#0059a9","colorDark":"#00294f","angle":34.6,"snapDist":4,"label":1}},{"type":"Feature","geometry":{"type":"Point","coordinates":[8.523506,47.360207]},"properties":{"name":"Sihlcity Nord","lines":"N15","arr":["N15"],"terminus":0,"mode":"bus","color":"#0059a9","colorDark":"#00294f","angle":157.5,"snapDist":5,"label":0}},{"type":"Feature","geometry":{"type":"Point","coordinates":[8.538285,47.372903]},"properties":{"name":"Rennweg","lines":"N16, N91","arr":["N16","N91"],"terminus":0,"mode":"bus","color":"#0059a9","colorDark":"#00294f","angle":268.7,"snapDist":5,"label":1}},{"type":"Feature","geometry":{"type":"Point","coordinates":[8.538642,47.369674]},"properties":{"name":"Paradeplatz","lines":"N16","arr":["N16"],"terminus":0,"mode":"bus","color":"#0059a9","colorDark":"#00294f","angle":315.2,"snapDist":4,"label":0}},{"type":"Feature","geometry":{"type":"Point","coordinates":[8.534968,47.367709]},"properties":{"name":"Stockerstrasse","lines":"N16","arr":["N16"],"terminus":0,"mode":"bus","color":"#0059a9","colorDark":"#00294f","angle":340.7,"snapDist":3,"label":1}},{"type":"Feature","geometry":{"type":"Point","coordinates":[8.532645,47.366184]},"properties":{"name":"Tunnelstrasse","lines":"N16","arr":["N16"],"terminus":0,"mode":"bus","color":"#0059a9","colorDark":"#00294f","angle":307.1,"snapDist":5,"label":1}},{"type":"Feature","geometry":{"type":"Point","coordinates":[8.531368,47.364039]},"properties":{"name":"Bahnhof Enge","lines":"N16","arr":["N16"],"terminus":0,"mode":"bus","color":"#0059a9","colorDark":"#00294f","angle":268,"snapDist":4,"label":0}},{"type":"Feature","geometry":{"type":"Point","coordinates":[8.550863,47.312245]},"properties":{"name":"Rüschlikon, Rebsteig","lines":"N16","arr":["N16"],"terminus":0,"mode":"bus","color":"#0059a9","colorDark":"#00294f","angle":262,"snapDist":6,"label":1}},{"type":"Feature","geometry":{"type":"Point","coordinates":[8.532972,47.366477]},"properties":{"name":"Tunnelstrasse","lines":"N16","arr":["N16"],"terminus":0,"mode":"bus","color":"#0059a9","colorDark":"#00294f","angle":127.1,"snapDist":3,"label":0}},{"type":"Feature","geometry":{"type":"Point","coordinates":[8.536117,47.368026]},"properties":{"name":"Stockerstrasse","lines":"N16","arr":["N16"],"terminus":0,"mode":"bus","color":"#0059a9","colorDark":"#00294f","angle":154.3,"snapDist":1,"label":0}},{"type":"Feature","geometry":{"type":"Point","coordinates":[8.539076,47.369846]},"properties":{"name":"Paradeplatz","lines":"N16","arr":["N16"],"terminus":0,"mode":"bus","color":"#0059a9","colorDark":"#00294f","angle":138.3,"snapDist":2,"label":0}},{"type":"Feature","geometry":{"type":"Point","coordinates":[8.53827,47.373303]},"properties":{"name":"Rennweg","lines":"N16, N91","arr":["N16","N91"],"terminus":0,"mode":"bus","color":"#0059a9","colorDark":"#00294f","angle":88.5,"snapDist":3,"label":0}},{"type":"Feature","geometry":{"type":"Point","coordinates":[8.454674,47.398448]},"properties":{"name":"Schlieren, Wagonsfabrik","lines":"N17","arr":["N17"],"terminus":0,"mode":"bus","color":"#0059a9","colorDark":"#00294f","angle":181,"snapDist":1,"label":0}},{"type":"Feature","geometry":{"type":"Point","coordinates":[8.460293,47.39759]},"properties":{"name":"Schlieren, Gasometerbrücke","lines":"N17","arr":["N17"],"terminus":0,"mode":"bus","color":"#0059a9","colorDark":"#00294f","angle":202.6,"snapDist":1,"label":0}},{"type":"Feature","geometry":{"type":"Point","coordinates":[8.466948,47.395778]},"properties":{"name":"Schlieren, Mülligen","lines":"N17","arr":["N17"],"terminus":0,"mode":"bus","color":"#0059a9","colorDark":"#00294f","angle":213.2,"snapDist":2,"label":0}},{"type":"Feature","geometry":{"type":"Point","coordinates":[8.504275,47.393892]},"properties":{"name":"Hardturm","lines":"N17","arr":["N17"],"terminus":0,"mode":"bus","color":"#0059a9","colorDark":"#00294f","angle":176,"snapDist":4,"label":1}},{"type":"Feature","geometry":{"type":"Point","coordinates":[8.508898,47.393841]},"properties":{"name":"Bernoulli-Häuser","lines":"N17","arr":["N17"],"terminus":0,"mode":"bus","color":"#0059a9","colorDark":"#00294f","angle":182.9,"snapDist":2,"label":1}},{"type":"Feature","geometry":{"type":"Point","coordinates":[8.512638,47.393584]},"properties":{"name":"Fischerweg","lines":"N17","arr":["N17"],"terminus":0,"mode":"bus","color":"#0059a9","colorDark":"#00294f","angle":203.9,"snapDist":8,"label":1}},{"type":"Feature","geometry":{"type":"Point","coordinates":[8.517447,47.392232]},"properties":{"name":"Förrlibuckstrasse","lines":"N17","arr":["N17"],"terminus":0,"mode":"bus","color":"#0059a9","colorDark":"#00294f","angle":201.9,"snapDist":1,"label":1}},{"type":"Feature","geometry":{"type":"Point","coordinates":[8.517009,47.392355]},"properties":{"name":"Förrlibuckstrasse","lines":"N17","arr":["N17"],"terminus":0,"mode":"bus","color":"#0059a9","colorDark":"#00294f","angle":23.1,"snapDist":5,"label":0}},{"type":"Feature","geometry":{"type":"Point","coordinates":[8.512096,47.393691]},"properties":{"name":"Fischerweg","lines":"N17","arr":["N17"],"terminus":0,"mode":"bus","color":"#0059a9","colorDark":"#00294f","angle":11,"snapDist":3,"label":0}},{"type":"Feature","geometry":{"type":"Point","coordinates":[8.508384,47.393854]},"properties":{"name":"Bernoulli-Häuser","lines":"N17","arr":["N17"],"terminus":0,"mode":"bus","color":"#0059a9","colorDark":"#00294f","angle":359.9,"snapDist":4,"label":0}},{"type":"Feature","geometry":{"type":"Point","coordinates":[8.505858,47.393904]},"properties":{"name":"Hardturm","lines":"N17","arr":["N17"],"terminus":0,"mode":"bus","color":"#0059a9","colorDark":"#00294f","angle":335.7,"snapDist":4,"label":0}},{"type":"Feature","geometry":{"type":"Point","coordinates":[8.466596,47.396132]},"properties":{"name":"Schlieren, Mülligen","lines":"N17","arr":["N17"],"terminus":0,"mode":"bus","color":"#0059a9","colorDark":"#00294f","angle":34,"snapDist":2,"label":0}},{"type":"Feature","geometry":{"type":"Point","coordinates":[8.460244,47.397776]},"properties":{"name":"Schlieren, Gasometerbrücke","lines":"N17","arr":["N17"],"terminus":0,"mode":"bus","color":"#0059a9","colorDark":"#00294f","angle":22.3,"snapDist":2,"label":0}},{"type":"Feature","geometry":{"type":"Point","coordinates":[8.453956,47.398601]},"properties":{"name":"Schlieren, Wagonsfabrik","lines":"N17","arr":["N17"],"terminus":0,"mode":"bus","color":"#0059a9","colorDark":"#00294f","angle":359,"snapDist":2,"label":0}},{"type":"Feature","geometry":{"type":"Point","coordinates":[8.444306,47.398143]},"properties":{"name":"Schlieren, Geissweid","lines":"N17","arr":["N17"],"terminus":1,"mode":"bus","color":"#0059a9","colorDark":"#00294f","angle":355.6,"snapDist":1,"label":0}},{"type":"Feature","geometry":{"type":"Point","coordinates":[8.438566,47.356976]},"properties":{"name":"Birmensdorf ZH, Bahnhof C","lines":"N22","arr":["N22"],"terminus":1,"mode":"bus","color":"#0059a9","colorDark":"#00294f","angle":12.6,"snapDist":3,"label":1}},{"type":"Feature","geometry":{"type":"Point","coordinates":[8.432602,47.268335]},"properties":{"name":"Obfelden, Hölibachstrasse","lines":"N22","arr":["N22"],"terminus":0,"mode":"bus","color":"#0059a9","colorDark":"#00294f","angle":284.3,"snapDist":6,"label":1}},{"type":"Feature","geometry":{"type":"Point","coordinates":[8.431841,47.264993]},"properties":{"name":"Obfelden, Toussen","lines":"N22","arr":["N22"],"terminus":0,"mode":"bus","color":"#0059a9","colorDark":"#00294f","angle":322.7,"snapDist":5,"label":1}},{"type":"Feature","geometry":{"type":"Point","coordinates":[8.425009,47.263214]},"properties":{"name":"Obfelden, Bachstrasse","lines":"N22","arr":["N22"],"terminus":0,"mode":"bus","color":"#0059a9","colorDark":"#00294f","angle":353.7,"snapDist":4,"label":1}},{"type":"Feature","geometry":{"type":"Point","coordinates":[8.420461,47.262095]},"properties":{"name":"Obfelden, Alte Post","lines":"N22","arr":["N22"],"terminus":0,"mode":"bus","color":"#0059a9","colorDark":"#00294f","angle":333.4,"snapDist":5,"label":1}},{"type":"Feature","geometry":{"type":"Point","coordinates":[8.414913,47.262038]},"properties":{"name":"Obfelden, Gessnerstrasse","lines":"N22","arr":["N22"],"terminus":0,"mode":"bus","color":"#0059a9","colorDark":"#00294f","angle":2.5,"snapDist":2,"label":1}},{"type":"Feature","geometry":{"type":"Point","coordinates":[8.409533,47.263254]},"properties":{"name":"Obfelden, Unterlunnern","lines":"N22","arr":["N22"],"terminus":1,"mode":"bus","color":"#0059a9","colorDark":"#00294f","angle":29.5,"snapDist":10,"label":1}},{"type":"Feature","geometry":{"type":"Point","coordinates":[8.491274,47.266112]},"properties":{"name":"Aeugst a.A., Grossacher","lines":"N24","arr":["N24"],"terminus":0,"mode":"bus","color":"#0059a9","colorDark":"#00294f","angle":211.3,"snapDist":6,"label":0}},{"type":"Feature","geometry":{"type":"Point","coordinates":[8.510456,47.259634]},"properties":{"name":"Hausen a.A., Vollenweid","lines":"N24","arr":["N24"],"terminus":0,"mode":"bus","color":"#0059a9","colorDark":"#00294f","angle":193.7,"snapDist":2,"label":1}},{"type":"Feature","geometry":{"type":"Point","coordinates":[8.581286,47.271164]},"properties":{"name":"Oberrieden, Wattenbühlweg","lines":"N25","arr":["N25"],"terminus":0,"mode":"bus","color":"#0059a9","colorDark":"#00294f","angle":231.1,"snapDist":2,"label":1}},{"type":"Feature","geometry":{"type":"Point","coordinates":[8.444426,47.397794]},"properties":{"name":"Schlieren, Geissweid","lines":"N34","arr":["N34"],"terminus":0,"mode":"bus","color":"#0059a9","colorDark":"#00294f","angle":319.4,"snapDist":1,"label":0}},{"type":"Feature","geometry":{"type":"Point","coordinates":[8.438313,47.396651]},"properties":{"name":"Schlieren, Kesslerplatz","lines":"N34","arr":["N34"],"terminus":0,"mode":"bus","color":"#0059a9","colorDark":"#00294f","angle":12.2,"snapDist":1,"label":0}},{"type":"Feature","geometry":{"type":"Point","coordinates":[8.43059,47.397219]},"properties":{"name":"Schlieren, Reitmen","lines":"N34","arr":["N34"],"terminus":0,"mode":"bus","color":"#0059a9","colorDark":"#00294f","angle":359.4,"snapDist":2,"label":0}},{"type":"Feature","geometry":{"type":"Point","coordinates":[8.396358,47.406736]},"properties":{"name":"Dietikon, Oetwilerstrasse","lines":"N36","arr":["N36"],"terminus":0,"mode":"bus","color":"#0059a9","colorDark":"#00294f","angle":33.1,"snapDist":2,"label":0}},{"type":"Feature","geometry":{"type":"Point","coordinates":[8.418665,47.390569]},"properties":{"name":"Urdorf, Niederurdorf","lines":"N36","arr":["N36"],"terminus":0,"mode":"bus","color":"#0059a9","colorDark":"#00294f","angle":162.9,"snapDist":1,"label":0}},{"type":"Feature","geometry":{"type":"Point","coordinates":[8.430967,47.397061]},"properties":{"name":"Schlieren, Reitmen","lines":"N36","arr":["N36"],"terminus":0,"mode":"bus","color":"#0059a9","colorDark":"#00294f","angle":179.7,"snapDist":2,"label":0}},{"type":"Feature","geometry":{"type":"Point","coordinates":[8.43814,47.396508]},"properties":{"name":"Schlieren, Kesslerplatz","lines":"N36","arr":["N36"],"terminus":0,"mode":"bus","color":"#0059a9","colorDark":"#00294f","angle":192.9,"snapDist":2,"label":0}},{"type":"Feature","geometry":{"type":"Point","coordinates":[8.444877,47.397856]},"properties":{"name":"Schlieren, Geissweid","lines":"N36","arr":["N36"],"terminus":0,"mode":"bus","color":"#0059a9","colorDark":"#00294f","angle":139.2,"snapDist":2,"label":0}},{"type":"Feature","geometry":{"type":"Point","coordinates":[8.437407,47.453053]},"properties":{"name":"Buchs-Dällikon, Bahnhof","lines":"N45","arr":["N45"],"terminus":0,"mode":"bus","color":"#0059a9","colorDark":"#00294f","angle":5.5,"snapDist":1,"label":0}},{"type":"Feature","geometry":{"type":"Point","coordinates":[8.438636,47.440007]},"properties":{"name":"Dällikon, Dorf","lines":"N45","arr":["N45"],"terminus":0,"mode":"bus","color":"#0059a9","colorDark":"#00294f","angle":284.6,"snapDist":4,"label":0}},{"type":"Feature","geometry":{"type":"Point","coordinates":[8.387482,47.446124]},"properties":{"name":"Hüttikon","lines":"N45","arr":["N45"],"terminus":0,"mode":"bus","color":"#0059a9","colorDark":"#00294f","angle":356.1,"snapDist":2,"label":0}},{"type":"Feature","geometry":{"type":"Point","coordinates":[8.492862,47.48175]},"properties":{"name":"Niederhasli, Hofstetterstrasse D","lines":"N51","arr":["N51"],"terminus":0,"mode":"bus","color":"#0059a9","colorDark":"#00294f","angle":317.7,"snapDist":5,"label":1}},{"type":"Feature","geometry":{"type":"Point","coordinates":[8.48571,47.481206]},"properties":{"name":"Niederhasli, Dorf","lines":"N51","arr":["N51"],"terminus":0,"mode":"bus","color":"#0059a9","colorDark":"#00294f","angle":1.2,"snapDist":2,"label":1}},{"type":"Feature","geometry":{"type":"Point","coordinates":[8.47119,47.48359]},"properties":{"name":"Dielsdorf, Erlen","lines":"N51","arr":["N51"],"terminus":0,"mode":"bus","color":"#0059a9","colorDark":"#00294f","angle":8.7,"snapDist":6,"label":1}},{"type":"Feature","geometry":{"type":"Point","coordinates":[8.463625,47.480865]},"properties":{"name":"Dielsdorf, Ruchwiesen","lines":"N51","arr":["N51"],"terminus":0,"mode":"bus","color":"#0059a9","colorDark":"#00294f","angle":314,"snapDist":3,"label":1}},{"type":"Feature","geometry":{"type":"Point","coordinates":[8.453318,47.482991]},"properties":{"name":"Dielsdorf, Wehntalerstrasse","lines":"N51","arr":["N51"],"terminus":0,"mode":"bus","color":"#0059a9","colorDark":"#00294f","angle":70.1,"snapDist":2,"label":1}},{"type":"Feature","geometry":{"type":"Point","coordinates":[8.447991,47.489842]},"properties":{"name":"Steinmaur, Bahnhof","lines":"N51","arr":["N51"],"terminus":0,"mode":"bus","color":"#0059a9","colorDark":"#00294f","angle":87.6,"snapDist":7,"label":1}},{"type":"Feature","geometry":{"type":"Point","coordinates":[8.437466,47.490727]},"properties":{"name":"Steinmaur, Sünikon","lines":"N51","arr":["N51"],"terminus":0,"mode":"bus","color":"#0059a9","colorDark":"#00294f","angle":43,"snapDist":3,"label":1}},{"type":"Feature","geometry":{"type":"Point","coordinates":[8.415714,47.499683]},"properties":{"name":"Schöfflisdorf, Gemeindehaus","lines":"N51","arr":["N51"],"terminus":0,"mode":"bus","color":"#0059a9","colorDark":"#00294f","angle":347.2,"snapDist":3,"label":1}},{"type":"Feature","geometry":{"type":"Point","coordinates":[8.405175,47.500657]},"properties":{"name":"Oberweningen, Im Hüebli","lines":"N51","arr":["N51"],"terminus":0,"mode":"bus","color":"#0059a9","colorDark":"#00294f","angle":290.8,"snapDist":5,"label":1}},{"type":"Feature","geometry":{"type":"Point","coordinates":[8.395822,47.497296]},"properties":{"name":"Schleinikon, Gemeindehaus","lines":"N51","arr":["N51"],"terminus":0,"mode":"bus","color":"#0059a9","colorDark":"#00294f","angle":23.5,"snapDist":4,"label":1}},{"type":"Feature","geometry":{"type":"Point","coordinates":[8.39192,47.498076]},"properties":{"name":"Schleinikon, Dachsleren","lines":"N51","arr":["N51"],"terminus":0,"mode":"bus","color":"#0059a9","colorDark":"#00294f","angle":15,"snapDist":2,"label":1}},{"type":"Feature","geometry":{"type":"Point","coordinates":[8.379406,47.507696]},"properties":{"name":"Niederweningen, Dorf","lines":"N51","arr":["N51"],"terminus":0,"mode":"bus","color":"#0059a9","colorDark":"#00294f","angle":21,"snapDist":3,"label":1}},{"type":"Feature","geometry":{"type":"Point","coordinates":[8.369638,47.511518]},"properties":{"name":"Niederweningen, Bahnhof","lines":"N51","arr":["N51"],"terminus":0,"mode":"bus","color":"#0059a9","colorDark":"#00294f","angle":37.9,"snapDist":2,"label":1}},{"type":"Feature","geometry":{"type":"Point","coordinates":[8.36368,47.519457]},"properties":{"name":"Schneisingen, Mitteldorf","lines":"N51","arr":["N51"],"terminus":1,"mode":"bus","color":"#0059a9","colorDark":"#00294f","angle":41.1,"snapDist":3,"label":1}},{"type":"Feature","geometry":{"type":"Point","coordinates":[8.369931,47.511125]},"properties":{"name":"Niederweningen, Bahnhof B","lines":"N51","arr":["N51"],"terminus":1,"mode":"bus","color":"#0059a9","colorDark":"#00294f","angle":247.1,"snapDist":2,"label":1}},{"type":"Feature","geometry":{"type":"Point","coordinates":[8.379624,47.507635]},"properties":{"name":"Niederweningen, Dorf","lines":"N51","arr":["N51"],"terminus":0,"mode":"bus","color":"#0059a9","colorDark":"#00294f","angle":204.5,"snapDist":2,"label":0}},{"type":"Feature","geometry":{"type":"Point","coordinates":[8.398497,47.502621]},"properties":{"name":"Schleinikon, Wasen","lines":"N51","arr":["N51"],"terminus":0,"mode":"bus","color":"#0059a9","colorDark":"#00294f","angle":209.3,"snapDist":5,"label":1}},{"type":"Feature","geometry":{"type":"Point","coordinates":[8.402822,47.501834]},"properties":{"name":"Oberweningen, Hüeblistrasse","lines":"N51","arr":["N51"],"terminus":0,"mode":"bus","color":"#0059a9","colorDark":"#00294f","angle":201.5,"snapDist":5,"label":1}},{"type":"Feature","geometry":{"type":"Point","coordinates":[8.405059,47.501135]},"properties":{"name":"Oberweningen, Im Hüebli","lines":"N51","arr":["N51"],"terminus":0,"mode":"bus","color":"#0059a9","colorDark":"#00294f","angle":205,"snapDist":5,"label":0}},{"type":"Feature","geometry":{"type":"Point","coordinates":[8.447757,47.489685]},"properties":{"name":"Steinmaur, Bahnhof","lines":"N51","arr":["N51"],"terminus":0,"mode":"bus","color":"#0059a9","colorDark":"#00294f","angle":289.1,"snapDist":3,"label":0}},{"type":"Feature","geometry":{"type":"Point","coordinates":[8.453154,47.483155]},"properties":{"name":"Dielsdorf, Wehntalerstrasse","lines":"N51","arr":["N51"],"terminus":0,"mode":"bus","color":"#0059a9","colorDark":"#00294f","angle":231,"snapDist":4,"label":0}},{"type":"Feature","geometry":{"type":"Point","coordinates":[8.463942,47.480976]},"properties":{"name":"Dielsdorf, Ruchwiesen","lines":"N51","arr":["N51"],"terminus":0,"mode":"bus","color":"#0059a9","colorDark":"#00294f","angle":131.5,"snapDist":2,"label":0}},{"type":"Feature","geometry":{"type":"Point","coordinates":[8.472001,47.483483]},"properties":{"name":"Dielsdorf, Erlen","lines":"N51","arr":["N51"],"terminus":0,"mode":"bus","color":"#0059a9","colorDark":"#00294f","angle":192.6,"snapDist":6,"label":0}},{"type":"Feature","geometry":{"type":"Point","coordinates":[8.485917,47.481207]},"properties":{"name":"Niederhasli, Dorf","lines":"N51","arr":["N51"],"terminus":0,"mode":"bus","color":"#0059a9","colorDark":"#00294f","angle":178.8,"snapDist":2,"label":0}},{"type":"Feature","geometry":{"type":"Point","coordinates":[8.493032,47.481784]},"properties":{"name":"Niederhasli, Hofstetterstrasse C","lines":"N51","arr":["N51"],"terminus":0,"mode":"bus","color":"#0059a9","colorDark":"#00294f","angle":137.9,"snapDist":1,"label":1}},{"type":"Feature","geometry":{"type":"Point","coordinates":[8.59814,47.501018]},"properties":{"name":"Embrach, Oberdorf","lines":"N52","arr":["N52"],"terminus":0,"mode":"bus","color":"#0059a9","colorDark":"#00294f","angle":55.5,"snapDist":4,"label":1}},{"type":"Feature","geometry":{"type":"Point","coordinates":[8.574873,47.530807]},"properties":{"name":"Rorbas, Hirschen","lines":"N52","arr":["N52"],"terminus":0,"mode":"bus","color":"#0059a9","colorDark":"#00294f","angle":152.2,"snapDist":2,"label":0}},{"type":"Feature","geometry":{"type":"Point","coordinates":[8.579351,47.529814]},"properties":{"name":"Rorbas, Dorfplatz","lines":"N52","arr":["N52"],"terminus":0,"mode":"bus","color":"#0059a9","colorDark":"#00294f","angle":180.3,"snapDist":1,"label":0}},{"type":"Feature","geometry":{"type":"Point","coordinates":[8.580903,47.530455]},"properties":{"name":"Freienstein, Alte Brücke","lines":"N52","arr":["N52"],"terminus":1,"mode":"bus","color":"#0059a9","colorDark":"#00294f","angle":141.9,"snapDist":2,"label":0}},{"type":"Feature","geometry":{"type":"Point","coordinates":[8.54086,47.516129]},"properties":{"name":"Bülach, Pfarrgässli","lines":"N54","arr":["N54"],"terminus":0,"mode":"bus","color":"#0059a9","colorDark":"#00294f","angle":358.2,"snapDist":4,"label":1}},{"type":"Feature","geometry":{"type":"Point","coordinates":[8.719231,47.414717]},"properties":{"name":"Illnau, Gemeindehaus","lines":"N62","arr":["N62"],"terminus":0,"mode":"bus","color":"#0059a9","colorDark":"#00294f","angle":266.3,"snapDist":1,"label":1}},{"type":"Feature","geometry":{"type":"Point","coordinates":[8.722885,47.408577]},"properties":{"name":"Illnau, Bahnhof","lines":"N62","arr":["N62"],"terminus":0,"mode":"bus","color":"#0059a9","colorDark":"#00294f","angle":244.4,"snapDist":0,"label":0}},{"type":"Feature","geometry":{"type":"Point","coordinates":[8.724023,47.407511]},"properties":{"name":"Illnau, Dorfplatz","lines":"N62","arr":["N62"],"terminus":0,"mode":"bus","color":"#0059a9","colorDark":"#00294f","angle":144.7,"snapDist":1,"label":1}},{"type":"Feature","geometry":{"type":"Point","coordinates":[8.727269,47.407924]},"properties":{"name":"Illnau, Weisslingerstrasse","lines":"N62","arr":["N62"],"terminus":0,"mode":"bus","color":"#0059a9","colorDark":"#00294f","angle":183.4,"snapDist":1,"label":1}},{"type":"Feature","geometry":{"type":"Point","coordinates":[8.744851,47.412994]},"properties":{"name":"Illnau, Horben","lines":"N62","arr":["N62"],"terminus":0,"mode":"bus","color":"#0059a9","colorDark":"#00294f","angle":124.3,"snapDist":3,"label":1}},{"type":"Feature","geometry":{"type":"Point","coordinates":[8.767964,47.422007]},"properties":{"name":"Theilingen, Post","lines":"N62","arr":["N62"],"terminus":0,"mode":"bus","color":"#0059a9","colorDark":"#00294f","angle":103.8,"snapDist":4,"label":1}},{"type":"Feature","geometry":{"type":"Point","coordinates":[8.766856,47.427366]},"properties":{"name":"Weisslingen, Oberhof","lines":"N62","arr":["N62"],"terminus":0,"mode":"bus","color":"#0059a9","colorDark":"#00294f","angle":74.3,"snapDist":7,"label":1}},{"type":"Feature","geometry":{"type":"Point","coordinates":[8.76394,47.431288]},"properties":{"name":"Weisslingen, Dorf","lines":"N62","arr":["N62"],"terminus":0,"mode":"bus","color":"#0059a9","colorDark":"#00294f","angle":46.5,"snapDist":3,"label":1}},{"type":"Feature","geometry":{"type":"Point","coordinates":[8.750801,47.425298]},"properties":{"name":"Weisslingen, Brauiweiher","lines":"N62","arr":["N62"],"terminus":0,"mode":"bus","color":"#0059a9","colorDark":"#00294f","angle":347.2,"snapDist":2,"label":1}},{"type":"Feature","geometry":{"type":"Point","coordinates":[8.744285,47.425174]},"properties":{"name":"Agasul","lines":"N62","arr":["N62"],"terminus":1,"mode":"bus","color":"#0059a9","colorDark":"#00294f","angle":352,"snapDist":4,"label":1}},{"type":"Feature","geometry":{"type":"Point","coordinates":[8.544065,47.376811]},"properties":{"name":"Central C","lines":"N71, N74","arr":["N71","N74"],"terminus":0,"mode":"bus","color":"#0059a9","colorDark":"#00294f","angle":157.2,"snapDist":2,"label":1}},{"type":"Feature","geometry":{"type":"Point","coordinates":[8.549061,47.370573]},"properties":{"name":"Kunsthaus","lines":"N71, N74","arr":["N71","N74"],"terminus":0,"mode":"bus","color":"#0059a9","colorDark":"#00294f","angle":207,"snapDist":3,"label":0}},{"type":"Feature","geometry":{"type":"Point","coordinates":[8.554555,47.36937]},"properties":{"name":"Hottingerplatz","lines":"N71, N74","arr":["N71","N74"],"terminus":0,"mode":"bus","color":"#0059a9","colorDark":"#00294f","angle":197.4,"snapDist":4,"label":1}},{"type":"Feature","geometry":{"type":"Point","coordinates":[8.560238,47.368081]},"properties":{"name":"Römerhof B","lines":"N71, N74","arr":["N71","N74"],"terminus":0,"mode":"bus","color":"#0059a9","colorDark":"#00294f","angle":211.8,"snapDist":0,"label":1}},{"type":"Feature","geometry":{"type":"Point","coordinates":[8.562523,47.366012]},"properties":{"name":"Hölderlinstrasse","lines":"N71, N74","arr":["N71","N74"],"terminus":0,"mode":"bus","color":"#0059a9","colorDark":"#00294f","angle":217.3,"snapDist":3,"label":1}},{"type":"Feature","geometry":{"type":"Point","coordinates":[8.566649,47.364201]},"properties":{"name":"Klusplatz E","lines":"N71, N74","arr":["N71","N74"],"terminus":0,"mode":"bus","color":"#0059a9","colorDark":"#00294f","angle":63.2,"snapDist":8,"label":1}},{"type":"Feature","geometry":{"type":"Point","coordinates":[8.562139,47.366292]},"properties":{"name":"Hölderlinstrasse","lines":"N71, N74","arr":["N71","N74"],"terminus":0,"mode":"bus","color":"#0059a9","colorDark":"#00294f","angle":42,"snapDist":4,"label":0}},{"type":"Feature","geometry":{"type":"Point","coordinates":[8.559586,47.368302]},"properties":{"name":"Römerhof A","lines":"N71, N74","arr":["N71","N74"],"terminus":0,"mode":"bus","color":"#0059a9","colorDark":"#00294f","angle":13.7,"snapDist":6,"label":1}},{"type":"Feature","geometry":{"type":"Point","coordinates":[8.555253,47.369267]},"properties":{"name":"Hottingerplatz","lines":"N71, N74","arr":["N71","N74"],"terminus":0,"mode":"bus","color":"#0059a9","colorDark":"#00294f","angle":10.1,"snapDist":2,"label":0}},{"type":"Feature","geometry":{"type":"Point","coordinates":[8.54859,47.370772]},"properties":{"name":"Kunsthaus","lines":"N71, N74","arr":["N71","N74"],"terminus":0,"mode":"bus","color":"#0059a9","colorDark":"#00294f","angle":32.3,"snapDist":2,"label":0}},{"type":"Feature","geometry":{"type":"Point","coordinates":[8.634395,47.394944]},"properties":{"name":"Dübendorf, Bauhof","lines":"N76","arr":["N76"],"terminus":0,"mode":"bus","color":"#0059a9","colorDark":"#00294f","angle":218.7,"snapDist":2,"label":1}},{"type":"Feature","geometry":{"type":"Point","coordinates":[8.566545,47.426484]},"properties":{"name":"Glattbrugg, Oberhusen","lines":"N79","arr":["N79"],"terminus":0,"mode":"bus","color":"#0059a9","colorDark":"#00294f","angle":164.6,"snapDist":1,"label":1}},{"type":"Feature","geometry":{"type":"Point","coordinates":[8.697265,47.34578]},"properties":{"name":"Uster, Schlyffi","lines":"N81","arr":["N81"],"terminus":0,"mode":"bus","color":"#0059a9","colorDark":"#00294f","angle":43.2,"snapDist":3,"label":1}},{"type":"Feature","geometry":{"type":"Point","coordinates":[8.708581,47.354601]},"properties":{"name":"Uster, Gschwaderstrasse","lines":"N81","arr":["N81"],"terminus":0,"mode":"bus","color":"#0059a9","colorDark":"#00294f","angle":112.2,"snapDist":2,"label":0}},{"type":"Feature","geometry":{"type":"Point","coordinates":[8.729379,47.351923]},"properties":{"name":"Uster, Bordacker","lines":"N81","arr":["N81"],"terminus":0,"mode":"bus","color":"#0059a9","colorDark":"#00294f","angle":281.9,"snapDist":3,"label":0}},{"type":"Feature","geometry":{"type":"Point","coordinates":[8.539368,47.369712]},"properties":{"name":"Paradeplatz","lines":"N91","arr":["N91"],"terminus":0,"mode":"bus","color":"#0059a9","colorDark":"#00294f","angle":259.2,"snapDist":2,"label":0}},{"type":"Feature","geometry":{"type":"Point","coordinates":[8.545326,47.366876]},"properties":{"name":"Bellevue C","lines":"N91","arr":["N91"],"terminus":0,"mode":"bus","color":"#0059a9","colorDark":"#00294f","angle":196.8,"snapDist":3,"label":1}},{"type":"Feature","geometry":{"type":"Point","coordinates":[8.547739,47.365325]},"properties":{"name":"Opernhaus F","lines":"N91","arr":["N91"],"terminus":0,"mode":"bus","color":"#0059a9","colorDark":"#00294f","angle":230.2,"snapDist":2,"label":1}},{"type":"Feature","geometry":{"type":"Point","coordinates":[8.549559,47.363391]},"properties":{"name":"Kreuzstrasse","lines":"N91","arr":["N91"],"terminus":0,"mode":"bus","color":"#0059a9","colorDark":"#00294f","angle":239.4,"snapDist":4,"label":0}},{"type":"Feature","geometry":{"type":"Point","coordinates":[8.552064,47.360498]},"properties":{"name":"Feldeggstrasse","lines":"N91","arr":["N91"],"terminus":0,"mode":"bus","color":"#0059a9","colorDark":"#00294f","angle":239.9,"snapDist":2,"label":0}},{"type":"Feature","geometry":{"type":"Point","coordinates":[8.554371,47.357882]},"properties":{"name":"Höschgasse","lines":"N91","arr":["N91"],"terminus":0,"mode":"bus","color":"#0059a9","colorDark":"#00294f","angle":237,"snapDist":2,"label":0}},{"type":"Feature","geometry":{"type":"Point","coordinates":[8.544825,47.366956]},"properties":{"name":"Bellevue D","lines":"N91","arr":["N91"],"terminus":0,"mode":"bus","color":"#0059a9","colorDark":"#00294f","angle":11.3,"snapDist":2,"label":1}},{"type":"Feature","geometry":{"type":"Point","coordinates":[8.539265,47.37005]},"properties":{"name":"Paradeplatz","lines":"N91","arr":["N91"],"terminus":0,"mode":"bus","color":"#0059a9","colorDark":"#00294f","angle":76.2,"snapDist":2,"label":0}},{"type":"Feature","geometry":{"type":"Point","coordinates":[8.444826,47.397905]},"properties":{"name":"Schlieren, Geissweid","lines":"2","arr":["2"],"terminus":1,"mode":"tram","color":"#d6212b","colorDark":"#7c1116","angle":139.4,"snapDist":2,"label":1}},{"type":"Feature","geometry":{"type":"Point","coordinates":[8.448724,47.397766]},"properties":{"name":"Schlieren, Zentrum/Bahnhof","lines":"2","arr":["2"],"terminus":0,"mode":"tram","color":"#d6212b","colorDark":"#7c1116","angle":200,"snapDist":1,"label":1}},{"type":"Feature","geometry":{"type":"Point","coordinates":[8.454637,47.398521]},"properties":{"name":"Schlieren, Wagonsfabrik","lines":"2","arr":["2"],"terminus":0,"mode":"tram","color":"#d6212b","colorDark":"#7c1116","angle":179.1,"snapDist":5,"label":1}},{"type":"Feature","geometry":{"type":"Point","coordinates":[8.460555,47.397598]},"properties":{"name":"Schlieren, Gasometerbrücke","lines":"2","arr":["2"],"terminus":0,"mode":"tram","color":"#d6212b","colorDark":"#7c1116","angle":202.2,"snapDist":0,"label":1}},{"type":"Feature","geometry":{"type":"Point","coordinates":[8.467072,47.395809]},"properties":{"name":"Schlieren, Mülligen","lines":"2","arr":["2"],"terminus":0,"mode":"tram","color":"#d6212b","colorDark":"#7c1116","angle":214.1,"snapDist":3,"label":1}},{"type":"Feature","geometry":{"type":"Point","coordinates":[8.474821,47.392904]},"properties":{"name":"Micafil","lines":"2","arr":["2"],"terminus":0,"mode":"tram","color":"#d6212b","colorDark":"#7c1116","angle":206.6,"snapDist":1,"label":1}},{"type":"Feature","geometry":{"type":"Point","coordinates":[8.478781,47.39108]},"properties":{"name":"Farbhof","lines":"2","arr":["2"],"terminus":0,"mode":"tram","color":"#d6212b","colorDark":"#7c1116","angle":231.9,"snapDist":4,"label":1}},{"type":"Feature","geometry":{"type":"Point","coordinates":[8.482996,47.388989]},"properties":{"name":"Bachmattstrasse","lines":"2","arr":["2"],"terminus":0,"mode":"tram","color":"#d6212b","colorDark":"#7c1116","angle":220.1,"snapDist":0,"label":1}},{"type":"Feature","geometry":{"type":"Point","coordinates":[8.486351,47.387785]},"properties":{"name":"Lindenplatz","lines":"2","arr":["2"],"terminus":0,"mode":"tram","color":"#d6212b","colorDark":"#7c1116","angle":196.7,"snapDist":1,"label":1}},{"type":"Feature","geometry":{"type":"Point","coordinates":[8.490318,47.386898]},"properties":{"name":"Grimselstrasse","lines":"2","arr":["2"],"terminus":0,"mode":"tram","color":"#d6212b","colorDark":"#7c1116","angle":207.2,"snapDist":0,"label":1}},{"type":"Feature","geometry":{"type":"Point","coordinates":[8.49512,47.385073]},"properties":{"name":"Kappeli","lines":"2","arr":["2"],"terminus":0,"mode":"tram","color":"#d6212b","colorDark":"#7c1116","angle":205.9,"snapDist":1,"label":1}},{"type":"Feature","geometry":{"type":"Point","coordinates":[8.499854,47.38303]},"properties":{"name":"Freihofstrasse","lines":"2","arr":["2"],"terminus":0,"mode":"tram","color":"#d6212b","colorDark":"#7c1116","angle":215.5,"snapDist":2,"label":1}},{"type":"Feature","geometry":{"type":"Point","coordinates":[8.503791,47.38116]},"properties":{"name":"Letzigrund","lines":"2","arr":["2"],"terminus":0,"mode":"tram","color":"#d6212b","colorDark":"#7c1116","angle":213.6,"snapDist":0,"label":1}},{"type":"Feature","geometry":{"type":"Point","coordinates":[8.510529,47.378195]},"properties":{"name":"Albisriederplatz B","lines":"2","arr":["2"],"terminus":0,"mode":"tram","color":"#d6212b","colorDark":"#7c1116","angle":217.6,"snapDist":1,"label":1}},{"type":"Feature","geometry":{"type":"Point","coordinates":[8.513935,47.376684]},"properties":{"name":"Zypressenstrasse","lines":"2, 3","arr":["2","3"],"terminus":0,"mode":"tram","color":"#d6212b","colorDark":"#7c1116","angle":216.2,"snapDist":6,"label":1}},{"type":"Feature","geometry":{"type":"Point","coordinates":[8.517824,47.375363]},"properties":{"name":"Lochergut","lines":"2, 3","arr":["2","3"],"terminus":0,"mode":"tram","color":"#d6212b","colorDark":"#7c1116","angle":199.4,"snapDist":0,"label":1}},{"type":"Feature","geometry":{"type":"Point","coordinates":[8.521249,47.374492]},"properties":{"name":"Zürich,Kalkbreite/Bhf.Wiedikon","lines":"2, 3","arr":["2","3"],"terminus":0,"mode":"tram","color":"#d6212b","colorDark":"#7c1116","angle":199.4,"snapDist":0,"label":1}},{"type":"Feature","geometry":{"type":"Point","coordinates":[8.525887,47.373983]},"properties":{"name":"Bezirksgebäude","lines":"2, 3","arr":["2","3"],"terminus":0,"mode":"tram","color":"#d6212b","colorDark":"#7c1116","angle":209.9,"snapDist":1,"label":1}},{"type":"Feature","geometry":{"type":"Point","coordinates":[8.530303,47.373596]},"properties":{"name":"Stauffacher","lines":"2, 3, 7, 9, 14","arr":["2","3","7","9","14"],"terminus":0,"mode":"tram","color":"#d6212b","colorDark":"#7c1116","angle":177.2,"snapDist":0,"label":1}},{"type":"Feature","geometry":{"type":"Point","coordinates":[8.534843,47.372168]},"properties":{"name":"Sihlstrasse","lines":"2, 9","arr":["2","9"],"terminus":0,"mode":"tram","color":"#d6212b","colorDark":"#7c1116","angle":227.9,"snapDist":0,"label":1}},{"type":"Feature","geometry":{"type":"Point","coordinates":[8.539196,47.369615]},"properties":{"name":"Paradeplatz","lines":"2, 5, 9","arr":["2","5","9"],"terminus":0,"mode":"tram","color":"#d6212b","colorDark":"#7c1116","angle":191.9,"snapDist":0,"label":1}},{"type":"Feature","geometry":{"type":"Point","coordinates":[8.539879,47.368056]},"properties":{"name":"Kantonalbank","lines":"2, 5, 9, 11","arr":["2","5","9","11"],"terminus":0,"mode":"tram","color":"#d6212b","colorDark":"#7c1116","angle":255.9,"snapDist":4,"label":1}},{"type":"Feature","geometry":{"type":"Point","coordinates":[8.541774,47.366597]},"properties":{"name":"Bürkliplatz","lines":"2, 5, 8, 9, 11","arr":["2","5","8","9","11"],"terminus":0,"mode":"tram","color":"#d6212b","colorDark":"#7c1116","angle":159.3,"snapDist":2,"label":1}},{"type":"Feature","geometry":{"type":"Point","coordinates":[8.545083,47.367302]},"properties":{"name":"Bellevue F","lines":"2, 8, 9","arr":["2","8","9"],"terminus":0,"mode":"tram","color":"#d6212b","colorDark":"#7c1116","angle":142,"snapDist":0,"label":1}},{"type":"Feature","geometry":{"type":"Point","coordinates":[8.549091,47.370382]},"properties":{"name":"Kunsthaus","lines":"2, 8, 9","arr":["2","8","9"],"terminus":0,"mode":"tram","color":"#d6212b","colorDark":"#7c1116","angle":125.2,"snapDist":0,"label":1}},{"type":"Feature","geometry":{"type":"Point","coordinates":[8.55455,47.369359]},"properties":{"name":"Hottingerplatz","lines":"2, 3","arr":["2","3"],"terminus":0,"mode":"tram","color":"#d6212b","colorDark":"#7c1116","angle":197,"snapDist":3,"label":1}},{"type":"Feature","geometry":{"type":"Point","coordinates":[8.559811,47.367521]},"properties":{"name":"Römerhof C","lines":"2","arr":["2"],"terminus":0,"mode":"tram","color":"#d6212b","colorDark":"#7c1116","angle":322.2,"snapDist":2,"label":1}},{"type":"Feature","geometry":{"type":"Point","coordinates":[8.557449,47.366445]},"properties":{"name":"Englischviertelstrasse","lines":"2","arr":["2"],"terminus":0,"mode":"tram","color":"#d6212b","colorDark":"#7c1116","angle":326.8,"snapDist":1,"label":1}},{"type":"Feature","geometry":{"type":"Point","coordinates":[8.554957,47.365071]},"properties":{"name":"Kreuzplatz","lines":"2","arr":["2"],"terminus":0,"mode":"tram","color":"#d6212b","colorDark":"#7c1116","angle":303,"snapDist":5,"label":1}},{"type":"Feature","geometry":{"type":"Point","coordinates":[8.557882,47.363009]},"properties":{"name":"Signaustrasse","lines":"2, 4","arr":["2","4"],"terminus":0,"mode":"tram","color":"#d6212b","colorDark":"#7c1116","angle":226.1,"snapDist":1,"label":1}},{"type":"Feature","geometry":{"type":"Point","coordinates":[8.560923,47.361703]},"properties":{"name":"Hegibachplatz B","lines":"2, 4","arr":["2","4"],"terminus":0,"mode":"tram","color":"#d6212b","colorDark":"#7c1116","angle":205.8,"snapDist":1,"label":1}},{"type":"Feature","geometry":{"type":"Point","coordinates":[8.565214,47.360307]},"properties":{"name":"Hedwigsteig","lines":"2, 4","arr":["2","4"],"terminus":0,"mode":"tram","color":"#d6212b","colorDark":"#7c1116","angle":186.4,"snapDist":1,"label":1}},{"type":"Feature","geometry":{"type":"Point","coordinates":[8.568608,47.360068]},"properties":{"name":"Wetlistrasse","lines":"2, 4","arr":["2","4"],"terminus":0,"mode":"tram","color":"#d6212b","colorDark":"#7c1116","angle":213.4,"snapDist":4,"label":1}},{"type":"Feature","geometry":{"type":"Point","coordinates":[8.571919,47.357927]},"properties":{"name":"Burgwies","lines":"2, 4","arr":["2","4"],"terminus":0,"mode":"tram","color":"#d6212b","colorDark":"#7c1116","angle":224,"snapDist":2,"label":1}},{"type":"Feature","geometry":{"type":"Point","coordinates":[8.575141,47.354387]},"properties":{"name":"Balgrist","lines":"2, 4","arr":["2","4"],"terminus":0,"mode":"tram","color":"#d6212b","colorDark":"#7c1116","angle":240.1,"snapDist":0,"label":1}},{"type":"Feature","geometry":{"type":"Point","coordinates":[8.580742,47.350991]},"properties":{"name":"Friedhof Enzenbühl","lines":"2, 4","arr":["2","4"],"terminus":0,"mode":"tram","color":"#d6212b","colorDark":"#7c1116","angle":177.4,"snapDist":3,"label":1}},{"type":"Feature","geometry":{"type":"Point","coordinates":[8.58302,47.350909]},"properties":{"name":"Rehalp","lines":"2, 4","arr":["2","4"],"terminus":1,"mode":"tram","color":"#d6212b","colorDark":"#7c1116","angle":73.9,"snapDist":3,"label":1}},{"type":"Feature","geometry":{"type":"Point","coordinates":[8.580073,47.351039]},"properties":{"name":"Friedhof Enzenbühl","lines":"2, 4","arr":["2","4"],"terminus":0,"mode":"tram","color":"#d6212b","colorDark":"#7c1116","angle":7.7,"snapDist":3,"label":0}},{"type":"Feature","geometry":{"type":"Point","coordinates":[8.574932,47.354716]},"properties":{"name":"Balgrist","lines":"2, 4","arr":["2","4"],"terminus":0,"mode":"tram","color":"#d6212b","colorDark":"#7c1116","angle":64.4,"snapDist":1,"label":0}},{"type":"Feature","geometry":{"type":"Point","coordinates":[8.571534,47.358212]},"properties":{"name":"Burgwies","lines":"2, 4","arr":["2","4"],"terminus":0,"mode":"tram","color":"#d6212b","colorDark":"#7c1116","angle":43.5,"snapDist":1,"label":0}},{"type":"Feature","geometry":{"type":"Point","coordinates":[8.568179,47.360234]},"properties":{"name":"Wetlistrasse","lines":"2, 4","arr":["2","4"],"terminus":0,"mode":"tram","color":"#d6212b","colorDark":"#7c1116","angle":17.9,"snapDist":1,"label":0}},{"type":"Feature","geometry":{"type":"Point","coordinates":[8.564834,47.360384]},"properties":{"name":"Hedwigsteig","lines":"2, 4","arr":["2","4"],"terminus":0,"mode":"tram","color":"#d6212b","colorDark":"#7c1116","angle":6.4,"snapDist":0,"label":0}},{"type":"Feature","geometry":{"type":"Point","coordinates":[8.560454,47.361874]},"properties":{"name":"Hegibachplatz A","lines":"2, 4","arr":["2","4"],"terminus":0,"mode":"tram","color":"#d6212b","colorDark":"#7c1116","angle":21.5,"snapDist":1,"label":1}},{"type":"Feature","geometry":{"type":"Point","coordinates":[8.557523,47.363302]},"properties":{"name":"Signaustrasse","lines":"2, 4","arr":["2","4"],"terminus":0,"mode":"tram","color":"#d6212b","colorDark":"#7c1116","angle":46.2,"snapDist":1,"label":0}},{"type":"Feature","geometry":{"type":"Point","coordinates":[8.555059,47.365133]},"properties":{"name":"Kreuzplatz","lines":"2","arr":["2"],"terminus":0,"mode":"tram","color":"#d6212b","colorDark":"#7c1116","angle":123,"snapDist":3,"label":0}},{"type":"Feature","geometry":{"type":"Point","coordinates":[8.557679,47.366491]},"properties":{"name":"Englischviertelstrasse","lines":"2","arr":["2"],"terminus":0,"mode":"tram","color":"#d6212b","colorDark":"#7c1116","angle":145.1,"snapDist":1,"label":0}},{"type":"Feature","geometry":{"type":"Point","coordinates":[8.559581,47.368313]},"properties":{"name":"Römerhof A","lines":"2, 3, 16","arr":["2","3","16"],"terminus":0,"mode":"tram","color":"#d6212b","colorDark":"#7c1116","angle":20.7,"snapDist":5,"label":1}},{"type":"Feature","geometry":{"type":"Point","coordinates":[8.555256,47.369281]},"properties":{"name":"Hottingerplatz","lines":"2, 3, 16","arr":["2","3","16"],"terminus":0,"mode":"tram","color":"#d6212b","colorDark":"#7c1116","angle":10.7,"snapDist":1,"label":0}},{"type":"Feature","geometry":{"type":"Point","coordinates":[8.548909,47.370226]},"properties":{"name":"Kunsthaus","lines":"2, 8, 9","arr":["2","8","9"],"terminus":0,"mode":"tram","color":"#d6212b","colorDark":"#7c1116","angle":293.1,"snapDist":3,"label":0}},{"type":"Feature","geometry":{"type":"Point","coordinates":[8.544626,47.367131]},"properties":{"name":"Bellevue E","lines":"2, 8, 9","arr":["2","8","9"],"terminus":0,"mode":"tram","color":"#d6212b","colorDark":"#7c1116","angle":326.4,"snapDist":3,"label":1}},{"type":"Feature","geometry":{"type":"Point","coordinates":[8.540992,47.366462]},"properties":{"name":"Bürkliplatz","lines":"2, 5, 8, 9, 11","arr":["2","5","8","9","11"],"terminus":0,"mode":"tram","color":"#d6212b","colorDark":"#7c1116","angle":345.1,"snapDist":0,"label":0}},{"type":"Feature","geometry":{"type":"Point","coordinates":[8.539812,47.36837]},"properties":{"name":"Kantonalbank","lines":"2, 5, 9, 11","arr":["2","5","9","11"],"terminus":0,"mode":"tram","color":"#d6212b","colorDark":"#7c1116","angle":75.8,"snapDist":2,"label":0}},{"type":"Feature","geometry":{"type":"Point","coordinates":[8.538791,47.369576]},"properties":{"name":"Paradeplatz","lines":"2, 5, 9","arr":["2","5","9"],"terminus":0,"mode":"tram","color":"#d6212b","colorDark":"#7c1116","angle":339,"snapDist":0,"label":0}},{"type":"Feature","geometry":{"type":"Point","coordinates":[8.534583,47.372429]},"properties":{"name":"Sihlstrasse","lines":"2, 9","arr":["2","9"],"terminus":0,"mode":"tram","color":"#d6212b","colorDark":"#7c1116","angle":57.4,"snapDist":0,"label":0}},{"type":"Feature","geometry":{"type":"Point","coordinates":[8.529387,47.373521]},"properties":{"name":"Stauffacher","lines":"2, 3, 9, 14","arr":["2","3","9","14"],"terminus":0,"mode":"tram","color":"#d6212b","colorDark":"#7c1116","angle":343.2,"snapDist":0,"label":0}},{"type":"Feature","geometry":{"type":"Point","coordinates":[8.525288,47.37422]},"properties":{"name":"Bezirksgebäude","lines":"2, 3","arr":["2","3"],"terminus":0,"mode":"tram","color":"#d6212b","colorDark":"#7c1116","angle":23.1,"snapDist":1,"label":0}},{"type":"Feature","geometry":{"type":"Point","coordinates":[8.520769,47.374654]},"properties":{"name":"Zürich,Kalkbreite/Bhf.Wiedikon","lines":"2, 3","arr":["2","3"],"terminus":0,"mode":"tram","color":"#d6212b","colorDark":"#7c1116","angle":19.5,"snapDist":1,"label":0}},{"type":"Feature","geometry":{"type":"Point","coordinates":[8.5171,47.375565]},"properties":{"name":"Lochergut","lines":"2, 3","arr":["2","3"],"terminus":0,"mode":"tram","color":"#d6212b","colorDark":"#7c1116","angle":18.3,"snapDist":2,"label":0}},{"type":"Feature","geometry":{"type":"Point","coordinates":[8.51361,47.376875]},"properties":{"name":"Zypressenstrasse","lines":"2, 3","arr":["2","3"],"terminus":0,"mode":"tram","color":"#d6212b","colorDark":"#7c1116","angle":35.9,"snapDist":1,"label":0}},{"type":"Feature","geometry":{"type":"Point","coordinates":[8.510101,47.378398]},"properties":{"name":"Albisriederplatz A","lines":"2","arr":["2"],"terminus":0,"mode":"tram","color":"#d6212b","colorDark":"#7c1116","angle":28.1,"snapDist":1,"label":1}},{"type":"Feature","geometry":{"type":"Point","coordinates":[8.503508,47.381318]},"properties":{"name":"Letzigrund","lines":"2","arr":["2"],"terminus":0,"mode":"tram","color":"#d6212b","colorDark":"#7c1116","angle":35.1,"snapDist":2,"label":0}},{"type":"Feature","geometry":{"type":"Point","coordinates":[8.499413,47.383274]},"properties":{"name":"Freihofstrasse","lines":"2","arr":["2"],"terminus":0,"mode":"tram","color":"#d6212b","colorDark":"#7c1116","angle":35.6,"snapDist":1,"label":0}},{"type":"Feature","geometry":{"type":"Point","coordinates":[8.494672,47.385251]},"properties":{"name":"Kappeli","lines":"2","arr":["2"],"terminus":0,"mode":"tram","color":"#d6212b","colorDark":"#7c1116","angle":26.4,"snapDist":1,"label":0}},{"type":"Feature","geometry":{"type":"Point","coordinates":[8.489725,47.38707]},"properties":{"name":"Grimselstrasse","lines":"2","arr":["2"],"terminus":0,"mode":"tram","color":"#d6212b","colorDark":"#7c1116","angle":13.2,"snapDist":1,"label":0}},{"type":"Feature","geometry":{"type":"Point","coordinates":[8.485803,47.387923]},"properties":{"name":"Lindenplatz","lines":"2","arr":["2"],"terminus":0,"mode":"tram","color":"#d6212b","colorDark":"#7c1116","angle":16.5,"snapDist":2,"label":0}},{"type":"Feature","geometry":{"type":"Point","coordinates":[8.482641,47.389222]},"properties":{"name":"Bachmattstrasse","lines":"2","arr":["2"],"terminus":0,"mode":"tram","color":"#d6212b","colorDark":"#7c1116","angle":38.2,"snapDist":1,"label":0}},{"type":"Feature","geometry":{"type":"Point","coordinates":[8.478509,47.391366]},"properties":{"name":"Farbhof","lines":"2","arr":["2"],"terminus":0,"mode":"tram","color":"#d6212b","colorDark":"#7c1116","angle":50.7,"snapDist":2,"label":0}},{"type":"Feature","geometry":{"type":"Point","coordinates":[8.474317,47.393116]},"properties":{"name":"Micafil","lines":"2","arr":["2"],"terminus":0,"mode":"tram","color":"#d6212b","colorDark":"#7c1116","angle":27.4,"snapDist":2,"label":0}},{"type":"Feature","geometry":{"type":"Point","coordinates":[8.466467,47.396117]},"properties":{"name":"Schlieren, Mülligen","lines":"2","arr":["2"],"terminus":0,"mode":"tram","color":"#d6212b","colorDark":"#7c1116","angle":34.2,"snapDist":0,"label":0}},{"type":"Feature","geometry":{"type":"Point","coordinates":[8.459958,47.397791]},"properties":{"name":"Schlieren, Gasometerbrücke","lines":"2","arr":["2"],"terminus":0,"mode":"tram","color":"#d6212b","colorDark":"#7c1116","angle":22.1,"snapDist":1,"label":0}},{"type":"Feature","geometry":{"type":"Point","coordinates":[8.453974,47.39854]},"properties":{"name":"Schlieren, Wagonsfabrik","lines":"2","arr":["2"],"terminus":0,"mode":"tram","color":"#d6212b","colorDark":"#7c1116","angle":359.2,"snapDist":2,"label":0}},{"type":"Feature","geometry":{"type":"Point","coordinates":[8.448257,47.397913]},"properties":{"name":"Schlieren, Zentrum/Bahnhof","lines":"2","arr":["2"],"terminus":0,"mode":"tram","color":"#d6212b","colorDark":"#7c1116","angle":19.8,"snapDist":1,"label":0}},{"type":"Feature","geometry":{"type":"Point","coordinates":[8.44429,47.398183]},"properties":{"name":"Schlieren, Geissweid","lines":"2","arr":["2"],"terminus":1,"mode":"tram","color":"#d6212b","colorDark":"#7c1116","angle":355.7,"snapDist":0,"label":0}},{"type":"Feature","geometry":{"type":"Point","coordinates":[8.485031,47.37436]},"properties":{"name":"Albisrieden","lines":"3","arr":["3"],"terminus":1,"mode":"tram","color":"#d6212b","colorDark":"#7c1116","angle":278.3,"snapDist":2,"label":1}},{"type":"Feature","geometry":{"type":"Point","coordinates":[8.488237,47.375776]},"properties":{"name":"Fellenbergstrasse","lines":"3","arr":["3"],"terminus":0,"mode":"tram","color":"#d6212b","colorDark":"#7c1116","angle":158.6,"snapDist":0,"label":1}},{"type":"Feature","geometry":{"type":"Point","coordinates":[8.494323,47.378611]},"properties":{"name":"Siemens","lines":"3","arr":["3"],"terminus":0,"mode":"tram","color":"#d6212b","colorDark":"#7c1116","angle":139.1,"snapDist":1,"label":1}},{"type":"Feature","geometry":{"type":"Point","coordinates":[8.499163,47.377399]},"properties":{"name":"Hubertus","lines":"3","arr":["3"],"terminus":0,"mode":"tram","color":"#d6212b","colorDark":"#7c1116","angle":195.5,"snapDist":1,"label":1}},{"type":"Feature","geometry":{"type":"Point","coordinates":[8.507597,47.377745]},"properties":{"name":"Altes Krematorium","lines":"3","arr":["3"],"terminus":0,"mode":"tram","color":"#d6212b","colorDark":"#7c1116","angle":162.8,"snapDist":2,"label":1}},{"type":"Feature","geometry":{"type":"Point","coordinates":[8.510509,47.378123]},"properties":{"name":"Albisriederplatz C","lines":"3","arr":["3"],"terminus":0,"mode":"tram","color":"#d6212b","colorDark":"#7c1116","angle":196.3,"snapDist":1,"label":1}},{"type":"Feature","geometry":{"type":"Point","coordinates":[8.53455,47.376353]},"properties":{"name":"Sihlpost / HB","lines":"3, 7, 14","arr":["3","7","14"],"terminus":0,"mode":"tram","color":"#d6212b","colorDark":"#7c1116","angle":136.6,"snapDist":2,"label":1}},{"type":"Feature","geometry":{"type":"Point","coordinates":[8.537464,47.37608]},"properties":{"name":"Löwenplatz","lines":"3, 7, 14","arr":["3","7","14"],"terminus":0,"mode":"tram","color":"#d6212b","colorDark":"#7c1116","angle":113.1,"snapDist":1,"label":1}},{"type":"Feature","geometry":{"type":"Point","coordinates":[8.539782,47.377098]},"properties":{"name":"Bahnhofplatz/HB","lines":"3, 6, 7, 14","arr":["3","6","7","14"],"terminus":1,"mode":"tram","color":"#d6212b","colorDark":"#7c1116","angle":203.9,"snapDist":2,"label":1}},{"type":"Feature","geometry":{"type":"Point","coordinates":[8.544074,47.376795]},"properties":{"name":"Central C","lines":"3, 16","arr":["3","16"],"terminus":0,"mode":"tram","color":"#d6212b","colorDark":"#7c1116","angle":156.2,"snapDist":0,"label":1}},{"type":"Feature","geometry":{"type":"Point","coordinates":[8.547453,47.372642]},"properties":{"name":"Neumarkt","lines":"3","arr":["3"],"terminus":0,"mode":"tram","color":"#d6212b","colorDark":"#7c1116","angle":256.7,"snapDist":1,"label":1}},{"type":"Feature","geometry":{"type":"Point","coordinates":[8.549051,47.370559]},"properties":{"name":"Kunsthaus","lines":"3","arr":["3"],"terminus":0,"mode":"tram","color":"#d6212b","colorDark":"#7c1116","angle":209.8,"snapDist":1,"label":0}},{"type":"Feature","geometry":{"type":"Point","coordinates":[8.560238,47.368081]},"properties":{"name":"Römerhof B","lines":"3","arr":["3"],"terminus":0,"mode":"tram","color":"#d6212b","colorDark":"#7c1116","angle":207.9,"snapDist":0,"label":1}},{"type":"Feature","geometry":{"type":"Point","coordinates":[8.562524,47.366011]},"properties":{"name":"Hölderlinstrasse","lines":"3","arr":["3"],"terminus":0,"mode":"tram","color":"#d6212b","colorDark":"#7c1116","angle":219.2,"snapDist":3,"label":1}},{"type":"Feature","geometry":{"type":"Point","coordinates":[8.566221,47.364036]},"properties":{"name":"Klusplatz A","lines":"3","arr":["3"],"terminus":1,"mode":"tram","color":"#d6212b","colorDark":"#7c1116","angle":107.2,"snapDist":2,"label":1}},{"type":"Feature","geometry":{"type":"Point","coordinates":[8.562146,47.366299]},"properties":{"name":"Hölderlinstrasse","lines":"3, 16","arr":["3","16"],"terminus":0,"mode":"tram","color":"#d6212b","colorDark":"#7c1116","angle":45.4,"snapDist":3,"label":0}},{"type":"Feature","geometry":{"type":"Point","coordinates":[8.548598,47.37078]},"properties":{"name":"Kunsthaus","lines":"3, 16","arr":["3","16"],"terminus":0,"mode":"tram","color":"#d6212b","colorDark":"#7c1116","angle":31.3,"snapDist":1,"label":0}},{"type":"Feature","geometry":{"type":"Point","coordinates":[8.54728,47.373002]},"properties":{"name":"Neumarkt","lines":"3, 16","arr":["3","16"],"terminus":0,"mode":"tram","color":"#d6212b","colorDark":"#7c1116","angle":59.7,"snapDist":1,"label":0}},{"type":"Feature","geometry":{"type":"Point","coordinates":[8.543538,47.376789]},"properties":{"name":"Central B","lines":"3, 16","arr":["3","16"],"terminus":0,"mode":"tram","color":"#d6212b","colorDark":"#7c1116","angle":20,"snapDist":1,"label":1}},{"type":"Feature","geometry":{"type":"Point","coordinates":[8.538996,47.377343]},"properties":{"name":"Bahnhofplatz/HB","lines":"3, 6, 7, 14","arr":["3","6","7","14"],"terminus":1,"mode":"tram","color":"#d6212b","colorDark":"#7c1116","angle":20.7,"snapDist":1,"label":0}},{"type":"Feature","geometry":{"type":"Point","coordinates":[8.537174,47.375831]},"properties":{"name":"Löwenplatz","lines":"3, 7, 14","arr":["3","7","14"],"terminus":0,"mode":"tram","color":"#d6212b","colorDark":"#7c1116","angle":330.2,"snapDist":1,"label":0}},{"type":"Feature","geometry":{"type":"Point","coordinates":[8.533963,47.37602]},"properties":{"name":"Sihlpost / HB","lines":"3, 7, 14","arr":["3","7","14"],"terminus":0,"mode":"tram","color":"#d6212b","colorDark":"#7c1116","angle":316.4,"snapDist":2,"label":0}},{"type":"Feature","geometry":{"type":"Point","coordinates":[8.509988,47.378228]},"properties":{"name":"Albisriederplatz D","lines":"3","arr":["3"],"terminus":0,"mode":"tram","color":"#d6212b","colorDark":"#7c1116","angle":6.6,"snapDist":3,"label":1}},{"type":"Feature","geometry":{"type":"Point","coordinates":[8.507146,47.377686]},"properties":{"name":"Altes Krematorium","lines":"3","arr":["3"],"terminus":0,"mode":"tram","color":"#d6212b","colorDark":"#7c1116","angle":343.9,"snapDist":0,"label":0}},{"type":"Feature","geometry":{"type":"Point","coordinates":[8.498793,47.377534]},"properties":{"name":"Hubertus","lines":"3","arr":["3"],"terminus":0,"mode":"tram","color":"#d6212b","colorDark":"#7c1116","angle":28.4,"snapDist":0,"label":0}},{"type":"Feature","geometry":{"type":"Point","coordinates":[8.493572,47.378277]},"properties":{"name":"Siemens","lines":"3","arr":["3"],"terminus":0,"mode":"tram","color":"#d6212b","colorDark":"#7c1116","angle":324.3,"snapDist":1,"label":0}},{"type":"Feature","geometry":{"type":"Point","coordinates":[8.487791,47.375709]},"properties":{"name":"Fellenbergstrasse","lines":"3","arr":["3"],"terminus":0,"mode":"tram","color":"#d6212b","colorDark":"#7c1116","angle":346.8,"snapDist":2,"label":0}},{"type":"Feature","geometry":{"type":"Point","coordinates":[8.55339,47.365158]},"properties":{"name":"Kreuzplatz","lines":"4","arr":["4"],"terminus":0,"mode":"tram","color":"#d6212b","colorDark":"#7c1116","angle":28,"snapDist":1,"label":0}},{"type":"Feature","geometry":{"type":"Point","coordinates":[8.547288,47.366149]},"properties":{"name":"Bahnhof Stadelhofen A","lines":"4, 5","arr":["4","5"],"terminus":1,"mode":"tram","color":"#d6212b","colorDark":"#7c1116","angle":319.5,"snapDist":2,"label":1}},{"type":"Feature","geometry":{"type":"Point","coordinates":[8.545273,47.367248]},"properties":{"name":"Bellevue A","lines":"4, 15","arr":["4","15"],"terminus":0,"mode":"tram","color":"#d6212b","colorDark":"#7c1116","angle":61.6,"snapDist":2,"label":1}},{"type":"Feature","geometry":{"type":"Point","coordinates":[8.543414,47.369967]},"properties":{"name":"Helmhaus","lines":"4, 15","arr":["4","15"],"terminus":0,"mode":"tram","color":"#d6212b","colorDark":"#7c1116","angle":72,"snapDist":3,"label":1}},{"type":"Feature","geometry":{"type":"Point","coordinates":[8.542818,47.37223]},"properties":{"name":"Rathaus","lines":"4, 15","arr":["4","15"],"terminus":0,"mode":"tram","color":"#d6212b","colorDark":"#7c1116","angle":87,"snapDist":5,"label":1}},{"type":"Feature","geometry":{"type":"Point","coordinates":[8.542977,47.374152]},"properties":{"name":"Rudolf-Brun-Brücke","lines":"4, 15","arr":["4","15"],"terminus":0,"mode":"tram","color":"#d6212b","colorDark":"#7c1116","angle":101.3,"snapDist":1,"label":1}},{"type":"Feature","geometry":{"type":"Point","coordinates":[8.54352,47.376727]},"properties":{"name":"Central F","lines":"4, 11, 15","arr":["4","11","15"],"terminus":1,"mode":"tram","color":"#d6212b","colorDark":"#7c1116","angle":53.6,"snapDist":1,"label":1}},{"type":"Feature","geometry":{"type":"Point","coordinates":[8.539362,47.375969]},"properties":{"name":"Bahnhofstrasse/HB","lines":"4, 11, 13, 16","arr":["4","11","13","16"],"terminus":1,"mode":"tram","color":"#d6212b","colorDark":"#7c1116","angle":289.2,"snapDist":2,"label":1}},{"type":"Feature","geometry":{"type":"Point","coordinates":[8.539479,47.376119]},"properties":{"name":"Bahnhofstrasse/HB","lines":"4, 11, 13, 15, 16","arr":["4","11","13","15","16"],"terminus":1,"mode":"tram","color":"#d6212b","colorDark":"#7c1116","angle":109.2,"snapDist":2,"label":0}},{"type":"Feature","geometry":{"type":"Point","coordinates":[8.543584,47.37648]},"properties":{"name":"Central G","lines":"4, 15","arr":["4","15"],"terminus":0,"mode":"tram","color":"#d6212b","colorDark":"#7c1116","angle":264.2,"snapDist":1,"label":1}},{"type":"Feature","geometry":{"type":"Point","coordinates":[8.542825,47.373746]},"properties":{"name":"Rudolf-Brun-Brücke","lines":"4, 15","arr":["4","15"],"terminus":0,"mode":"tram","color":"#d6212b","colorDark":"#7c1116","angle":278.6,"snapDist":5,"label":0}},{"type":"Feature","geometry":{"type":"Point","coordinates":[8.542804,47.371854]},"properties":{"name":"Rathaus","lines":"4, 15","arr":["4","15"],"terminus":0,"mode":"tram","color":"#d6212b","colorDark":"#7c1116","angle":265.6,"snapDist":6,"label":0}},{"type":"Feature","geometry":{"type":"Point","coordinates":[8.543483,47.369561]},"properties":{"name":"Helmhaus","lines":"4, 15","arr":["4","15"],"terminus":0,"mode":"tram","color":"#d6212b","colorDark":"#7c1116","angle":262.8,"snapDist":4,"label":0}},{"type":"Feature","geometry":{"type":"Point","coordinates":[8.545492,47.366958]},"properties":{"name":"Bellevue B","lines":"4, 15","arr":["4","15"],"terminus":0,"mode":"tram","color":"#d6212b","colorDark":"#7c1116","angle":233.7,"snapDist":2,"label":1}},{"type":"Feature","geometry":{"type":"Point","coordinates":[8.548126,47.36613]},"properties":{"name":"Bahnhof Stadelhofen D","lines":"4, 5","arr":["4","5"],"terminus":1,"mode":"tram","color":"#d6212b","colorDark":"#7c1116","angle":137.4,"snapDist":0,"label":1}},{"type":"Feature","geometry":{"type":"Point","coordinates":[8.554245,47.364784]},"properties":{"name":"Kreuzplatz","lines":"4","arr":["4"],"terminus":0,"mode":"tram","color":"#d6212b","colorDark":"#7c1116","angle":210.9,"snapDist":3,"label":0}},{"type":"Feature","geometry":{"type":"Point","coordinates":[8.507379,47.351989]},"properties":{"name":"Albisgütli","lines":"5, 13, 16","arr":["5","13","16"],"terminus":1,"mode":"tram","color":"#d6212b","colorDark":"#7c1116","angle":244.4,"snapDist":1,"label":1}},{"type":"Feature","geometry":{"type":"Point","coordinates":[8.511564,47.353258]},"properties":{"name":"Strassenverkehrsamt","lines":"5, 13","arr":["5","13"],"terminus":0,"mode":"tram","color":"#d6212b","colorDark":"#7c1116","angle":145.7,"snapDist":1,"label":1}},{"type":"Feature","geometry":{"type":"Point","coordinates":[8.514089,47.356892]},"properties":{"name":"Uetlihof","lines":"5, 13","arr":["5","13"],"terminus":0,"mode":"tram","color":"#d6212b","colorDark":"#7c1116","angle":108.4,"snapDist":1,"label":1}},{"type":"Feature","geometry":{"type":"Point","coordinates":[8.517745,47.358599]},"properties":{"name":"Laubegg","lines":"5, 13, 16","arr":["5","13","16"],"terminus":1,"mode":"tram","color":"#d6212b","colorDark":"#7c1116","angle":199.6,"snapDist":0,"label":1}},{"type":"Feature","geometry":{"type":"Point","coordinates":[8.520768,47.357673]},"properties":{"name":"Saalsporthalle","lines":"5, 13, 16","arr":["5","13","16"],"terminus":0,"mode":"tram","color":"#d6212b","colorDark":"#7c1116","angle":214.8,"snapDist":4,"label":1}},{"type":"Feature","geometry":{"type":"Point","coordinates":[8.522793,47.359908]},"properties":{"name":"Sihlcity Nord","lines":"5, 13, 16","arr":["5","13","16"],"terminus":0,"mode":"tram","color":"#d6212b","colorDark":"#7c1116","angle":128.4,"snapDist":3,"label":1}},{"type":"Feature","geometry":{"type":"Point","coordinates":[8.527003,47.362452]},"properties":{"name":"Waffenplatzstrasse","lines":"5, 13, 16","arr":["5","13","16"],"terminus":0,"mode":"tram","color":"#d6212b","colorDark":"#7c1116","angle":121.5,"snapDist":2,"label":1}},{"type":"Feature","geometry":{"type":"Point","coordinates":[8.530636,47.364643]},"properties":{"name":"Bahnhof Enge/Bederstr.","lines":"5, 13, 16","arr":["5","13","16"],"terminus":0,"mode":"tram","color":"#d6212b","colorDark":"#7c1116","angle":146.9,"snapDist":1,"label":1}},{"type":"Feature","geometry":{"type":"Point","coordinates":[8.532985,47.366471]},"properties":{"name":"Tunnelstrasse","lines":"5, 7, 8, 13, 16","arr":["5","7","8","13","16"],"terminus":0,"mode":"tram","color":"#d6212b","colorDark":"#7c1116","angle":128.8,"snapDist":2,"label":1}},{"type":"Feature","geometry":{"type":"Point","coordinates":[8.536126,47.368014]},"properties":{"name":"Stockerstrasse","lines":"5, 13, 16","arr":["5","13","16"],"terminus":0,"mode":"tram","color":"#d6212b","colorDark":"#7c1116","angle":153.4,"snapDist":0,"label":1}},{"type":"Feature","geometry":{"type":"Point","coordinates":[8.54532,47.366862]},"properties":{"name":"Bellevue C","lines":"5, 11","arr":["5","11"],"terminus":0,"mode":"tram","color":"#d6212b","colorDark":"#7c1116","angle":195.9,"snapDist":2,"label":1}},{"type":"Feature","geometry":{"type":"Point","coordinates":[8.544829,47.366969]},"properties":{"name":"Bellevue D","lines":"5, 11","arr":["5","11"],"terminus":0,"mode":"tram","color":"#d6212b","colorDark":"#7c1116","angle":11.6,"snapDist":0,"label":1}},{"type":"Feature","geometry":{"type":"Point","coordinates":[8.534962,47.367721]},"properties":{"name":"Stockerstrasse","lines":"5, 13, 16","arr":["5","13","16"],"terminus":0,"mode":"tram","color":"#d6212b","colorDark":"#7c1116","angle":340.8,"snapDist":1,"label":0}},{"type":"Feature","geometry":{"type":"Point","coordinates":[8.532629,47.366192]},"properties":{"name":"Tunnelstrasse","lines":"5, 7, 8, 13, 16","arr":["5","7","8","13","16"],"terminus":0,"mode":"tram","color":"#d6212b","colorDark":"#7c1116","angle":306.9,"snapDist":3,"label":0}},{"type":"Feature","geometry":{"type":"Point","coordinates":[8.530251,47.364534]},"properties":{"name":"Bahnhof Enge/Bederstr.","lines":"5, 13, 16","arr":["5","13","16"],"terminus":0,"mode":"tram","color":"#d6212b","colorDark":"#7c1116","angle":326.5,"snapDist":3,"label":0}},{"type":"Feature","geometry":{"type":"Point","coordinates":[8.524924,47.360967]},"properties":{"name":"Waffenplatzstrasse","lines":"5, 13, 16","arr":["5","13","16"],"terminus":0,"mode":"tram","color":"#d6212b","colorDark":"#7c1116","angle":317.9,"snapDist":3,"label":1}},{"type":"Feature","geometry":{"type":"Point","coordinates":[8.522539,47.359686]},"properties":{"name":"Sihlcity Nord","lines":"5, 13, 16","arr":["5","13","16"],"terminus":0,"mode":"tram","color":"#d6212b","colorDark":"#7c1116","angle":300.2,"snapDist":3,"label":0}},{"type":"Feature","geometry":{"type":"Point","coordinates":[8.520317,47.357931]},"properties":{"name":"Saalsporthalle","lines":"5, 13, 16","arr":["5","13","16"],"terminus":0,"mode":"tram","color":"#d6212b","colorDark":"#7c1116","angle":35.9,"snapDist":3,"label":0}},{"type":"Feature","geometry":{"type":"Point","coordinates":[8.517248,47.358751]},"properties":{"name":"Laubegg","lines":"5, 13, 16","arr":["5","13","16"],"terminus":0,"mode":"tram","color":"#d6212b","colorDark":"#7c1116","angle":18.9,"snapDist":3,"label":0}},{"type":"Feature","geometry":{"type":"Point","coordinates":[8.513879,47.356555]},"properties":{"name":"Uetlihof","lines":"5, 13, 16","arr":["5","13","16"],"terminus":0,"mode":"tram","color":"#d6212b","colorDark":"#7c1116","angle":288.6,"snapDist":3,"label":0}},{"type":"Feature","geometry":{"type":"Point","coordinates":[8.511118,47.353116]},"properties":{"name":"Strassenverkehrsamt","lines":"5, 13, 16","arr":["5","13","16"],"terminus":0,"mode":"tram","color":"#d6212b","colorDark":"#7c1116","angle":334.6,"snapDist":4,"label":0}},{"type":"Feature","geometry":{"type":"Point","coordinates":[8.571627,47.381675]},"properties":{"name":"Zoo","lines":"6, 8","arr":["6","8"],"terminus":1,"mode":"tram","color":"#d6212b","colorDark":"#7c1116","angle":289,"snapDist":2,"label":1}},{"type":"Feature","geometry":{"type":"Point","coordinates":[8.567641,47.378507]},"properties":{"name":"Susenbergstrasse","lines":"6, 8","arr":["6","8"],"terminus":0,"mode":"tram","color":"#d6212b","colorDark":"#7c1116","angle":351.3,"snapDist":2,"label":1}},{"type":"Feature","geometry":{"type":"Point","coordinates":[8.563975,47.3788]},"properties":{"name":"Zürichbergstrasse","lines":"6, 8","arr":["6","8"],"terminus":0,"mode":"tram","color":"#d6212b","colorDark":"#7c1116","angle":11.7,"snapDist":1,"label":1}},{"type":"Feature","geometry":{"type":"Point","coordinates":[8.559494,47.379158]},"properties":{"name":"Toblerplatz","lines":"6, 8","arr":["6","8"],"terminus":0,"mode":"tram","color":"#d6212b","colorDark":"#7c1116","angle":310.5,"snapDist":5,"label":1}},{"type":"Feature","geometry":{"type":"Point","coordinates":[8.559306,47.37628]},"properties":{"name":"Kirche Fluntern","lines":"6, 8, 10","arr":["6","8","10"],"terminus":1,"mode":"tram","color":"#d6212b","colorDark":"#7c1116","angle":301.9,"snapDist":2,"label":1}},{"type":"Feature","geometry":{"type":"Point","coordinates":[8.553816,47.377038]},"properties":{"name":"Voltastrasse","lines":"6, 8, 10","arr":["6","8","10"],"terminus":0,"mode":"tram","color":"#d6212b","colorDark":"#7c1116","angle":13.9,"snapDist":1,"label":1}},{"type":"Feature","geometry":{"type":"Point","coordinates":[8.552513,47.374944]},"properties":{"name":"Platte","lines":"6, 8, 10","arr":["6","8","10"],"terminus":0,"mode":"tram","color":"#d6212b","colorDark":"#7c1116","angle":315.5,"snapDist":3,"label":1}},{"type":"Feature","geometry":{"type":"Point","coordinates":[8.547486,47.377174]},"properties":{"name":"ETH/Universitätsspital A","lines":"6","arr":["6"],"terminus":0,"mode":"tram","color":"#d6212b","colorDark":"#7c1116","angle":342.8,"snapDist":4,"label":1}},{"type":"Feature","geometry":{"type":"Point","coordinates":[8.545002,47.379139]},"properties":{"name":"Haldenegg","lines":"6","arr":["6"],"terminus":0,"mode":"tram","color":"#d6212b","colorDark":"#7c1116","angle":47,"snapDist":1,"label":1}},{"type":"Feature","geometry":{"type":"Point","coordinates":[8.543452,47.376858]},"properties":{"name":"Central H","lines":"6, 7","arr":["6","7"],"terminus":0,"mode":"tram","color":"#d6212b","colorDark":"#7c1116","angle":4.5,"snapDist":2,"label":1}},{"type":"Feature","geometry":{"type":"Point","coordinates":[8.544084,47.376916]},"properties":{"name":"Central A","lines":"6, 7","arr":["6","7"],"terminus":0,"mode":"tram","color":"#d6212b","colorDark":"#7c1116","angle":156.2,"snapDist":0,"label":1}},{"type":"Feature","geometry":{"type":"Point","coordinates":[8.545322,47.378846]},"properties":{"name":"Haldenegg","lines":"6","arr":["6"],"terminus":0,"mode":"tram","color":"#d6212b","colorDark":"#7c1116","angle":239.4,"snapDist":2,"label":0}},{"type":"Feature","geometry":{"type":"Point","coordinates":[8.548708,47.37662]},"properties":{"name":"ETH/Universitätsspital C","lines":"6, 9, 10","arr":["6","9","10"],"terminus":0,"mode":"tram","color":"#d6212b","colorDark":"#7c1116","angle":254.4,"snapDist":1,"label":1}},{"type":"Feature","geometry":{"type":"Point","coordinates":[8.552784,47.375101]},"properties":{"name":"Platte","lines":"6, 8, 10","arr":["6","8","10"],"terminus":0,"mode":"tram","color":"#d6212b","colorDark":"#7c1116","angle":128.8,"snapDist":1,"label":0}},{"type":"Feature","geometry":{"type":"Point","coordinates":[8.554298,47.376927]},"properties":{"name":"Voltastrasse","lines":"6, 8, 10","arr":["6","8","10"],"terminus":0,"mode":"tram","color":"#d6212b","colorDark":"#7c1116","angle":193.7,"snapDist":0,"label":0}},{"type":"Feature","geometry":{"type":"Point","coordinates":[8.559503,47.376442]},"properties":{"name":"Kirche Fluntern","lines":"6, 8","arr":["6","8"],"terminus":0,"mode":"tram","color":"#d6212b","colorDark":"#7c1116","angle":122.2,"snapDist":1,"label":0}},{"type":"Feature","geometry":{"type":"Point","coordinates":[8.559763,47.379312]},"properties":{"name":"Toblerplatz","lines":"6, 8","arr":["6","8"],"terminus":0,"mode":"tram","color":"#d6212b","colorDark":"#7c1116","angle":144.7,"snapDist":1,"label":0}},{"type":"Feature","geometry":{"type":"Point","coordinates":[8.564373,47.378695]},"properties":{"name":"Zürichbergstrasse","lines":"6, 8","arr":["6","8"],"terminus":0,"mode":"tram","color":"#d6212b","colorDark":"#7c1116","angle":192.1,"snapDist":1,"label":0}},{"type":"Feature","geometry":{"type":"Point","coordinates":[8.568062,47.378507]},"properties":{"name":"Susenbergstrasse","lines":"6, 8","arr":["6","8"],"terminus":0,"mode":"tram","color":"#d6212b","colorDark":"#7c1116","angle":170.9,"snapDist":1,"label":0}},{"type":"Feature","geometry":{"type":"Point","coordinates":[8.595676,47.396931]},"properties":{"name":"Bahnhof Stettbach","lines":"7","arr":["7"],"terminus":1,"mode":"tram","color":"#d6212b","colorDark":"#7c1116","angle":27.6,"snapDist":1,"label":1}},{"type":"Feature","geometry":{"type":"Point","coordinates":[8.590745,47.398799]},"properties":{"name":"Mattenhof","lines":"7","arr":["7"],"terminus":0,"mode":"tram","color":"#d6212b","colorDark":"#7c1116","angle":30,"snapDist":1,"label":1}},{"type":"Feature","geometry":{"type":"Point","coordinates":[8.586075,47.40038]},"properties":{"name":"Probstei","lines":"7","arr":["7"],"terminus":0,"mode":"tram","color":"#d6212b","colorDark":"#7c1116","angle":22.9,"snapDist":1,"label":1}},{"type":"Feature","geometry":{"type":"Point","coordinates":[8.581586,47.401691]},"properties":{"name":"Glattwiesen","lines":"7","arr":["7"],"terminus":0,"mode":"tram","color":"#d6212b","colorDark":"#7c1116","angle":23.3,"snapDist":0,"label":1}},{"type":"Feature","geometry":{"type":"Point","coordinates":[8.576694,47.403119]},"properties":{"name":"Roswiesen","lines":"7","arr":["7"],"terminus":0,"mode":"tram","color":"#d6212b","colorDark":"#7c1116","angle":27.3,"snapDist":1,"label":1}},{"type":"Feature","geometry":{"type":"Point","coordinates":[8.571475,47.404875]},"properties":{"name":"Schwamendingerplatz","lines":"7, 9","arr":["7","9"],"terminus":0,"mode":"tram","color":"#d6212b","colorDark":"#7c1116","angle":40.9,"snapDist":1,"label":1}},{"type":"Feature","geometry":{"type":"Point","coordinates":[8.564057,47.406051]},"properties":{"name":"Ueberlandpark","lines":"7, 9","arr":["7","9"],"terminus":0,"mode":"tram","color":"#d6212b","colorDark":"#7c1116","angle":322.4,"snapDist":1,"label":1}},{"type":"Feature","geometry":{"type":"Point","coordinates":[8.556844,47.403613]},"properties":{"name":"Waldgarten","lines":"7, 9","arr":["7","9"],"terminus":0,"mode":"tram","color":"#d6212b","colorDark":"#7c1116","angle":339,"snapDist":1,"label":1}},{"type":"Feature","geometry":{"type":"Point","coordinates":[8.552113,47.401802]},"properties":{"name":"Tierspital","lines":"7, 9","arr":["7","9"],"terminus":0,"mode":"tram","color":"#d6212b","colorDark":"#7c1116","angle":324.5,"snapDist":1,"label":1}},{"type":"Feature","geometry":{"type":"Point","coordinates":[8.541669,47.397516]},"properties":{"name":"Milchbuck","lines":"7, 9, 10, 51","arr":["7","9","10","51"],"terminus":0,"mode":"tram","color":"#d6212b","colorDark":"#7c1116","angle":293.2,"snapDist":0,"label":0}},{"type":"Feature","geometry":{"type":"Point","coordinates":[8.540091,47.395607]},"properties":{"name":"Guggachstrasse","lines":"7, 51","arr":["7","51"],"terminus":0,"mode":"tram","color":"#d6212b","colorDark":"#7c1116","angle":293.5,"snapDist":2,"label":1}},{"type":"Feature","geometry":{"type":"Point","coordinates":[8.538841,47.391529]},"properties":{"name":"Schaffhauserplatz","lines":"7, 51","arr":["7","51"],"terminus":0,"mode":"tram","color":"#d6212b","colorDark":"#7c1116","angle":264.5,"snapDist":2,"label":1}},{"type":"Feature","geometry":{"type":"Point","coordinates":[8.540552,47.388465]},"properties":{"name":"Röslistrasse","lines":"7","arr":["7"],"terminus":0,"mode":"tram","color":"#d6212b","colorDark":"#7c1116","angle":252.8,"snapDist":1,"label":1}},{"type":"Feature","geometry":{"type":"Point","coordinates":[8.542222,47.385635]},"properties":{"name":"Ottikerstrasse","lines":"7","arr":["7"],"terminus":0,"mode":"tram","color":"#d6212b","colorDark":"#7c1116","angle":246.1,"snapDist":1,"label":1}},{"type":"Feature","geometry":{"type":"Point","coordinates":[8.5435,47.382751]},"properties":{"name":"Sonneggstrasse","lines":"7","arr":["7"],"terminus":0,"mode":"tram","color":"#d6212b","colorDark":"#7c1116","angle":261,"snapDist":1,"label":1}},{"type":"Feature","geometry":{"type":"Point","coordinates":[8.544094,47.380081]},"properties":{"name":"Haldenegg","lines":"7","arr":["7"],"terminus":0,"mode":"tram","color":"#d6212b","colorDark":"#7c1116","angle":261.4,"snapDist":5,"label":0}},{"type":"Feature","geometry":{"type":"Point","coordinates":[8.529203,47.372786]},"properties":{"name":"Stauffacher","lines":"7, 8","arr":["7","8"],"terminus":0,"mode":"tram","color":"#d6212b","colorDark":"#7c1116","angle":257.1,"snapDist":0,"label":0}},{"type":"Feature","geometry":{"type":"Point","coordinates":[8.531801,47.370713]},"properties":{"name":"Bahnhof Selnau","lines":"7, 8","arr":["7","8"],"terminus":0,"mode":"tram","color":"#d6212b","colorDark":"#7c1116","angle":219.1,"snapDist":2,"label":1}},{"type":"Feature","geometry":{"type":"Point","coordinates":[8.531346,47.364039]},"properties":{"name":"Bahnhof Enge","lines":"7","arr":["7"],"terminus":0,"mode":"tram","color":"#d6212b","colorDark":"#7c1116","angle":265.8,"snapDist":2,"label":1}},{"type":"Feature","geometry":{"type":"Point","coordinates":[8.53161,47.360511]},"properties":{"name":"Museum Rietberg","lines":"7","arr":["7"],"terminus":0,"mode":"tram","color":"#d6212b","colorDark":"#7c1116","angle":254.8,"snapDist":4,"label":1}},{"type":"Feature","geometry":{"type":"Point","coordinates":[8.532216,47.355928]},"properties":{"name":"Brunaustrasse","lines":"7","arr":["7"],"terminus":0,"mode":"tram","color":"#d6212b","colorDark":"#7c1116","angle":260.6,"snapDist":1,"label":1}},{"type":"Feature","geometry":{"type":"Point","coordinates":[8.531946,47.351496]},"properties":{"name":"Billoweg","lines":"7","arr":["7"],"terminus":0,"mode":"tram","color":"#d6212b","colorDark":"#7c1116","angle":268.4,"snapDist":2,"label":1}},{"type":"Feature","geometry":{"type":"Point","coordinates":[8.532906,47.346893]},"properties":{"name":"Zch, Bhf.Wollishofen/Staubstr.","lines":"7","arr":["7"],"terminus":0,"mode":"tram","color":"#d6212b","colorDark":"#7c1116","angle":261.9,"snapDist":1,"label":1}},{"type":"Feature","geometry":{"type":"Point","coordinates":[8.533036,47.344619]},"properties":{"name":"Renggerstrasse","lines":"7","arr":["7"],"terminus":0,"mode":"tram","color":"#d6212b","colorDark":"#7c1116","angle":309.6,"snapDist":2,"label":1}},{"type":"Feature","geometry":{"type":"Point","coordinates":[8.530381,47.343267]},"properties":{"name":"Morgental","lines":"7","arr":["7"],"terminus":0,"mode":"tram","color":"#d6212b","colorDark":"#7c1116","angle":234.9,"snapDist":1,"label":1}},{"type":"Feature","geometry":{"type":"Point","coordinates":[8.530189,47.340717]},"properties":{"name":"Butzenstrasse","lines":"7","arr":["7"],"terminus":0,"mode":"tram","color":"#d6212b","colorDark":"#7c1116","angle":285.2,"snapDist":1,"label":1}},{"type":"Feature","geometry":{"type":"Point","coordinates":[8.530799,47.338315]},"properties":{"name":"Wollishoferplatz","lines":"7","arr":["7"],"terminus":1,"mode":"tram","color":"#d6212b","colorDark":"#7c1116","angle":198.6,"snapDist":0,"label":1}},{"type":"Feature","geometry":{"type":"Point","coordinates":[8.530381,47.34108]},"properties":{"name":"Butzenstrasse","lines":"7","arr":["7"],"terminus":0,"mode":"tram","color":"#d6212b","colorDark":"#7c1116","angle":105.3,"snapDist":0,"label":0}},{"type":"Feature","geometry":{"type":"Point","coordinates":[8.530149,47.343577]},"properties":{"name":"Morgental","lines":"7","arr":["7"],"terminus":0,"mode":"tram","color":"#d6212b","colorDark":"#7c1116","angle":64.9,"snapDist":2,"label":0}},{"type":"Feature","geometry":{"type":"Point","coordinates":[8.533395,47.344868]},"properties":{"name":"Renggerstrasse","lines":"7","arr":["7"],"terminus":0,"mode":"tram","color":"#d6212b","colorDark":"#7c1116","angle":127.5,"snapDist":1,"label":0}},{"type":"Feature","geometry":{"type":"Point","coordinates":[8.532886,47.347229]},"properties":{"name":"Zch, Bhf.Wollishofen/Staubstr.","lines":"7","arr":["7"],"terminus":0,"mode":"tram","color":"#d6212b","colorDark":"#7c1116","angle":81.4,"snapDist":0,"label":0}},{"type":"Feature","geometry":{"type":"Point","coordinates":[8.531982,47.351849]},"properties":{"name":"Billoweg","lines":"7","arr":["7"],"terminus":0,"mode":"tram","color":"#d6212b","colorDark":"#7c1116","angle":92.3,"snapDist":1,"label":0}},{"type":"Feature","geometry":{"type":"Point","coordinates":[8.532228,47.35634]},"properties":{"name":"Brunaustrasse","lines":"7","arr":["7"],"terminus":0,"mode":"tram","color":"#d6212b","colorDark":"#7c1116","angle":88.5,"snapDist":0,"label":0}},{"type":"Feature","geometry":{"type":"Point","coordinates":[8.531574,47.360921]},"properties":{"name":"Museum Rietberg","lines":"7","arr":["7"],"terminus":0,"mode":"tram","color":"#d6212b","colorDark":"#7c1116","angle":82,"snapDist":1,"label":0}},{"type":"Feature","geometry":{"type":"Point","coordinates":[8.531467,47.36443]},"properties":{"name":"Bahnhof Enge","lines":"7, 8","arr":["7","8"],"terminus":0,"mode":"tram","color":"#d6212b","colorDark":"#7c1116","angle":108.9,"snapDist":1,"label":0}},{"type":"Feature","geometry":{"type":"Point","coordinates":[8.531468,47.370895]},"properties":{"name":"Bahnhof Selnau","lines":"7, 8","arr":["7","8"],"terminus":0,"mode":"tram","color":"#d6212b","colorDark":"#7c1116","angle":37.9,"snapDist":6,"label":0}},{"type":"Feature","geometry":{"type":"Point","coordinates":[8.544093,47.380301]},"properties":{"name":"Haldenegg","lines":"7, 16","arr":["7","16"],"terminus":0,"mode":"tram","color":"#d6212b","colorDark":"#7c1116","angle":81.9,"snapDist":1,"label":0}},{"type":"Feature","geometry":{"type":"Point","coordinates":[8.543494,47.383113]},"properties":{"name":"Sonneggstrasse","lines":"7, 16","arr":["7","16"],"terminus":0,"mode":"tram","color":"#d6212b","colorDark":"#7c1116","angle":81.4,"snapDist":2,"label":0}},{"type":"Feature","geometry":{"type":"Point","coordinates":[8.54245,47.385368]},"properties":{"name":"Ottikerstrasse","lines":"7, 16","arr":["7","16"],"terminus":0,"mode":"tram","color":"#d6212b","colorDark":"#7c1116","angle":65.8,"snapDist":3,"label":0}},{"type":"Feature","geometry":{"type":"Point","coordinates":[8.540475,47.388835]},"properties":{"name":"Röslistrasse","lines":"7, 16","arr":["7","16"],"terminus":0,"mode":"tram","color":"#d6212b","colorDark":"#7c1116","angle":73,"snapDist":1,"label":0}},{"type":"Feature","geometry":{"type":"Point","coordinates":[8.538937,47.392409]},"properties":{"name":"Schaffhauserplatz","lines":"7, 16, 51","arr":["7","16","51"],"terminus":0,"mode":"tram","color":"#d6212b","colorDark":"#7c1116","angle":100.1,"snapDist":1,"label":0}},{"type":"Feature","geometry":{"type":"Point","coordinates":[8.540316,47.395895]},"properties":{"name":"Guggachstrasse","lines":"7, 16, 51","arr":["7","16","51"],"terminus":0,"mode":"tram","color":"#d6212b","colorDark":"#7c1116","angle":113.6,"snapDist":1,"label":0}},{"type":"Feature","geometry":{"type":"Point","coordinates":[8.542168,47.398168]},"properties":{"name":"Milchbuck","lines":"7, 9, 10, 16, 51","arr":["7","9","10","16","51"],"terminus":1,"mode":"tram","color":"#d6212b","colorDark":"#7c1116","angle":116.2,"snapDist":0,"label":1}},{"type":"Feature","geometry":{"type":"Point","coordinates":[8.551474,47.401595]},"properties":{"name":"Tierspital","lines":"7, 9","arr":["7","9"],"terminus":0,"mode":"tram","color":"#d6212b","colorDark":"#7c1116","angle":-35,"snapDist":7,"label":0}},{"type":"Feature","geometry":{"type":"Point","coordinates":[8.557152,47.403791]},"properties":{"name":"Waldgarten","lines":"7, 9","arr":["7","9"],"terminus":0,"mode":"tram","color":"#d6212b","colorDark":"#7c1116","angle":157.3,"snapDist":2,"label":0}},{"type":"Feature","geometry":{"type":"Point","coordinates":[8.564466,47.406364]},"properties":{"name":"Ueberlandpark","lines":"7, 9","arr":["7","9"],"terminus":0,"mode":"tram","color":"#d6212b","colorDark":"#7c1116","angle":146.6,"snapDist":0,"label":0}},{"type":"Feature","geometry":{"type":"Point","coordinates":[8.571876,47.404605]},"properties":{"name":"Schwamendingerplatz","lines":"7, 9","arr":["7","9"],"terminus":0,"mode":"tram","color":"#d6212b","colorDark":"#7c1116","angle":220.5,"snapDist":0,"label":0}},{"type":"Feature","geometry":{"type":"Point","coordinates":[8.577355,47.402896]},"properties":{"name":"Roswiesen","lines":"7","arr":["7"],"terminus":0,"mode":"tram","color":"#d6212b","colorDark":"#7c1116","angle":203.8,"snapDist":1,"label":0}},{"type":"Feature","geometry":{"type":"Point","coordinates":[8.581938,47.401561]},"properties":{"name":"Glattwiesen","lines":"7","arr":["7"],"terminus":0,"mode":"tram","color":"#d6212b","colorDark":"#7c1116","angle":202.9,"snapDist":2,"label":0}},{"type":"Feature","geometry":{"type":"Point","coordinates":[8.586446,47.400246]},"properties":{"name":"Probstei","lines":"7","arr":["7"],"terminus":0,"mode":"tram","color":"#d6212b","colorDark":"#7c1116","angle":203.1,"snapDist":1,"label":0}},{"type":"Feature","geometry":{"type":"Point","coordinates":[8.591136,47.398621]},"properties":{"name":"Mattenhof","lines":"7","arr":["7"],"terminus":0,"mode":"tram","color":"#d6212b","colorDark":"#7c1116","angle":209.7,"snapDist":1,"label":0}},{"type":"Feature","geometry":{"type":"Point","coordinates":[8.59593,47.397629]},"properties":{"name":"Bahnhof Stettbach","lines":"7, 12","arr":["7","12"],"terminus":1,"mode":"tram","color":"#d6212b","colorDark":"#7c1116","angle":134.2,"snapDist":2,"label":0}},{"type":"Feature","geometry":{"type":"Point","coordinates":[8.504549,47.394145]},"properties":{"name":"Hardturm","lines":"8, 17","arr":["8","17"],"terminus":1,"mode":"tram","color":"#d6212b","colorDark":"#7c1116","angle":192.3,"snapDist":0,"label":1}},{"type":"Feature","geometry":{"type":"Point","coordinates":[8.508897,47.393829]},"properties":{"name":"Bernoulli-Häuser","lines":"8, 17","arr":["8","17"],"terminus":0,"mode":"tram","color":"#d6212b","colorDark":"#7c1116","angle":183.6,"snapDist":1,"label":1}},{"type":"Feature","geometry":{"type":"Point","coordinates":[8.512629,47.393575]},"properties":{"name":"Fischerweg","lines":"8, 17","arr":["8","17"],"terminus":0,"mode":"tram","color":"#d6212b","colorDark":"#7c1116","angle":201.9,"snapDist":6,"label":1}},{"type":"Feature","geometry":{"type":"Point","coordinates":[8.517439,47.39222]},"properties":{"name":"Förrlibuckstrasse","lines":"8, 17","arr":["8","17"],"terminus":0,"mode":"tram","color":"#d6212b","colorDark":"#7c1116","angle":202.9,"snapDist":0,"label":1}},{"type":"Feature","geometry":{"type":"Point","coordinates":[8.521877,47.3901]},"properties":{"name":"Escher-Wyss-Platz D","lines":"8","arr":["8"],"terminus":0,"mode":"tram","color":"#d6212b","colorDark":"#7c1116","angle":303.6,"snapDist":1,"label":1}},{"type":"Feature","geometry":{"type":"Point","coordinates":[8.519496,47.387667]},"properties":{"name":"Schiffbau","lines":"8, 51","arr":["8","51"],"terminus":0,"mode":"tram","color":"#d6212b","colorDark":"#7c1116","angle":303.6,"snapDist":1,"label":1}},{"type":"Feature","geometry":{"type":"Point","coordinates":[8.516715,47.384913]},"properties":{"name":"Bahnhof Hardbrücke","lines":"8","arr":["8"],"terminus":0,"mode":"tram","color":"#d6212b","colorDark":"#7c1116","angle":302.1,"snapDist":2,"label":1}},{"type":"Feature","geometry":{"type":"Point","coordinates":[8.51537,47.382233]},"properties":{"name":"Hardplatz","lines":"8","arr":["8"],"terminus":0,"mode":"tram","color":"#d6212b","colorDark":"#7c1116","angle":189,"snapDist":3,"label":1}},{"type":"Feature","geometry":{"type":"Point","coordinates":[8.519523,47.380485]},"properties":{"name":"Güterbahnhof","lines":"8","arr":["8"],"terminus":0,"mode":"tram","color":"#d6212b","colorDark":"#7c1116","angle":210.3,"snapDist":1,"label":1}},{"type":"Feature","geometry":{"type":"Point","coordinates":[8.522758,47.37821]},"properties":{"name":"Bäckeranlage","lines":"8","arr":["8"],"terminus":0,"mode":"tram","color":"#d6212b","colorDark":"#7c1116","angle":296.5,"snapDist":4,"label":1}},{"type":"Feature","geometry":{"type":"Point","coordinates":[8.526089,47.376174]},"properties":{"name":"Helvetiaplatz","lines":"8","arr":["8"],"terminus":0,"mode":"tram","color":"#d6212b","colorDark":"#7c1116","angle":225.4,"snapDist":2,"label":1}},{"type":"Feature","geometry":{"type":"Point","coordinates":[8.531465,47.364102]},"properties":{"name":"Bahnhof Enge","lines":"8","arr":["8"],"terminus":0,"mode":"tram","color":"#d6212b","colorDark":"#7c1116","angle":278.1,"snapDist":2,"label":0}},{"type":"Feature","geometry":{"type":"Point","coordinates":[8.535033,47.363519]},"properties":{"name":"Rentenanstalt","lines":"8","arr":["8"],"terminus":0,"mode":"tram","color":"#d6212b","colorDark":"#7c1116","angle":156.9,"snapDist":1,"label":1}},{"type":"Feature","geometry":{"type":"Point","coordinates":[8.550542,47.372474]},"properties":{"name":"Kantonsschule","lines":"8, 9","arr":["8","9"],"terminus":0,"mode":"tram","color":"#d6212b","colorDark":"#7c1116","angle":72.7,"snapDist":1,"label":1}},{"type":"Feature","geometry":{"type":"Point","coordinates":[8.550382,47.372744]},"properties":{"name":"Kantonsschule","lines":"8, 9","arr":["8","9"],"terminus":0,"mode":"tram","color":"#d6212b","colorDark":"#7c1116","angle":252.8,"snapDist":2,"label":0}},{"type":"Feature","geometry":{"type":"Point","coordinates":[8.534605,47.363457]},"properties":{"name":"Rentenanstalt","lines":"8","arr":["8"],"terminus":0,"mode":"tram","color":"#d6212b","colorDark":"#7c1116","angle":347.7,"snapDist":0,"label":0}},{"type":"Feature","geometry":{"type":"Point","coordinates":[8.529078,47.373152]},"properties":{"name":"Stauffacher","lines":"8","arr":["8"],"terminus":0,"mode":"tram","color":"#d6212b","colorDark":"#7c1116","angle":77.3,"snapDist":6,"label":0}},{"type":"Feature","geometry":{"type":"Point","coordinates":[8.525944,47.376307]},"properties":{"name":"Helvetiaplatz","lines":"8","arr":["8"],"terminus":0,"mode":"tram","color":"#d6212b","colorDark":"#7c1116","angle":44.2,"snapDist":0,"label":0}},{"type":"Feature","geometry":{"type":"Point","coordinates":[8.523004,47.378442]},"properties":{"name":"Bäckeranlage","lines":"8","arr":["8"],"terminus":0,"mode":"tram","color":"#d6212b","colorDark":"#7c1116","angle":116.2,"snapDist":3,"label":0}},{"type":"Feature","geometry":{"type":"Point","coordinates":[8.519649,47.380465]},"properties":{"name":"Güterbahnhof","lines":"8","arr":["8"],"terminus":0,"mode":"tram","color":"#d6212b","colorDark":"#7c1116","angle":29.5,"snapDist":1,"label":0}},{"type":"Feature","geometry":{"type":"Point","coordinates":[8.514906,47.382317]},"properties":{"name":"Hardplatz","lines":"8","arr":["8"],"terminus":0,"mode":"tram","color":"#d6212b","colorDark":"#7c1116","angle":9.3,"snapDist":0,"label":0}},{"type":"Feature","geometry":{"type":"Point","coordinates":[8.517348,47.385302]},"properties":{"name":"Bahnhof Hardbrücke","lines":"8","arr":["8"],"terminus":0,"mode":"tram","color":"#d6212b","colorDark":"#7c1116","angle":123.6,"snapDist":1,"label":0}},{"type":"Feature","geometry":{"type":"Point","coordinates":[8.519793,47.387916]},"properties":{"name":"Schiffbau","lines":"8, 51","arr":["8","51"],"terminus":0,"mode":"tram","color":"#d6212b","colorDark":"#7c1116","angle":123.1,"snapDist":1,"label":0}},{"type":"Feature","geometry":{"type":"Point","coordinates":[8.522271,47.390453]},"properties":{"name":"Escher-Wyss-Platz C","lines":"8","arr":["8"],"terminus":0,"mode":"tram","color":"#d6212b","colorDark":"#7c1116","angle":124.3,"snapDist":2,"label":1}},{"type":"Feature","geometry":{"type":"Point","coordinates":[8.517017,47.392368]},"properties":{"name":"Förrlibuckstrasse","lines":"8, 17","arr":["8","17"],"terminus":0,"mode":"tram","color":"#d6212b","colorDark":"#7c1116","angle":23.2,"snapDist":3,"label":0}},{"type":"Feature","geometry":{"type":"Point","coordinates":[8.5121,47.393705]},"properties":{"name":"Fischerweg","lines":"8, 17","arr":["8","17"],"terminus":0,"mode":"tram","color":"#d6212b","colorDark":"#7c1116","angle":11.3,"snapDist":1,"label":0}},{"type":"Feature","geometry":{"type":"Point","coordinates":[8.508384,47.393867]},"properties":{"name":"Bernoulli-Häuser","lines":"8, 17","arr":["8","17"],"terminus":0,"mode":"tram","color":"#d6212b","colorDark":"#7c1116","angle":0.5,"snapDist":3,"label":0}},{"type":"Feature","geometry":{"type":"Point","coordinates":[8.504291,47.394711]},"properties":{"name":"Hardturm","lines":"8","arr":["8"],"terminus":1,"mode":"tram","color":"#d6212b","colorDark":"#7c1116","angle":19.2,"snapDist":2,"label":0}},{"type":"Feature","geometry":{"type":"Point","coordinates":[8.591051,47.403119]},"properties":{"name":"Hirzenbach","lines":"9","arr":["9"],"terminus":1,"mode":"tram","color":"#d6212b","colorDark":"#7c1116","angle":224.6,"snapDist":2,"label":1}},{"type":"Feature","geometry":{"type":"Point","coordinates":[8.591358,47.405537]},"properties":{"name":"Altried","lines":"9","arr":["9"],"terminus":0,"mode":"tram","color":"#d6212b","colorDark":"#7c1116","angle":22.5,"snapDist":1,"label":1}},{"type":"Feature","geometry":{"type":"Point","coordinates":[8.585074,47.406707]},"properties":{"name":"Luchswiesen","lines":"9","arr":["9"],"terminus":0,"mode":"tram","color":"#d6212b","colorDark":"#7c1116","angle":359.2,"snapDist":2,"label":1}},{"type":"Feature","geometry":{"type":"Point","coordinates":[8.580957,47.405945]},"properties":{"name":"Luegisland","lines":"9","arr":["9"],"terminus":0,"mode":"tram","color":"#d6212b","colorDark":"#7c1116","angle":335.6,"snapDist":3,"label":1}},{"type":"Feature","geometry":{"type":"Point","coordinates":[8.576058,47.404818]},"properties":{"name":"Heerenwiesen","lines":"9","arr":["9"],"terminus":0,"mode":"tram","color":"#d6212b","colorDark":"#7c1116","angle":341.7,"snapDist":1,"label":1}},{"type":"Feature","geometry":{"type":"Point","coordinates":[8.545119,47.396114]},"properties":{"name":"Universität Irchel","lines":"9, 10","arr":["9","10"],"terminus":0,"mode":"tram","color":"#d6212b","colorDark":"#7c1116","angle":201.4,"snapDist":2,"label":1}},{"type":"Feature","geometry":{"type":"Point","coordinates":[8.544974,47.39345]},"properties":{"name":"Langmauerstrasse","lines":"9, 10","arr":["9","10"],"terminus":0,"mode":"tram","color":"#d6212b","colorDark":"#7c1116","angle":265.9,"snapDist":2,"label":1}},{"type":"Feature","geometry":{"type":"Point","coordinates":[8.545511,47.390514]},"properties":{"name":"Letzistrasse","lines":"9, 10","arr":["9","10"],"terminus":0,"mode":"tram","color":"#d6212b","colorDark":"#7c1116","angle":257.3,"snapDist":1,"label":1}},{"type":"Feature","geometry":{"type":"Point","coordinates":[8.546401,47.388807]},"properties":{"name":"Kinkelstrasse","lines":"9, 10","arr":["9","10"],"terminus":0,"mode":"tram","color":"#d6212b","colorDark":"#7c1116","angle":249.7,"snapDist":1,"label":1}},{"type":"Feature","geometry":{"type":"Point","coordinates":[8.54843,47.3857]},"properties":{"name":"Seilbahn Rigiblick","lines":"9, 10","arr":["9","10"],"terminus":0,"mode":"tram","color":"#d6212b","colorDark":"#7c1116","angle":264.9,"snapDist":1,"label":1}},{"type":"Feature","geometry":{"type":"Point","coordinates":[8.548126,47.383]},"properties":{"name":"Winkelriedstrasse","lines":"9, 10","arr":["9","10"],"terminus":0,"mode":"tram","color":"#d6212b","colorDark":"#7c1116","angle":270.7,"snapDist":1,"label":1}},{"type":"Feature","geometry":{"type":"Point","coordinates":[8.548127,47.380116]},"properties":{"name":"Haldenbach","lines":"9, 10","arr":["9","10"],"terminus":0,"mode":"tram","color":"#d6212b","colorDark":"#7c1116","angle":270.4,"snapDist":4,"label":1}},{"type":"Feature","geometry":{"type":"Point","coordinates":[8.52667,47.3724]},"properties":{"name":"Werd","lines":"9, 14","arr":["9","14"],"terminus":0,"mode":"tram","color":"#d6212b","colorDark":"#7c1116","angle":298.2,"snapDist":3,"label":1}},{"type":"Feature","geometry":{"type":"Point","coordinates":[8.523632,47.371175]},"properties":{"name":"Bahnhof Wiedikon","lines":"9, 14","arr":["9","14"],"terminus":0,"mode":"tram","color":"#d6212b","colorDark":"#7c1116","angle":335.8,"snapDist":1,"label":1}},{"type":"Feature","geometry":{"type":"Point","coordinates":[8.518902,47.370208]},"properties":{"name":"Schmiede Wiedikon","lines":"9, 14","arr":["9","14"],"terminus":0,"mode":"tram","color":"#d6212b","colorDark":"#7c1116","angle":22.5,"snapDist":2,"label":1}},{"type":"Feature","geometry":{"type":"Point","coordinates":[8.513624,47.370276]},"properties":{"name":"Goldbrunnenplatz","lines":"9, 14","arr":["9","14"],"terminus":0,"mode":"tram","color":"#d6212b","colorDark":"#7c1116","angle":353.3,"snapDist":2,"label":1}},{"type":"Feature","geometry":{"type":"Point","coordinates":[8.50928,47.369809]},"properties":{"name":"Talwiesenstrasse","lines":"9, 14","arr":["9","14"],"terminus":0,"mode":"tram","color":"#d6212b","colorDark":"#7c1116","angle":350.1,"snapDist":3,"label":1}},{"type":"Feature","geometry":{"type":"Point","coordinates":[8.506097,47.369424]},"properties":{"name":"Heuried","lines":"9, 14","arr":["9","14"],"terminus":0,"mode":"tram","color":"#d6212b","colorDark":"#7c1116","angle":350.4,"snapDist":2,"label":1}},{"type":"Feature","geometry":{"type":"Point","coordinates":[8.501564,47.368881]},"properties":{"name":"Schaufelbergerstrasse","lines":"9, 14","arr":["9","14"],"terminus":0,"mode":"tram","color":"#d6212b","colorDark":"#7c1116","angle":349.7,"snapDist":3,"label":1}},{"type":"Feature","geometry":{"type":"Point","coordinates":[8.495349,47.367748]},"properties":{"name":"Triemli","lines":"9","arr":["9"],"terminus":1,"mode":"tram","color":"#d6212b","colorDark":"#7c1116","angle":358.4,"snapDist":1,"label":1}},{"type":"Feature","geometry":{"type":"Point","coordinates":[8.502158,47.368919]},"properties":{"name":"Schaufelbergerstrasse","lines":"9, 14","arr":["9","14"],"terminus":0,"mode":"tram","color":"#d6212b","colorDark":"#7c1116","angle":169.8,"snapDist":0,"label":0}},{"type":"Feature","geometry":{"type":"Point","coordinates":[8.506762,47.36947]},"properties":{"name":"Heuried","lines":"9, 14","arr":["9","14"],"terminus":0,"mode":"tram","color":"#d6212b","colorDark":"#7c1116","angle":169.5,"snapDist":2,"label":0}},{"type":"Feature","geometry":{"type":"Point","coordinates":[8.509785,47.369835]},"properties":{"name":"Talwiesenstrasse","lines":"9, 14","arr":["9","14"],"terminus":0,"mode":"tram","color":"#d6212b","colorDark":"#7c1116","angle":170.2,"snapDist":4,"label":0}},{"type":"Feature","geometry":{"type":"Point","coordinates":[8.514156,47.370308]},"properties":{"name":"Goldbrunnenplatz","lines":"9, 14","arr":["9","14"],"terminus":0,"mode":"tram","color":"#d6212b","colorDark":"#7c1116","angle":168.9,"snapDist":2,"label":0}},{"type":"Feature","geometry":{"type":"Point","coordinates":[8.519634,47.369968]},"properties":{"name":"Schmiede Wiedikon","lines":"9, 14","arr":["9","14"],"terminus":0,"mode":"tram","color":"#d6212b","colorDark":"#7c1116","angle":202.6,"snapDist":1,"label":0}},{"type":"Feature","geometry":{"type":"Point","coordinates":[8.524372,47.371343]},"properties":{"name":"Bahnhof Wiedikon","lines":"9, 14","arr":["9","14"],"terminus":0,"mode":"tram","color":"#d6212b","colorDark":"#7c1116","angle":156.6,"snapDist":2,"label":0}},{"type":"Feature","geometry":{"type":"Point","coordinates":[8.527066,47.37271]},"properties":{"name":"Werd","lines":"9, 14","arr":["9","14"],"terminus":0,"mode":"tram","color":"#d6212b","colorDark":"#7c1116","angle":139.8,"snapDist":0,"label":0}},{"type":"Feature","geometry":{"type":"Point","coordinates":[8.548203,47.377787]},"properties":{"name":"ETH/Universitätsspital B","lines":"9, 10","arr":["9","10"],"terminus":0,"mode":"tram","color":"#d6212b","colorDark":"#7c1116","angle":72.9,"snapDist":2,"label":1}},{"type":"Feature","geometry":{"type":"Point","coordinates":[8.548166,47.380372]},"properties":{"name":"Haldenbach","lines":"9, 10","arr":["9","10"],"terminus":0,"mode":"tram","color":"#d6212b","colorDark":"#7c1116","angle":90.8,"snapDist":2,"label":0}},{"type":"Feature","geometry":{"type":"Point","coordinates":[8.548207,47.383346]},"properties":{"name":"Winkelriedstrasse","lines":"9, 10","arr":["9","10"],"terminus":0,"mode":"tram","color":"#d6212b","colorDark":"#7c1116","angle":93.7,"snapDist":0,"label":0}},{"type":"Feature","geometry":{"type":"Point","coordinates":[8.548279,47.386092]},"properties":{"name":"Seilbahn Rigiblick","lines":"9, 10","arr":["9","10"],"terminus":0,"mode":"tram","color":"#d6212b","colorDark":"#7c1116","angle":56.4,"snapDist":3,"label":0}},{"type":"Feature","geometry":{"type":"Point","coordinates":[8.54633,47.389007]},"properties":{"name":"Kinkelstrasse","lines":"9, 10","arr":["9","10"],"terminus":0,"mode":"tram","color":"#d6212b","colorDark":"#7c1116","angle":69.6,"snapDist":1,"label":0}},{"type":"Feature","geometry":{"type":"Point","coordinates":[8.545436,47.390868]},"properties":{"name":"Letzistrasse","lines":"9, 10","arr":["9","10"],"terminus":0,"mode":"tram","color":"#d6212b","colorDark":"#7c1116","angle":77.7,"snapDist":1,"label":0}},{"type":"Feature","geometry":{"type":"Point","coordinates":[8.544975,47.393789]},"properties":{"name":"Langmauerstrasse","lines":"9, 10","arr":["9","10"],"terminus":0,"mode":"tram","color":"#d6212b","colorDark":"#7c1116","angle":87.2,"snapDist":1,"label":0}},{"type":"Feature","geometry":{"type":"Point","coordinates":[8.544507,47.396269]},"properties":{"name":"Universität Irchel","lines":"9, 10","arr":["9","10"],"terminus":0,"mode":"tram","color":"#d6212b","colorDark":"#7c1116","angle":15.8,"snapDist":2,"label":0}},{"type":"Feature","geometry":{"type":"Point","coordinates":[8.576619,47.404918]},"properties":{"name":"Heerenwiesen","lines":"9","arr":["9"],"terminus":0,"mode":"tram","color":"#d6212b","colorDark":"#7c1116","angle":162.5,"snapDist":0,"label":0}},{"type":"Feature","geometry":{"type":"Point","coordinates":[8.581503,47.406059]},"properties":{"name":"Luegisland","lines":"9","arr":["9"],"terminus":0,"mode":"tram","color":"#d6212b","colorDark":"#7c1116","angle":165.7,"snapDist":1,"label":0}},{"type":"Feature","geometry":{"type":"Point","coordinates":[8.585791,47.406756]},"properties":{"name":"Luchswiesen","lines":"9","arr":["9"],"terminus":0,"mode":"tram","color":"#d6212b","colorDark":"#7c1116","angle":173.1,"snapDist":0,"label":0}},{"type":"Feature","geometry":{"type":"Point","coordinates":[8.591835,47.405369]},"properties":{"name":"Altried","lines":"9","arr":["9"],"terminus":0,"mode":"tram","color":"#d6212b","colorDark":"#7c1116","angle":207,"snapDist":0,"label":0}},{"type":"Feature","geometry":{"type":"Point","coordinates":[8.570725,47.452138]},"properties":{"name":"Zürich Flughafen, Fracht","lines":"10, 12","arr":["10","12"],"terminus":1,"mode":"tram","color":"#d6212b","colorDark":"#7c1116","angle":5.8,"snapDist":2,"label":1}},{"type":"Feature","geometry":{"type":"Point","coordinates":[8.56407,47.450276]},"properties":{"name":"Zürich Flughafen, Bahnhof","lines":"10, 12","arr":["10","12"],"terminus":0,"mode":"tram","color":"#d6212b","colorDark":"#7c1116","angle":278.4,"snapDist":1,"label":1}},{"type":"Feature","geometry":{"type":"Point","coordinates":[8.568279,47.441495]},"properties":{"name":"Kloten Balsberg, Bahnhof","lines":"10, 12","arr":["10","12"],"terminus":0,"mode":"tram","color":"#d6212b","colorDark":"#7c1116","angle":324.4,"snapDist":0,"label":1}},{"type":"Feature","geometry":{"type":"Point","coordinates":[8.562502,47.437926]},"properties":{"name":"Glattbrugg, Unterriet","lines":"10, 12","arr":["10","12"],"terminus":0,"mode":"tram","color":"#d6212b","colorDark":"#7c1116","angle":319.5,"snapDist":4,"label":1}},{"type":"Feature","geometry":{"type":"Point","coordinates":[8.557347,47.434881]},"properties":{"name":"Rümlang, Bäuler","lines":"10, 12","arr":["10","12"],"terminus":0,"mode":"tram","color":"#d6212b","colorDark":"#7c1116","angle":302,"snapDist":5,"label":1}},{"type":"Feature","geometry":{"type":"Point","coordinates":[8.559284,47.430638]},"properties":{"name":"Glattbrugg, Bahnhof","lines":"10, 12","arr":["10","12"],"terminus":0,"mode":"tram","color":"#d6212b","colorDark":"#7c1116","angle":243.2,"snapDist":1,"label":1}},{"type":"Feature","geometry":{"type":"Point","coordinates":[8.560383,47.425105]},"properties":{"name":"Glattpark, Lindberghplatz","lines":"10, 12","arr":["10","12"],"terminus":0,"mode":"tram","color":"#d6212b","colorDark":"#7c1116","angle":299.5,"snapDist":1,"label":1}},{"type":"Feature","geometry":{"type":"Point","coordinates":[8.556619,47.420535]},"properties":{"name":"Glattpark","lines":"10","arr":["10"],"terminus":0,"mode":"tram","color":"#d6212b","colorDark":"#7c1116","angle":306.1,"snapDist":5,"label":1}},{"type":"Feature","geometry":{"type":"Point","coordinates":[8.553713,47.417462]},"properties":{"name":"Oerlikerhus","lines":"10, 50","arr":["10","50"],"terminus":0,"mode":"tram","color":"#d6212b","colorDark":"#7c1116","angle":301.8,"snapDist":2,"label":1}},{"type":"Feature","geometry":{"type":"Point","coordinates":[8.551192,47.414541]},"properties":{"name":"Leutschenbach","lines":"10, 50","arr":["10","50"],"terminus":0,"mode":"tram","color":"#d6212b","colorDark":"#7c1116","angle":294.1,"snapDist":5,"label":1}},{"type":"Feature","geometry":{"type":"Point","coordinates":[8.546176,47.413245]},"properties":{"name":"Bahnhof Oerlikon Ost","lines":"10","arr":["10"],"terminus":0,"mode":"tram","color":"#d6212b","colorDark":"#7c1116","angle":285.7,"snapDist":0,"label":1}},{"type":"Feature","geometry":{"type":"Point","coordinates":[8.546251,47.409674]},"properties":{"name":"Sternen Oerlikon","lines":"10, 51","arr":["10","51"],"terminus":0,"mode":"tram","color":"#d6212b","colorDark":"#7c1116","angle":257.7,"snapDist":2,"label":1}},{"type":"Feature","geometry":{"type":"Point","coordinates":[8.548388,47.406042]},"properties":{"name":"Salersteig","lines":"10, 51","arr":["10","51"],"terminus":0,"mode":"tram","color":"#d6212b","colorDark":"#7c1116","angle":264.5,"snapDist":1,"label":1}},{"type":"Feature","geometry":{"type":"Point","coordinates":[8.547872,47.403604]},"properties":{"name":"Berninaplatz","lines":"10, 51","arr":["10","51"],"terminus":0,"mode":"tram","color":"#d6212b","colorDark":"#7c1116","angle":303.4,"snapDist":0,"label":1}},{"type":"Feature","geometry":{"type":"Point","coordinates":[8.543293,47.400143]},"properties":{"name":"Hirschwiesenstrasse","lines":"10, 51","arr":["10","51"],"terminus":0,"mode":"tram","color":"#d6212b","colorDark":"#7c1116","angle":315.2,"snapDist":1,"label":1}},{"type":"Feature","geometry":{"type":"Point","coordinates":[8.559698,47.376583]},"properties":{"name":"Kirche Fluntern","lines":"10","arr":["10"],"terminus":1,"mode":"tram","color":"#d6212b","colorDark":"#7c1116","angle":356.8,"snapDist":3,"label":0}},{"type":"Feature","geometry":{"type":"Point","coordinates":[8.543701,47.400378]},"properties":{"name":"Hirschwiesenstrasse","lines":"10, 51","arr":["10","51"],"terminus":0,"mode":"tram","color":"#d6212b","colorDark":"#7c1116","angle":135.9,"snapDist":1,"label":0}},{"type":"Feature","geometry":{"type":"Point","coordinates":[8.54813,47.40387]},"properties":{"name":"Berninaplatz","lines":"10, 51","arr":["10","51"],"terminus":0,"mode":"tram","color":"#d6212b","colorDark":"#7c1116","angle":110.4,"snapDist":0,"label":0}},{"type":"Feature","geometry":{"type":"Point","coordinates":[8.548299,47.406398]},"properties":{"name":"Salersteig","lines":"10, 51","arr":["10","51"],"terminus":0,"mode":"tram","color":"#d6212b","colorDark":"#7c1116","angle":71.1,"snapDist":1,"label":0}},{"type":"Feature","geometry":{"type":"Point","coordinates":[8.546216,47.409959]},"properties":{"name":"Sternen Oerlikon","lines":"10, 51","arr":["10","51"],"terminus":0,"mode":"tram","color":"#d6212b","colorDark":"#7c1116","angle":77.8,"snapDist":2,"label":0}},{"type":"Feature","geometry":{"type":"Point","coordinates":[8.546387,47.413587]},"properties":{"name":"Bahnhof Oerlikon Ost","lines":"10","arr":["10"],"terminus":0,"mode":"tram","color":"#d6212b","colorDark":"#7c1116","angle":111.1,"snapDist":0,"label":0}},{"type":"Feature","geometry":{"type":"Point","coordinates":[8.551449,47.414856]},"properties":{"name":"Leutschenbach","lines":"10, 50","arr":["10","50"],"terminus":0,"mode":"tram","color":"#d6212b","colorDark":"#7c1116","angle":113.3,"snapDist":5,"label":0}},{"type":"Feature","geometry":{"type":"Point","coordinates":[8.554082,47.417815]},"properties":{"name":"Oerlikerhus","lines":"10, 50","arr":["10","50"],"terminus":0,"mode":"tram","color":"#d6212b","colorDark":"#7c1116","angle":121.9,"snapDist":2,"label":0}},{"type":"Feature","geometry":{"type":"Point","coordinates":[8.557099,47.420994]},"properties":{"name":"Glattpark","lines":"10, 12","arr":["10","12"],"terminus":0,"mode":"tram","color":"#d6212b","colorDark":"#7c1116","angle":120.9,"snapDist":2,"label":0}},{"type":"Feature","geometry":{"type":"Point","coordinates":[8.560678,47.425404]},"properties":{"name":"Glattpark, Lindberghplatz","lines":"10, 12","arr":["10","12"],"terminus":0,"mode":"tram","color":"#d6212b","colorDark":"#7c1116","angle":119.4,"snapDist":1,"label":0}},{"type":"Feature","geometry":{"type":"Point","coordinates":[8.559451,47.430459]},"properties":{"name":"Glattbrugg, Bahnhof","lines":"10, 12","arr":["10","12"],"terminus":0,"mode":"tram","color":"#d6212b","colorDark":"#7c1116","angle":71.9,"snapDist":1,"label":0}},{"type":"Feature","geometry":{"type":"Point","coordinates":[8.557697,47.435208]},"properties":{"name":"Rümlang, Bäuler","lines":"10, 12","arr":["10","12"],"terminus":0,"mode":"tram","color":"#d6212b","colorDark":"#7c1116","angle":122.1,"snapDist":0,"label":0}},{"type":"Feature","geometry":{"type":"Point","coordinates":[8.563,47.438179]},"properties":{"name":"Glattbrugg, Unterriet","lines":"10, 12","arr":["10","12"],"terminus":0,"mode":"tram","color":"#d6212b","colorDark":"#7c1116","angle":139.6,"snapDist":2,"label":0}},{"type":"Feature","geometry":{"type":"Point","coordinates":[8.568807,47.441718]},"properties":{"name":"Kloten Balsberg, Bahnhof","lines":"10, 12","arr":["10","12"],"terminus":0,"mode":"tram","color":"#d6212b","colorDark":"#7c1116","angle":144.3,"snapDist":1,"label":0}},{"type":"Feature","geometry":{"type":"Point","coordinates":[8.564112,47.450073]},"properties":{"name":"Zürich Flughafen, Bahnhof","lines":"10, 12","arr":["10","12"],"terminus":0,"mode":"tram","color":"#d6212b","colorDark":"#7c1116","angle":83.7,"snapDist":4,"label":0}},{"type":"Feature","geometry":{"type":"Point","coordinates":[8.571276,47.452006]},"properties":{"name":"Zürich Flughafen, Fracht","lines":"10","arr":["10"],"terminus":1,"mode":"tram","color":"#d6212b","colorDark":"#7c1116","angle":186.1,"snapDist":9,"label":0}},{"type":"Feature","geometry":{"type":"Point","coordinates":[8.538268,47.372903]},"properties":{"name":"Rennweg","lines":"11, 13, 16","arr":["11","13","16"],"terminus":0,"mode":"tram","color":"#d6212b","colorDark":"#7c1116","angle":268.4,"snapDist":4,"label":1}},{"type":"Feature","geometry":{"type":"Point","coordinates":[8.53935,47.369709]},"properties":{"name":"Paradeplatz","lines":"11","arr":["11"],"terminus":0,"mode":"tram","color":"#d6212b","colorDark":"#7c1116","angle":259.1,"snapDist":1,"label":0}},{"type":"Feature","geometry":{"type":"Point","coordinates":[8.547728,47.365319]},"properties":{"name":"Opernhaus F","lines":"11, 15","arr":["11","15"],"terminus":0,"mode":"tram","color":"#d6212b","colorDark":"#7c1116","angle":230.3,"snapDist":1,"label":1}},{"type":"Feature","geometry":{"type":"Point","coordinates":[8.549535,47.363381]},"properties":{"name":"Kreuzstrasse","lines":"11, 15","arr":["11","15"],"terminus":0,"mode":"tram","color":"#d6212b","colorDark":"#7c1116","angle":239.7,"snapDist":2,"label":1}},{"type":"Feature","geometry":{"type":"Point","coordinates":[8.552046,47.360492]},"properties":{"name":"Feldeggstrasse","lines":"11, 15","arr":["11","15"],"terminus":0,"mode":"tram","color":"#d6212b","colorDark":"#7c1116","angle":239.5,"snapDist":0,"label":1}},{"type":"Feature","geometry":{"type":"Point","coordinates":[8.554352,47.357874]},"properties":{"name":"Höschgasse","lines":"11, 15","arr":["11","15"],"terminus":0,"mode":"tram","color":"#d6212b","colorDark":"#7c1116","angle":236.4,"snapDist":0,"label":1}},{"type":"Feature","geometry":{"type":"Point","coordinates":[8.556989,47.355109]},"properties":{"name":"Fröhlichstrasse","lines":"11, 15","arr":["11","15"],"terminus":0,"mode":"tram","color":"#d6212b","colorDark":"#7c1116","angle":237.3,"snapDist":0,"label":1}},{"type":"Feature","geometry":{"type":"Point","coordinates":[8.558895,47.353108]},"properties":{"name":"Wildbachstrasse","lines":"11, 15","arr":["11","15"],"terminus":0,"mode":"tram","color":"#d6212b","colorDark":"#7c1116","angle":237.3,"snapDist":0,"label":1}},{"type":"Feature","geometry":{"type":"Point","coordinates":[8.560945,47.350616]},"properties":{"name":"Bahnhof Tiefenbrunnen","lines":"11, 15","arr":["11","15"],"terminus":1,"mode":"tram","color":"#d6212b","colorDark":"#7c1116","angle":70.8,"snapDist":1,"label":1}},{"type":"Feature","geometry":{"type":"Point","coordinates":[8.558701,47.353377]},"properties":{"name":"Wildbachstrasse","lines":"11, 15","arr":["11","15"],"terminus":0,"mode":"tram","color":"#d6212b","colorDark":"#7c1116","angle":57.3,"snapDist":0,"label":0}},{"type":"Feature","geometry":{"type":"Point","coordinates":[8.55676,47.355416]},"properties":{"name":"Fröhlichstrasse","lines":"11, 15","arr":["11","15"],"terminus":0,"mode":"tram","color":"#d6212b","colorDark":"#7c1116","angle":57.2,"snapDist":0,"label":0}},{"type":"Feature","geometry":{"type":"Point","coordinates":[8.554114,47.35818]},"properties":{"name":"Höschgasse","lines":"11, 15","arr":["11","15"],"terminus":0,"mode":"tram","color":"#d6212b","colorDark":"#7c1116","angle":57,"snapDist":0,"label":0}},{"type":"Feature","geometry":{"type":"Point","coordinates":[8.552292,47.360274]},"properties":{"name":"Feldeggstrasse","lines":"11, 15","arr":["11","15"],"terminus":0,"mode":"tram","color":"#d6212b","colorDark":"#7c1116","angle":59.7,"snapDist":1,"label":0}},{"type":"Feature","geometry":{"type":"Point","coordinates":[8.550027,47.362887]},"properties":{"name":"Kreuzstrasse","lines":"11, 15","arr":["11","15"],"terminus":0,"mode":"tram","color":"#d6212b","colorDark":"#7c1116","angle":59.5,"snapDist":1,"label":0}},{"type":"Feature","geometry":{"type":"Point","coordinates":[8.547518,47.365536]},"properties":{"name":"Opernhaus E","lines":"11, 15","arr":["11","15"],"terminus":0,"mode":"tram","color":"#d6212b","colorDark":"#7c1116","angle":50.8,"snapDist":0,"label":1}},{"type":"Feature","geometry":{"type":"Point","coordinates":[8.539286,47.370053]},"properties":{"name":"Paradeplatz","lines":"11","arr":["11"],"terminus":0,"mode":"tram","color":"#d6212b","colorDark":"#7c1116","angle":76.5,"snapDist":1,"label":0}},{"type":"Feature","geometry":{"type":"Point","coordinates":[8.538288,47.373303]},"properties":{"name":"Rennweg","lines":"11, 13, 16","arr":["11","13","16"],"terminus":0,"mode":"tram","color":"#d6212b","colorDark":"#7c1116","angle":88.5,"snapDist":1,"label":0}},{"type":"Feature","geometry":{"type":"Point","coordinates":[8.557428,47.419973]},"properties":{"name":"Glattpark","lines":"12, 50","arr":["12","50"],"terminus":0,"mode":"tram","color":"#d6212b","colorDark":"#7c1116","angle":210.5,"snapDist":1,"label":0}},{"type":"Feature","geometry":{"type":"Point","coordinates":[8.561931,47.418098]},"properties":{"name":"Fernsehstudio","lines":"12, 50","arr":["12","50"],"terminus":0,"mode":"tram","color":"#d6212b","colorDark":"#7c1116","angle":211.7,"snapDist":1,"label":1}},{"type":"Feature","geometry":{"type":"Point","coordinates":[8.569082,47.417073]},"properties":{"name":"Auzelg","lines":"12","arr":["12"],"terminus":0,"mode":"tram","color":"#d6212b","colorDark":"#7c1116","angle":183.3,"snapDist":2,"label":0}},{"type":"Feature","geometry":{"type":"Point","coordinates":[8.579303,47.416409]},"properties":{"name":"Wallisellen, Herti","lines":"12","arr":["12"],"terminus":0,"mode":"tram","color":"#d6212b","colorDark":"#7c1116","angle":193.2,"snapDist":1,"label":1}},{"type":"Feature","geometry":{"type":"Point","coordinates":[8.584894,47.413441]},"properties":{"name":"Wallisellen, Belair","lines":"12","arr":["12"],"terminus":0,"mode":"tram","color":"#d6212b","colorDark":"#7c1116","angle":179,"snapDist":0,"label":1}},{"type":"Feature","geometry":{"type":"Point","coordinates":[8.592775,47.412479]},"properties":{"name":"Wallisellen, Bahnhof","lines":"12","arr":["12"],"terminus":0,"mode":"tram","color":"#d6212b","colorDark":"#7c1116","angle":199.1,"snapDist":1,"label":1}},{"type":"Feature","geometry":{"type":"Point","coordinates":[8.598072,47.409185]},"properties":{"name":"Wallisellen, Glatt (Tram)","lines":"12","arr":["12"],"terminus":0,"mode":"tram","color":"#d6212b","colorDark":"#7c1116","angle":265.6,"snapDist":1,"label":1}},{"type":"Feature","geometry":{"type":"Point","coordinates":[8.604527,47.404714]},"properties":{"name":"Wallisellen, Neugut","lines":"12","arr":["12"],"terminus":0,"mode":"tram","color":"#d6212b","colorDark":"#7c1116","angle":209.5,"snapDist":2,"label":1}},{"type":"Feature","geometry":{"type":"Point","coordinates":[8.607478,47.402023]},"properties":{"name":"Dübendorf, Am Ring","lines":"12","arr":["12"],"terminus":0,"mode":"tram","color":"#d6212b","colorDark":"#7c1116","angle":312.8,"snapDist":2,"label":1}},{"type":"Feature","geometry":{"type":"Point","coordinates":[8.604159,47.397351]},"properties":{"name":"Dübendorf, Ringwiesen","lines":"12","arr":["12"],"terminus":0,"mode":"tram","color":"#d6212b","colorDark":"#7c1116","angle":288.3,"snapDist":3,"label":1}},{"type":"Feature","geometry":{"type":"Point","coordinates":[8.596625,47.397092]},"properties":{"name":"Bahnhof Stettbach","lines":"12","arr":["12"],"terminus":1,"mode":"tram","color":"#d6212b","colorDark":"#7c1116","angle":260.3,"snapDist":1,"label":0}},{"type":"Feature","geometry":{"type":"Point","coordinates":[8.604372,47.397692]},"properties":{"name":"Dübendorf, Ringwiesen","lines":"12","arr":["12"],"terminus":0,"mode":"tram","color":"#d6212b","colorDark":"#7c1116","angle":109,"snapDist":2,"label":0}},{"type":"Feature","geometry":{"type":"Point","coordinates":[8.607946,47.402324]},"properties":{"name":"Dübendorf, Am Ring","lines":"12","arr":["12"],"terminus":0,"mode":"tram","color":"#d6212b","colorDark":"#7c1116","angle":132.8,"snapDist":2,"label":0}},{"type":"Feature","geometry":{"type":"Point","coordinates":[8.604013,47.404944]},"properties":{"name":"Wallisellen, Neugut","lines":"12","arr":["12"],"terminus":0,"mode":"tram","color":"#d6212b","colorDark":"#7c1116","angle":29.8,"snapDist":0,"label":0}},{"type":"Feature","geometry":{"type":"Point","coordinates":[8.598078,47.4095]},"properties":{"name":"Wallisellen, Glatt (Tram)","lines":"12","arr":["12"],"terminus":0,"mode":"tram","color":"#d6212b","colorDark":"#7c1116","angle":85.8,"snapDist":0,"label":0}},{"type":"Feature","geometry":{"type":"Point","coordinates":[8.592177,47.412645]},"properties":{"name":"Wallisellen, Bahnhof","lines":"12","arr":["12"],"terminus":0,"mode":"tram","color":"#d6212b","colorDark":"#7c1116","angle":18.7,"snapDist":1,"label":0}},{"type":"Feature","geometry":{"type":"Point","coordinates":[8.584265,47.413457]},"properties":{"name":"Wallisellen, Belair","lines":"12","arr":["12"],"terminus":0,"mode":"tram","color":"#d6212b","colorDark":"#7c1116","angle":358.3,"snapDist":1,"label":0}},{"type":"Feature","geometry":{"type":"Point","coordinates":[8.5786,47.416549]},"properties":{"name":"Wallisellen, Herti","lines":"12","arr":["12"],"terminus":0,"mode":"tram","color":"#d6212b","colorDark":"#7c1116","angle":13.4,"snapDist":2,"label":0}},{"type":"Feature","geometry":{"type":"Point","coordinates":[8.568535,47.41713]},"properties":{"name":"Auzelg","lines":"12, 50","arr":["12","50"],"terminus":1,"mode":"tram","color":"#d6212b","colorDark":"#7c1116","angle":3.4,"snapDist":1,"label":1}},{"type":"Feature","geometry":{"type":"Point","coordinates":[8.561398,47.41835]},"properties":{"name":"Fernsehstudio","lines":"12, 50","arr":["12","50"],"terminus":0,"mode":"tram","color":"#d6212b","colorDark":"#7c1116","angle":30.7,"snapDist":3,"label":0}},{"type":"Feature","geometry":{"type":"Point","coordinates":[8.571284,47.452067]},"properties":{"name":"Zürich Flughafen, Fracht","lines":"12","arr":["12"],"terminus":1,"mode":"tram","color":"#d6212b","colorDark":"#7c1116","angle":186,"snapDist":12,"label":0}},{"type":"Feature","geometry":{"type":"Point","coordinates":[8.538619,47.369686]},"properties":{"name":"Paradeplatz","lines":"13, 16","arr":["13","16"],"terminus":0,"mode":"tram","color":"#d6212b","colorDark":"#7c1116","angle":309.6,"snapDist":2,"label":0}},{"type":"Feature","geometry":{"type":"Point","coordinates":[8.539096,47.369831]},"properties":{"name":"Paradeplatz","lines":"13, 16","arr":["13","16"],"terminus":0,"mode":"tram","color":"#d6212b","colorDark":"#7c1116","angle":141.9,"snapDist":0,"label":0}},{"type":"Feature","geometry":{"type":"Point","coordinates":[8.49535,47.367802]},"properties":{"name":"Triemli","lines":"14","arr":["14"],"terminus":1,"mode":"tram","color":"#d6212b","colorDark":"#7c1116","angle":359.8,"snapDist":1,"label":0}},{"type":"Feature","geometry":{"type":"Point","coordinates":[8.566459,47.364192]},"properties":{"name":"Klusplatz B","lines":"16","arr":["16"],"terminus":1,"mode":"tram","color":"#d6212b","colorDark":"#7c1116","angle":122.8,"snapDist":1,"label":1}},{"type":"Feature","geometry":{"type":"Point","coordinates":[8.482071,47.397749]},"properties":{"name":"Werdhölzli","lines":"17","arr":["17"],"terminus":1,"mode":"tram","color":"#d6212b","colorDark":"#7c1116","angle":291.2,"snapDist":1,"label":1}},{"type":"Feature","geometry":{"type":"Point","coordinates":[8.485243,47.396282]},"properties":{"name":"Bändliweg","lines":"17","arr":["17"],"terminus":0,"mode":"tram","color":"#d6212b","colorDark":"#7c1116","angle":204.4,"snapDist":1,"label":1}},{"type":"Feature","geometry":{"type":"Point","coordinates":[8.489962,47.395072]},"properties":{"name":"Grünaustrasse","lines":"17","arr":["17"],"terminus":0,"mode":"tram","color":"#d6212b","colorDark":"#7c1116","angle":200.8,"snapDist":4,"label":1}},{"type":"Feature","geometry":{"type":"Point","coordinates":[8.494254,47.397387]},"properties":{"name":"Tüffenwies","lines":"17","arr":["17"],"terminus":0,"mode":"tram","color":"#d6212b","colorDark":"#7c1116","angle":126.8,"snapDist":1,"label":1}},{"type":"Feature","geometry":{"type":"Point","coordinates":[8.497714,47.396218]},"properties":{"name":"Hardhof","lines":"17","arr":["17"],"terminus":0,"mode":"tram","color":"#d6212b","colorDark":"#7c1116","angle":221.6,"snapDist":2,"label":1}},{"type":"Feature","geometry":{"type":"Point","coordinates":[8.523639,47.389987]},"properties":{"name":"Escher-Wyss-Platz B","lines":"17, 50, 51","arr":["17","50","51"],"terminus":0,"mode":"tram","color":"#d6212b","colorDark":"#7c1116","angle":227.2,"snapDist":4,"label":1}},{"type":"Feature","geometry":{"type":"Point","coordinates":[8.526297,47.388269]},"properties":{"name":"Löwenbräu","lines":"17, 50, 51","arr":["17","50","51"],"terminus":0,"mode":"tram","color":"#d6212b","colorDark":"#7c1116","angle":220,"snapDist":2,"label":1}},{"type":"Feature","geometry":{"type":"Point","coordinates":[8.528919,47.386611]},"properties":{"name":"Quellenstrasse","lines":"17, 50, 51","arr":["17","50","51"],"terminus":0,"mode":"tram","color":"#d6212b","colorDark":"#7c1116","angle":227.5,"snapDist":1,"label":1}},{"type":"Feature","geometry":{"type":"Point","coordinates":[8.531776,47.384495]},"properties":{"name":"Limmatplatz","lines":"17, 50, 51","arr":["17","50","51"],"terminus":0,"mode":"tram","color":"#d6212b","colorDark":"#7c1116","angle":227.6,"snapDist":1,"label":1}},{"type":"Feature","geometry":{"type":"Point","coordinates":[8.535052,47.382049]},"properties":{"name":"Museum für Gestaltung","lines":"17, 50, 51","arr":["17","50","51"],"terminus":0,"mode":"tram","color":"#d6212b","colorDark":"#7c1116","angle":226.7,"snapDist":0,"label":1}},{"type":"Feature","geometry":{"type":"Point","coordinates":[8.537429,47.379784]},"properties":{"name":"Sihlquai/HB","lines":"17, 50, 51","arr":["17","50","51"],"terminus":0,"mode":"tram","color":"#d6212b","colorDark":"#7c1116","angle":291.4,"snapDist":3,"label":1}},{"type":"Feature","geometry":{"type":"Point","coordinates":[8.542834,47.380298]},"properties":{"name":"Stampfenbachplatz","lines":"17, 50, 51","arr":["17","50","51"],"terminus":0,"mode":"tram","color":"#d6212b","colorDark":"#7c1116","angle":95.1,"snapDist":1,"label":1}},{"type":"Feature","geometry":{"type":"Point","coordinates":[8.540217,47.384214]},"properties":{"name":"Beckenhof","lines":"17, 50, 51","arr":["17","50","51"],"terminus":0,"mode":"tram","color":"#d6212b","colorDark":"#7c1116","angle":60.3,"snapDist":2,"label":1}},{"type":"Feature","geometry":{"type":"Point","coordinates":[8.539211,47.388281]},"properties":{"name":"Kronenstrasse","lines":"17, 50, 51","arr":["17","50","51"],"terminus":0,"mode":"tram","color":"#d6212b","colorDark":"#7c1116","angle":73.7,"snapDist":2,"label":1}},{"type":"Feature","geometry":{"type":"Point","coordinates":[8.538339,47.392367]},"properties":{"name":"Schaffhauserplatz","lines":"17, 50","arr":["17","50"],"terminus":0,"mode":"tram","color":"#d6212b","colorDark":"#7c1116","angle":73,"snapDist":2,"label":0}},{"type":"Feature","geometry":{"type":"Point","coordinates":[8.536243,47.395079]},"properties":{"name":"Laubiweg","lines":"17, 50","arr":["17","50"],"terminus":0,"mode":"tram","color":"#d6212b","colorDark":"#7c1116","angle":45,"snapDist":1,"label":1}},{"type":"Feature","geometry":{"type":"Point","coordinates":[8.532871,47.398632]},"properties":{"name":"Bucheggplatz","lines":"17","arr":["17"],"terminus":1,"mode":"tram","color":"#d6212b","colorDark":"#7c1116","angle":159.2,"snapDist":0,"label":1}},{"type":"Feature","geometry":{"type":"Point","coordinates":[8.533402,47.398061]},"properties":{"name":"Bucheggplatz D","lines":"17, 50","arr":["17","50"],"terminus":1,"mode":"tram","color":"#d6212b","colorDark":"#7c1116","angle":256,"snapDist":1,"label":1}},{"type":"Feature","geometry":{"type":"Point","coordinates":[8.536459,47.394861]},"properties":{"name":"Laubiweg","lines":"17, 50","arr":["17","50"],"terminus":0,"mode":"tram","color":"#d6212b","colorDark":"#7c1116","angle":225.8,"snapDist":0,"label":0}},{"type":"Feature","geometry":{"type":"Point","coordinates":[8.53872,47.391534]},"properties":{"name":"Schaffhauserplatz","lines":"17, 50","arr":["17","50"],"terminus":0,"mode":"tram","color":"#d6212b","colorDark":"#7c1116","angle":263.6,"snapDist":1,"label":0}},{"type":"Feature","geometry":{"type":"Point","coordinates":[8.539345,47.387923]},"properties":{"name":"Kronenstrasse","lines":"17, 50, 51","arr":["17","50","51"],"terminus":0,"mode":"tram","color":"#d6212b","colorDark":"#7c1116","angle":248.5,"snapDist":1,"label":0}},{"type":"Feature","geometry":{"type":"Point","coordinates":[8.540382,47.38393]},"properties":{"name":"Beckenhof","lines":"17, 50, 51","arr":["17","50","51"],"terminus":0,"mode":"tram","color":"#d6212b","colorDark":"#7c1116","angle":240.1,"snapDist":2,"label":0}},{"type":"Feature","geometry":{"type":"Point","coordinates":[8.54255,47.379894]},"properties":{"name":"Stampfenbachplatz","lines":"17, 50, 51","arr":["17","50","51"],"terminus":0,"mode":"tram","color":"#d6212b","colorDark":"#7c1116","angle":259.6,"snapDist":2,"label":0}},{"type":"Feature","geometry":{"type":"Point","coordinates":[8.53766,47.380111]},"properties":{"name":"Sihlquai/HB","lines":"17, 50, 51","arr":["17","50","51"],"terminus":0,"mode":"tram","color":"#d6212b","colorDark":"#7c1116","angle":103.3,"snapDist":0,"label":0}},{"type":"Feature","geometry":{"type":"Point","coordinates":[8.534752,47.382344]},"properties":{"name":"Museum für Gestaltung","lines":"17, 50, 51","arr":["17","50","51"],"terminus":0,"mode":"tram","color":"#d6212b","colorDark":"#7c1116","angle":47.7,"snapDist":1,"label":0}},{"type":"Feature","geometry":{"type":"Point","coordinates":[8.531452,47.384772]},"properties":{"name":"Limmatplatz","lines":"17, 50, 51","arr":["17","50","51"],"terminus":0,"mode":"tram","color":"#d6212b","colorDark":"#7c1116","angle":47.9,"snapDist":5,"label":0}},{"type":"Feature","geometry":{"type":"Point","coordinates":[8.528566,47.386909]},"properties":{"name":"Quellenstrasse","lines":"17, 50, 51","arr":["17","50","51"],"terminus":0,"mode":"tram","color":"#d6212b","colorDark":"#7c1116","angle":46.9,"snapDist":2,"label":0}},{"type":"Feature","geometry":{"type":"Point","coordinates":[8.525821,47.388569]},"properties":{"name":"Löwenbräu","lines":"17, 50, 51","arr":["17","50","51"],"terminus":0,"mode":"tram","color":"#d6212b","colorDark":"#7c1116","angle":40.2,"snapDist":2,"label":0}},{"type":"Feature","geometry":{"type":"Point","coordinates":[8.523332,47.390257]},"properties":{"name":"Escher-Wyss-Platz A","lines":"17, 50, 51","arr":["17","50","51"],"terminus":0,"mode":"tram","color":"#d6212b","colorDark":"#7c1116","angle":47.1,"snapDist":4,"label":1}},{"type":"Feature","geometry":{"type":"Point","coordinates":[8.503864,47.394281]},"properties":{"name":"Hardturm","lines":"17","arr":["17"],"terminus":0,"mode":"tram","color":"#d6212b","colorDark":"#7c1116","angle":13,"snapDist":4,"label":0}},{"type":"Feature","geometry":{"type":"Point","coordinates":[8.497302,47.396495]},"properties":{"name":"Hardhof","lines":"17","arr":["17"],"terminus":0,"mode":"tram","color":"#d6212b","colorDark":"#7c1116","angle":40.2,"snapDist":2,"label":0}},{"type":"Feature","geometry":{"type":"Point","coordinates":[8.493924,47.397123]},"properties":{"name":"Tüffenwies","lines":"17","arr":["17"],"terminus":0,"mode":"tram","color":"#d6212b","colorDark":"#7c1116","angle":305.3,"snapDist":4,"label":0}},{"type":"Feature","geometry":{"type":"Point","coordinates":[8.489576,47.395204]},"properties":{"name":"Grünaustrasse","lines":"17","arr":["17"],"terminus":0,"mode":"tram","color":"#d6212b","colorDark":"#7c1116","angle":20.9,"snapDist":0,"label":0}},{"type":"Feature","geometry":{"type":"Point","coordinates":[8.484826,47.396456]},"properties":{"name":"Bändliweg","lines":"17","arr":["17"],"terminus":0,"mode":"tram","color":"#d6212b","colorDark":"#7c1116","angle":28.9,"snapDist":3,"label":0}},{"type":"Feature","geometry":{"type":"Point","coordinates":[8.556913,47.420223]},"properties":{"name":"Glattpark","lines":"50","arr":["50"],"terminus":0,"mode":"tram","color":"#d6212b","colorDark":"#7c1116","angle":30.9,"snapDist":2,"label":0}},{"type":"Feature","geometry":{"type":"Point","coordinates":[8.550161,47.410823]},"properties":{"name":"Messe/Hallenstadion","lines":"50","arr":["50"],"terminus":0,"mode":"tram","color":"#d6212b","colorDark":"#7c1116","angle":278.9,"snapDist":7,"label":1}},{"type":"Feature","geometry":{"type":"Point","coordinates":[8.546581,47.41023]},"properties":{"name":"Sternen Oerlikon","lines":"50","arr":["50"],"terminus":0,"mode":"tram","color":"#d6212b","colorDark":"#7c1116","angle":0.5,"snapDist":0,"label":0}},{"type":"Feature","geometry":{"type":"Point","coordinates":[8.544493,47.411384]},"properties":{"name":"Bahnhof Oerlikon","lines":"50","arr":["50"],"terminus":0,"mode":"tram","color":"#d6212b","colorDark":"#7c1116","angle":332.8,"snapDist":1,"label":1}},{"type":"Feature","geometry":{"type":"Point","coordinates":[8.539088,47.408512]},"properties":{"name":"Regensbergbrücke","lines":"50","arr":["50"],"terminus":0,"mode":"tram","color":"#d6212b","colorDark":"#7c1116","angle":300,"snapDist":1,"label":1}},{"type":"Feature","geometry":{"type":"Point","coordinates":[8.537665,47.405945]},"properties":{"name":"Bad Allenmoos","lines":"50","arr":["50"],"terminus":0,"mode":"tram","color":"#d6212b","colorDark":"#7c1116","angle":286.5,"snapDist":2,"label":1}},{"type":"Feature","geometry":{"type":"Point","coordinates":[8.535014,47.402037]},"properties":{"name":"Brunnenhof","lines":"50","arr":["50"],"terminus":0,"mode":"tram","color":"#d6212b","colorDark":"#7c1116","angle":304.4,"snapDist":2,"label":1}},{"type":"Feature","geometry":{"type":"Point","coordinates":[8.523365,47.392654]},"properties":{"name":"Wipkingerplatz","lines":"50","arr":["50"],"terminus":0,"mode":"tram","color":"#d6212b","colorDark":"#7c1116","angle":27.2,"snapDist":2,"label":1}},{"type":"Feature","geometry":{"type":"Point","coordinates":[8.518878,47.395429]},"properties":{"name":"Waidfussweg","lines":"50","arr":["50"],"terminus":0,"mode":"tram","color":"#d6212b","colorDark":"#7c1116","angle":28.6,"snapDist":3,"label":1}},{"type":"Feature","geometry":{"type":"Point","coordinates":[8.512741,47.396403]},"properties":{"name":"Eschergutweg","lines":"50","arr":["50"],"terminus":0,"mode":"tram","color":"#d6212b","colorDark":"#7c1116","angle":6.1,"snapDist":0,"label":1}},{"type":"Feature","geometry":{"type":"Point","coordinates":[8.507426,47.397735]},"properties":{"name":"Alte Trotte","lines":"50","arr":["50"],"terminus":0,"mode":"tram","color":"#d6212b","colorDark":"#7c1116","angle":37.7,"snapDist":2,"label":1}},{"type":"Feature","geometry":{"type":"Point","coordinates":[8.504685,47.399805]},"properties":{"name":"Schwert","lines":"50","arr":["50"],"terminus":0,"mode":"tram","color":"#d6212b","colorDark":"#7c1116","angle":33.2,"snapDist":2,"label":1}},{"type":"Feature","geometry":{"type":"Point","coordinates":[8.500398,47.4017]},"properties":{"name":"Meierhofplatz","lines":"50","arr":["50"],"terminus":0,"mode":"tram","color":"#d6212b","colorDark":"#7c1116","angle":31.5,"snapDist":0,"label":1}},{"type":"Feature","geometry":{"type":"Point","coordinates":[8.496374,47.402188]},"properties":{"name":"Zwielplatz","lines":"50","arr":["50"],"terminus":0,"mode":"tram","color":"#d6212b","colorDark":"#7c1116","angle":358.6,"snapDist":1,"label":1}},{"type":"Feature","geometry":{"type":"Point","coordinates":[8.491776,47.402772]},"properties":{"name":"Wartau","lines":"50","arr":["50"],"terminus":0,"mode":"tram","color":"#d6212b","colorDark":"#7c1116","angle":17,"snapDist":2,"label":1}},{"type":"Feature","geometry":{"type":"Point","coordinates":[8.486048,47.403832]},"properties":{"name":"Winzerstrasse","lines":"50","arr":["50"],"terminus":0,"mode":"tram","color":"#d6212b","colorDark":"#7c1116","angle":19.9,"snapDist":1,"label":1}},{"type":"Feature","geometry":{"type":"Point","coordinates":[8.481412,47.405632]},"properties":{"name":"Frankental","lines":"50","arr":["50"],"terminus":1,"mode":"tram","color":"#d6212b","colorDark":"#7c1116","angle":42.3,"snapDist":2,"label":1}},{"type":"Feature","geometry":{"type":"Point","coordinates":[8.486567,47.403682]},"properties":{"name":"Winzerstrasse","lines":"50","arr":["50"],"terminus":0,"mode":"tram","color":"#d6212b","colorDark":"#7c1116","angle":198.8,"snapDist":3,"label":0}},{"type":"Feature","geometry":{"type":"Point","coordinates":[8.492099,47.402669]},"properties":{"name":"Wartau","lines":"50","arr":["50"],"terminus":0,"mode":"tram","color":"#d6212b","colorDark":"#7c1116","angle":196.7,"snapDist":0,"label":0}},{"type":"Feature","geometry":{"type":"Point","coordinates":[8.496625,47.402158]},"properties":{"name":"Zwielplatz","lines":"50","arr":["50"],"terminus":0,"mode":"tram","color":"#d6212b","colorDark":"#7c1116","angle":178.6,"snapDist":0,"label":0}},{"type":"Feature","geometry":{"type":"Point","coordinates":[8.499969,47.401832]},"properties":{"name":"Meierhofplatz","lines":"50","arr":["50"],"terminus":0,"mode":"tram","color":"#d6212b","colorDark":"#7c1116","angle":205.8,"snapDist":2,"label":0}},{"type":"Feature","geometry":{"type":"Point","coordinates":[8.504936,47.399655]},"properties":{"name":"Schwert","lines":"50","arr":["50"],"terminus":0,"mode":"tram","color":"#d6212b","colorDark":"#7c1116","angle":214.3,"snapDist":1,"label":0}},{"type":"Feature","geometry":{"type":"Point","coordinates":[8.507791,47.397507]},"properties":{"name":"Alte Trotte","lines":"50","arr":["50"],"terminus":0,"mode":"tram","color":"#d6212b","colorDark":"#7c1116","angle":217.5,"snapDist":2,"label":0}},{"type":"Feature","geometry":{"type":"Point","coordinates":[8.513659,47.396308]},"properties":{"name":"Eschergutweg","lines":"50","arr":["50"],"terminus":0,"mode":"tram","color":"#d6212b","colorDark":"#7c1116","angle":186,"snapDist":1,"label":0}},{"type":"Feature","geometry":{"type":"Point","coordinates":[8.519231,47.395241]},"properties":{"name":"Waidfussweg","lines":"50","arr":["50"],"terminus":0,"mode":"tram","color":"#d6212b","colorDark":"#7c1116","angle":212.4,"snapDist":1,"label":0}},{"type":"Feature","geometry":{"type":"Point","coordinates":[8.523701,47.392512]},"properties":{"name":"Wipkingerplatz","lines":"50","arr":["50"],"terminus":0,"mode":"tram","color":"#d6212b","colorDark":"#7c1116","angle":206.5,"snapDist":2,"label":0}},{"type":"Feature","geometry":{"type":"Point","coordinates":[8.533314,47.398403]},"properties":{"name":"Bucheggplatz C","lines":"50","arr":["50"],"terminus":0,"mode":"tram","color":"#d6212b","colorDark":"#7c1116","angle":76,"snapDist":1,"label":1}},{"type":"Feature","geometry":{"type":"Point","coordinates":[8.535284,47.402242]},"properties":{"name":"Brunnenhof","lines":"50","arr":["50"],"terminus":0,"mode":"tram","color":"#d6212b","colorDark":"#7c1116","angle":127,"snapDist":1,"label":0}},{"type":"Feature","geometry":{"type":"Point","coordinates":[8.537895,47.406352]},"properties":{"name":"Bad Allenmoos","lines":"50","arr":["50"],"terminus":0,"mode":"tram","color":"#d6212b","colorDark":"#7c1116","angle":107.8,"snapDist":7,"label":0}},{"type":"Feature","geometry":{"type":"Point","coordinates":[8.539439,47.408799]},"properties":{"name":"Regensbergbrücke","lines":"50","arr":["50"],"terminus":0,"mode":"tram","color":"#d6212b","colorDark":"#7c1116","angle":125.2,"snapDist":4,"label":0}},{"type":"Feature","geometry":{"type":"Point","coordinates":[8.545023,47.411529]},"properties":{"name":"Bahnhof Oerlikon","lines":"50","arr":["50"],"terminus":0,"mode":"tram","color":"#d6212b","colorDark":"#7c1116","angle":152.5,"snapDist":1,"label":0}},{"type":"Feature","geometry":{"type":"Point","coordinates":[8.546994,47.41023]},"properties":{"name":"Sternen Oerlikon","lines":"50","arr":["50"],"terminus":0,"mode":"tram","color":"#d6212b","colorDark":"#7c1116","angle":171.9,"snapDist":0,"label":0}},{"type":"Feature","geometry":{"type":"Point","coordinates":[8.550309,47.411223]},"properties":{"name":"Messe/Hallenstadion","lines":"50","arr":["50"],"terminus":0,"mode":"tram","color":"#d6212b","colorDark":"#7c1116","angle":98,"snapDist":1,"label":0}},{"type":"Feature","geometry":{"type":"Point","coordinates":[8.568625,47.416586]},"properties":{"name":"Auzelg","lines":"50","arr":["50"],"terminus":1,"mode":"tram","color":"#d6212b","colorDark":"#7c1116","angle":214.6,"snapDist":3,"label":0}},{"type":"Feature","geometry":{"type":"Point","coordinates":[8.549961,47.421696]},"properties":{"name":"Seebach","lines":"51","arr":["51"],"terminus":1,"mode":"tram","color":"#d6212b","colorDark":"#7c1116","angle":231.9,"snapDist":0,"label":1}},{"type":"Feature","geometry":{"type":"Point","coordinates":[8.548189,47.419762]},"properties":{"name":"Seebacherplatz","lines":"51","arr":["51"],"terminus":0,"mode":"tram","color":"#d6212b","colorDark":"#7c1116","angle":306.5,"snapDist":3,"label":1}},{"type":"Feature","geometry":{"type":"Point","coordinates":[8.545275,47.416645]},"properties":{"name":"Felsenrainstrasse","lines":"51","arr":["51"],"terminus":0,"mode":"tram","color":"#d6212b","colorDark":"#7c1116","angle":291.9,"snapDist":5,"label":1}},{"type":"Feature","geometry":{"type":"Point","coordinates":[8.545971,47.413272]},"properties":{"name":"Bahnhof Oerlikon Ost","lines":"51","arr":["51"],"terminus":0,"mode":"tram","color":"#d6212b","colorDark":"#7c1116","angle":239,"snapDist":1,"label":0}},{"type":"Feature","geometry":{"type":"Point","coordinates":[8.515064,47.389156]},"properties":{"name":"Technopark","lines":"51","arr":["51"],"terminus":0,"mode":"tram","color":"#d6212b","colorDark":"#7c1116","angle":25.9,"snapDist":1,"label":1}},{"type":"Feature","geometry":{"type":"Point","coordinates":[8.510487,47.390265]},"properties":{"name":"Toni-Areal","lines":"51","arr":["51"],"terminus":0,"mode":"tram","color":"#d6212b","colorDark":"#7c1116","angle":23.9,"snapDist":2,"label":1}},{"type":"Feature","geometry":{"type":"Point","coordinates":[8.505586,47.391703]},"properties":{"name":"Sportweg","lines":"51","arr":["51"],"terminus":0,"mode":"tram","color":"#d6212b","colorDark":"#7c1116","angle":24.1,"snapDist":1,"label":1}},{"type":"Feature","geometry":{"type":"Point","coordinates":[8.502182,47.39211]},"properties":{"name":"Aargauerstrasse","lines":"51","arr":["51"],"terminus":0,"mode":"tram","color":"#d6212b","colorDark":"#7c1116","angle":337.5,"snapDist":1,"label":1}},{"type":"Feature","geometry":{"type":"Point","coordinates":[8.494541,47.392103]},"properties":{"name":"Würzgraben","lines":"51","arr":["51"],"terminus":0,"mode":"tram","color":"#d6212b","colorDark":"#7c1116","angle":0.4,"snapDist":0,"label":1}},{"type":"Feature","geometry":{"type":"Point","coordinates":[8.490485,47.392033]},"properties":{"name":"Bahnhof Altstetten N K","lines":"51","arr":["51"],"terminus":1,"mode":"tram","color":"#d6212b","colorDark":"#7c1116","angle":201.8,"snapDist":1,"label":1}},{"type":"Feature","geometry":{"type":"Point","coordinates":[8.495098,47.392074]},"properties":{"name":"Würzgraben","lines":"51","arr":["51"],"terminus":0,"mode":"tram","color":"#d6212b","colorDark":"#7c1116","angle":180.5,"snapDist":0,"label":0}},{"type":"Feature","geometry":{"type":"Point","coordinates":[8.502712,47.392227]},"properties":{"name":"Aargauerstrasse","lines":"51","arr":["51"],"terminus":0,"mode":"tram","color":"#d6212b","colorDark":"#7c1116","angle":157.7,"snapDist":1,"label":0}},{"type":"Feature","geometry":{"type":"Point","coordinates":[8.506107,47.391522]},"properties":{"name":"Sportweg","lines":"51","arr":["51"],"terminus":0,"mode":"tram","color":"#d6212b","colorDark":"#7c1116","angle":203.9,"snapDist":2,"label":0}},{"type":"Feature","geometry":{"type":"Point","coordinates":[8.510869,47.390086]},"properties":{"name":"Toni-Areal","lines":"51","arr":["51"],"terminus":0,"mode":"tram","color":"#d6212b","colorDark":"#7c1116","angle":203.2,"snapDist":1,"label":0}},{"type":"Feature","geometry":{"type":"Point","coordinates":[8.515553,47.388967]},"properties":{"name":"Technopark","lines":"51","arr":["51"],"terminus":0,"mode":"tram","color":"#d6212b","colorDark":"#7c1116","angle":205.5,"snapDist":0,"label":0}},{"type":"Feature","geometry":{"type":"Point","coordinates":[8.545718,47.413619]},"properties":{"name":"Bahnhof Oerlikon Ost","lines":"51","arr":["51"],"terminus":0,"mode":"tram","color":"#d6212b","colorDark":"#7c1116","angle":64.3,"snapDist":1,"label":0}},{"type":"Feature","geometry":{"type":"Point","coordinates":[8.54549,47.416914]},"properties":{"name":"Felsenrainstrasse","lines":"51","arr":["51"],"terminus":0,"mode":"tram","color":"#d6212b","colorDark":"#7c1116","angle":112.6,"snapDist":1,"label":0}},{"type":"Feature","geometry":{"type":"Point","coordinates":[8.548594,47.420097]},"properties":{"name":"Seebacherplatz","lines":"51","arr":["51"],"terminus":0,"mode":"tram","color":"#d6212b","colorDark":"#7c1116","angle":124.6,"snapDist":1,"label":0}},{"type":"Feature","geometry":{"type":"Point","coordinates":[9.059981,47.136619]},"properties":{"name":"Ziegelbrücke","lines":"S2, S8","arr":["S2","S8"],"terminus":1,"mode":"tram","color":"#0A4595","colorDark":"#062652","angle":0,"metro":1,"snapDist":2,"label":1}},{"type":"Feature","geometry":{"type":"Point","coordinates":[8.901079,47.18281]},"properties":{"name":"Siebnen-Wangen","lines":"S2, S8","arr":["S2","S8"],"terminus":0,"mode":"tram","color":"#0A4595","colorDark":"#062652","angle":0,"metro":1,"snapDist":5,"label":1}},{"type":"Feature","geometry":{"type":"Point","coordinates":[8.852678,47.189831]},"properties":{"name":"Lachen SZ","lines":"S2, S8, SN8","arr":["S2","S8","SN8"],"terminus":1,"mode":"tram","color":"#0A4595","colorDark":"#062652","angle":0,"metro":1,"snapDist":4,"label":1}},{"type":"Feature","geometry":{"type":"Point","coordinates":[8.822957,47.19403]},"properties":{"name":"Altendorf","lines":"S2, S8, SN8","arr":["S2","S8","SN8"],"terminus":0,"mode":"tram","color":"#0A4595","colorDark":"#062652","angle":0,"metro":1,"snapDist":2,"label":1}},{"type":"Feature","geometry":{"type":"Point","coordinates":[8.779044,47.203217]},"properties":{"name":"Pfäffikon SZ","lines":"S2, S8, SN5, SN8","arr":["S2","S8","SN5","SN8"],"terminus":1,"mode":"tram","color":"#0A4595","colorDark":"#062652","angle":0,"metro":1,"snapDist":0,"label":1}},{"type":"Feature","geometry":{"type":"Point","coordinates":[8.70649,47.209307]},"properties":{"name":"Richterswil","lines":"S2, S8, SN8","arr":["S2","S8","SN8"],"terminus":0,"mode":"tram","color":"#0A4595","colorDark":"#062652","angle":0,"metro":1,"snapDist":1,"label":1}},{"type":"Feature","geometry":{"type":"Point","coordinates":[8.675505,47.229111]},"properties":{"name":"Wädenswil","lines":"S2, S8, SN8","arr":["S2","S8","SN8"],"terminus":0,"mode":"tram","color":"#0A4595","colorDark":"#062652","angle":0,"metro":1,"snapDist":5,"label":1}},{"type":"Feature","geometry":{"type":"Point","coordinates":[8.596704,47.261755]},"properties":{"name":"Horgen","lines":"S2, S8, SN8","arr":["S2","S8","SN8"],"terminus":0,"mode":"tram","color":"#0A4595","colorDark":"#062652","angle":0,"metro":1,"snapDist":6,"label":1}},{"type":"Feature","geometry":{"type":"Point","coordinates":[8.564526,47.29585]},"properties":{"name":"Thalwil","lines":"S2, S8, S24, SN8","arr":["S2","S8","S24","SN8"],"terminus":0,"mode":"tram","color":"#0A4595","colorDark":"#062652","angle":0,"metro":1,"snapDist":2,"label":1}},{"type":"Feature","geometry":{"type":"Point","coordinates":[8.530725,47.364018]},"properties":{"name":"Zürich Enge","lines":"S2, S8, S24, SN8","arr":["S2","S8","S24","SN8"],"terminus":0,"mode":"tram","color":"#0A4595","colorDark":"#062652","angle":0,"metro":1,"snapDist":2,"label":1}},{"type":"Feature","geometry":{"type":"Point","coordinates":[8.522041,47.372466]},"properties":{"name":"Zürich Wiedikon","lines":"S2, S8, S24, SN8","arr":["S2","S8","S24","SN8"],"terminus":0,"mode":"tram","color":"#0A4595","colorDark":"#062652","angle":0,"metro":1,"snapDist":2,"label":1}},{"type":"Feature","geometry":{"type":"Point","coordinates":[8.536853,47.378685]},"properties":{"name":"Zürich HB","lines":"S2, S3, S4, S5, S7, S8, S9, S10, S11, S12, S14, S15, S16, S19, S20, S21, S24, S42, SN1, SN4, SN5, SN6, SN7, SN8, SN9, SN11","arr":["S2","S3","S4","S5","S7","S8","S9","S10","S11","S12","S14","S15","S16","S19","S20","S21","S24","S42","SN1","SN4","SN5","SN6","SN7","SN8","SN9","SN11"],"terminus":1,"mode":"tram","color":"#0A4595","colorDark":"#062652","angle":0,"metro":1,"snapDist":53,"label":1}},{"type":"Feature","geometry":{"type":"Point","coordinates":[8.544465,47.412046]},"properties":{"name":"Zürich Oerlikon","lines":"S2, S7, S8, S9, S14, S15, S16, S19, S21, S24, SN6, SN7, SN8, SN9","arr":["S2","S7","S8","S9","S14","S15","S16","S19","S21","S24","SN6","SN7","SN8","SN9"],"terminus":0,"mode":"tram","color":"#0A4595","colorDark":"#062652","angle":0,"metro":1,"snapDist":5,"label":1}},{"type":"Feature","geometry":{"type":"Point","coordinates":[8.56145,47.449832]},"properties":{"name":"Zürich Flughafen","lines":"S2, S16, S24","arr":["S2","S16","S24"],"terminus":1,"mode":"tram","color":"#0A4595","colorDark":"#062652","angle":0,"metro":1,"snapDist":3,"label":1}},{"type":"Feature","geometry":{"type":"Point","coordinates":[8.938548,47.176604]},"properties":{"name":"Schübelbach-Buttikon","lines":"S2, S8","arr":["S2","S8"],"terminus":0,"mode":"tram","color":"#0A4595","colorDark":"#062652","angle":0,"metro":1,"snapDist":2,"label":1}},{"type":"Feature","geometry":{"type":"Point","coordinates":[8.983095,47.172728]},"properties":{"name":"Reichenburg","lines":"S2, S8","arr":["S2","S8"],"terminus":0,"mode":"tram","color":"#0A4595","colorDark":"#062652","angle":0,"metro":1,"snapDist":1,"label":1}},{"type":"Feature","geometry":{"type":"Point","coordinates":[9.030361,47.152217]},"properties":{"name":"Bilten","lines":"S2, S8","arr":["S2","S8"],"terminus":0,"mode":"tram","color":"#0A4595","colorDark":"#062652","angle":0,"metro":1,"snapDist":1,"label":1}},{"type":"Feature","geometry":{"type":"Point","coordinates":[8.517248,47.385146]},"properties":{"name":"Zürich Hardbrücke","lines":"S3, S5, S7, S9, S11, S12, S15, S16, S20, S21, SN1, SN5, SN6, SN7, SN9, SN11","arr":["S3","S5","S7","S9","S11","S12","S15","S16","S20","S21","SN1","SN5","SN6","SN7","SN9","SN11"],"terminus":1,"mode":"tram","color":"#0A4595","colorDark":"#062652","angle":0,"metro":1,"snapDist":5,"label":1}},{"type":"Feature","geometry":{"type":"Point","coordinates":[8.548681,47.3667]},"properties":{"name":"Zürich Stadelhofen","lines":"S3, S5, S7, S9, S11, S12, S15, S16, S20, SN1, SN5, SN6, SN7, SN9, SN11","arr":["S3","S5","S7","S9","S11","S12","S15","S16","S20","SN1","SN5","SN6","SN7","SN9","SN11"],"terminus":0,"mode":"tram","color":"#0A4595","colorDark":"#062652","angle":0,"metro":1,"snapDist":3,"label":1}},{"type":"Feature","geometry":{"type":"Point","coordinates":[8.596149,47.397046]},"properties":{"name":"Stettbach","lines":"S3, S9, S11, S12, SN1, SN6, SN9, SN11","arr":["S3","S9","S11","S12","SN1","SN6","SN9","SN11"],"terminus":0,"mode":"tram","color":"#0A4595","colorDark":"#062652","angle":0,"metro":1,"snapDist":6,"label":1}},{"type":"Feature","geometry":{"type":"Point","coordinates":[8.61935,47.420025]},"properties":{"name":"Dietlikon","lines":"S3, S8, S12, S19, SN1, SN6, SN8, SN11","arr":["S3","S8","S12","S19","SN1","SN6","SN8","SN11"],"terminus":0,"mode":"tram","color":"#0A4595","colorDark":"#062652","angle":0,"metro":1,"snapDist":2,"label":1}},{"type":"Feature","geometry":{"type":"Point","coordinates":[8.686906,47.425715]},"properties":{"name":"Effretikon","lines":"S3, S7, S8, S19, S24, SN1, SN6, SN8, SN11","arr":["S3","S7","S8","S19","S24","SN1","SN6","SN8","SN11"],"terminus":1,"mode":"tram","color":"#0A4595","colorDark":"#062652","angle":0,"metro":1,"snapDist":0,"label":1}},{"type":"Feature","geometry":{"type":"Point","coordinates":[8.722568,47.408814]},"properties":{"name":"Illnau","lines":"S3, S19, SN8","arr":["S3","S19","SN8"],"terminus":0,"mode":"tram","color":"#0A4595","colorDark":"#062652","angle":0,"metro":1,"snapDist":2,"label":1}},{"type":"Feature","geometry":{"type":"Point","coordinates":[8.750193,47.385086]},"properties":{"name":"Fehraltorf","lines":"S3, S19, SN8","arr":["S3","S19","SN8"],"terminus":0,"mode":"tram","color":"#0A4595","colorDark":"#062652","angle":0,"metro":1,"snapDist":2,"label":1}},{"type":"Feature","geometry":{"type":"Point","coordinates":[8.785375,47.366758]},"properties":{"name":"Pfäffikon ZH","lines":"S3, S19, SN8","arr":["S3","S19","SN8"],"terminus":1,"mode":"tram","color":"#0A4595","colorDark":"#062652","angle":0,"metro":1,"snapDist":2,"label":1}},{"type":"Feature","geometry":{"type":"Point","coordinates":[8.804656,47.332103]},"properties":{"name":"Kempten","lines":"S3","arr":["S3"],"terminus":0,"mode":"tram","color":"#0A4595","colorDark":"#062652","angle":0,"metro":1,"snapDist":2,"label":1}},{"type":"Feature","geometry":{"type":"Point","coordinates":[8.79237,47.31756]},"properties":{"name":"Wetzikon ZH","lines":"S3, S5, S14, S15, SN5","arr":["S3","S5","S14","S15","SN5"],"terminus":1,"mode":"tram","color":"#0A4595","colorDark":"#062652","angle":0,"metro":1,"snapDist":2,"label":1}},{"type":"Feature","geometry":{"type":"Point","coordinates":[8.557587,47.268326]},"properties":{"name":"Sihlwald","lines":"S4","arr":["S4"],"terminus":1,"mode":"tram","color":"#0A4595","colorDark":"#062652","angle":0,"metro":1,"snapDist":7,"label":1}},{"type":"Feature","geometry":{"type":"Point","coordinates":[8.543899,47.287375]},"properties":{"name":"Langnau-Gattikon","lines":"S4, SN4","arr":["S4","SN4"],"terminus":1,"mode":"tram","color":"#0A4595","colorDark":"#062652","angle":0,"metro":1,"snapDist":2,"label":1}},{"type":"Feature","geometry":{"type":"Point","coordinates":[8.535603,47.296507]},"properties":{"name":"Wildpark-Höfli","lines":"S4, SN4","arr":["S4","SN4"],"terminus":0,"mode":"tram","color":"#0A4595","colorDark":"#062652","angle":0,"metro":1,"snapDist":5,"label":1}},{"type":"Feature","geometry":{"type":"Point","coordinates":[8.525217,47.303317]},"properties":{"name":"Sihlau","lines":"S4, SN4","arr":["S4","SN4"],"terminus":0,"mode":"tram","color":"#0A4595","colorDark":"#062652","angle":0,"metro":1,"snapDist":5,"label":1}},{"type":"Feature","geometry":{"type":"Point","coordinates":[8.524136,47.312304]},"properties":{"name":"Adliswil","lines":"S4, SN4","arr":["S4","SN4"],"terminus":0,"mode":"tram","color":"#0A4595","colorDark":"#062652","angle":0,"metro":1,"snapDist":4,"label":1}},{"type":"Feature","geometry":{"type":"Point","coordinates":[8.52145,47.319615]},"properties":{"name":"Sood-Oberleimbach","lines":"S4, SN4","arr":["S4","SN4"],"terminus":0,"mode":"tram","color":"#0A4595","colorDark":"#062652","angle":0,"metro":1,"snapDist":5,"label":1}},{"type":"Feature","geometry":{"type":"Point","coordinates":[8.518653,47.33305]},"properties":{"name":"Zürich Leimbach","lines":"S4, SN4","arr":["S4","SN4"],"terminus":0,"mode":"tram","color":"#0A4595","colorDark":"#062652","angle":0,"metro":1,"snapDist":2,"label":1}},{"type":"Feature","geometry":{"type":"Point","coordinates":[8.51969,47.337972]},"properties":{"name":"Zürich Manegg","lines":"S4, SN4","arr":["S4","SN4"],"terminus":0,"mode":"tram","color":"#0A4595","colorDark":"#062652","angle":0,"metro":1,"snapDist":6,"label":1}},{"type":"Feature","geometry":{"type":"Point","coordinates":[8.526264,47.351668]},"properties":{"name":"Zürich Brunau","lines":"S4, SN4","arr":["S4","SN4"],"terminus":0,"mode":"tram","color":"#0A4595","colorDark":"#062652","angle":0,"metro":1,"snapDist":2,"label":1}},{"type":"Feature","geometry":{"type":"Point","coordinates":[8.522005,47.357802]},"properties":{"name":"Zürich Saalsporthalle","lines":"S4, SN4","arr":["S4","SN4"],"terminus":0,"mode":"tram","color":"#0A4595","colorDark":"#062652","angle":0,"metro":1,"snapDist":2,"label":1}},{"type":"Feature","geometry":{"type":"Point","coordinates":[8.52197,47.362643]},"properties":{"name":"Zürich Giesshübel","lines":"S4, SN4","arr":["S4","SN4"],"terminus":0,"mode":"tram","color":"#0A4595","colorDark":"#062652","angle":0,"metro":1,"snapDist":5,"label":1}},{"type":"Feature","geometry":{"type":"Point","coordinates":[8.531794,47.372225]},"properties":{"name":"Zürich Selnau","lines":"S4, S10, SN4","arr":["S4","S10","SN4"],"terminus":1,"mode":"tram","color":"#0A4595","colorDark":"#062652","angle":0,"metro":1,"snapDist":5,"label":1}},{"type":"Feature","geometry":{"type":"Point","coordinates":[8.437127,47.357688]},"properties":{"name":"Birmensdorf ZH","lines":"S5, S14, SN5","arr":["S5","S14","SN5"],"terminus":1,"mode":"tram","color":"#0A4595","colorDark":"#062652","angle":0,"metro":1,"snapDist":2,"label":1}},{"type":"Feature","geometry":{"type":"Point","coordinates":[8.43031,47.380936]},"properties":{"name":"Urdorf Weihermatt","lines":"S5, S14, SN5","arr":["S5","S14","SN5"],"terminus":0,"mode":"tram","color":"#0A4595","colorDark":"#062652","angle":0,"metro":1,"snapDist":1,"label":1}},{"type":"Feature","geometry":{"type":"Point","coordinates":[8.435236,47.391105]},"properties":{"name":"Urdorf","lines":"S5, S14, SN5","arr":["S5","S14","SN5"],"terminus":0,"mode":"tram","color":"#0A4595","colorDark":"#062652","angle":0,"metro":1,"snapDist":1,"label":1}},{"type":"Feature","geometry":{"type":"Point","coordinates":[8.489281,47.391655]},"properties":{"name":"Zürich Altstetten","lines":"S5, S11, S12, S14, S19, S42, SN1, SN5, SN11","arr":["S5","S11","S12","S14","S19","S42","SN1","SN5","SN11"],"terminus":0,"mode":"tram","color":"#0A4595","colorDark":"#062652","angle":0,"metro":1,"snapDist":0,"label":1}},{"type":"Feature","geometry":{"type":"Point","coordinates":[8.717822,47.351009]},"properties":{"name":"Uster","lines":"S5, S9, S14, S15, SN5, SN9","arr":["S5","S9","S14","S15","SN5","SN9"],"terminus":1,"mode":"tram","color":"#0A4595","colorDark":"#062652","angle":0,"metro":1,"snapDist":1,"label":1}},{"type":"Feature","geometry":{"type":"Point","coordinates":[8.824161,47.270065]},"properties":{"name":"Bubikon","lines":"S5, S15, SN5","arr":["S5","S15","SN5"],"terminus":0,"mode":"tram","color":"#0A4595","colorDark":"#062652","angle":0,"metro":1,"snapDist":4,"label":1}},{"type":"Feature","geometry":{"type":"Point","coordinates":[8.855017,47.260222]},"properties":{"name":"Rüti ZH","lines":"S5, S15, S26, SN5","arr":["S5","S15","S26","SN5"],"terminus":1,"mode":"tram","color":"#0A4595","colorDark":"#062652","angle":0,"metro":1,"snapDist":1,"label":1}},{"type":"Feature","geometry":{"type":"Point","coordinates":[8.83459,47.230498]},"properties":{"name":"Jona","lines":"S5, S15, SN5","arr":["S5","S15","SN5"],"terminus":0,"mode":"tram","color":"#0A4595","colorDark":"#062652","angle":0,"metro":1,"snapDist":1,"label":1}},{"type":"Feature","geometry":{"type":"Point","coordinates":[8.816868,47.224674]},"properties":{"name":"Rapperswil SG","lines":"S5, S7, S15, SN5","arr":["S5","S7","S15","SN5"],"terminus":1,"mode":"tram","color":"#0A4595","colorDark":"#062652","angle":0,"metro":1,"snapDist":4,"label":1}},{"type":"Feature","geometry":{"type":"Point","coordinates":[8.468088,47.32595]},"properties":{"name":"Bonstetten-Wettswil","lines":"S5, S14, SN5","arr":["S5","S14","SN5"],"terminus":0,"mode":"tram","color":"#0A4595","colorDark":"#062652","angle":0,"metro":1,"snapDist":6,"label":1}},{"type":"Feature","geometry":{"type":"Point","coordinates":[8.44547,47.299071]},"properties":{"name":"Hedingen","lines":"S5, S14, SN5","arr":["S5","S14","SN5"],"terminus":0,"mode":"tram","color":"#0A4595","colorDark":"#062652","angle":0,"metro":1,"snapDist":2,"label":1}},{"type":"Feature","geometry":{"type":"Point","coordinates":[8.446209,47.275854]},"properties":{"name":"Affoltern am Albis","lines":"S5, S14, SN5","arr":["S5","S14","SN5"],"terminus":1,"mode":"tram","color":"#0A4595","colorDark":"#062652","angle":0,"metro":1,"snapDist":2,"label":1}},{"type":"Feature","geometry":{"type":"Point","coordinates":[8.457186,47.244269]},"properties":{"name":"Mettmenstetten","lines":"S5, SN5","arr":["S5","SN5"],"terminus":0,"mode":"tram","color":"#0A4595","colorDark":"#062652","angle":0,"metro":1,"snapDist":2,"label":1}},{"type":"Feature","geometry":{"type":"Point","coordinates":[8.466728,47.220628]},"properties":{"name":"Knonau","lines":"S5, SN5","arr":["S5","SN5"],"terminus":1,"mode":"tram","color":"#0A4595","colorDark":"#062652","angle":0,"metro":1,"snapDist":2,"label":1}},{"type":"Feature","geometry":{"type":"Point","coordinates":[8.478507,47.193859]},"properties":{"name":"Steinhausen","lines":"S5","arr":["S5"],"terminus":0,"mode":"tram","color":"#0A4595","colorDark":"#062652","angle":0,"metro":1,"snapDist":1,"label":1}},{"type":"Feature","geometry":{"type":"Point","coordinates":[8.479703,47.187342]},"properties":{"name":"Steinhausen Rigiblick","lines":"S5","arr":["S5"],"terminus":0,"mode":"tram","color":"#0A4595","colorDark":"#062652","angle":0,"metro":1,"snapDist":2,"label":1}},{"type":"Feature","geometry":{"type":"Point","coordinates":[8.515414,47.174494]},"properties":{"name":"Zug","lines":"S5, S24","arr":["S5","S24"],"terminus":1,"mode":"tram","color":"#0A4595","colorDark":"#062652","angle":0,"metro":1,"snapDist":14,"label":1}},{"type":"Feature","geometry":{"type":"Point","coordinates":[8.307229,47.475973]},"properties":{"name":"Baden","lines":"S6, S12, S19, SN1","arr":["S6","S12","S19","SN1"],"terminus":1,"mode":"tram","color":"#0A4595","colorDark":"#062652","angle":0,"metro":1,"snapDist":4,"label":1}},{"type":"Feature","geometry":{"type":"Point","coordinates":[8.314876,47.459984]},"properties":{"name":"Wettingen","lines":"S6, S12, S19, SN1","arr":["S6","S12","S19","SN1"],"terminus":0,"mode":"tram","color":"#0A4595","colorDark":"#062652","angle":0,"metro":1,"snapDist":1,"label":1}},{"type":"Feature","geometry":{"type":"Point","coordinates":[8.357413,47.445834]},"properties":{"name":"Würenlos","lines":"S6, SN6","arr":["S6","SN6"],"terminus":1,"mode":"tram","color":"#0A4595","colorDark":"#062652","angle":0,"metro":1,"snapDist":2,"label":1}},{"type":"Feature","geometry":{"type":"Point","coordinates":[8.388523,47.455098]},"properties":{"name":"Otelfingen","lines":"S6, SN6","arr":["S6","SN6"],"terminus":0,"mode":"tram","color":"#0A4595","colorDark":"#062652","angle":0,"metro":1,"snapDist":2,"label":1}},{"type":"Feature","geometry":{"type":"Point","coordinates":[8.401581,47.455821]},"properties":{"name":"Otelfingen Golfpark","lines":"S6","arr":["S6"],"terminus":0,"mode":"tram","color":"#0A4595","colorDark":"#062652","angle":0,"metro":1,"snapDist":2,"label":1}},{"type":"Feature","geometry":{"type":"Point","coordinates":[8.436507,47.453267]},"properties":{"name":"Buchs-Dällikon","lines":"S6, SN6","arr":["S6","SN6"],"terminus":0,"mode":"tram","color":"#0A4595","colorDark":"#062652","angle":0,"metro":1,"snapDist":2,"label":1}},{"type":"Feature","geometry":{"type":"Point","coordinates":[8.471325,47.437108]},"properties":{"name":"Regensdorf-Watt","lines":"S6, S21, SN6","arr":["S6","S21","SN6"],"terminus":1,"mode":"tram","color":"#0A4595","colorDark":"#062652","angle":0,"metro":1,"snapDist":5,"label":1}},{"type":"Feature","geometry":{"type":"Point","coordinates":[8.813827,47.238565]},"properties":{"name":"Kempraten","lines":"S7","arr":["S7"],"terminus":0,"mode":"tram","color":"#0A4595","colorDark":"#062652","angle":0,"metro":1,"snapDist":2,"label":1}},{"type":"Feature","geometry":{"type":"Point","coordinates":[8.781868,47.238771]},"properties":{"name":"Feldbach","lines":"S7","arr":["S7"],"terminus":0,"mode":"tram","color":"#0A4595","colorDark":"#062652","angle":0,"metro":1,"snapDist":1,"label":1}},{"type":"Feature","geometry":{"type":"Point","coordinates":[8.751952,47.235761]},"properties":{"name":"Uerikon","lines":"S7, S20","arr":["S7","S20"],"terminus":1,"mode":"tram","color":"#0A4595","colorDark":"#062652","angle":0,"metro":1,"snapDist":5,"label":1}},{"type":"Feature","geometry":{"type":"Point","coordinates":[8.722616,47.24049]},"properties":{"name":"Stäfa","lines":"S7, S20, SN7","arr":["S7","S20","SN7"],"terminus":1,"mode":"tram","color":"#0A4595","colorDark":"#062652","angle":0,"metro":1,"snapDist":4,"label":1}},{"type":"Feature","geometry":{"type":"Point","coordinates":[8.692704,47.253369]},"properties":{"name":"Männedorf","lines":"S7, S20, SN7","arr":["S7","S20","SN7"],"terminus":0,"mode":"tram","color":"#0A4595","colorDark":"#062652","angle":0,"metro":1,"snapDist":2,"label":1}},{"type":"Feature","geometry":{"type":"Point","coordinates":[8.679621,47.258703]},"properties":{"name":"Uetikon","lines":"S7, S20, SN7","arr":["S7","S20","SN7"],"terminus":0,"mode":"tram","color":"#0A4595","colorDark":"#062652","angle":0,"metro":1,"snapDist":2,"label":1}},{"type":"Feature","geometry":{"type":"Point","coordinates":[8.644542,47.269786]},"properties":{"name":"Meilen","lines":"S7, S20, SN7","arr":["S7","S20","SN7"],"terminus":0,"mode":"tram","color":"#0A4595","colorDark":"#062652","angle":0,"metro":1,"snapDist":5,"label":1}},{"type":"Feature","geometry":{"type":"Point","coordinates":[8.561868,47.429904]},"properties":{"name":"Opfikon","lines":"S7, SN7","arr":["S7","SN7"],"terminus":0,"mode":"tram","color":"#0A4595","colorDark":"#062652","angle":0,"metro":1,"snapDist":5,"label":1}},{"type":"Feature","geometry":{"type":"Point","coordinates":[8.571316,47.442439]},"properties":{"name":"Kloten Balsberg","lines":"S7, SN7","arr":["S7","SN7"],"terminus":0,"mode":"tram","color":"#0A4595","colorDark":"#062652","angle":0,"metro":1,"snapDist":2,"label":1}},{"type":"Feature","geometry":{"type":"Point","coordinates":[8.582511,47.447841]},"properties":{"name":"Kloten","lines":"S7, SN7","arr":["S7","SN7"],"terminus":0,"mode":"tram","color":"#0A4595","colorDark":"#062652","angle":0,"metro":1,"snapDist":5,"label":1}},{"type":"Feature","geometry":{"type":"Point","coordinates":[8.626276,47.438474]},"properties":{"name":"Bassersdorf","lines":"S7, S24, SN7","arr":["S7","S24","SN7"],"terminus":1,"mode":"tram","color":"#0A4595","colorDark":"#062652","angle":0,"metro":1,"snapDist":5,"label":1}},{"type":"Feature","geometry":{"type":"Point","coordinates":[8.705699,47.452754]},"properties":{"name":"Kemptthal","lines":"S7, S24, SN1, SN6, SN11","arr":["S7","S24","SN1","SN6","SN11"],"terminus":0,"mode":"tram","color":"#0A4595","colorDark":"#062652","angle":0,"metro":1,"snapDist":5,"label":1}},{"type":"Feature","geometry":{"type":"Point","coordinates":[8.723642,47.50072]},"properties":{"name":"Winterthur","lines":"S7, S8, S11, S12, S24, S26, S30, S41, SN1, SN6, SN11, SN41","arr":["S7","S8","S11","S12","S24","S26","S30","S41","SN1","SN6","SN11","SN41"],"terminus":1,"mode":"tram","color":"#0A4595","colorDark":"#062652","angle":0,"metro":1,"snapDist":1,"label":1}},{"type":"Feature","geometry":{"type":"Point","coordinates":[8.755911,47.207362]},"properties":{"name":"Freienbach SBB","lines":"S8, SN8","arr":["S8","SN8"],"terminus":0,"mode":"tram","color":"#0A4595","colorDark":"#062652","angle":0,"metro":1,"snapDist":6,"label":1}},{"type":"Feature","geometry":{"type":"Point","coordinates":[8.72756,47.200885]},"properties":{"name":"Bäch SZ","lines":"S8, SN8","arr":["S8","SN8"],"terminus":0,"mode":"tram","color":"#0A4595","colorDark":"#062652","angle":0,"metro":1,"snapDist":5,"label":1}},{"type":"Feature","geometry":{"type":"Point","coordinates":[8.643136,47.247096]},"properties":{"name":"Au ZH","lines":"S8, SN8","arr":["S8","SN8"],"terminus":0,"mode":"tram","color":"#0A4595","colorDark":"#062652","angle":0,"metro":1,"snapDist":5,"label":1}},{"type":"Feature","geometry":{"type":"Point","coordinates":[8.578549,47.279758]},"properties":{"name":"Oberrieden","lines":"S8, SN8","arr":["S8","SN8"],"terminus":0,"mode":"tram","color":"#0A4595","colorDark":"#062652","angle":0,"metro":1,"snapDist":1,"label":1}},{"type":"Feature","geometry":{"type":"Point","coordinates":[8.554866,47.307547]},"properties":{"name":"Rüschlikon","lines":"S8, S24, SN8","arr":["S8","S24","SN8"],"terminus":0,"mode":"tram","color":"#0A4595","colorDark":"#062652","angle":0,"metro":1,"snapDist":2,"label":1}},{"type":"Feature","geometry":{"type":"Point","coordinates":[8.547917,47.324209]},"properties":{"name":"Kilchberg ZH","lines":"S8, S24, SN8","arr":["S8","S24","SN8"],"terminus":0,"mode":"tram","color":"#0A4595","colorDark":"#062652","angle":0,"metro":1,"snapDist":2,"label":1}},{"type":"Feature","geometry":{"type":"Point","coordinates":[8.533816,47.348242]},"properties":{"name":"Zürich Wollishofen","lines":"S8, S24, SN8","arr":["S8","S24","SN8"],"terminus":0,"mode":"tram","color":"#0A4595","colorDark":"#062652","angle":0,"metro":1,"snapDist":5,"label":1}},{"type":"Feature","geometry":{"type":"Point","coordinates":[8.592726,47.412406]},"properties":{"name":"Wallisellen","lines":"S8, S14, S19, SN8","arr":["S8","S14","S19","SN8"],"terminus":0,"mode":"tram","color":"#0A4595","colorDark":"#062652","angle":0,"metro":1,"snapDist":5,"label":1}},{"type":"Feature","geometry":{"type":"Point","coordinates":[8.632071,47.697775]},"properties":{"name":"Schaffhausen","lines":"S9, S24","arr":["S9","S24"],"terminus":1,"mode":"tram","color":"#0A4595","colorDark":"#062652","angle":0,"metro":1,"snapDist":10,"label":1}},{"type":"Feature","geometry":{"type":"Point","coordinates":[8.624945,47.683842]},"properties":{"name":"Neuhausen","lines":"S9, S24","arr":["S9","S24"],"terminus":0,"mode":"tram","color":"#0A4595","colorDark":"#062652","angle":0,"metro":1,"snapDist":5,"label":1}},{"type":"Feature","geometry":{"type":"Point","coordinates":[8.615964,47.680216]},"properties":{"name":"Neuhausen Rheinfall","lines":"S9","arr":["S9"],"terminus":0,"mode":"tram","color":"#0A4595","colorDark":"#062652","angle":0,"metro":1,"snapDist":2,"label":1}},{"type":"Feature","geometry":{"type":"Point","coordinates":[8.574967,47.654904]},"properties":{"name":"Jestetten","lines":"S9","arr":["S9"],"terminus":0,"mode":"tram","color":"#0A4595","colorDark":"#062652","angle":0,"metro":1,"snapDist":2,"label":1}},{"type":"Feature","geometry":{"type":"Point","coordinates":[8.566191,47.625524]},"properties":{"name":"Lottstetten","lines":"S9","arr":["S9"],"terminus":0,"mode":"tram","color":"#0A4595","colorDark":"#062652","angle":0,"metro":1,"snapDist":0,"label":1}},{"type":"Feature","geometry":{"type":"Point","coordinates":[8.542823,47.60314]},"properties":{"name":"Rafz","lines":"S9","arr":["S9"],"terminus":0,"mode":"tram","color":"#0A4595","colorDark":"#062652","angle":0,"metro":1,"snapDist":5,"label":1}},{"type":"Feature","geometry":{"type":"Point","coordinates":[8.514172,47.582588]},"properties":{"name":"Hüntwangen-Wil","lines":"S9","arr":["S9"],"terminus":0,"mode":"tram","color":"#0A4595","colorDark":"#062652","angle":0,"metro":1,"snapDist":5,"label":1}},{"type":"Feature","geometry":{"type":"Point","coordinates":[8.515009,47.572646]},"properties":{"name":"Eglisau","lines":"S9, S36","arr":["S9","S36"],"terminus":0,"mode":"tram","color":"#0A4595","colorDark":"#062652","angle":0,"metro":1,"snapDist":1,"label":1}},{"type":"Feature","geometry":{"type":"Point","coordinates":[8.524009,47.548889]},"properties":{"name":"Glattfelden","lines":"S9","arr":["S9"],"terminus":0,"mode":"tram","color":"#0A4595","colorDark":"#062652","angle":0,"metro":1,"snapDist":5,"label":1}},{"type":"Feature","geometry":{"type":"Point","coordinates":[8.536232,47.52423]},"properties":{"name":"Bülach","lines":"S9, S36, S41, SN9, SN41","arr":["S9","S36","S41","SN9","SN41"],"terminus":1,"mode":"tram","color":"#0A4595","colorDark":"#062652","angle":0,"metro":1,"snapDist":15,"label":1}},{"type":"Feature","geometry":{"type":"Point","coordinates":[8.503523,47.487047]},"properties":{"name":"Niederglatt ZH","lines":"S9, SN9","arr":["S9","SN9"],"terminus":0,"mode":"tram","color":"#0A4595","colorDark":"#062652","angle":0,"metro":1,"snapDist":5,"label":1}},{"type":"Feature","geometry":{"type":"Point","coordinates":[8.510458,47.470251]},"properties":{"name":"Oberglatt ZH","lines":"S9, S15, SN9","arr":["S9","S15","SN9"],"terminus":0,"mode":"tram","color":"#0A4595","colorDark":"#062652","angle":0,"metro":1,"snapDist":2,"label":1}},{"type":"Feature","geometry":{"type":"Point","coordinates":[8.533598,47.453757]},"properties":{"name":"Rümlang","lines":"S9, S15, SN9","arr":["S9","S15","SN9"],"terminus":0,"mode":"tram","color":"#0A4595","colorDark":"#062652","angle":0,"metro":1,"snapDist":6,"label":1}},{"type":"Feature","geometry":{"type":"Point","coordinates":[8.558206,47.431128]},"properties":{"name":"Glattbrugg","lines":"S9, S15, SN9","arr":["S9","S15","SN9"],"terminus":0,"mode":"tram","color":"#0A4595","colorDark":"#062652","angle":0,"metro":1,"snapDist":3,"label":1}},{"type":"Feature","geometry":{"type":"Point","coordinates":[8.623014,47.400507]},"properties":{"name":"Dübendorf","lines":"S9, S14, SN9","arr":["S9","S14","SN9"],"terminus":0,"mode":"tram","color":"#0A4595","colorDark":"#062652","angle":0,"metro":1,"snapDist":5,"label":1}},{"type":"Feature","geometry":{"type":"Point","coordinates":[8.658238,47.38439]},"properties":{"name":"Schwerzenbach ZH","lines":"S9, S14, SN9","arr":["S9","S14","SN9"],"terminus":0,"mode":"tram","color":"#0A4595","colorDark":"#062652","angle":0,"metro":1,"snapDist":5,"label":1}},{"type":"Feature","geometry":{"type":"Point","coordinates":[8.685109,47.370001]},"properties":{"name":"Nänikon-Greifensee","lines":"S9, S14, SN9","arr":["S9","S14","SN9"],"terminus":0,"mode":"tram","color":"#0A4595","colorDark":"#062652","angle":0,"metro":1,"snapDist":2,"label":1}},{"type":"Feature","geometry":{"type":"Point","coordinates":[8.487477,47.35198]},"properties":{"name":"Uetliberg","lines":"S10","arr":["S10"],"terminus":1,"mode":"tram","color":"#0A4595","colorDark":"#062652","angle":0,"metro":1,"snapDist":2,"label":1}},{"type":"Feature","geometry":{"type":"Point","coordinates":[8.47731,47.360262]},"properties":{"name":"Ringlikon","lines":"S10","arr":["S10"],"terminus":0,"mode":"tram","color":"#0A4595","colorDark":"#062652","angle":0,"metro":1,"snapDist":2,"label":1}},{"type":"Feature","geometry":{"type":"Point","coordinates":[8.465959,47.365948]},"properties":{"name":"Uitikon Waldegg","lines":"S10","arr":["S10"],"terminus":0,"mode":"tram","color":"#0A4595","colorDark":"#062652","angle":0,"metro":1,"snapDist":4,"label":1}},{"type":"Feature","geometry":{"type":"Point","coordinates":[8.49506,47.364935]},"properties":{"name":"Zürich Triemli","lines":"S10","arr":["S10"],"terminus":0,"mode":"tram","color":"#0A4595","colorDark":"#062652","angle":0,"metro":1,"snapDist":4,"label":1}},{"type":"Feature","geometry":{"type":"Point","coordinates":[8.503533,47.364977]},"properties":{"name":"Zürich Schweighof","lines":"S10","arr":["S10"],"terminus":0,"mode":"tram","color":"#0A4595","colorDark":"#062652","angle":0,"metro":1,"snapDist":4,"label":1}},{"type":"Feature","geometry":{"type":"Point","coordinates":[8.507512,47.364835]},"properties":{"name":"Zürich Friesenberg","lines":"S10","arr":["S10"],"terminus":0,"mode":"tram","color":"#0A4595","colorDark":"#062652","angle":0,"metro":1,"snapDist":4,"label":1}},{"type":"Feature","geometry":{"type":"Point","coordinates":[8.518277,47.36273]},"properties":{"name":"Zürich Binz","lines":"S10","arr":["S10"],"terminus":0,"mode":"tram","color":"#0A4595","colorDark":"#062652","angle":0,"metro":1,"snapDist":4,"label":1}},{"type":"Feature","geometry":{"type":"Point","coordinates":[8.750531,47.499121]},"properties":{"name":"Winterthur Grüze","lines":"S11, S26","arr":["S11","S26"],"terminus":0,"mode":"tram","color":"#0A4595","colorDark":"#062652","angle":0,"metro":1,"snapDist":5,"label":1}},{"type":"Feature","geometry":{"type":"Point","coordinates":[8.767304,47.486896]},"properties":{"name":"Winterthur Seen","lines":"S11, S26","arr":["S11","S26"],"terminus":0,"mode":"tram","color":"#0A4595","colorDark":"#062652","angle":0,"metro":1,"snapDist":2,"label":1}},{"type":"Feature","geometry":{"type":"Point","coordinates":[8.760415,47.464686]},"properties":{"name":"Sennhof-Kyburg","lines":"S11, S26","arr":["S11","S26"],"terminus":0,"mode":"tram","color":"#0A4595","colorDark":"#062652","angle":0,"metro":1,"snapDist":2,"label":1}},{"type":"Feature","geometry":{"type":"Point","coordinates":[8.77365,47.458535]},"properties":{"name":"Kollbrunn","lines":"S11, S26","arr":["S11","S26"],"terminus":0,"mode":"tram","color":"#0A4595","colorDark":"#062652","angle":0,"metro":1,"snapDist":2,"label":1}},{"type":"Feature","geometry":{"type":"Point","coordinates":[8.796828,47.444711]},"properties":{"name":"Rikon","lines":"S11, S26","arr":["S11","S26"],"terminus":0,"mode":"tram","color":"#0A4595","colorDark":"#062652","angle":0,"metro":1,"snapDist":2,"label":1}},{"type":"Feature","geometry":{"type":"Point","coordinates":[8.81936,47.441523]},"properties":{"name":"Rämismühle-Zell","lines":"S11, S26","arr":["S11","S26"],"terminus":0,"mode":"tram","color":"#0A4595","colorDark":"#062652","angle":0,"metro":1,"snapDist":2,"label":1}},{"type":"Feature","geometry":{"type":"Point","coordinates":[8.843726,47.437259]},"properties":{"name":"Turbenthal","lines":"S11, S26","arr":["S11","S26"],"terminus":0,"mode":"tram","color":"#0A4595","colorDark":"#062652","angle":0,"metro":1,"snapDist":2,"label":1}},{"type":"Feature","geometry":{"type":"Point","coordinates":[8.848534,47.418059]},"properties":{"name":"Wila","lines":"S11, S26","arr":["S11","S26"],"terminus":1,"mode":"tram","color":"#0A4595","colorDark":"#062652","angle":0,"metro":1,"snapDist":2,"label":1}},{"type":"Feature","geometry":{"type":"Point","coordinates":[8.446439,47.399245]},"properties":{"name":"Schlieren","lines":"S11, S12, SN1, SN11","arr":["S11","S12","SN1","SN11"],"terminus":0,"mode":"tram","color":"#0A4595","colorDark":"#062652","angle":0,"metro":1,"snapDist":5,"label":1}},{"type":"Feature","geometry":{"type":"Point","coordinates":[8.421662,47.398641]},"properties":{"name":"Glanzenberg","lines":"S11, S12, SN1, SN11","arr":["S11","S12","SN1","SN11"],"terminus":0,"mode":"tram","color":"#0A4595","colorDark":"#062652","angle":0,"metro":1,"snapDist":2,"label":1}},{"type":"Feature","geometry":{"type":"Point","coordinates":[8.405821,47.404607]},"properties":{"name":"Dietikon","lines":"S11, S12, S17, S19, S42, SN1, SN11","arr":["S11","S12","S17","S19","S42","SN1","SN11"],"terminus":1,"mode":"tram","color":"#0A4595","colorDark":"#062652","angle":0,"metro":1,"snapDist":4,"label":1}},{"type":"Feature","geometry":{"type":"Point","coordinates":[8.354408,47.4335]},"properties":{"name":"Killwangen-Spreitenbach","lines":"S11, S12, SN1, SN11","arr":["S11","S12","SN1","SN11"],"terminus":0,"mode":"tram","color":"#0A4595","colorDark":"#062652","angle":0,"metro":1,"snapDist":2,"label":1}},{"type":"Feature","geometry":{"type":"Point","coordinates":[8.276257,47.428138]},"properties":{"name":"Mellingen Heitersberg","lines":"S11, SN11","arr":["S11","SN11"],"terminus":0,"mode":"tram","color":"#0A4595","colorDark":"#062652","angle":0,"metro":1,"snapDist":2,"label":1}},{"type":"Feature","geometry":{"type":"Point","coordinates":[8.236342,47.414955]},"properties":{"name":"Mägenwil","lines":"S11, SN11","arr":["S11","SN11"],"terminus":0,"mode":"tram","color":"#0A4595","colorDark":"#062652","angle":0,"metro":1,"snapDist":6,"label":1}},{"type":"Feature","geometry":{"type":"Point","coordinates":[8.214263,47.407324]},"properties":{"name":"Othmarsingen","lines":"S11, S25, S42, SN11","arr":["S11","S25","S42","SN11"],"terminus":0,"mode":"tram","color":"#0A4595","colorDark":"#062652","angle":0,"metro":1,"snapDist":2,"label":1}},{"type":"Feature","geometry":{"type":"Point","coordinates":[8.169581,47.391788]},"properties":{"name":"Lenzburg","lines":"S11, SN11","arr":["S11","SN11"],"terminus":0,"mode":"tram","color":"#0A4595","colorDark":"#062652","angle":0,"metro":1,"snapDist":5,"label":1}},{"type":"Feature","geometry":{"type":"Point","coordinates":[8.209484,47.481151]},"properties":{"name":"Brugg AG","lines":"S12, S25, SN1","arr":["S12","S25","SN1"],"terminus":1,"mode":"tram","color":"#0A4595","colorDark":"#062652","angle":0,"metro":1,"snapDist":1,"label":1}},{"type":"Feature","geometry":{"type":"Point","coordinates":[8.253728,47.491627]},"properties":{"name":"Turgi","lines":"S12, S19, SN1","arr":["S12","S19","SN1"],"terminus":0,"mode":"tram","color":"#0A4595","colorDark":"#062652","angle":0,"metro":1,"snapDist":4,"label":1}},{"type":"Feature","geometry":{"type":"Point","coordinates":[8.33111,47.450878]},"properties":{"name":"Neuenhof","lines":"S12, SN1","arr":["S12","SN1"],"terminus":0,"mode":"tram","color":"#0A4595","colorDark":"#062652","angle":0,"metro":1,"snapDist":2,"label":1}},{"type":"Feature","geometry":{"type":"Point","coordinates":[8.83949,47.300154]},"properties":{"name":"Hinwil","lines":"S14","arr":["S14"],"terminus":1,"mode":"tram","color":"#0A4595","colorDark":"#062652","angle":0,"metro":1,"snapDist":1,"label":1}},{"type":"Feature","geometry":{"type":"Point","coordinates":[8.7656,47.335883]},"properties":{"name":"Aathal","lines":"S14, SN5","arr":["S14","SN5"],"terminus":0,"mode":"tram","color":"#0A4595","colorDark":"#062652","angle":0,"metro":1,"snapDist":6,"label":1}},{"type":"Feature","geometry":{"type":"Point","coordinates":[8.489515,47.478117]},"properties":{"name":"Niederhasli","lines":"S15","arr":["S15"],"terminus":0,"mode":"tram","color":"#0A4595","colorDark":"#062652","angle":0,"metro":1,"snapDist":1,"label":1}},{"type":"Feature","geometry":{"type":"Point","coordinates":[8.460254,47.48174]},"properties":{"name":"Dielsdorf","lines":"S15","arr":["S15"],"terminus":0,"mode":"tram","color":"#0A4595","colorDark":"#062652","angle":0,"metro":1,"snapDist":5,"label":1}},{"type":"Feature","geometry":{"type":"Point","coordinates":[8.44756,47.490088]},"properties":{"name":"Steinmaur","lines":"S15","arr":["S15"],"terminus":0,"mode":"tram","color":"#0A4595","colorDark":"#062652","angle":0,"metro":1,"snapDist":1,"label":1}},{"type":"Feature","geometry":{"type":"Point","coordinates":[8.41144,47.497984]},"properties":{"name":"Schöfflisdorf-Oberweningen","lines":"S15","arr":["S15"],"terminus":0,"mode":"tram","color":"#0A4595","colorDark":"#062652","angle":0,"metro":1,"snapDist":2,"label":1}},{"type":"Feature","geometry":{"type":"Point","coordinates":[8.38174,47.505683]},"properties":{"name":"Niederweningen Dorf","lines":"S15","arr":["S15"],"terminus":0,"mode":"tram","color":"#0A4595","colorDark":"#062652","angle":0,"metro":1,"snapDist":2,"label":1}},{"type":"Feature","geometry":{"type":"Point","coordinates":[8.36985,47.510993]},"properties":{"name":"Niederweningen","lines":"S15","arr":["S15"],"terminus":1,"mode":"tram","color":"#0A4595","colorDark":"#062652","angle":0,"metro":1,"snapDist":2,"label":1}},{"type":"Feature","geometry":{"type":"Point","coordinates":[8.612964,47.28177]},"properties":{"name":"Herrliberg-Feldmeilen","lines":"S16, SN7","arr":["S16","SN7"],"terminus":1,"mode":"tram","color":"#0A4595","colorDark":"#062652","angle":0,"metro":1,"snapDist":2,"label":1}},{"type":"Feature","geometry":{"type":"Point","coordinates":[8.598854,47.297486]},"properties":{"name":"Winkel am Zürichsee","lines":"S16, SN7","arr":["S16","SN7"],"terminus":0,"mode":"tram","color":"#0A4595","colorDark":"#062652","angle":0,"metro":1,"snapDist":1,"label":1}},{"type":"Feature","geometry":{"type":"Point","coordinates":[8.59189,47.305662]},"properties":{"name":"Erlenbach ZH","lines":"S16, SN7","arr":["S16","SN7"],"terminus":0,"mode":"tram","color":"#0A4595","colorDark":"#062652","angle":0,"metro":1,"snapDist":5,"label":1}},{"type":"Feature","geometry":{"type":"Point","coordinates":[8.580802,47.319555]},"properties":{"name":"Küsnacht ZH","lines":"S16, S20, SN7","arr":["S16","S20","SN7"],"terminus":0,"mode":"tram","color":"#0A4595","colorDark":"#062652","angle":0,"metro":1,"snapDist":5,"label":1}},{"type":"Feature","geometry":{"type":"Point","coordinates":[8.576192,47.326433]},"properties":{"name":"Küsnacht Goldbach","lines":"S16, SN7","arr":["S16","SN7"],"terminus":0,"mode":"tram","color":"#0A4595","colorDark":"#062652","angle":0,"metro":1,"snapDist":2,"label":1}},{"type":"Feature","geometry":{"type":"Point","coordinates":[8.569459,47.337302]},"properties":{"name":"Zollikon","lines":"S16, SN7","arr":["S16","SN7"],"terminus":0,"mode":"tram","color":"#0A4595","colorDark":"#062652","angle":0,"metro":1,"snapDist":5,"label":1}},{"type":"Feature","geometry":{"type":"Point","coordinates":[8.561969,47.349721]},"properties":{"name":"Zürich Tiefenbrunnen","lines":"S16, SN7","arr":["S16","SN7"],"terminus":0,"mode":"tram","color":"#0A4595","colorDark":"#062652","angle":0,"metro":1,"snapDist":2,"label":1}},{"type":"Feature","geometry":{"type":"Point","coordinates":[8.227405,47.60017]},"properties":{"name":"Koblenz","lines":"S19, S36","arr":["S19","S36"],"terminus":1,"mode":"tram","color":"#0A4595","colorDark":"#062652","angle":0,"metro":1,"snapDist":6,"label":1}},{"type":"Feature","geometry":{"type":"Point","coordinates":[8.24909,47.582017]},"properties":{"name":"Klingnau","lines":"S19","arr":["S19"],"terminus":0,"mode":"tram","color":"#0A4595","colorDark":"#062652","angle":0,"metro":1,"snapDist":1,"label":1}},{"type":"Feature","geometry":{"type":"Point","coordinates":[8.256586,47.57502]},"properties":{"name":"Döttingen","lines":"S19","arr":["S19"],"terminus":0,"mode":"tram","color":"#0A4595","colorDark":"#062652","angle":0,"metro":1,"snapDist":1,"label":1}},{"type":"Feature","geometry":{"type":"Point","coordinates":[8.240676,47.520668]},"properties":{"name":"Siggenthal-Würenlingen","lines":"S19","arr":["S19"],"terminus":0,"mode":"tram","color":"#0A4595","colorDark":"#062652","angle":0,"metro":1,"snapDist":1,"label":1}},{"type":"Feature","geometry":{"type":"Point","coordinates":[8.509268,47.420757]},"properties":{"name":"Zürich Affoltern","lines":"S21, SN6","arr":["S21","SN6"],"terminus":0,"mode":"tram","color":"#0A4595","colorDark":"#062652","angle":0,"metro":1,"snapDist":2,"label":1}},{"type":"Feature","geometry":{"type":"Point","coordinates":[8.676721,47.593662]},"properties":{"name":"Andelfingen","lines":"S24","arr":["S24"],"terminus":0,"mode":"tram","color":"#0A4595","colorDark":"#062652","angle":0,"metro":1,"snapDist":1,"label":1}},{"type":"Feature","geometry":{"type":"Point","coordinates":[8.529026,47.39193]},"properties":{"name":"Zürich Wipkingen","lines":"S24","arr":["S24"],"terminus":0,"mode":"tram","color":"#0A4595","colorDark":"#062652","angle":0,"metro":1,"snapDist":1,"label":1}},{"type":"Feature","geometry":{"type":"Point","coordinates":[8.578055,47.276522]},"properties":{"name":"Oberrieden Dorf","lines":"S24","arr":["S24"],"terminus":0,"mode":"tram","color":"#0A4595","colorDark":"#062652","angle":0,"metro":1,"snapDist":2,"label":1}},{"type":"Feature","geometry":{"type":"Point","coordinates":[8.589701,47.258673]},"properties":{"name":"Horgen Oberdorf","lines":"S24","arr":["S24"],"terminus":0,"mode":"tram","color":"#0A4595","colorDark":"#062652","angle":0,"metro":1,"snapDist":12,"label":1}},{"type":"Feature","geometry":{"type":"Point","coordinates":[8.523051,47.195376]},"properties":{"name":"Baar","lines":"S24","arr":["S24"],"terminus":0,"mode":"tram","color":"#0A4595","colorDark":"#062652","angle":0,"metro":1,"snapDist":2,"label":1}},{"type":"Feature","geometry":{"type":"Point","coordinates":[8.340004,47.276848]},"properties":{"name":"Muri AG","lines":"S25, S42","arr":["S25","S42"],"terminus":1,"mode":"tram","color":"#0A4595","colorDark":"#062652","angle":0,"metro":1,"snapDist":5,"label":1}},{"type":"Feature","geometry":{"type":"Point","coordinates":[8.270311,47.347936]},"properties":{"name":"Wohlen AG","lines":"S25, S42","arr":["S25","S42"],"terminus":0,"mode":"tram","color":"#0A4595","colorDark":"#062652","angle":0,"metro":1,"snapDist":5,"label":1}},{"type":"Feature","geometry":{"type":"Point","coordinates":[8.234527,47.373845]},"properties":{"name":"Dottikon-Dintikon","lines":"S25, S42","arr":["S25","S42"],"terminus":0,"mode":"tram","color":"#0A4595","colorDark":"#062652","angle":0,"metro":1,"snapDist":2,"label":1}},{"type":"Feature","geometry":{"type":"Point","coordinates":[8.207957,47.389212]},"properties":{"name":"Hendschiken","lines":"S25, S42","arr":["S25","S42"],"terminus":0,"mode":"tram","color":"#0A4595","colorDark":"#062652","angle":0,"metro":1,"snapDist":4,"label":1}},{"type":"Feature","geometry":{"type":"Point","coordinates":[8.21764,47.435838]},"properties":{"name":"Birr","lines":"S25","arr":["S25"],"terminus":0,"mode":"tram","color":"#0A4595","colorDark":"#062652","angle":0,"metro":1,"snapDist":6,"label":1}},{"type":"Feature","geometry":{"type":"Point","coordinates":[8.215135,47.446192]},"properties":{"name":"Lupfig","lines":"S25","arr":["S25"],"terminus":0,"mode":"tram","color":"#0A4595","colorDark":"#062652","angle":0,"metro":1,"snapDist":6,"label":1}},{"type":"Feature","geometry":{"type":"Point","coordinates":[8.853892,47.394595]},"properties":{"name":"Saland","lines":"S26","arr":["S26"],"terminus":0,"mode":"tram","color":"#0A4595","colorDark":"#062652","angle":0,"metro":1,"snapDist":2,"label":1}},{"type":"Feature","geometry":{"type":"Point","coordinates":[8.878745,47.368839]},"properties":{"name":"Bauma","lines":"S26","arr":["S26"],"terminus":0,"mode":"tram","color":"#0A4595","colorDark":"#062652","angle":0,"metro":1,"snapDist":1,"label":1}},{"type":"Feature","geometry":{"type":"Point","coordinates":[8.932407,47.353685]},"properties":{"name":"Steg","lines":"S26","arr":["S26"],"terminus":0,"mode":"tram","color":"#0A4595","colorDark":"#062652","angle":0,"metro":1,"snapDist":2,"label":1}},{"type":"Feature","geometry":{"type":"Point","coordinates":[8.923184,47.332897]},"properties":{"name":"Fischenthal","lines":"S26","arr":["S26"],"terminus":0,"mode":"tram","color":"#0A4595","colorDark":"#062652","angle":0,"metro":1,"snapDist":2,"label":1}},{"type":"Feature","geometry":{"type":"Point","coordinates":[8.916187,47.314052]},"properties":{"name":"Gibswil","lines":"S26","arr":["S26"],"terminus":0,"mode":"tram","color":"#0A4595","colorDark":"#062652","angle":0,"metro":1,"snapDist":2,"label":1}},{"type":"Feature","geometry":{"type":"Point","coordinates":[8.913591,47.27236]},"properties":{"name":"Wald ZH","lines":"S26","arr":["S26"],"terminus":0,"mode":"tram","color":"#0A4595","colorDark":"#062652","angle":0,"metro":1,"snapDist":2,"label":1}},{"type":"Feature","geometry":{"type":"Point","coordinates":[8.853158,47.268195]},"properties":{"name":"Tann-Dürnten","lines":"S26","arr":["S26"],"terminus":0,"mode":"tram","color":"#0A4595","colorDark":"#062652","angle":0,"metro":1,"snapDist":2,"label":1}},{"type":"Feature","geometry":{"type":"Point","coordinates":[8.896757,47.558499]},"properties":{"name":"Frauenfeld","lines":"S30","arr":["S30"],"terminus":1,"mode":"tram","color":"#0A4595","colorDark":"#062652","angle":0,"metro":1,"snapDist":1,"label":1}},{"type":"Feature","geometry":{"type":"Point","coordinates":[8.84601,47.547923]},"properties":{"name":"Islikon","lines":"S30","arr":["S30"],"terminus":0,"mode":"tram","color":"#0A4595","colorDark":"#062652","angle":0,"metro":1,"snapDist":2,"label":1}},{"type":"Feature","geometry":{"type":"Point","coordinates":[8.789262,47.535175]},"properties":{"name":"Rickenbach-Attikon","lines":"S30","arr":["S30"],"terminus":0,"mode":"tram","color":"#0A4595","colorDark":"#062652","angle":0,"metro":1,"snapDist":5,"label":1}},{"type":"Feature","geometry":{"type":"Point","coordinates":[8.775534,47.525086]},"properties":{"name":"Wiesendangen","lines":"S30","arr":["S30"],"terminus":0,"mode":"tram","color":"#0A4595","colorDark":"#062652","angle":0,"metro":1,"snapDist":5,"label":1}},{"type":"Feature","geometry":{"type":"Point","coordinates":[8.75993,47.507089]},"properties":{"name":"Oberwinterthur","lines":"S30, SN1","arr":["S30","SN1"],"terminus":1,"mode":"tram","color":"#0A4595","colorDark":"#062652","angle":0,"metro":1,"snapDist":5,"label":1}},{"type":"Feature","geometry":{"type":"Point","coordinates":[8.467893,47.570481]},"properties":{"name":"Zweidlen","lines":"S36","arr":["S36"],"terminus":0,"mode":"tram","color":"#0A4595","colorDark":"#062652","angle":0,"metro":1,"snapDist":4,"label":1}},{"type":"Feature","geometry":{"type":"Point","coordinates":[8.418868,47.566575]},"properties":{"name":"Kaiserstuhl AG","lines":"S36","arr":["S36"],"terminus":0,"mode":"tram","color":"#0A4595","colorDark":"#062652","angle":0,"metro":1,"snapDist":1,"label":1}},{"type":"Feature","geometry":{"type":"Point","coordinates":[8.373784,47.565358]},"properties":{"name":"Rümikon AG","lines":"S36","arr":["S36"],"terminus":0,"mode":"tram","color":"#0A4595","colorDark":"#062652","angle":0,"metro":1,"snapDist":1,"label":1}},{"type":"Feature","geometry":{"type":"Point","coordinates":[8.35265,47.568449]},"properties":{"name":"Mellikon","lines":"S36","arr":["S36"],"terminus":0,"mode":"tram","color":"#0A4595","colorDark":"#062652","angle":0,"metro":1,"snapDist":1,"label":1}},{"type":"Feature","geometry":{"type":"Point","coordinates":[8.327926,47.570232]},"properties":{"name":"Rekingen AG","lines":"S36","arr":["S36"],"terminus":0,"mode":"tram","color":"#0A4595","colorDark":"#062652","angle":0,"metro":1,"snapDist":5,"label":1}},{"type":"Feature","geometry":{"type":"Point","coordinates":[8.296016,47.588077]},"properties":{"name":"Bad Zurzach","lines":"S36","arr":["S36"],"terminus":0,"mode":"tram","color":"#0A4595","colorDark":"#062652","angle":0,"metro":1,"snapDist":1,"label":1}},{"type":"Feature","geometry":{"type":"Point","coordinates":[8.277464,47.600711]},"properties":{"name":"Rietheim","lines":"S36","arr":["S36"],"terminus":0,"mode":"tram","color":"#0A4595","colorDark":"#062652","angle":0,"metro":1,"snapDist":1,"label":1}},{"type":"Feature","geometry":{"type":"Point","coordinates":[8.240032,47.609373]},"properties":{"name":"Koblenz Dorf","lines":"S36","arr":["S36"],"terminus":0,"mode":"tram","color":"#0A4595","colorDark":"#062652","angle":0,"metro":1,"snapDist":2,"label":1}},{"type":"Feature","geometry":{"type":"Point","coordinates":[8.709351,47.489656]},"properties":{"name":"Winterthur Töss","lines":"S41, SN41","arr":["S41","SN41"],"terminus":0,"mode":"tram","color":"#0A4595","colorDark":"#062652","angle":0,"metro":1,"snapDist":17,"label":1}},{"type":"Feature","geometry":{"type":"Point","coordinates":[8.680265,47.506696]},"properties":{"name":"Winterthur Wülflingen","lines":"S41, SN41","arr":["S41","SN41"],"terminus":0,"mode":"tram","color":"#0A4595","colorDark":"#062652","angle":0,"metro":1,"snapDist":1,"label":1}},{"type":"Feature","geometry":{"type":"Point","coordinates":[8.647822,47.515806]},"properties":{"name":"Pfungen","lines":"S41, SN41","arr":["S41","SN41"],"terminus":0,"mode":"tram","color":"#0A4595","colorDark":"#062652","angle":0,"metro":1,"snapDist":1,"label":1}},{"type":"Feature","geometry":{"type":"Point","coordinates":[8.587875,47.520718]},"properties":{"name":"Embrach-Rorbas","lines":"S41, SN41","arr":["S41","SN41"],"terminus":0,"mode":"tram","color":"#0A4595","colorDark":"#062652","angle":0,"metro":1,"snapDist":2,"label":1}},{"type":"Feature","geometry":{"type":"Point","coordinates":[8.314641,47.305402]},"properties":{"name":"Boswil-Bünzen","lines":"S42","arr":["S42"],"terminus":0,"mode":"tram","color":"#0A4595","colorDark":"#062652","angle":0,"metro":1,"snapDist":0,"label":1}},{"type":"Feature","geometry":{"type":"Point","coordinates":[8.125999,47.403268]},"properties":{"name":"Rupperswil","lines":"SN1, SN11","arr":["SN1","SN11"],"terminus":0,"mode":"tram","color":"#0A4595","colorDark":"#062652","angle":0,"metro":1,"snapDist":7,"label":1}},{"type":"Feature","geometry":{"type":"Point","coordinates":[8.163909,47.41645]},"properties":{"name":"Wildegg","lines":"SN1","arr":["SN1"],"terminus":0,"mode":"tram","color":"#0A4595","colorDark":"#062652","angle":0,"metro":1,"snapDist":2,"label":1}},{"type":"Feature","geometry":{"type":"Point","coordinates":[8.166502,47.428863]},"properties":{"name":"Holderbank AG","lines":"SN1","arr":["SN1"],"terminus":0,"mode":"tram","color":"#0A4595","colorDark":"#062652","angle":0,"metro":1,"snapDist":2,"label":1}},{"type":"Feature","geometry":{"type":"Point","coordinates":[8.167007,47.451398]},"properties":{"name":"Schinznach Bad","lines":"SN1","arr":["SN1"],"terminus":0,"mode":"tram","color":"#0A4595","colorDark":"#062652","angle":0,"metro":1,"snapDist":2,"label":1}},{"type":"Feature","geometry":{"type":"Point","coordinates":[8.800677,47.2142]},"properties":{"name":"Hurden","lines":"SN5","arr":["SN5"],"terminus":0,"mode":"tram","color":"#0A4595","colorDark":"#062652","angle":0,"metro":1,"snapDist":3,"label":1}},{"type":"Feature","geometry":{"type":"Point","coordinates":[8.543918,47.418607]},"properties":{"name":"Zürich Seebach","lines":"SN6","arr":["SN6"],"terminus":0,"mode":"tram","color":"#0A4595","colorDark":"#062652","angle":0,"metro":1,"snapDist":2,"label":1}},{"type":"Feature","geometry":{"type":"Point","coordinates":[8.557035,47.362436]},"properties":{"name":"Hegibachplatz A","lines":"S18, SN18","arr":["S18","SN18"],"terminus":0,"mode":"tram","color":"#0A4595","colorDark":"#062652","angle":0,"metro":1,"snapDist":265,"label":1}},{"type":"Feature","geometry":{"type":"Point","coordinates":[8.553817,47.364971]},"properties":{"name":"Kreuzplatz","lines":"S18, SN18","arr":["S18","SN18"],"terminus":0,"mode":"tram","color":"#0A4595","colorDark":"#062652","angle":0,"metro":1,"snapDist":1,"label":1}},{"type":"Feature","geometry":{"type":"Point","coordinates":[8.548687,47.36664]},"properties":{"name":"Bahnhof Stadelhofen C","lines":"S18, SN18","arr":["S18","SN18"],"terminus":1,"mode":"tram","color":"#0A4595","colorDark":"#062652","angle":0,"metro":1,"snapDist":94,"label":1}},{"type":"Feature","geometry":{"type":"Point","coordinates":[8.557072,47.36233]},"properties":{"name":"Hegibachplatz B","lines":"S18","arr":["S18"],"terminus":0,"mode":"tram","color":"#0A4595","colorDark":"#062652","angle":0,"metro":1,"snapDist":298,"label":1}},{"type":"Feature","geometry":{"type":"Point","coordinates":[8.557072,47.36233]},"properties":{"name":"Hegibachplatz","lines":"SN18","arr":["SN18"],"terminus":0,"mode":"tram","color":"#0A4595","colorDark":"#062652","angle":0,"metro":1,"snapDist":322,"label":1}}]}